"datetime,""date"",""account_type"",""category"",""type"",""asset_class"",""name"",""symbol"",""shares"",""price"",""amount"",""fee"",""tax"",""currency"",""original_amount"",""original_currency"",""fx_rate"",""description"",""transaction_id"",""counterparty_name"",""counterparty_iban"",""payment_reference"",""mcc_code"""
"2024-02-20T13:29:30.961331Z,""2024-02-20"",""DEFAULT"",""CASH"",""CUSTOMER_INBOUND"","""",""Leo BERTRAND"","""","""","""",""100.000000"","""","""",""EUR"","""","""","""",""Virement interne depuis BoursoBank"",""4ca5e612-b88e-46e8-816d-7b00d29bf477"",""Leo BERTRAND"",""FR7640618803720004039001554"","""","""""
"2024-02-20T15:03:21.216Z,""2024-02-20"",""DEFAULT"",""TRADING"",""BUY"",""STOCK"",""RENK Group"",""DE000RENK730"",""2.0000000000"",""28.300000"",""-56.60"",""-1.00"","""",""EUR"","""","""","""","""",""c9b2402d-9ff6-421c-be60-6f2c50eb7045"","""","""","""","""""
"2024-03-01T11:40:53.693739Z,""2024-03-01"",""DEFAULT"",""CASH"",""INTEREST_PAYMENT"","""","""","""","""","""",""0.040000"","""",""0.00"",""EUR"","""","""","""",""Interest payment Booking"",""34dbefa4-eeb6-4b37-9cf9-1a72cb9781aa"","""","""","""","""""
"2024-03-07T07:47:46.168Z,""2024-03-07"",""DEFAULT"",""TRADING"",""BUY"",""STOCK"",""AMD"",""US0079031078"",""0.2130090000"",""192.480000"",""-41.00"",""-1.00"","""",""EUR"","""","""","""","""",""04c7f171-31fe-46df-a200-79d455226072"","""","""","""","""""
"2024-03-07T16:18:13.364314Z,""2024-03-07"",""DEFAULT"",""CASH"",""STOCKPERK"",""STOCK"",""Amazon.com"",""US0231351067"","""","""",""10.240000"","""","""",""EUR"","""","""","""",""Stockperk"",""fe158a81-5058-4f83-941a-c515f7f187d2"","""","""","""","""""
"2024-03-07T16:27:15.828Z,""2024-03-07"",""DEFAULT"",""TRADING"",""BUY"",""STOCK"",""Amazon.com"",""US0231351067"",""0.0637000000"",""160.820000"",""-10.24"","""","""",""EUR"","""","""","""","""",""3ebb3333-5709-410c-a89c-f6ad0f99042b"","""","""","""","""""
"2024-03-18T02:13:08.992206Z,""2024-03-18"",""DEFAULT"",""CASH"",""CUSTOMER_INBOUND"","""",""Leo BERTRAND"","""","""","""",""100.000000"","""","""",""EUR"","""","""","""",""Virement de Leo BERTRAND"",""7a15b198-579c-4e89-84fd-43bd99b38a78"",""Leo BERTRAND"",""FR7640618803720004039001554"","""","""""
"2024-03-20T10:41:36.097Z,""2024-03-20"",""DEFAULT"",""TRADING"",""BUY"",""STOCK"",""AI Artificial Intelligence Ventures"",""CA00135V1094"",""99.0000000000"",""0.470000"",""-46.53"",""-1.00"","""",""EUR"","""","""","""","""",""dcf69fef-a28b-44b9-80a7-32b9b1c93478"","""","""","""","""""
"2024-04-01T07:55:22.224738Z,""2024-04-01"",""DEFAULT"",""CASH"",""INTEREST_PAYMENT"","""","""","""","""","""",""0.120000"","""",""0.00"",""EUR"","""","""","""",""Interest payment Booking"",""b651eb68-4435-4e76-8a35-0b6ceb256788"","""","""","""","""""
"2024-05-01T06:27:11.210909Z,""2024-05-01"",""DEFAULT"",""CASH"",""INTEREST_PAYMENT"","""","""","""","""","""",""0.180000"","""",""0.00"",""EUR"","""","""","""",""Interest payment Booking"",""66ecc38e-a77d-4d18-8717-a5afbf023907"","""","""","""","""""
"2024-06-01T04:38:33.177013Z,""2024-06-01"",""DEFAULT"",""CASH"",""INTEREST_PAYMENT"","""","""","""","""","""",""0.180000"","""",""0.00"",""EUR"","""","""","""",""Interest payment Booking"",""6d33ad55-ba0a-4ccb-ae78-7d862990174b"","""","""","""","""""
"2024-07-02T03:42:16.095440Z,""2024-07-01"",""DEFAULT"",""CASH"",""DIVIDEND"",""STOCK"",""RENK Group"",""DE000RENK730"",""2.0000000000"","""",""0.600000"","""","""",""EUR"","""","""","""",""Cash Dividend for ISIN DE000RENK730"",""3b620c0c-6ecb-4173-abc2-27eee00838d5"","""","""","""","""""
"2024-07-01T10:23:18.844401Z,""2024-07-01"",""DEFAULT"",""CASH"",""INTEREST_PAYMENT"","""","""","""","""","""",""0.170000"","""",""0.00"",""EUR"","""","""","""",""Interest payment Booking"",""f20dec31-be30-404a-965e-8c1267350c9d"","""","""","""","""""
"2024-07-11T06:22:52.529991Z,""2024-07-11"",""DEFAULT"",""CASH"",""CARD_TRANSACTION"","""",""COPY CAT SEVRES"","""","""","""",""-7.800000"","""","""",""EUR"","""","""","""",""TR Card Transaction"",""42bd6400-bf20-47db-80e5-d3ba429568cf"","""","""","""",""7339"""
"2024-07-13T09:19:39.622771Z,""2024-07-13"",""DEFAULT"",""CASH"",""CARD_TRANSACTION"","""",""AUTOROUTES DU S 4383846"","""","""","""",""-5.000000"","""","""",""EUR"","""","""","""",""TR Card Transaction"",""4b895552-689c-471b-bdba-7bfb32e5f25a"","""","""","""",""4784"""
"2024-07-16T14:04:33.462Z,""2024-07-16"",""DEFAULT"",""TRADING"",""BUY"",""STOCK"",""AMD"",""US0079031078"",""0.0073300000"",""163.710000"",""-1.20"","""","""",""EUR"","""","""","""",""Savings plan execution US0079031078 ADVANCED MIC.DEV.  DL-,01, quantity: 0.007330"",""bbaf8087-a8e0-47b3-9392-049f9cea3df8"","""","""","""","""""
"2024-07-17T09:00:53.147834Z,""2024-07-17"",""DEFAULT"",""CASH"",""CARD_TRANSACTION"","""",""LE P TIT BISTRO"","""","""","""",""-14.250000"","""","""",""EUR"","""","""","""",""TR Card Transaction"",""32ebe881-8bc7-4763-8952-e89e5571380c"","""","""","""",""5813"""
"2024-07-18T08:07:38.982143Z,""2024-07-18"",""DEFAULT"",""CASH"",""CARD_TRANSACTION"","""",""LIDL SAINT CLOUD"","""","""","""",""-14.160000"","""","""",""EUR"","""","""","""",""TR Card Transaction"",""2b76636a-ac12-4062-8908-82cabe95a86c"","""","""","""",""5331"""
"2024-07-23T13:47:36.860Z,""2024-07-23"",""DEFAULT"",""TRADING"",""BUY"",""STOCK"",""AMD"",""US0079031078"",""0.0111310000"",""142.840000"",""-1.59"","""","""",""EUR"","""","""","""",""Savings plan execution US0079031078 ADVANCED MIC.DEV.  DL-,01, quantity: 0.011131"",""0e55d969-d5c1-4bc2-959f-5a71743ecbf3"","""","""","""","""""
"2024-08-01T14:04:32.805839Z,""2024-08-01"",""DEFAULT"",""CASH"",""INTEREST_PAYMENT"","""","""","""","""","""",""0.110000"","""",""0.00"",""EUR"","""","""","""",""Interest payment Booking"",""3b643c92-f4d7-45b7-a663-fa958cb45397"","""","""","""","""""
"2024-08-02T16:08:06.404Z,""2024-08-02"",""DEFAULT"",""TRADING"",""BUY"",""FUND"",""Nifty 50 Swap USD (Acc)"",""LU0292109690"",""0.0016640000"",""258.350000"",""-0.43"","""","""",""EUR"","""","""","""",""Savings plan execution LU0292109690 Xtrackers - Xtrackers Nifty 50 Swap UCITS ETF 1C 1C, quantity: 0.001664"",""515d6792-87c4-4d1b-9776-c8648aba0bd5"","""","""","""","""""
"2024-08-02T16:51:16.246085Z,""2024-08-02"",""DEFAULT"",""CASH"",""CUSTOMER_INBOUND"","""",""Leo BERTRAND"","""","""","""",""100.000000"","""","""",""EUR"","""","""","""",""Virement de Leo BERTRAND"",""117701a9-0afe-4c2d-9c3f-1fa4e6602962"",""Leo BERTRAND"",""FR7640618803720004039001554"","""","""""
"2024-08-02T15:47:40.836239Z,""2024-08-02"",""DEFAULT"",""CASH"",""BENEFITS_SAVEBACK"",""FUND"",""Nifty 50 Swap USD (Acc)"",""LU0292109690"","""","""",""0.430000"","""","""",""EUR"","""","""","""",""Your Saveback payment"",""0dfb7001-da93-4bee-ac7d-17b60d0df8c4"","""","""","""","""""
"2024-08-03T08:55:02.096480Z,""2024-08-03"",""DEFAULT"",""CASH"",""CARD_TRANSACTION"","""",""PUB LE FOCH"","""","""","""",""-4.400000"","""","""",""EUR"","""","""","""",""TR Card Transaction"",""c47e98f8-52af-4342-8382-38c6a33e5057"","""","""","""",""5813"""
"2024-08-03T08:55:02.174805Z,""2024-08-03"",""DEFAULT"",""CASH"",""CARD_TRANSACTION"","""",""PUB LE FOCH"","""","""","""",""-4.400000"","""","""",""EUR"","""","""","""",""TR Card Transaction"",""d1a7db32-fcea-4842-9d84-3ede707c1308"","""","""","""",""5813"""
"2024-08-04T09:08:24.117110Z,""2024-08-04"",""DEFAULT"",""CASH"",""CARD_TRANSACTION"","""",""PUB LE FOCH"","""","""","""",""-4.400000"","""","""",""EUR"","""","""","""",""TR Card Transaction"",""6d1a4a3a-da31-4393-a1eb-4b8c0c27debf"","""","""","""",""5813"""
"2024-08-04T09:08:24.021122Z,""2024-08-04"",""DEFAULT"",""CASH"",""CARD_TRANSACTION"","""",""PUB LE FOCH"","""","""","""",""-4.400000"","""","""",""EUR"","""","""","""",""TR Card Transaction"",""7f261e3b-35be-445a-9b3e-9797d5e3d139"","""","""","""",""5813"""
"2024-08-07T06:37:24.998769Z,""2024-08-07"",""DEFAULT"",""CASH"",""CARD_TRANSACTION"","""",""PUB LE FOCH"","""","""","""",""-9.800000"","""","""",""EUR"","""","""","""",""TR Card Transaction"",""a89da749-64a5-4cde-991f-2b9bc069862e"","""","""","""",""5813"""
"2024-08-07T06:38:24.142587Z,""2024-08-07"",""DEFAULT"",""CASH"",""CARD_TRANSACTION"","""",""PUB LE FOCH"","""","""","""",""-13.200000"","""","""",""EUR"","""","""","""",""TR Card Transaction"",""113f0aba-62f2-44fc-bbb9-ee3b4df4e112"","""","""","""",""5813"""
"2024-08-07T06:38:24.051586Z,""2024-08-07"",""DEFAULT"",""CASH"",""CARD_TRANSACTION"","""",""PUB LE FOCH"","""","""","""",""-2.000000"","""","""",""EUR"","""","""","""",""TR Card Transaction"",""45bc9fcf-d256-4937-9296-dc41066e37e3"","""","""","""",""5813"""
"2024-08-09T13:47:13.773Z,""2024-08-09"",""DEFAULT"",""TRADING"",""BUY"",""STOCK"",""AMD"",""US0079031078"",""0.0359710000"",""122.320000"",""-4.40"","""","""",""EUR"","""","""","""",""Savings plan execution US0079031078 ADVANCED MIC.DEV.  DL-,01, quantity: 0.035971"",""c46eecbd-deef-4d14-a4e6-b983ba5f9c4a"","""","""","""","""""
"2024-08-09T13:59:42.626Z,""2024-08-09"",""DEFAULT"",""TRADING"",""BUY"",""FUND"",""Nifty 50 Swap USD (Acc)"",""LU0292109690"",""0.0784150000"",""255.050000"",""-20.00"","""","""",""EUR"","""","""","""",""Savings plan execution LU0292109690 Xtrackers - Xtrackers Nifty 50 Swap UCITS ETF 1C 1C, quantity: 0.078415"",""d5d932fa-b764-4157-93e4-b4c91d06b13c"","""","""","""","""""
"2024-08-12T09:21:43.677Z,""2024-08-12"",""DEFAULT"",""TRADING"",""BUY"",""FUND"",""Nikkei 225 JPY (Acc)"",""LU2196470426"",""0.3524100000"",""70.940000"",""-25.00"",""-1.00"","""",""EUR"","""","""","""",""Buy trade LU2196470426 Xtrackers - Xtrackers Nikkei 225 UCITS ETF 1C 1C, quantity: 0.35241"",""f4a97df2-635f-4772-9ac5-d84993bfec5a"","""","""","""","""""
"2024-08-12T09:43:03.541178Z,""2024-08-12"",""DEFAULT"",""CASH"",""CUSTOMER_INBOUND"","""",""Leo BERTRAND"","""","""","""",""50.000000"","""","""",""EUR"","""","""","""",""Virement de Leo BERTRAND"",""6e91d575-61c1-40e9-ab9c-f002c75d28a2"",""Leo BERTRAND"",""FR7640618803720004039001554"","""","""""
"2024-08-13T08:32:53.865898Z,""2024-08-13"",""DEFAULT"",""CASH"",""CARD_TRANSACTION"","""",""LAC MONTEYNARD  2683962"","""","""","""",""-4.500000"","""","""",""EUR"","""","""","""",""TR Card Transaction"",""5d2ba847-873a-4b98-8e66-af1504193055"","""","""","""",""9405"""
"2024-08-14T09:02:38.647264Z,""2024-08-14"",""DEFAULT"",""CASH"",""CARD_TRANSACTION"","""",""NETTO"","""","""","""",""-6.780000"","""","""",""EUR"","""","""","""",""TR Card Transaction"",""d3b915a6-1a71-4f25-9ebd-e281bf335d37"","""","""","""",""5411"""
"2024-08-16T07:44:05.922Z,""2024-08-16"",""DEFAULT"",""TRADING"",""BUY"",""FUND"",""Nikkei 225 JPY (Acc)"",""LU2196470426"",""0.1340660000"",""74.590000"",""-10.00"","""","""",""EUR"","""","""","""",""Savings plan execution LU2196470426 Xtrackers - Xtrackers Nikkei 225 UCITS ETF 1C 1C, quantity: 0.134066"",""207476e9-5584-422c-8c13-81f6f2e1499d"","""","""","""","""""
"2024-08-16T13:48:08.455Z,""2024-08-16"",""DEFAULT"",""TRADING"",""BUY"",""STOCK"",""AMD"",""US0079031078"",""0.0053730000"",""133.980000"",""-0.72"","""","""",""EUR"","""","""","""",""Savings plan execution US0079031078 ADVANCED MIC.DEV.  DL-,01, quantity: 0.005373"",""003fbb8c-7fd6-41b4-9414-e91b5d4048d0"","""","""","""","""""
"2024-08-16T13:59:45.238Z,""2024-08-16"",""DEFAULT"",""TRADING"",""BUY"",""FUND"",""Nifty 50 Swap USD (Acc)"",""LU0292109690"",""0.0779570000"",""256.550000"",""-20.00"","""","""",""EUR"","""","""","""",""Savings plan execution LU0292109690 Xtrackers - Xtrackers Nifty 50 Swap UCITS ETF 1C 1C, quantity: 0.077957"",""1392e1e1-50b3-4319-b3a3-d7d69f61688c"","""","""","""","""""
"2024-08-23T07:44:03.368Z,""2024-08-23"",""DEFAULT"",""TRADING"",""BUY"",""FUND"",""Nikkei 225 JPY (Acc)"",""LU2196470426"",""0.1312330000"",""76.200000"",""-10.00"","""","""",""EUR"","""","""","""",""Savings plan execution LU2196470426 Xtrackers - Xtrackers Nikkei 225 UCITS ETF 1C 1C, quantity: 0.131233"",""6df37eda-2653-4901-a16b-ecec069be5a6"","""","""","""","""""
"2024-08-29T12:32:01.206068Z,""2024-08-29"",""DEFAULT"",""CASH"",""CUSTOMER_INBOUND"","""",""Leo BERTRAND"","""","""","""",""110.000000"","""","""",""EUR"","""","""","""",""Virement de Leo BERTRAND"",""1f920324-2863-4535-8832-6632ac0cc597"",""Leo BERTRAND"",""FR7640618803720004039001554"","""","""""
"2024-09-01T20:10:59.868035Z,""2024-09-01"",""DEFAULT"",""CASH"",""INTEREST_PAYMENT"","""","""","""","""","""",""0.170000"","""",""0.00"",""EUR"","""","""","""",""Interest payment Booking"",""f92e3da7-788b-4bcd-bbc4-3931bcacc87a"","""","""","""","""""
"2024-09-02T07:44:16.822Z,""2024-09-02"",""DEFAULT"",""TRADING"",""BUY"",""FUND"",""Nikkei 225 JPY (Acc)"",""LU2196470426"",""0.1303100000"",""76.740000"",""-10.00"","""","""",""EUR"","""","""","""",""Savings plan execution LU2196470426 Xtrackers - Xtrackers Nikkei 225 UCITS ETF 1C 1C, quantity: 0.130310"",""d2212003-5cf5-44b4-8633-b469e9768b6b"","""","""","""","""""
"2024-09-02T14:09:44.366426Z,""2024-09-02"",""DEFAULT"",""CASH"",""BENEFITS_SAVEBACK"",""FUND"",""Nifty 50 Swap USD (Acc)"",""LU0292109690"","""","""",""0.500000"","""","""",""EUR"","""","""","""",""Your Saveback payment"",""c22c2e04-55bd-4f96-b23e-1e440cd29249"","""","""","""","""""
"2024-09-02T14:10:49.348Z,""2024-09-02"",""DEFAULT"",""TRADING"",""BUY"",""FUND"",""Nifty 50 Swap USD (Acc)"",""LU0292109690"",""0.0019060000"",""262.200000"",""-0.50"","""","""",""EUR"","""","""","""",""Savings plan execution LU0292109690 Xtrackers - Xtrackers Nifty 50 Swap UCITS ETF 1C 1C, quantity: 0.001906"",""8f099346-03de-4597-b71e-34cfbaf466df"","""","""","""","""""
"2024-09-02T14:10:50.174Z,""2024-09-02"",""DEFAULT"",""TRADING"",""BUY"",""FUND"",""Nifty 50 Swap USD (Acc)"",""LU0292109690"",""0.0762770000"",""262.200000"",""-20.00"","""","""",""EUR"","""","""","""",""Savings plan execution LU0292109690 Xtrackers - Xtrackers Nifty 50 Swap UCITS ETF 1C 1C, quantity: 0.076277"",""46695427-dfcd-4691-b030-5729672f2337"","""","""","""","""""
"2024-09-09T07:44:03.587Z,""2024-09-09"",""DEFAULT"",""TRADING"",""BUY"",""FUND"",""Nikkei 225 JPY (Acc)"",""LU2196470426"",""0.1354090000"",""73.850000"",""-10.00"","""","""",""EUR"","""","""","""",""Savings plan execution LU2196470426 Xtrackers - Xtrackers Nikkei 225 UCITS ETF 1C 1C, quantity: 0.135409"",""bd384f85-df9f-42d4-9bb1-6f623d50f057"","""","""","""","""""
"2024-09-09T13:59:42.684Z,""2024-09-09"",""DEFAULT"",""TRADING"",""BUY"",""FUND"",""Nifty 50 Swap USD (Acc)"",""LU0292109690"",""0.0771900000"",""259.100000"",""-20.00"","""","""",""EUR"","""","""","""",""Savings plan execution LU0292109690 Xtrackers - Xtrackers Nifty 50 Swap UCITS ETF 1C 1C, quantity: 0.077190"",""a05698f2-cb41-4fdd-8dc5-d59eb707cc64"","""","""","""","""""
"2024-09-16T07:44:05.893Z,""2024-09-16"",""DEFAULT"",""TRADING"",""BUY"",""FUND"",""Nikkei 225 JPY (Acc)"",""LU2196470426"",""0.1331200000"",""75.120000"",""-10.00"","""","""",""EUR"","""","""","""",""Savings plan execution LU2196470426 Xtrackers - Xtrackers Nikkei 225 UCITS ETF 1C 1C, quantity: 0.133120"",""b39b32de-73b3-45d6-835d-c3b6930bacee"","""","""","""","""""
"2024-09-16T14:05:43.248Z,""2024-09-16"",""DEFAULT"",""TRADING"",""BUY"",""FUND"",""Nifty 50 Swap USD (Acc)"",""LU0292109690"",""0.0762920000"",""262.150000"",""-20.00"","""","""",""EUR"","""","""","""",""Savings plan execution LU0292109690 Xtrackers - Xtrackers Nifty 50 Swap UCITS ETF 1C 1C, quantity: 0.076292"",""cbbfdb90-e15c-436d-948a-47536db09013"","""","""","""","""""
"2024-09-19T09:57:13.417612Z,""2024-09-19"",""DEFAULT"",""CASH"",""CUSTOMER_INBOUND"","""",""Leo BERTRAND"","""","""","""",""100.000000"","""","""",""EUR"","""","""","""",""Virement de Leo BERTRAND"",""53da592c-0932-43bc-b548-70f121f7b6ac"",""Leo BERTRAND"",""FR7640618803720004039001554"","""","""""
"2024-09-23T07:44:03.680Z,""2024-09-23"",""DEFAULT"",""TRADING"",""BUY"",""FUND"",""Nikkei 225 JPY (Acc)"",""LU2196470426"",""0.1297520000"",""77.070000"",""-10.00"","""","""",""EUR"","""","""","""",""Savings plan execution LU2196470426 Xtrackers - Xtrackers Nikkei 225 UCITS ETF 1C 1C, quantity: 0.129752"",""6257afd1-cba1-4933-94de-ee6bdb507213"","""","""","""","""""
"2024-09-23T13:59:43.008Z,""2024-09-23"",""DEFAULT"",""TRADING"",""BUY"",""FUND"",""Nifty 50 Swap USD (Acc)"",""LU0292109690"",""0.0743900000"",""268.850000"",""-20.00"","""","""",""EUR"","""","""","""",""Savings plan execution LU0292109690 Xtrackers - Xtrackers Nifty 50 Swap UCITS ETF 1C 1C, quantity: 0.074390"",""a031f5ef-c569-450d-b689-6738e5f12bfc"","""","""","""","""""
"2024-10-01T05:29:20.937996Z,""2024-10-01"",""DEFAULT"",""CASH"",""INTEREST_PAYMENT"","""","""","""","""","""",""0.270000"","""",""0.00"",""EUR"","""","""","""",""Interest payment Booking"",""b405cf24-620c-4b1e-99dc-5ada7a26e5fe"","""","""","""","""""
"2024-10-02T07:44:31.548Z,""2024-10-02"",""DEFAULT"",""TRADING"",""BUY"",""FUND"",""Nikkei 225 JPY (Acc)"",""LU2196470426"",""0.1299710000"",""76.940000"",""-10.00"","""","""",""EUR"","""","""","""",""Savings plan execution LU2196470426 Xtrackers - Xtrackers Nikkei 225 UCITS ETF 1C 1C, quantity: 0.129971"",""7e52e077-3dd1-41b7-ba93-1c3115600b9f"","""","""","""","""""
"2024-10-02T14:39:29.570Z,""2024-10-02"",""DEFAULT"",""TRADING"",""BUY"",""FUND"",""Nifty 50 Swap USD (Acc)"",""LU0292109690"",""0.0754850000"",""264.950000"",""-20.00"","""","""",""EUR"","""","""","""",""Savings plan execution LU0292109690 Xtrackers - Xtrackers Nifty 50 Swap UCITS ETF 1C 1C, quantity: 0.075485"",""6a4d2d72-7014-40bf-999b-dbed18b795cd"","""","""","""","""""
"2024-10-09T07:44:04.044Z,""2024-10-09"",""DEFAULT"",""TRADING"",""BUY"",""FUND"",""Nikkei 225 JPY (Acc)"",""LU2196470426"",""0.1283200000"",""77.930000"",""-10.00"","""","""",""EUR"","""","""","""",""Savings plan execution LU2196470426 Xtrackers - Xtrackers Nikkei 225 UCITS ETF 1C 1C, quantity: 0.128320"",""4ba2b540-237b-4f05-bd40-da076dc5958d"","""","""","""","""""
"2024-10-09T14:09:02.075Z,""2024-10-09"",""DEFAULT"",""TRADING"",""BUY"",""FUND"",""Nifty 50 Swap USD (Acc)"",""LU0292109690"",""0.0762480000"",""262.300000"",""-20.00"","""","""",""EUR"","""","""","""",""Savings plan execution LU0292109690 Xtrackers - Xtrackers Nifty 50 Swap UCITS ETF 1C 1C, quantity: 0.076248"",""d7f50cc1-2f8f-4b72-84af-60a2234b0688"","""","""","""","""""
"2024-10-16T07:44:06.327Z,""2024-10-16"",""DEFAULT"",""TRADING"",""BUY"",""FUND"",""Nikkei 225 JPY (Acc)"",""LU2196470426"",""0.1280900000"",""78.070000"",""-10.00"","""","""",""EUR"","""","""","""",""Savings plan execution LU2196470426 Xtrackers - Xtrackers Nikkei 225 UCITS ETF 1C 1C, quantity: 0.128090"",""dadd6066-c73c-4e0b-9cca-1ba4ebbc75a5"","""","""","""","""""
"2024-10-16T14:01:56.429Z,""2024-10-16"",""DEFAULT"",""TRADING"",""BUY"",""FUND"",""Nifty 50 Swap USD (Acc)"",""LU0292109690"",""0.0762040000"",""262.450000"",""-20.00"","""","""",""EUR"","""","""","""",""Savings plan execution LU0292109690 Xtrackers - Xtrackers Nifty 50 Swap UCITS ETF 1C 1C, quantity: 0.076204"",""4e807fb3-c6e7-4834-a2d2-45af48182f70"","""","""","""","""""
"2024-10-23T07:44:04.427Z,""2024-10-23"",""DEFAULT"",""TRADING"",""BUY"",""FUND"",""Nikkei 225 JPY (Acc)"",""LU2196470426"",""0.1333860000"",""74.970000"",""-10.00"","""","""",""EUR"","""","""","""",""Savings plan execution LU2196470426 Xtrackers - Xtrackers Nikkei 225 UCITS ETF 1C 1C, quantity: 0.133386"",""0bc6f2b6-04d6-44b8-9c59-2527181942dd"","""","""","""","""""
"2024-10-28T02:17:16.050095Z,""2024-10-28"",""DEFAULT"",""CASH"",""CUSTOMER_INBOUND"","""",""Leo BERTRAND"","""","""","""",""100.000000"","""","""",""EUR"","""","""","""",""Virement de Leo BERTRAND"",""97d0f873-3b55-40f6-bf18-997e18492e42"",""Leo BERTRAND"",""FR7640618803720004039001554"","""","""""
"2024-11-01T06:04:40.490760Z,""2024-11-01"",""DEFAULT"",""CASH"",""INTEREST_PAYMENT"","""","""","""","""","""",""0.140000"","""",""0.00"",""EUR"","""","""","""",""Interest payment Booking"",""b97eeb8d-9b59-4e2a-828f-ee93d02387f6"","""","""","""","""""
"2024-11-04T08:44:16.977Z,""2024-11-04"",""DEFAULT"",""TRADING"",""BUY"",""FUND"",""Nikkei 225 JPY (Acc)"",""LU2196470426"",""0.1331200000"",""75.120000"",""-10.00"","""","""",""EUR"","""","""","""",""Savings plan execution LU2196470426 Xtrackers - Xtrackers Nikkei 225 UCITS ETF 1C, quantity: 0.133120"",""bfbe0c93-2897-4d5b-ad25-10575d0d3656"","""","""","""","""""
"2024-11-04T15:18:38.902Z,""2024-11-04"",""DEFAULT"",""TRADING"",""BUY"",""FUND"",""Nifty 50 Swap USD (Acc)"",""LU0292109690"",""0.0790510000"",""253.000000"",""-20.00"","""","""",""EUR"","""","""","""",""Savings plan execution LU0292109690 Xtrackers - Xtrackers Nifty 50 Swap UCITS ETF 1C, quantity: 0.079051"",""10f5af12-9922-4637-a8c1-8bbe3b936a0c"","""","""","""","""""
"2024-11-11T08:44:12.422Z,""2024-11-11"",""DEFAULT"",""TRADING"",""BUY"",""FUND"",""Nikkei 225 JPY (Acc)"",""LU2196470426"",""0.1282540000"",""77.970000"",""-10.00"","""","""",""EUR"","""","""","""",""Savings plan execution LU2196470426 Xtrackers - Xtrackers Nikkei 225 UCITS ETF 1C, quantity: 0.128254"",""0130822d-11df-444c-b0c5-921257564790"","""","""","""","""""
"2024-11-11T15:01:01.581Z,""2024-11-11"",""DEFAULT"",""TRADING"",""BUY"",""FUND"",""Nifty 50 Swap USD (Acc)"",""LU0292109690"",""0.0772200000"",""259.000000"",""-20.00"","""","""",""EUR"","""","""","""",""Savings plan execution LU0292109690 Xtrackers - Xtrackers Nifty 50 Swap UCITS ETF 1C, quantity: 0.077220"",""3c6e3b6f-d077-41dd-a2a7-02d4464d2da8"","""","""","""","""""
"2024-11-18T08:44:06.115Z,""2024-11-18"",""DEFAULT"",""TRADING"",""BUY"",""FUND"",""Nikkei 225 JPY (Acc)"",""LU2196470426"",""0.1319430000"",""75.790000"",""-10.00"","""","""",""EUR"","""","""","""",""Savings plan execution LU2196470426 Xtrackers - Xtrackers Nikkei 225 UCITS ETF 1C, quantity: 0.131943"",""cb2cf9fa-025d-4e00-8bee-4746da0737ca"","""","""","""","""""
"2024-11-18T15:03:08.283Z,""2024-11-18"",""DEFAULT"",""TRADING"",""BUY"",""FUND"",""Nifty 50 Swap USD (Acc)"",""LU0292109690"",""0.0789260000"",""253.400000"",""-20.00"","""","""",""EUR"","""","""","""",""Savings plan execution LU0292109690 Xtrackers - Xtrackers Nifty 50 Swap UCITS ETF 1C, quantity: 0.078926"",""cc719ae0-e4c2-45ec-aab6-65ca6f88027f"","""","""","""","""""
"2024-11-20T09:14:45.323040Z,""2024-11-20"",""DEFAULT"",""CASH"",""CUSTOMER_INBOUND"","""",""Leo BERTRAND"","""","""","""",""100.000000"","""","""",""EUR"","""","""","""",""Virement de Leo BERTRAND"",""7bd3f6d3-0e4b-46e0-8d77-ff5adf5a453f"",""Leo BERTRAND"",""FR7640618803720004039001554"","""","""""
"2024-11-25T08:44:03.488Z,""2024-11-25"",""DEFAULT"",""TRADING"",""BUY"",""FUND"",""Nikkei 225 JPY (Acc)"",""LU2196470426"",""0.1290650000"",""77.480000"",""-10.00"","""","""",""EUR"","""","""","""",""Savings plan execution LU2196470426 Xtrackers - Xtrackers Nikkei 225 UCITS ETF 1C, quantity: 0.129065"",""e790c936-b0d9-4192-a487-1ac26a105796"","""","""","""","""""
"2024-11-25T14:59:43.641Z,""2024-11-25"",""DEFAULT"",""TRADING"",""BUY"",""FUND"",""Nifty 50 Swap USD (Acc)"",""LU0292109690"",""0.0754570000"",""265.050000"",""-20.00"","""","""",""EUR"","""","""","""",""Savings plan execution LU0292109690 Xtrackers - Xtrackers Nifty 50 Swap UCITS ETF 1C, quantity: 0.075457"",""94161b33-6725-44bf-b135-85f7862b82aa"","""","""","""","""""
"2024-12-02T11:11:18.984387Z,""2024-12-02"",""DEFAULT"",""CASH"",""INTEREST_PAYMENT"","""","""","""","""","""",""0.210000"","""",""0.00"",""EUR"","""","""","""",""Interest payment Booking"",""ebdf31fb-1e60-44f9-9626-f76ccd1b8ead"","""","""","""","""""
"2024-12-02T16:00:46.882Z,""2024-12-02"",""DEFAULT"",""TRADING"",""BUY"",""FUND"",""Nifty 50 Swap USD (Acc)"",""LU0292109690"",""0.0379930000"",""263.200000"",""-10.00"","""","""",""EUR"","""","""","""",""Savings plan execution LU0292109690 Xtrackers - Xtrackers Nifty 50 Swap UCITS ETF 1C, quantity: 0.037993"",""b5e52374-a679-4bff-b369-5afeb96b1480"","""","""","""","""""
"2024-12-02T16:44:28.900Z,""2024-12-02"",""DEFAULT"",""TRADING"",""BUY"",""FUND"",""Core MSCI World USD (Acc)"",""IE00B4L5Y983"",""0.1893310000"",""105.635000"",""-20.00"","""","""",""EUR"","""","""","""",""Savings plan execution IE00B4L5Y983 iShares III plc - iShares Core MSCI World UCITS ETF USD (Acc), quantity: 0.189331"",""ff85f336-dad4-417d-b617-89d0c51aad62"","""","""","""","""""
"2024-12-09T14:59:43.073Z,""2024-12-09"",""DEFAULT"",""TRADING"",""BUY"",""FUND"",""Nifty 50 Swap USD (Acc)"",""LU0292109690"",""0.0376710000"",""265.450000"",""-10.00"","""","""",""EUR"","""","""","""",""Savings plan execution LU0292109690 Xtrackers - Xtrackers Nifty 50 Swap UCITS ETF 1C, quantity: 0.037671"",""4a75f936-6496-4c72-b508-ee8a87fdd3e6"","""","""","""","""""
"2024-12-09T15:10:01.969Z,""2024-12-09"",""DEFAULT"",""TRADING"",""BUY"",""FUND"",""Core MSCI World USD (Acc)"",""IE00B4L5Y983"",""0.1888210000"",""105.920000"",""-20.00"","""","""",""EUR"","""","""","""",""Savings plan execution IE00B4L5Y983 iShares III plc - iShares Core MSCI World UCITS ETF USD (Acc), quantity: 0.188821"",""e0aaa78b-f5d0-427b-a9dd-5cc224b4362e"","""","""","""","""""
"2024-12-16T11:47:11.491524Z,""2024-12-16"",""DEFAULT"",""CASH"",""CUSTOMER_INBOUND"","""",""Leo BERTRAND"","""","""","""",""140.000000"","""","""",""EUR"","""","""","""",""Virement de Leo BERTRAND"",""34e427e1-7180-4d33-85af-3b9d0b2df859"",""Leo BERTRAND"",""FR7640618803720004039001554"","""","""""
"2024-12-16T15:21:20.545Z,""2024-12-16"",""DEFAULT"",""TRADING"",""BUY"",""FUND"",""Nifty 50 Swap USD (Acc)"",""LU0292109690"",""0.0375230000"",""266.500000"",""-10.00"","""","""",""EUR"","""","""","""",""Savings plan execution LU0292109690 Xtrackers - Xtrackers Nifty 50 Swap UCITS ETF 1C, quantity: 0.037523"",""7cb1bc13-38f2-4d19-85f4-f022ab90c69f"","""","""","""","""""
"2024-12-16T15:44:33.650Z,""2024-12-16"",""DEFAULT"",""TRADING"",""BUY"",""FUND"",""Core MSCI World USD (Acc)"",""IE00B4L5Y983"",""0.1889640000"",""105.840000"",""-20.00"","""","""",""EUR"","""","""","""",""Savings plan execution IE00B4L5Y983 iShares III plc - iShares Core MSCI World UCITS ETF USD (Acc), quantity: 0.188964"",""3e166e53-f13f-4020-adb2-f7744115a0a6"","""","""","""","""""
"2024-12-16T17:05:40.210Z,""2024-12-16"",""DEFAULT"",""TRADING"",""BUY"",""FUND"",""Uranium USD (Acc)"",""IE000NDWFGA5"",""0.6496880000"",""15.392000"",""-10.00"","""","""",""EUR"","""","""","""",""Savings plan execution IE000NDWFGA5 Global X ETFs ICAV - Global X Uranium UCITS ETF Acc USD, quantity: 0.649688"",""07dd694d-03f4-4fa4-8842-f152f85fb8dc"","""","""","""","""""
"2024-12-23T14:59:47.360Z,""2024-12-23"",""DEFAULT"",""TRADING"",""BUY"",""FUND"",""Nifty 50 Swap USD (Acc)"",""LU0292109690"",""0.0388420000"",""257.450000"",""-10.00"","""","""",""EUR"","""","""","""",""Savings plan execution LU0292109690 Xtrackers - Xtrackers Nifty 50 Swap UCITS ETF 1C, quantity: 0.038842"",""55a40947-47c9-4324-b26f-c9cdd8045afb"","""","""","""","""""
"2024-12-23T15:06:19.835Z,""2024-12-23"",""DEFAULT"",""TRADING"",""BUY"",""FUND"",""Core MSCI World USD (Acc)"",""IE00B4L5Y983"",""0.1922520000"",""104.030000"",""-20.00"","""","""",""EUR"","""","""","""",""Savings plan execution IE00B4L5Y983 iShares III plc - iShares Core MSCI World UCITS ETF USD (Acc), quantity: 0.192252"",""5d07aaaa-3e75-4123-a4f5-95618a447f8d"","""","""","""","""""
"2024-12-23T15:49:24.628Z,""2024-12-23"",""DEFAULT"",""TRADING"",""BUY"",""FUND"",""Uranium USD (Acc)"",""IE000NDWFGA5"",""0.6678240000"",""14.974000"",""-10.00"","""","""",""EUR"","""","""","""",""Savings plan execution IE000NDWFGA5 Global X ETFs ICAV - Global X Uranium UCITS ETF Acc USD, quantity: 0.667824"",""cb5dea6c-485a-41ba-9e83-161f114bbd16"","""","""","""","""""
"2025-01-01T05:41:51.584510Z,""2025-01-01"",""DEFAULT"",""CASH"",""INTEREST_PAYMENT"","""","""","""","""","""",""0.200000"","""",""0.00"",""EUR"","""","""","""",""Interest payment Booking"",""924f50e6-611a-4470-86c9-f524f71a87fc"","""","""","""","""""
"2025-01-02T16:17:48.882Z,""2025-01-02"",""DEFAULT"",""TRADING"",""BUY"",""FUND"",""Core MSCI World USD (Acc)"",""IE00B4L5Y983"",""0.1907140000"",""104.869000"",""-20.00"","""","""",""EUR"","""","""","""",""Savings plan execution IE00B4L5Y983 iShares III plc - iShares Core MSCI World UCITS ETF USD (Acc), quantity: 0.190714"",""f70424bd-3bd6-4733-99a7-3b036dad4d90"","""","""","""","""""
"2025-01-02T18:06:16.063Z,""2025-01-02"",""DEFAULT"",""TRADING"",""BUY"",""FUND"",""Uranium USD (Acc)"",""IE000NDWFGA5"",""0.6452440000"",""15.498000"",""-10.00"","""","""",""EUR"","""","""","""",""Savings plan execution IE000NDWFGA5 Global X ETFs ICAV - Global X Uranium UCITS ETF Acc USD, quantity: 0.645244"",""048d8123-8d34-4942-9e65-1b173a945ceb"","""","""","""","""""
"2025-01-02T19:25:10.741Z,""2025-01-02"",""DEFAULT"",""TRADING"",""BUY"",""FUND"",""Nifty 50 Swap USD (Acc)"",""LU0292109690"",""0.0378500000"",""264.200000"",""-10.00"","""","""",""EUR"","""","""","""",""Savings plan execution LU0292109690 Xtrackers - Xtrackers Nifty 50 Swap UCITS ETF 1C, quantity: 0.037850"",""ad508b62-c630-4b11-8d56-a1c09854a8a8"","""","""","""","""""
"2025-01-09T14:59:47.190Z,""2025-01-09"",""DEFAULT"",""TRADING"",""BUY"",""FUND"",""Nifty 50 Swap USD (Acc)"",""LU0292109690"",""0.0391310000"",""255.550000"",""-10.00"","""","""",""EUR"","""","""","""",""Savings plan execution LU0292109690 Xtrackers - Xtrackers Nifty 50 Swap UCITS ETF 1C, quantity: 0.039131"",""cdd34a05-1151-4264-813f-9a2374d3eedf"","""","""","""","""""
"2025-01-09T15:04:56.744Z,""2025-01-09"",""DEFAULT"",""TRADING"",""BUY"",""FUND"",""Core MSCI World USD (Acc)"",""IE00B4L5Y983"",""0.1902490000"",""105.125000"",""-20.00"","""","""",""EUR"","""","""","""",""Savings plan execution IE00B4L5Y983 iShares III plc - iShares Core MSCI World UCITS ETF USD (Acc), quantity: 0.190249"",""9e4d134c-e61d-4d80-a6ba-1f9edfc4e4ed"","""","""","""","""""
"2025-01-09T15:50:20.950Z,""2025-01-09"",""DEFAULT"",""TRADING"",""BUY"",""FUND"",""Uranium USD (Acc)"",""IE000NDWFGA5"",""0.6520600000"",""15.336000"",""-10.00"","""","""",""EUR"","""","""","""",""Savings plan execution IE000NDWFGA5 Global X ETFs ICAV - Global X Uranium UCITS ETF Acc USD, quantity: 0.652060"",""21263451-2d95-445e-9843-94dc2b39b7c6"","""","""","""","""""
"2025-01-09T17:15:19.879848Z,""2025-01-09"",""DEFAULT"",""CASH"",""CUSTOMER_INBOUND"","""",""Leo BERTRAND"","""","""","""",""200.000000"","""","""",""EUR"","""","""","""",""Virement de Leo BERTRAND"",""f7a2143e-04fe-415c-8d28-f92a2ada6ecb"",""Leo BERTRAND"",""FR7640618803720004039001554"","""","""""
"2025-01-16T15:08:53.785Z,""2025-01-16"",""DEFAULT"",""TRADING"",""BUY"",""FUND"",""Nifty 50 Swap USD (Acc)"",""LU0292109690"",""0.0398880000"",""250.700000"",""-10.00"","""","""",""EUR"","""","""","""",""Savings plan execution LU0292109690 Xtrackers - Xtrackers Nifty 50 Swap UCITS ETF 1C, quantity: 0.039888"",""64158b98-afd8-4c79-b65a-a7eb8026259b"","""","""","""","""""
"2025-01-16T15:15:12.702Z,""2025-01-16"",""DEFAULT"",""TRADING"",""BUY"",""FUND"",""Core MSCI World USD (Acc)"",""IE00B4L5Y983"",""0.1892050000"",""105.705000"",""-20.00"","""","""",""EUR"","""","""","""",""Savings plan execution IE00B4L5Y983 iShares III plc - iShares Core MSCI World UCITS ETF USD (Acc), quantity: 0.189205"",""ebe2d8a3-2e04-4a75-bd4a-bd63f955587f"","""","""","""","""""
"2025-01-16T15:52:16.971Z,""2025-01-16"",""DEFAULT"",""TRADING"",""BUY"",""FUND"",""Uranium USD (Acc)"",""IE000NDWFGA5"",""0.6573750000"",""15.212000"",""-10.00"","""","""",""EUR"","""","""","""",""Savings plan execution IE000NDWFGA5 Global X ETFs ICAV - Global X Uranium UCITS ETF Acc USD, quantity: 0.657375"",""4018fd04-d79f-40e2-9aa9-70b7f281e7b3"","""","""","""","""""
"2025-01-23T14:48:31.663Z,""2025-01-23"",""DEFAULT"",""TRADING"",""BUY"",""STOCK"",""AMD"",""US0079031078"",""0.0085540000"",""116.900000"",""-1.00"","""","""",""EUR"","""","""","""",""Savings plan execution US0079031078 ADVANCED MIC.DEV.  DL-,01, quantity: 0.008554"",""e390d3b3-4dbf-4932-938d-3ab76ef486bf"","""","""","""","""""
"2025-01-23T14:59:43.287Z,""2025-01-23"",""DEFAULT"",""TRADING"",""BUY"",""FUND"",""Nifty 50 Swap USD (Acc)"",""LU0292109690"",""0.0606550000"",""247.300000"",""-15.00"","""","""",""EUR"","""","""","""",""Savings plan execution LU0292109690 Xtrackers - Xtrackers Nifty 50 Swap UCITS ETF 1C, quantity: 0.060655"",""ae0fc677-cb0f-4e5e-be72-c8c0ac69079a"","""","""","""","""""
"2025-01-23T15:05:05.518Z,""2025-01-23"",""DEFAULT"",""TRADING"",""BUY"",""FUND"",""Core MSCI World USD (Acc)"",""IE00B4L5Y983"",""0.1866710000"",""107.140000"",""-20.00"","""","""",""EUR"","""","""","""",""Savings plan execution IE00B4L5Y983 iShares III plc - iShares Core MSCI World UCITS ETF USD (Acc), quantity: 0.186671"",""0eff26c1-79a2-44d6-8540-f8be8fe17028"","""","""","""","""""
"2025-01-23T15:51:18.180Z,""2025-01-23"",""DEFAULT"",""TRADING"",""BUY"",""FUND"",""Uranium USD (Acc)"",""IE000NDWFGA5"",""0.5840430000"",""17.122000"",""-10.00"","""","""",""EUR"","""","""","""",""Savings plan execution IE000NDWFGA5 Global X ETFs ICAV - Global X Uranium UCITS ETF Acc USD, quantity: 0.584043"",""ed9cae0a-3364-4d78-b283-69e6c3860feb"","""","""","""","""""
"2025-01-24T12:35:51.999981Z,""2025-01-24"",""DEFAULT"",""CASH"",""CARD_TRANSACTION"","""",""FL BLANC"","""","""","""",""-1.500000"","""","""",""EUR"","""","""","""",""TR Card Transaction"",""b417a1d7-8809-49d9-98ae-01fe1b0a81c6"","""","""","""",""7211"""
"2025-01-24T12:35:52.045054Z,""2025-01-24"",""DEFAULT"",""CASH"",""CARD_TRANSACTION"","""",""FL BLANC"","""","""","""",""-1.500000"","""","""",""EUR"","""","""","""",""TR Card Transaction"",""38455c4a-fa66-4c92-8f21-8a81a74ed2db"","""","""","""",""7211"""
"2025-02-01T10:17:39.226453Z,""2025-02-01"",""DEFAULT"",""CASH"",""INTEREST_PAYMENT"","""","""","""","""","""",""0.330000"","""","""",""EUR"","""","""","""",""Interest payment Booking"",""93776353-71e9-4915-999e-f705960270bf"","""","""","""","""""
"2025-02-03T07:43:58.310Z,""2025-02-03"",""DEFAULT"",""TRADING"",""BUY"",""CRYPTO"",""Bitcoin"",""BTC"",""0.0000200000"",""95396.780000"",""-1.91"","""","""",""EUR"","""","""","""",""Savings plan execution XF000BTC0017 Bitcoin, quantity: 0.000020"",""fb65069d-0e60-4b34-a7ad-c191e08dc050"","""","""","""","""""
"2025-02-03T09:19:01.336Z,""2025-02-03"",""DEFAULT"",""TRADING"",""BUY"",""STOCK"",""VINCI"",""FR0000125486"",""0.0292680000"",""102.500000"",""-3.00"","""",""-0.01"",""EUR"","""","""","""",""Savings plan execution FR0000125486 VINCI S.A. INH.   EO 2,50, quantity: 0.029268"",""c42b306d-edcd-44f0-8176-4903ebc2fd36"","""","""","""","""""
"2025-02-03T15:24:05.980Z,""2025-02-03"",""DEFAULT"",""TRADING"",""BUY"",""FUND"",""MSCI Africa Top 50 Swap USD (Acc)"",""LU0592217524"",""0.4234290000"",""7.085000"",""-3.00"","""","""",""EUR"","""","""","""",""Savings plan execution LU0592217524 Xtrackers - Xtrackers MSCI Africa Top 50 Swap UCITS ETF 1C, quantity: 0.423429"",""db9274cc-edd5-4f75-9edd-065bcdf06b18"","""","""","""","""""
"2025-02-03T15:34:46.555Z,""2025-02-03"",""DEFAULT"",""TRADING"",""BUY"",""FUND"",""MSCI Global Semiconductors USD (Acc)"",""IE000I8KRLL9"",""0.7088170000"",""7.054000"",""-5.00"","""","""",""EUR"","""","""","""",""Savings plan execution IE000I8KRLL9 iShares IV plc - iShares MSCI Global Semiconductors UCITS ETF USD (Acc), quantity: 0.708817"",""0d7779c4-dc63-4ab8-8e5c-e927c0f460b3"","""","""","""","""""
"2025-02-03T16:24:04.630Z,""2025-02-03"",""DEFAULT"",""TRADING"",""BUY"",""FUND"",""Core MSCI World USD (Acc)"",""IE00B4L5Y983"",""0.0001860000"",""107.070000"",""-0.02"","""","""",""EUR"","""","""","""",""Savings plan execution IE00B4L5Y983 iShares III plc - iShares Core MSCI World UCITS ETF USD (Acc), quantity: 0.000186"",""a8f0a4d8-8d99-4305-b851-d0b5a25d1a2e"","""","""","""","""""
"2025-02-03T16:41:59.560Z,""2025-02-03"",""DEFAULT"",""TRADING"",""BUY"",""FUND"",""Nifty 50 Swap USD (Acc)"",""LU0292109690"",""0.0598560000"",""250.600000"",""-15.00"","""","""",""EUR"","""","""","""",""Savings plan execution LU0292109690 Xtrackers - Xtrackers Nifty 50 Swap UCITS ETF 1C, quantity: 0.059856"",""9fbeab93-ff22-4413-8a68-9002a25deabd"","""","""","""","""""
"2025-02-03T17:23:13.385060Z,""2025-02-03"",""DEFAULT"",""CASH"",""BENEFITS_SAVEBACK"",""FUND"",""Core MSCI World USD (Acc)"",""IE00B4L5Y983"","""","""",""0.020000"","""","""",""EUR"","""","""","""",""Your Saveback payment"",""5677258c-7598-4425-a821-d03e802af88d"","""","""","""","""""
"2025-02-03T17:35:10.229Z,""2025-02-03"",""DEFAULT"",""TRADING"",""BUY"",""FUND"",""Uranium USD (Acc)"",""IE000NDWFGA5"",""0.6207320000"",""16.110000"",""-10.00"","""","""",""EUR"","""","""","""",""Savings plan execution IE000NDWFGA5 Global X ETFs ICAV - Global X Uranium UCITS ETF Acc USD, quantity: 0.620732"",""baf47e20-6168-4d36-b639-beb875b3dcba"","""","""","""","""""
"2025-02-03T17:43:32.955Z,""2025-02-03"",""DEFAULT"",""TRADING"",""BUY"",""FUND"",""Core MSCI World USD (Acc)"",""IE00B4L5Y983"",""0.1866360000"",""107.160000"",""-20.00"","""","""",""EUR"","""","""","""",""Savings plan execution IE00B4L5Y983 iShares III plc - iShares Core MSCI World UCITS ETF USD (Acc), quantity: 0.186636"",""4b136af0-7840-49dd-b82c-49471b358dae"","""","""","""","""""
"2025-02-10T07:32:42.743Z,""2025-02-10"",""DEFAULT"",""TRADING"",""BUY"",""CRYPTO"",""Bitcoin"",""BTC"",""0.0000200000"",""97073.360000"",""-1.94"","""","""",""EUR"","""","""","""",""Savings plan execution XF000BTC0017 Bitcoin, quantity: 0.000020"",""f7e4039f-4f08-432a-8d00-7313f00d882e"","""","""","""","""""
"2025-02-10T11:48:01.358Z,""2025-02-10"",""DEFAULT"",""TRADING"",""BUY"",""STOCK"",""VINCI"",""FR0000125486"",""0.0277000000"",""108.300000"",""-3.00"","""",""-0.01"",""EUR"","""","""","""",""Savings plan execution FR0000125486 VINCI S.A. INH.   EO 2,50, quantity: 0.027700"",""a6b9bfe1-9824-4afa-ad3c-af20971e9dc4"","""","""","""","""""
"2025-02-10T14:59:43.079Z,""2025-02-10"",""DEFAULT"",""TRADING"",""BUY"",""FUND"",""Nifty 50 Swap USD (Acc)"",""LU0292109690"",""0.0602770000"",""248.850000"",""-15.00"","""","""",""EUR"","""","""","""",""Savings plan execution LU0292109690 Xtrackers - Xtrackers Nifty 50 Swap UCITS ETF 1C, quantity: 0.060277"",""8417bb48-866b-4695-98e0-2c25934550f5"","""","""","""","""""
"2025-02-10T15:06:57.460Z,""2025-02-10"",""DEFAULT"",""TRADING"",""BUY"",""FUND"",""Core MSCI World USD (Acc)"",""IE00B4L5Y983"",""0.1843990000"",""108.460000"",""-20.00"","""","""",""EUR"","""","""","""",""Savings plan execution IE00B4L5Y983 iShares III plc - iShares Core MSCI World UCITS ETF USD (Acc), quantity: 0.184399"",""e398f3ae-f80e-4b3c-a067-070c97d57041"","""","""","""","""""
"2025-02-10T15:14:43.185Z,""2025-02-10"",""DEFAULT"",""TRADING"",""BUY"",""FUND"",""MSCI Africa Top 50 Swap USD (Acc)"",""LU0592217524"",""0.4132800000"",""7.259000"",""-3.00"","""","""",""EUR"","""","""","""",""Savings plan execution LU0592217524 Xtrackers - Xtrackers MSCI Africa Top 50 Swap UCITS ETF 1C, quantity: 0.413280"",""d4f4b4b8-084b-4bee-9782-da5ad4a4f569"","""","""","""","""""
"2025-02-10T15:30:26.703Z,""2025-02-10"",""DEFAULT"",""TRADING"",""BUY"",""FUND"",""MSCI Global Semiconductors USD (Acc)"",""IE000I8KRLL9"",""0.6912760000"",""7.233000"",""-5.00"","""","""",""EUR"","""","""","""",""Savings plan execution IE000I8KRLL9 iShares IV plc - iShares MSCI Global Semiconductors UCITS ETF USD (Acc), quantity: 0.691276"",""99106455-b2c9-423b-9b02-4930e5fe137d"","""","""","""","""""
"2025-02-10T15:49:52.407Z,""2025-02-10"",""DEFAULT"",""TRADING"",""BUY"",""FUND"",""Uranium USD (Acc)"",""IE000NDWFGA5"",""0.5946710000"",""16.816000"",""-10.00"","""","""",""EUR"","""","""","""",""Savings plan execution IE000NDWFGA5 Global X ETFs ICAV - Global X Uranium UCITS ETF Acc USD, quantity: 0.594671"",""5013912b-df44-49d3-85b1-4da3649624d1"","""","""","""","""""
"2025-02-13T01:02:47.021Z,""2025-02-13"",""DEFAULT"",""DELIVERY"",""FREE_DELIVERY"",""CRYPTO"",""Bitcoin"",""BTC"",""-0.0000400000"","""","""","""","""","""","""","""","""",""FREE_DELIVERY BTC"",""8e3eeeb3-50b3-43d4-b020-bd0bc1f0bd6b"","""","""","""","""""
"2025-02-13T01:02:47.021Z,""2025-02-13"",""DEFAULT"",""DELIVERY"",""FREE_DELIVERY"",""CRYPTO"",""Bitcoin"",""BTC"",""0.0000400000"","""","""","""","""","""","""","""","""",""FREE_DELIVERY BTC"",""fa7b4288-9f06-474f-a6cf-a41f9276e92a"","""","""","""","""""
"2025-02-13T01:07:25.385Z,""2025-02-13"",""DEFAULT"",""DELIVERY"",""FREE_RECEIPT"",""STOCK"",""AI Artificial Intelligence Ventures"",""CA00135V1094"",""-99.0000000000"","""","""","""","""","""","""","""","""",""FREE_RECEIPT CA00135V1094"",""363f021f-93e7-4d22-ba6f-7b55bd3e80b9"","""","""","""","""""
"2025-02-13T01:07:25.389Z,""2025-02-13"",""DEFAULT"",""DELIVERY"",""FREE_RECEIPT"",""STOCK"",""AI Artificial Intelligence Ventures"",""CA00135V1094"",""99.0000000000"","""","""","""","""","""","""","""","""",""FREE_RECEIPT CA00135V1094"",""b1e9afd7-6933-4f43-bdfe-00dda7963ae6"","""","""","""","""""
"2025-02-13T01:07:25.393Z,""2025-02-13"",""DEFAULT"",""DELIVERY"",""FREE_RECEIPT"",""STOCK"",""RENK Group"",""DE000RENK730"",""-2.0000000000"","""","""","""","""","""","""","""","""",""FREE_RECEIPT DE000RENK730"",""f83192dc-45b3-457d-8b60-97e4eff5c231"","""","""","""","""""
"2025-02-13T01:07:25.396Z,""2025-02-13"",""DEFAULT"",""DELIVERY"",""FREE_RECEIPT"",""STOCK"",""RENK Group"",""DE000RENK730"",""2.0000000000"","""","""","""","""","""","""","""","""",""FREE_RECEIPT DE000RENK730"",""4d0fcbe4-625b-4908-b7f3-3b55ff8f87ce"","""","""","""","""""
"2025-02-13T01:07:25.399Z,""2025-02-13"",""DEFAULT"",""DELIVERY"",""FREE_RECEIPT"",""STOCK"",""VINCI"",""FR0000125486"",""-0.0569680000"","""","""","""","""","""","""","""","""",""FREE_RECEIPT FR0000125486"",""1ba09e4b-5a35-404d-a51f-f9297a1e084e"","""","""","""","""""
"2025-02-13T01:07:25.402Z,""2025-02-13"",""DEFAULT"",""DELIVERY"",""FREE_RECEIPT"",""STOCK"",""VINCI"",""FR0000125486"",""0.0569680000"","""","""","""","""","""","""","""","""",""FREE_RECEIPT FR0000125486"",""553bfb44-df08-4716-afd1-1b0fdfb3ddd4"","""","""","""","""""
"2025-02-13T01:07:25.406Z,""2025-02-13"",""DEFAULT"",""DELIVERY"",""FREE_RECEIPT"",""FUND"",""MSCI Global Semiconductors USD (Acc)"",""IE000I8KRLL9"",""-1.4000930000"","""","""","""","""","""","""","""","""",""FREE_RECEIPT IE000I8KRLL9"",""258c062f-398b-4120-8bbc-3cb15c32a1f1"","""","""","""","""""
"2025-02-13T01:07:25.409Z,""2025-02-13"",""DEFAULT"",""DELIVERY"",""FREE_RECEIPT"",""FUND"",""MSCI Global Semiconductors USD (Acc)"",""IE000I8KRLL9"",""1.4000930000"","""","""","""","""","""","""","""","""",""FREE_RECEIPT IE000I8KRLL9"",""c3393e06-33ac-45c5-8bca-ab06f9b8aa15"","""","""","""","""""
"2025-02-13T01:07:25.413Z,""2025-02-13"",""DEFAULT"",""DELIVERY"",""FREE_RECEIPT"",""FUND"",""Uranium USD (Acc)"",""IE000NDWFGA5"",""-5.0716370000"","""","""","""","""","""","""","""","""",""FREE_RECEIPT IE000NDWFGA5"",""3bcae25a-9975-4d9c-990a-dc49f85a6c0c"","""","""","""","""""
"2025-02-13T01:07:25.416Z,""2025-02-13"",""DEFAULT"",""DELIVERY"",""FREE_RECEIPT"",""FUND"",""Uranium USD (Acc)"",""IE000NDWFGA5"",""5.0716370000"","""","""","""","""","""","""","""","""",""FREE_RECEIPT IE000NDWFGA5"",""27e887bf-5746-4e99-ad46-69de16d1eab6"","""","""","""","""""
"2025-02-13T01:07:25.420Z,""2025-02-13"",""DEFAULT"",""DELIVERY"",""FREE_RECEIPT"",""FUND"",""Core MSCI World USD (Acc)"",""IE00B4L5Y983"",""-1.8874280000"","""","""","""","""","""","""","""","""",""FREE_RECEIPT IE00B4L5Y983"",""e3b5f340-97a6-484a-b836-e8cc6e65155b"","""","""","""","""""
"2025-02-13T01:07:25.425Z,""2025-02-13"",""DEFAULT"",""DELIVERY"",""FREE_RECEIPT"",""FUND"",""Core MSCI World USD (Acc)"",""IE00B4L5Y983"",""1.8874280000"","""","""","""","""","""","""","""","""",""FREE_RECEIPT IE00B4L5Y983"",""8d16b299-8e44-4e54-8c20-2e15e3aa4e9e"","""","""","""","""""
"2025-02-13T01:07:25.429Z,""2025-02-13"",""DEFAULT"",""DELIVERY"",""FREE_RECEIPT"",""FUND"",""Nifty 50 Swap USD (Acc)"",""LU0292109690"",""-1.4523680000"","""","""","""","""","""","""","""","""",""FREE_RECEIPT LU0292109690"",""f6385d28-1f8c-4735-bcae-c2dcecc7eef1"","""","""","""","""""
"2025-02-13T01:07:25.432Z,""2025-02-13"",""DEFAULT"",""DELIVERY"",""FREE_RECEIPT"",""FUND"",""Nifty 50 Swap USD (Acc)"",""LU0292109690"",""1.4523680000"","""","""","""","""","""","""","""","""",""FREE_RECEIPT LU0292109690"",""0e401f28-3f8c-433a-9c0e-822599979bbd"","""","""","""","""""
"2025-02-13T01:07:25.437Z,""2025-02-13"",""DEFAULT"",""DELIVERY"",""FREE_RECEIPT"",""FUND"",""MSCI Africa Top 50 Swap USD (Acc)"",""LU0592217524"",""-0.8367090000"","""","""","""","""","""","""","""","""",""FREE_RECEIPT LU0592217524"",""8330c604-a79e-454b-a00d-67ddf18abb37"","""","""","""","""""
"2025-02-13T01:07:25.441Z,""2025-02-13"",""DEFAULT"",""DELIVERY"",""FREE_RECEIPT"",""FUND"",""MSCI Africa Top 50 Swap USD (Acc)"",""LU0592217524"",""0.8367090000"","""","""","""","""","""","""","""","""",""FREE_RECEIPT LU0592217524"",""2d9ca36b-a576-4f7d-8692-fb9adb5975b2"","""","""","""","""""
"2025-02-13T01:07:25.447Z,""2025-02-13"",""DEFAULT"",""DELIVERY"",""FREE_RECEIPT"",""FUND"",""Nikkei 225 JPY (Acc)"",""LU2196470426"",""-2.1884490000"","""","""","""","""","""","""","""","""",""FREE_RECEIPT LU2196470426"",""6da7b486-d90f-4352-8908-3ed1a2720895"","""","""","""","""""
"2025-02-13T01:07:25.450Z,""2025-02-13"",""DEFAULT"",""DELIVERY"",""FREE_RECEIPT"",""FUND"",""Nikkei 225 JPY (Acc)"",""LU2196470426"",""2.1884490000"","""","""","""","""","""","""","""","""",""FREE_RECEIPT LU2196470426"",""ea334461-74bf-444c-aac3-9236431915a8"","""","""","""","""""
"2025-02-13T01:07:25.454Z,""2025-02-13"",""DEFAULT"",""DELIVERY"",""FREE_RECEIPT"",""STOCK"",""AMD"",""US0079031078"",""-0.2813680000"","""","""","""","""","""","""","""","""",""FREE_RECEIPT US0079031078"",""d439b4d6-ef36-4f1f-9399-aacb7f061400"","""","""","""","""""
"2025-02-13T01:07:25.458Z,""2025-02-13"",""DEFAULT"",""DELIVERY"",""FREE_RECEIPT"",""STOCK"",""AMD"",""US0079031078"",""0.2813680000"","""","""","""","""","""","""","""","""",""FREE_RECEIPT US0079031078"",""33ca4e57-d68e-415f-a126-835590ee891e"","""","""","""","""""
"2025-02-13T01:07:25.461Z,""2025-02-13"",""DEFAULT"",""DELIVERY"",""FREE_RECEIPT"",""STOCK"",""Amazon.com"",""US0231351067"",""-0.0637000000"","""","""","""","""","""","""","""","""",""FREE_RECEIPT US0231351067"",""ba40bd11-e83f-4419-9520-a195dd43d5ec"","""","""","""","""""
"2025-02-13T01:07:25.465Z,""2025-02-13"",""DEFAULT"",""DELIVERY"",""FREE_RECEIPT"",""STOCK"",""Amazon.com"",""US0231351067"",""0.0637000000"","""","""","""","""","""","""","""","""",""FREE_RECEIPT US0231351067"",""41f89957-ab39-4701-bbeb-a705c484e68f"","""","""","""","""""
"2025-02-13T09:25:13.409401Z,""2025-02-13"",""PEA"",""CASH"",""PEA_MARKETING"","""","""","""","""","""",""1.000000"","""","""",""EUR"","""","""","""",""PEA activation"",""25f8637f-5aff-4ed3-8937-92425e421fdc"","""","""","""","""""
"2025-02-16T15:17:41.520303Z,""2025-02-16"",""DEFAULT"",""CASH"",""TRANSFER_INSTANT_INBOUND"","""","""","""","""","""",""230.000000"","""","""",""EUR"","""","""","""",""Incoming transfer from Leo BERTRAND"",""720b2b2e-b043-498c-9345-26d0b2be2934"","""","""","""","""""
"2025-02-17T07:36:51.909Z,""2025-02-17"",""DEFAULT"",""TRADING"",""BUY"",""CRYPTO"",""Bitcoin"",""BTC"",""0.0000210000"",""94729.330000"",""-1.99"","""","""",""EUR"","""","""","""",""Savings plan execution XF000BTC0017 Bitcoin, quantity: 0.000021"",""73089ce6-0c87-4298-a5de-587442908568"","""","""","""","""""
"2025-02-17T09:19:18.548Z,""2025-02-17"",""DEFAULT"",""TRADING"",""BUY"",""STOCK"",""VINCI"",""FR0000125486"",""0.0276240000"",""108.600000"",""-3.00"","""",""-0.01"",""EUR"","""","""","""",""Savings plan execution FR0000125486 VINCI S.A. INH.   EO 2,50, quantity: 0.027624"",""ff0f29d1-aab6-40ac-ad65-c6fdd214b790"","""","""","""","""""
"2025-02-17T15:07:57.410Z,""2025-02-17"",""DEFAULT"",""TRADING"",""BUY"",""FUND"",""Nifty 50 Swap USD (Acc)"",""LU0292109690"",""0.0617530000"",""242.900000"",""-15.00"","""","""",""EUR"","""","""","""",""Savings plan execution LU0292109690 Xtrackers - Xtrackers Nifty 50 Swap UCITS ETF 1C, quantity: 0.061753"",""f0655be3-08ca-47fd-9214-9d734471f2cf"","""","""","""","""""
"2025-02-17T15:33:55.964Z,""2025-02-17"",""DEFAULT"",""TRADING"",""BUY"",""FUND"",""MSCI Africa Top 50 Swap USD (Acc)"",""LU0592217524"",""0.4109020000"",""7.301000"",""-3.00"","""","""",""EUR"","""","""","""",""Savings plan execution LU0592217524 Xtrackers - Xtrackers MSCI Africa Top 50 Swap UCITS ETF 1C, quantity: 0.410902"",""2bede849-3ba9-434c-930d-467fac7a1150"","""","""","""","""""
"2025-02-17T16:02:13.317Z,""2025-02-17"",""DEFAULT"",""TRADING"",""BUY"",""FUND"",""Core MSCI World USD (Acc)"",""IE00B4L5Y983"",""0.1846290000"",""108.325000"",""-20.00"","""","""",""EUR"","""","""","""",""Savings plan execution IE00B4L5Y983 iShares III plc - iShares Core MSCI World UCITS ETF USD (Acc), quantity: 0.184629"",""82c276d0-e228-42e1-9df1-55ebb6ab980d"","""","""","""","""""
"2025-02-17T16:06:26.540Z,""2025-02-17"",""DEFAULT"",""TRADING"",""BUY"",""FUND"",""MSCI Global Semiconductors USD (Acc)"",""IE000I8KRLL9"",""0.6887050000"",""7.260000"",""-5.00"","""","""",""EUR"","""","""","""",""Savings plan execution IE000I8KRLL9 iShares IV plc - iShares MSCI Global Semiconductors UCITS ETF USD (Acc), quantity: 0.688705"",""22a319a6-82b9-498b-bb90-e16465ba9b47"","""","""","""","""""
"2025-02-17T16:17:22.940Z,""2025-02-17"",""DEFAULT"",""TRADING"",""BUY"",""FUND"",""Uranium USD (Acc)"",""IE000NDWFGA5"",""0.6325910000"",""15.808000"",""-10.00"","""","""",""EUR"","""","""","""",""Savings plan execution IE000NDWFGA5 Global X ETFs ICAV - Global X Uranium UCITS ETF Acc USD, quantity: 0.632591"",""b220f14b-3c51-4ff6-b301-d9d25d50865c"","""","""","""","""""
"2025-02-21T13:08:38.276855Z,""2025-02-21"",""DEFAULT"",""CASH"",""CARD_TRANSACTION"","""",""CARREFOURMARKET"","""","""","""",""-18.200000"","""","""",""EUR"","""","""","""",""TR Card Transaction"",""9636a0c2-73a7-4bde-a550-060194c4f432"","""","""","""",""5411"""
"2025-02-24T07:32:43.899Z,""2025-02-24"",""DEFAULT"",""TRADING"",""BUY"",""CRYPTO"",""Bitcoin"",""BTC"",""0.0000210000"",""93921.100000"",""-1.97"","""","""",""EUR"","""","""","""",""Savings plan execution XF000BTC0017 Bitcoin, quantity: 0.000021"",""0f7021f6-7836-497e-ae91-bfbc23558dd7"","""","""","""","""""
"2025-02-24T14:26:20.931Z,""2025-02-24"",""DEFAULT"",""TRADING"",""BUY"",""STOCK"",""VINCI"",""FR0000125486"",""0.0274340000"",""109.350000"",""-3.00"","""",""-0.01"",""EUR"","""","""","""",""Savings plan execution FR0000125486 VINCI S.A. INH.   EO 2,50, quantity: 0.027434"",""22cd5935-44ad-47f3-8933-a280883a5552"","""","""","""","""""
"2025-02-24T15:03:57.950Z,""2025-02-24"",""DEFAULT"",""TRADING"",""BUY"",""FUND"",""Nifty 50 Swap USD (Acc)"",""LU0292109690"",""0.0629190000"",""238.400000"",""-15.00"","""","""",""EUR"","""","""","""",""Savings plan execution LU0292109690 Xtrackers - Xtrackers Nifty 50 Swap UCITS ETF 1C, quantity: 0.062919"",""e9bb8c69-9b53-443a-9d5f-9a72db34e45a"","""","""","""","""""
"2025-02-24T15:13:22.856Z,""2025-02-24"",""DEFAULT"",""TRADING"",""BUY"",""FUND"",""Core MSCI World USD (Acc)"",""IE00B4L5Y983"",""0.1883320000"",""106.195000"",""-20.00"","""","""",""EUR"","""","""","""",""Savings plan execution IE00B4L5Y983 iShares III plc - iShares Core MSCI World UCITS ETF USD (Acc), quantity: 0.188332"",""ab08c805-293b-4242-a494-73373e6dcbea"","""","""","""","""""
"2025-02-24T15:23:02.913Z,""2025-02-24"",""DEFAULT"",""TRADING"",""BUY"",""FUND"",""MSCI Africa Top 50 Swap USD (Acc)"",""LU0592217524"",""0.4016060000"",""7.470000"",""-3.00"","""","""",""EUR"","""","""","""",""Savings plan execution LU0592217524 Xtrackers - Xtrackers MSCI Africa Top 50 Swap UCITS ETF 1C, quantity: 0.401606"",""21c71ad6-fd31-4047-95d1-9dd2d6a5db4e"","""","""","""","""""
"2025-02-24T15:23:30.760Z,""2025-02-24"",""DEFAULT"",""TRADING"",""BUY"",""STOCK"",""AMD"",""US0079031078"",""0.0076450000"",""104.640000"",""-0.80"","""","""",""EUR"","""","""","""",""Savings plan execution US0079031078 ADVANCED MIC.DEV.  DL-,01, quantity: 0.007645"",""5f29f320-0704-485f-9872-53e884917cd6"","""","""","""","""""
"2025-02-24T15:32:37.029Z,""2025-02-24"",""DEFAULT"",""TRADING"",""BUY"",""FUND"",""MSCI Global Semiconductors USD (Acc)"",""IE000I8KRLL9"",""0.6949270000"",""7.195000"",""-5.00"","""","""",""EUR"","""","""","""",""Savings plan execution IE000I8KRLL9 iShares IV plc - iShares MSCI Global Semiconductors UCITS ETF USD (Acc), quantity: 0.694927"",""90bb5715-1539-4f02-9dc9-69c0330be132"","""","""","""","""""
"2025-02-24T15:50:03.103Z,""2025-02-24"",""DEFAULT"",""TRADING"",""BUY"",""FUND"",""Uranium USD (Acc)"",""IE000NDWFGA5"",""0.7076130000"",""14.132000"",""-10.00"","""","""",""EUR"","""","""","""",""Savings plan execution IE000NDWFGA5 Global X ETFs ICAV - Global X Uranium UCITS ETF Acc USD, quantity: 0.707613"",""4badd0fb-ae08-4011-8232-3ca49e0e2a29"","""","""","""","""""
"2025-03-01T05:42:36.264772Z,""2025-03-01"",""DEFAULT"",""CASH"",""INTEREST_PAYMENT"","""","""","""","""","""",""0.200000"","""",""-0.07"",""EUR"","""","""","""",""Interest payment Booking"",""ab0b38f7-ee33-495d-b5d2-3e7844eac7ab"","""","""","""","""""
"2025-03-03T07:45:42.165Z,""2025-03-03"",""DEFAULT"",""TRADING"",""BUY"",""CRYPTO"",""Bitcoin"",""BTC"",""0.0000430000"",""91496.350000"",""-3.93"","""","""",""EUR"","""","""","""",""Savings plan execution XF000BTC0017 Bitcoin, quantity: 0.000043"",""a82742ac-5ea0-4c52-8564-3e485aa1bea8"","""","""","""","""""
"2025-03-03T10:08:57.183Z,""2025-03-03"",""DEFAULT"",""TRADING"",""BUY"",""STOCK"",""VINCI"",""FR0000125486"",""0.0271980000"",""110.300000"",""-3.00"","""",""-0.01"",""EUR"","""","""","""",""Savings plan execution FR0000125486 VINCI S.A. INH.   EO 2,50, quantity: 0.027198"",""7a0f92d0-30d2-4bf3-a254-ccdc452b4e21"","""","""","""","""""
"2025-03-03T15:18:53.760Z,""2025-03-03"",""DEFAULT"",""TRADING"",""BUY"",""FUND"",""Nifty 50 Swap USD (Acc)"",""LU0292109690"",""0.0642120000"",""233.600000"",""-15.00"","""","""",""EUR"","""","""","""",""Savings plan execution LU0292109690 Xtrackers - Xtrackers Nifty 50 Swap UCITS ETF 1C, quantity: 0.064212"",""d3eef8c9-ac59-4af4-b475-1e0e89a70680"","""","""","""","""""
"2025-03-03T16:20:51.144Z,""2025-03-03"",""DEFAULT"",""TRADING"",""BUY"",""FUND"",""MSCI Africa Top 50 Swap USD (Acc)"",""LU0592217524"",""0.3995730000"",""7.508000"",""-3.00"","""","""",""EUR"","""","""","""",""Savings plan execution LU0592217524 Xtrackers - Xtrackers MSCI Africa Top 50 Swap UCITS ETF 1C, quantity: 0.399573"",""d0aed2c1-913c-456c-ab64-b9ded8de9d2c"","""","""","""","""""
"2025-03-03T16:43:04.593Z,""2025-03-03"",""DEFAULT"",""TRADING"",""BUY"",""FUND"",""Core MSCI World USD (Acc)"",""IE00B4L5Y983"",""0.1886020000"",""106.043000"",""-20.00"","""","""",""EUR"","""","""","""",""Savings plan execution IE00B4L5Y983 iShares III plc - iShares Core MSCI World UCITS ETF USD (Acc), quantity: 0.188602"",""2929ed1f-32a0-4fd6-9171-32b2f6ca9887"","""","""","""","""""
"2025-03-03T16:47:54.081Z,""2025-03-03"",""DEFAULT"",""TRADING"",""BUY"",""FUND"",""Core MSCI World USD (Acc)"",""IE00B4L5Y983"",""0.0016970000"",""106.015000"",""-0.18"","""","""",""EUR"","""","""","""",""Savings plan execution IE00B4L5Y983 iShares III plc - iShares Core MSCI World UCITS ETF USD (Acc), quantity: 0.001697"",""ad786906-f5f6-4d44-be0c-b1e39c02eefc"","""","""","""","""""
"2025-03-03T17:36:04.436Z,""2025-03-03"",""DEFAULT"",""TRADING"",""BUY"",""FUND"",""MSCI China USD (Acc)"",""IE00BJ5JPG56"",""1.9592470000"",""5.104000"",""-10.00"","""","""",""EUR"","""","""","""",""Savings plan execution IE00BJ5JPG56 iShares IV plc - iShares MSCI China UCITS ETF USD (Acc), quantity: 1.959247"",""8da59a27-ee6f-4838-b515-f8225cf2146d"","""","""","""","""""
"2025-03-03T17:40:37.871Z,""2025-03-03"",""DEFAULT"",""TRADING"",""BUY"",""FUND"",""Uranium USD (Acc)"",""IE000NDWFGA5"",""0.7439360000"",""13.442000"",""-10.00"","""","""",""EUR"","""","""","""",""Savings plan execution IE000NDWFGA5 Global X ETFs ICAV - Global X Uranium UCITS ETF Acc USD, quantity: 0.743936"",""57982622-50b9-4dc1-b1a0-ec2d0497ab7d"","""","""","""","""""
"2025-03-03T17:46:59.100Z,""2025-03-03"",""DEFAULT"",""TRADING"",""BUY"",""FUND"",""MSCI Global Semiconductors USD (Acc)"",""IE000I8KRLL9"",""0.7418390000"",""6.740000"",""-5.00"","""","""",""EUR"","""","""","""",""Savings plan execution IE000I8KRLL9 iShares IV plc - iShares MSCI Global Semiconductors UCITS ETF USD (Acc), quantity: 0.741839"",""37c65437-f648-4dbf-95ea-3b8d5108d78f"","""","""","""","""""
"2025-03-03T20:09:40.817399Z,""2025-03-03"",""DEFAULT"",""CASH"",""BENEFITS_SAVEBACK"",""FUND"",""Core MSCI World USD (Acc)"",""IE00B4L5Y983"","""","""",""0.180000"","""","""",""EUR"","""","""","""",""Your Saveback payment"",""d15dc64c-ae86-48f7-94de-6cd5a4881d51"","""","""","""","""""
"2025-03-07T15:49:50.365942Z,""2025-03-07"",""DEFAULT"",""CASH"",""TRANSFER_INSTANT_INBOUND"","""","""","""","""","""",""250.000000"","""","""",""EUR"","""","""","""",""Incoming transfer from Leo BERTRAND"",""807f6f82-e6be-46a2-bdf3-52c587d8325c"","""","""","""","""""
"2025-03-10T07:32:34.231Z,""2025-03-10"",""DEFAULT"",""TRADING"",""BUY"",""CRYPTO"",""Bitcoin"",""BTC"",""0.0000510000"",""78225.640000"",""-3.99"","""","""",""EUR"","""","""","""",""Savings plan execution XF000BTC0017 Bitcoin, quantity: 0.000051"",""6d4a09cd-64fe-4663-af75-2e349f5811be"","""","""","""","""""
"2025-03-10T15:03:15.066Z,""2025-03-10"",""DEFAULT"",""TRADING"",""BUY"",""FUND"",""Nifty 50 Swap USD (Acc)"",""LU0292109690"",""0.0663120000"",""226.200000"",""-15.00"","""","""",""EUR"","""","""","""",""Savings plan execution LU0292109690 Xtrackers - Xtrackers Nifty 50 Swap UCITS ETF 1C, quantity: 0.066312"",""23e83307-ede5-4fe5-a8cf-c04d82f725aa"","""","""","""","""""
"2025-03-10T15:06:22.480Z,""2025-03-10"",""DEFAULT"",""TRADING"",""BUY"",""FUND"",""Core MSCI World USD (Acc)"",""IE00B4L5Y983"",""0.2030120000"",""98.516000"",""-20.00"","""","""",""EUR"","""","""","""",""Savings plan execution IE00B4L5Y983 iShares III plc - iShares Core MSCI World UCITS ETF USD (Acc), quantity: 0.203012"",""f93c7d0a-0b67-4fd8-85f7-322d2ca5d112"","""","""","""","""""
"2025-03-10T15:14:47.603Z,""2025-03-10"",""DEFAULT"",""TRADING"",""BUY"",""FUND"",""MSCI Africa Top 50 Swap USD (Acc)"",""LU0592217524"",""0.4115220000"",""7.290000"",""-3.00"","""","""",""EUR"","""","""","""",""Savings plan execution LU0592217524 Xtrackers - Xtrackers MSCI Africa Top 50 Swap UCITS ETF 1C, quantity: 0.411522"",""0776a978-3d08-45a7-a6dd-120d82863305"","""","""","""","""""
"2025-03-10T15:30:27.813Z,""2025-03-10"",""DEFAULT"",""TRADING"",""BUY"",""FUND"",""MSCI Global Semiconductors USD (Acc)"",""IE000I8KRLL9"",""0.8093230000"",""6.178000"",""-5.00"","""","""",""EUR"","""","""","""",""Savings plan execution IE000I8KRLL9 iShares IV plc - iShares MSCI Global Semiconductors UCITS ETF USD (Acc), quantity: 0.809323"",""3565ed16-54d7-4e2f-aa02-fcb9eb81ba55"","""","""","""","""""
"2025-03-10T15:33:49.768Z,""2025-03-10"",""DEFAULT"",""TRADING"",""BUY"",""FUND"",""MSCI China USD (Acc)"",""IE00BJ5JPG56"",""1.9723860000"",""5.070000"",""-10.00"","""","""",""EUR"","""","""","""",""Savings plan execution IE00BJ5JPG56 iShares IV plc - iShares MSCI China UCITS ETF USD (Acc), quantity: 1.972386"",""6e821bd5-879c-486f-87e6-277997b82a68"","""","""","""","""""
"2025-03-10T15:50:38.036Z,""2025-03-10"",""DEFAULT"",""TRADING"",""BUY"",""FUND"",""Uranium USD (Acc)"",""IE000NDWFGA5"",""0.8078840000"",""12.378000"",""-10.00"","""","""",""EUR"","""","""","""",""Savings plan execution IE000NDWFGA5 Global X ETFs ICAV - Global X Uranium UCITS ETF Acc USD, quantity: 0.807884"",""324b33a0-5eda-4409-aea0-437a01301ec6"","""","""","""","""""
"2025-03-17T07:36:06.758Z,""2025-03-17"",""DEFAULT"",""TRADING"",""BUY"",""CRYPTO"",""Bitcoin"",""BTC"",""0.0000500000"",""79140.830000"",""-3.96"","""","""",""EUR"","""","""","""",""Savings plan execution XF000BTC0017 Bitcoin, quantity: 0.000050"",""8f49cc3b-ee78-48e7-9418-37e8f5e64ba2"","""","""","""","""""
"2025-03-17T09:16:52.379Z,""2025-03-17"",""DEFAULT"",""TRADING"",""BUY"",""STOCK"",""VINCI"",""FR0000125486"",""0.0084880000"",""117.800000"",""-1.00"","""","""",""EUR"","""","""","""",""Savings plan execution FR0000125486 VINCI S.A. INH.   EO 2,50, quantity: 0.008488"",""d319684b-41d1-44da-b466-1636d9bef521"","""","""","""","""""
"2025-03-17T15:11:25.107Z,""2025-03-17"",""DEFAULT"",""TRADING"",""BUY"",""FUND"",""Nifty 50 Swap USD (Acc)"",""LU0292109690"",""0.0654450000"",""229.200000"",""-15.00"","""","""",""EUR"","""","""","""",""Savings plan execution LU0292109690 Xtrackers - Xtrackers Nifty 50 Swap UCITS ETF 1C, quantity: 0.065445"",""c9875e86-3ac6-495d-9153-d82a8214a64e"","""","""","""","""""
"2025-03-17T15:22:35.248Z,""2025-03-17"",""DEFAULT"",""TRADING"",""BUY"",""FUND"",""Core MSCI World USD (Acc)"",""IE00B4L5Y983"",""0.2035270000"",""98.267000"",""-20.00"","""","""",""EUR"","""","""","""",""Savings plan execution IE00B4L5Y983 iShares III plc - iShares Core MSCI World UCITS ETF USD (Acc), quantity: 0.203527"",""fa5cb888-3274-4b1f-86c0-ebd72e74e335"","""","""","""","""""
"2025-03-17T15:31:08.543Z,""2025-03-17"",""DEFAULT"",""TRADING"",""BUY"",""FUND"",""MSCI Africa Top 50 Swap USD (Acc)"",""LU0592217524"",""0.4032250000"",""7.440000"",""-3.00"","""","""",""EUR"","""","""","""",""Savings plan execution LU0592217524 Xtrackers - Xtrackers MSCI Africa Top 50 Swap UCITS ETF 1C, quantity: 0.403225"",""741c5e28-4b8a-41a9-8ff6-e061d88a517b"","""","""","""","""""
"2025-03-17T16:20:45.943Z,""2025-03-17"",""DEFAULT"",""TRADING"",""BUY"",""FUND"",""MSCI Global Semiconductors USD (Acc)"",""IE000I8KRLL9"",""0.7878970000"",""6.346000"",""-5.00"","""","""",""EUR"","""","""","""",""Savings plan execution IE000I8KRLL9 iShares IV plc - iShares MSCI Global Semiconductors UCITS ETF USD (Acc), quantity: 0.787897"",""24a8be89-ef2e-415f-b669-eb47167a4127"","""","""","""","""""
"2025-03-17T16:30:33.021Z,""2025-03-17"",""DEFAULT"",""TRADING"",""BUY"",""FUND"",""MSCI China USD (Acc)"",""IE00BJ5JPG56"",""1.8775810000"",""5.326000"",""-10.00"","""","""",""EUR"","""","""","""",""Savings plan execution IE00BJ5JPG56 iShares IV plc - iShares MSCI China UCITS ETF USD (Acc), quantity: 1.877581"",""461d2f17-10d0-4a87-8b6f-e7ed4eca9fd0"","""","""","""","""""
"2025-03-17T16:43:31.092Z,""2025-03-17"",""DEFAULT"",""TRADING"",""BUY"",""FUND"",""Uranium USD (Acc)"",""IE000NDWFGA5"",""0.7727970000"",""12.940000"",""-10.00"","""","""",""EUR"","""","""","""",""Savings plan execution IE000NDWFGA5 Global X ETFs ICAV - Global X Uranium UCITS ETF Acc USD, quantity: 0.772797"",""fea278ec-3854-440c-bcc1-e034fa950240"","""","""","""","""""
"2025-03-24T07:33:23.647Z,""2025-03-24"",""DEFAULT"",""TRADING"",""BUY"",""CRYPTO"",""Bitcoin"",""BTC"",""0.0000480000"",""82563.780000"",""-3.96"","""","""",""EUR"","""","""","""",""Savings plan execution XF000BTC0017 Bitcoin, quantity: 0.000048"",""6e440e53-330c-42ae-a9ef-d0c6dd9e48b6"","""","""","""","""""
"2025-03-24T09:16:44.922Z,""2025-03-24"",""DEFAULT"",""TRADING"",""BUY"",""STOCK"",""VINCI"",""FR0000125486"",""0.0084130000"",""118.850000"",""-1.00"","""","""",""EUR"","""","""","""",""Savings plan execution FR0000125486 VINCI S.A. INH.   EO 2,50, quantity: 0.008413"",""837054eb-9cd2-4d38-9ffd-fb588241def6"","""","""","""","""""
"2025-03-24T14:59:41.944Z,""2025-03-24"",""DEFAULT"",""TRADING"",""BUY"",""FUND"",""Nifty 50 Swap USD (Acc)"",""LU0292109690"",""0.0610120000"",""245.850000"",""-15.00"","""","""",""EUR"","""","""","""",""Savings plan execution LU0292109690 Xtrackers - Xtrackers Nifty 50 Swap UCITS ETF 1C, quantity: 0.061012"",""38e7ee9c-343b-4322-a228-40adab567405"","""","""","""","""""
"2025-03-24T15:07:27.286Z,""2025-03-24"",""DEFAULT"",""TRADING"",""BUY"",""FUND"",""Core MSCI World USD (Acc)"",""IE00B4L5Y983"",""0.1985500000"",""100.730000"",""-20.00"","""","""",""EUR"","""","""","""",""Savings plan execution IE00B4L5Y983 iShares III plc - iShares Core MSCI World UCITS ETF USD (Acc), quantity: 0.198550"",""82d2189b-c518-4314-9565-4741f457ab10"","""","""","""","""""
"2025-03-24T15:16:37.862Z,""2025-03-24"",""DEFAULT"",""TRADING"",""BUY"",""FUND"",""MSCI Africa Top 50 Swap USD (Acc)"",""LU0592217524"",""0.3896100000"",""7.700000"",""-3.00"","""","""",""EUR"","""","""","""",""Savings plan execution LU0592217524 Xtrackers - Xtrackers MSCI Africa Top 50 Swap UCITS ETF 1C, quantity: 0.389610"",""b17f479e-894c-496a-adb4-614880b02644"","""","""","""","""""
"2025-03-24T15:30:27.256Z,""2025-03-24"",""DEFAULT"",""TRADING"",""BUY"",""FUND"",""MSCI Global Semiconductors USD (Acc)"",""IE000I8KRLL9"",""0.7685210000"",""6.506000"",""-5.00"","""","""",""EUR"","""","""","""",""Savings plan execution IE000I8KRLL9 iShares IV plc - iShares MSCI Global Semiconductors UCITS ETF USD (Acc), quantity: 0.768521"",""df8141d4-0b66-449d-9ad3-bdf75c390b19"","""","""","""","""""
"2025-03-24T15:33:42.780Z,""2025-03-24"",""DEFAULT"",""TRADING"",""BUY"",""FUND"",""MSCI China USD (Acc)"",""IE00BJ5JPG56"",""1.9428790000"",""5.147000"",""-10.00"","""","""",""EUR"","""","""","""",""Savings plan execution IE00BJ5JPG56 iShares IV plc - iShares MSCI China UCITS ETF USD (Acc), quantity: 1.942879"",""b8166a19-5e7c-41fa-86a5-f01f40fe2095"","""","""","""","""""
"2025-03-24T15:49:39.158Z,""2025-03-24"",""DEFAULT"",""TRADING"",""BUY"",""FUND"",""Uranium USD (Acc)"",""IE000NDWFGA5"",""0.7373540000"",""13.562000"",""-10.00"","""","""",""EUR"","""","""","""",""Savings plan execution IE000NDWFGA5 Global X ETFs ICAV - Global X Uranium UCITS ETF Acc USD, quantity: 0.737354"",""0bbef835-5c09-43d3-ab55-7d6df2733fb7"","""","""","""","""""
"2025-03-27T07:30:58.251Z,""2025-03-27"",""DEFAULT"",""TRADING"",""SELL"",""STOCK"",""RENK Group"",""DE000RENK730"",""-0.4000000000"",""44.125000"",""17.65"","""","""",""EUR"","""","""","""",""Sell trade DE000RENK730 RENK GROUP AG INH O.N., quantity: 0.4"",""323b1f6d-6b04-4949-baea-aa9588938aa0"","""","""","""","""""
"2025-03-27T07:30:58.251Z,""2025-03-27"",""DEFAULT"",""TRADING"",""SELL"",""STOCK"",""RENK Group"",""DE000RENK730"",""-1.0000000000"",""44.125000"",""44.13"",""-1.00"","""",""EUR"","""","""","""",""Sell trade DE000RENK730 RENK GROUP AG INH O.N., quantity: 1.0"",""590e51ca-5a1b-4534-8d5f-f45ebe2364a6"","""","""","""","""""
"2025-04-01T06:25:37.685837Z,""2025-04-01"",""DEFAULT"",""CASH"",""INTEREST_PAYMENT"","""","""","""","""","""",""0.320000"","""",""-0.09"",""EUR"","""","""","""",""Interest payment Booking"",""e17259ba-72ff-44d5-b300-69f83e339d5a"","""","""","""","""""
"2025-04-02T08:17:19.111Z,""2025-04-02"",""DEFAULT"",""TRADING"",""BUY"",""STOCK"",""VINCI"",""FR0000125486"",""0.0084990000"",""117.650000"",""-1.00"","""","""",""EUR"","""","""","""",""Savings plan execution FR0000125486 VINCI S.A. INH.   EO 2,50, quantity: 0.008499"",""e510b2e5-e26c-4d81-ae5b-7d47fca84bce"","""","""","""","""""
"2025-04-02T09:11:55.365Z,""2025-04-02"",""DEFAULT"",""TRADING"",""BUY"",""CRYPTO"",""Bitcoin"",""BTC"",""0.0000490000"",""81328.210000"",""-3.99"","""","""",""EUR"","""","""","""",""Savings plan execution XF000BTC0017 Bitcoin, quantity: 0.000049"",""4cdd247e-60e2-4424-8fb2-240e1a736e33"","""","""","""","""""
"2025-04-02T14:26:07.907Z,""2025-04-02"",""DEFAULT"",""TRADING"",""BUY"",""FUND"",""Nifty 50 Swap USD (Acc)"",""LU0292109690"",""0.0618040000"",""242.700000"",""-15.00"","""","""",""EUR"","""","""","""",""Savings plan execution LU0292109690 Xtrackers - Xtrackers Nifty 50 Swap UCITS ETF 1C, quantity: 0.061804"",""bc2f607d-a870-46a8-81e0-78f91aae3a74"","""","""","""","""""
"2025-04-02T14:59:59.684Z,""2025-04-02"",""DEFAULT"",""TRADING"",""BUY"",""FUND"",""MSCI Africa Top 50 Swap USD (Acc)"",""LU0592217524"",""0.4017130000"",""7.468000"",""-3.00"","""","""",""EUR"","""","""","""",""Savings plan execution LU0592217524 Xtrackers - Xtrackers MSCI Africa Top 50 Swap UCITS ETF 1C, quantity: 0.401713"",""30f2b139-b5ee-4f58-bfaa-badcf1158a9b"","""","""","""","""""
"2025-04-02T15:30:22.743Z,""2025-04-02"",""DEFAULT"",""TRADING"",""BUY"",""FUND"",""Core MSCI World USD (Acc)"",""IE00B4L5Y983"",""0.2040460000"",""98.017000"",""-20.00"","""","""",""EUR"","""","""","""",""Savings plan execution IE00B4L5Y983 iShares III plc - iShares Core MSCI World UCITS ETF USD (Acc), quantity: 0.204046"",""64a069cf-fe18-4b88-8331-127d01527963"","""","""","""","""""
"2025-04-02T15:52:08.977Z,""2025-04-02"",""DEFAULT"",""TRADING"",""BUY"",""FUND"",""MSCI Global Semiconductors USD (Acc)"",""IE000I8KRLL9"",""0.8407600000"",""5.947000"",""-5.00"","""","""",""EUR"","""","""","""",""Savings plan execution IE000I8KRLL9 iShares IV plc - iShares MSCI Global Semiconductors UCITS ETF USD (Acc), quantity: 0.840760"",""c147ffb2-310f-4e89-9a6a-7dd8f521e65b"","""","""","""","""""
"2025-04-02T16:58:58.091Z,""2025-04-02"",""DEFAULT"",""TRADING"",""BUY"",""FUND"",""MSCI China USD (Acc)"",""IE00BJ5JPG56"",""2.0036060000"",""4.991000"",""-10.00"","""","""",""EUR"","""","""","""",""Savings plan execution IE00BJ5JPG56 iShares IV plc - iShares MSCI China UCITS ETF USD (Acc), quantity: 2.003606"",""a9356051-57dc-483b-9399-7fa6c023bd6e"","""","""","""","""""
"2025-04-02T17:04:38.315Z,""2025-04-02"",""DEFAULT"",""TRADING"",""BUY"",""FUND"",""Uranium USD (Acc)"",""IE000NDWFGA5"",""0.8387850000"",""11.922000"",""-10.00"","""","""",""EUR"","""","""","""",""Savings plan execution IE000NDWFGA5 Global X ETFs ICAV - Global X Uranium UCITS ETF Acc USD, quantity: 0.838785"",""ec214321-ce1e-4ae6-a1f1-2ae3c7e0383e"","""","""","""","""""
"2025-04-07T07:29:06.967928Z,""2025-04-07"",""DEFAULT"",""CASH"",""TRANSFER_INSTANT_INBOUND"","""","""","""","""","""",""200.000000"","""","""",""EUR"","""","""","""",""Incoming transfer from Leo BERTRAND"",""47c0ced4-6590-4798-bc31-7801291d4c42"","""","""","""","""""
"2025-04-09T06:32:30.494Z,""2025-04-09"",""DEFAULT"",""TRADING"",""BUY"",""CRYPTO"",""Bitcoin"",""BTC"",""0.0000550000"",""71648.690000"",""-3.94"","""","""",""EUR"","""","""","""",""Savings plan execution XF000BTC0017 Bitcoin, quantity: 0.000055"",""4b77c7df-0526-4f49-8880-318528a26260"","""","""","""","""""
"2025-04-09T08:16:38.294Z,""2025-04-09"",""DEFAULT"",""TRADING"",""BUY"",""STOCK"",""VINCI"",""FR0000125486"",""0.0092800000"",""107.750000"",""-1.00"","""","""",""EUR"","""","""","""",""Savings plan execution FR0000125486 VINCI S.A. INH.   EO 2,50, quantity: 0.009280"",""fd00a59a-b461-4819-9405-e01754157450"","""","""","""","""""
"2025-04-09T13:59:44.726Z,""2025-04-09"",""DEFAULT"",""TRADING"",""BUY"",""FUND"",""Nifty 50 Swap USD (Acc)"",""LU0292109690"",""0.0666660000"",""225.000000"",""-15.00"","""","""",""EUR"","""","""","""",""Savings plan execution LU0292109690 Xtrackers - Xtrackers Nifty 50 Swap UCITS ETF 1C, quantity: 0.066666"",""12749d13-ea51-43de-9e3b-f4d4e3ce628b"","""","""","""","""""
"2025-04-09T14:08:18.043Z,""2025-04-09"",""DEFAULT"",""TRADING"",""BUY"",""FUND"",""Core MSCI World USD (Acc)"",""IE00B4L5Y983"",""0.2318940000"",""86.246000"",""-20.00"","""","""",""EUR"","""","""","""",""Savings plan execution IE00B4L5Y983 iShares III plc - iShares Core MSCI World UCITS ETF USD (Acc), quantity: 0.231894"",""a6703f4f-6cb5-4eb1-bae9-f08ba42d632d"","""","""","""","""""
"2025-04-09T14:14:44.671Z,""2025-04-09"",""DEFAULT"",""TRADING"",""BUY"",""FUND"",""MSCI Africa Top 50 Swap USD (Acc)"",""LU0592217524"",""0.4509920000"",""6.652000"",""-3.00"","""","""",""EUR"","""","""","""",""Savings plan execution LU0592217524 Xtrackers - Xtrackers MSCI Africa Top 50 Swap UCITS ETF 1C, quantity: 0.450992"",""e3be0667-6a2e-463c-bdd5-a98cfd4acbbc"","""","""","""","""""
"2025-04-09T14:30:25.298Z,""2025-04-09"",""DEFAULT"",""TRADING"",""BUY"",""FUND"",""MSCI Global Semiconductors USD (Acc)"",""IE000I8KRLL9"",""1.0021040000"",""4.989500"",""-5.00"","""","""",""EUR"","""","""","""",""Savings plan execution IE000I8KRLL9 iShares IV plc - iShares MSCI Global Semiconductors UCITS ETF USD (Acc), quantity: 1.002104"",""c5a79d05-65d1-4cff-b516-1f8a41b6c3c4"","""","""","""","""""
"2025-04-09T14:33:28.998Z,""2025-04-09"",""DEFAULT"",""TRADING"",""BUY"",""FUND"",""MSCI China USD (Acc)"",""IE00BJ5JPG56"",""2.3660230000"",""4.226500"",""-10.00"","""","""",""EUR"","""","""","""",""Savings plan execution IE00BJ5JPG56 iShares IV plc - iShares MSCI China UCITS ETF USD (Acc), quantity: 2.366023"",""9c525683-8f64-4e6a-b3e5-85eff1df70aa"","""","""","""","""""
"2025-04-09T14:49:52.662Z,""2025-04-09"",""DEFAULT"",""TRADING"",""BUY"",""FUND"",""Uranium USD (Acc)"",""IE000NDWFGA5"",""0.9604300000"",""10.412000"",""-10.00"","""","""",""EUR"","""","""","""",""Savings plan execution IE000NDWFGA5 Global X ETFs ICAV - Global X Uranium UCITS ETF Acc USD, quantity: 0.960430"",""0e29e576-ce08-4f26-82b3-c3a17203e1d2"","""","""","""","""""
"2025-04-11T06:25:26.006237Z,""2025-04-11"",""DEFAULT"",""CASH"",""TRANSFER_INSTANT_INBOUND"","""","""","""","""","""",""200.000000"","""","""",""EUR"","""","""","""",""Incoming transfer from Leo BERTRAND"",""abced6a6-d182-4f73-9c87-5ade0b49c477"","""","""","""","""""
"2025-04-16T06:36:51.265Z,""2025-04-16"",""DEFAULT"",""TRADING"",""BUY"",""CRYPTO"",""Bitcoin"",""BTC"",""0.0000520000"",""75800.790000"",""-3.94"","""","""",""EUR"","""","""","""",""Savings plan execution XF000BTC0017 Bitcoin, quantity: 0.000052"",""e47463cc-bc9b-475a-8e23-f38ec961ee17"","""","""","""","""""
"2025-04-16T07:44:07.781Z,""2025-04-16"",""DEFAULT"",""TRADING"",""BUY"",""FUND"",""Nikkei 225 JPY (Acc)"",""LU2196470426"",""0.2194580000"",""68.350000"",""-15.00"","""","""",""EUR"","""","""","""",""Savings plan execution LU2196470426 Xtrackers - Xtrackers Nikkei 225 UCITS ETF 1C, quantity: 0.219458"",""19a9d17a-a9fb-4b28-9794-78f9e6560b20"","""","""","""","""""
"2025-04-16T08:16:54.128Z,""2025-04-16"",""DEFAULT"",""TRADING"",""BUY"",""STOCK"",""VINCI"",""FR0000125486"",""0.0084350000"",""118.550000"",""-1.00"","""","""",""EUR"","""","""","""",""Savings plan execution FR0000125486 VINCI S.A. INH.   EO 2,50, quantity: 0.008435"",""d7274d88-1a76-447f-ba7c-cc940f2bfdee"","""","""","""","""""
"2025-04-16T13:59:47.609Z,""2025-04-16"",""DEFAULT"",""TRADING"",""BUY"",""FUND"",""Nifty 50 Swap USD (Acc)"",""LU0292109690"",""0.0649630000"",""230.900000"",""-15.00"","""","""",""EUR"","""","""","""",""Savings plan execution LU0292109690 Xtrackers - Xtrackers Nifty 50 Swap UCITS ETF 1C, quantity: 0.064963"",""7129f92a-7953-43b0-b1a0-1c5d6fa67eca"","""","""","""","""""
"2025-04-16T14:20:47.535Z,""2025-04-16"",""DEFAULT"",""TRADING"",""BUY"",""FUND"",""Core MSCI World USD (Acc)"",""IE00B4L5Y983"",""0.2234560000"",""89.503000"",""-20.00"","""","""",""EUR"","""","""","""",""Savings plan execution IE00B4L5Y983 iShares III plc - iShares Core MSCI World UCITS ETF USD (Acc), quantity: 0.223456"",""2a34bf12-f851-4855-a899-6c2ac280afef"","""","""","""","""""
"2025-04-16T14:22:23.778Z,""2025-04-16"",""DEFAULT"",""TRADING"",""BUY"",""FUND"",""MSCI Africa Top 50 Swap USD (Acc)"",""LU0592217524"",""0.4181760000"",""7.174000"",""-3.00"","""","""",""EUR"","""","""","""",""Savings plan execution LU0592217524 Xtrackers - Xtrackers MSCI Africa Top 50 Swap UCITS ETF 1C, quantity: 0.418176"",""9c317a70-cba6-4396-be6f-4e5b173eb8bf"","""","""","""","""""
"2025-04-16T14:36:37.140Z,""2025-04-16"",""DEFAULT"",""TRADING"",""BUY"",""FUND"",""MSCI Global Semiconductors USD (Acc)"",""IE000I8KRLL9"",""1.9201220000"",""5.208000"",""-10.00"","""","""",""EUR"","""","""","""",""Savings plan execution IE000I8KRLL9 iShares IV plc - iShares MSCI Global Semiconductors UCITS ETF USD (Acc), quantity: 1.920122"",""c35ad1e3-f1a9-405c-8e8e-208d475f45fc"","""","""","""","""""
"2025-04-16T14:37:23.804Z,""2025-04-16"",""DEFAULT"",""TRADING"",""BUY"",""FUND"",""MSCI China USD (Acc)"",""IE00BJ5JPG56"",""2.2975300000"",""4.352500"",""-10.00"","""","""",""EUR"","""","""","""",""Savings plan execution IE00BJ5JPG56 iShares IV plc - iShares MSCI China UCITS ETF USD (Acc), quantity: 2.297530"",""5814d1df-59b3-4fc4-8f8e-4441254926a6"","""","""","""","""""
"2025-04-16T15:02:33.779Z,""2025-04-16"",""DEFAULT"",""TRADING"",""BUY"",""FUND"",""Uranium USD (Acc)"",""IE000NDWFGA5"",""0.8632590000"",""11.584000"",""-10.00"","""","""",""EUR"","""","""","""",""Savings plan execution IE000NDWFGA5 Global X ETFs ICAV - Global X Uranium UCITS ETF Acc USD, quantity: 0.863259"",""f89fb7ef-d7f3-45fc-8e77-4560fa07c285"","""","""","""","""""
"2025-04-23T06:32:08.772Z,""2025-04-23"",""DEFAULT"",""TRADING"",""BUY"",""CRYPTO"",""Bitcoin"",""BTC"",""0.0000470000"",""84814.590000"",""-3.99"","""","""",""EUR"","""","""","""",""Savings plan execution XF000BTC0017 Bitcoin, quantity: 0.000047"",""4e48a109-d6ca-480b-bc2a-5f3b378a83fd"","""","""","""","""""
"2025-04-23T07:44:04.265Z,""2025-04-23"",""DEFAULT"",""TRADING"",""BUY"",""FUND"",""Nikkei 225 JPY (Acc)"",""LU2196470426"",""0.2125240000"",""70.580000"",""-15.00"","""","""",""EUR"","""","""","""",""Savings plan execution LU2196470426 Xtrackers - Xtrackers Nikkei 225 UCITS ETF 1C, quantity: 0.212524"",""26b7afb3-4249-468f-9673-4c15e47eb895"","""","""","""","""""
"2025-04-23T08:18:27.350Z,""2025-04-23"",""DEFAULT"",""TRADING"",""BUY"",""STOCK"",""VINCI"",""FR0000125486"",""0.0083990000"",""119.050000"",""-1.00"","""","""",""EUR"","""","""","""",""Savings plan execution FR0000125486 VINCI S.A. INH.   EO 2,50, quantity: 0.008399"",""f874a9b9-8049-4307-8bb1-2569cbbc215b"","""","""","""","""""
"2025-04-23T13:59:42.826Z,""2025-04-23"",""DEFAULT"",""TRADING"",""BUY"",""FUND"",""Nifty 50 Swap USD (Acc)"",""LU0292109690"",""0.0621760000"",""241.250000"",""-15.00"","""","""",""EUR"","""","""","""",""Savings plan execution LU0292109690 Xtrackers - Xtrackers Nifty 50 Swap UCITS ETF 1C, quantity: 0.062176"",""3c397e3b-330d-41de-82e1-4219b9fb72ed"","""","""","""","""""
"2025-04-23T14:04:26.997Z,""2025-04-23"",""DEFAULT"",""TRADING"",""BUY"",""FUND"",""Core MSCI World USD (Acc)"",""IE00B4L5Y983"",""0.2173250000"",""92.028000"",""-20.00"","""","""",""EUR"","""","""","""",""Savings plan execution IE00B4L5Y983 iShares III plc - iShares Core MSCI World UCITS ETF USD (Acc), quantity: 0.217325"",""ce0569cb-6edc-42a2-889b-9edde00f7d55"","""","""","""","""""
"2025-04-23T14:14:44.181Z,""2025-04-23"",""DEFAULT"",""TRADING"",""BUY"",""FUND"",""MSCI Africa Top 50 Swap USD (Acc)"",""LU0592217524"",""0.4112960000"",""7.294000"",""-3.00"","""","""",""EUR"","""","""","""",""Savings plan execution LU0592217524 Xtrackers - Xtrackers MSCI Africa Top 50 Swap UCITS ETF 1C, quantity: 0.411296"",""4fb4bd29-1f73-417d-b479-7e6443e32da2"","""","""","""","""""
"2025-04-23T14:30:22.638Z,""2025-04-23"",""DEFAULT"",""TRADING"",""BUY"",""FUND"",""MSCI Global Semiconductors USD (Acc)"",""IE000I8KRLL9"",""1.8494540000"",""5.407000"",""-10.00"","""","""",""EUR"","""","""","""",""Savings plan execution IE000I8KRLL9 iShares IV plc - iShares MSCI Global Semiconductors UCITS ETF USD (Acc), quantity: 1.849454"",""badd53de-f0a2-4332-93e1-842d0c11458f"","""","""","""","""""
"2025-04-23T14:32:48.715Z,""2025-04-23"",""DEFAULT"",""TRADING"",""BUY"",""FUND"",""MSCI China USD (Acc)"",""IE00BJ5JPG56"",""2.1774630000"",""4.592500"",""-10.00"","""","""",""EUR"","""","""","""",""Savings plan execution IE00BJ5JPG56 iShares IV plc - iShares MSCI China UCITS ETF USD (Acc), quantity: 2.177463"",""aa4566ac-3df0-42b1-b140-298f8a1f2d9c"","""","""","""","""""
"2025-04-23T14:50:41.699Z,""2025-04-23"",""DEFAULT"",""TRADING"",""BUY"",""FUND"",""Uranium USD (Acc)"",""IE000NDWFGA5"",""0.8369600000"",""11.948000"",""-10.00"","""","""",""EUR"","""","""","""",""Savings plan execution IE000NDWFGA5 Global X ETFs ICAV - Global X Uranium UCITS ETF Acc USD, quantity: 0.836960"",""92547072-9ad2-4fd5-8bdc-ccf87e17d3e8"","""","""","""","""""
"2025-04-24T11:58:09.816273Z,""2025-04-24"",""DEFAULT"",""CASH"",""DIVIDEND"",""STOCK"",""VINCI"",""FR0000125486"",""0.0274340000"","""",""0.070000"","""",""-0.03"",""EUR"","""","""","""",""Cash Dividend for ISIN FR0000125486"",""12619318-4142-4c4d-afce-724c657e35cc"","""","""","""","""""
"2025-04-24T11:56:21.788392Z,""2025-04-24"",""DEFAULT"",""CASH"",""DIVIDEND"",""STOCK"",""VINCI"",""FR0000125486"",""0.1549050000"","""",""0.570000"","""",""-0.16"",""EUR"","""","""","""",""Cash Dividend for ISIN FR0000125486"",""0c8214f7-563e-42fa-9a08-13cf8727575c"","""","""","""","""""
"2025-05-01T05:30:35.652439Z,""2025-05-01"",""DEFAULT"",""CASH"",""INTEREST_PAYMENT"","""","""","""","""","""",""0.490000"","""",""-0.15"",""EUR"","""","""","""",""Interest payment Booking"",""432422af-399a-4dc7-a3de-e37cfff0994e"","""","""","""","""""
"2025-05-02T06:36:53.887Z,""2025-05-02"",""DEFAULT"",""TRADING"",""BUY"",""CRYPTO"",""Bitcoin"",""BTC"",""0.0000450000"",""88144.540000"",""-3.97"","""","""",""EUR"","""","""","""",""Savings plan execution XF000BTC0017 Bitcoin, quantity: 0.000045"",""b9c1f30b-0f4e-4f13-8277-ecd401d95e2f"","""","""","""","""""
"2025-05-02T07:44:19.133Z,""2025-05-02"",""DEFAULT"",""TRADING"",""BUY"",""FUND"",""Nikkei 225 JPY (Acc)"",""LU2196470426"",""0.2047500000"",""73.260000"",""-15.00"","""","""",""EUR"","""","""","""",""Savings plan execution LU2196470426 Xtrackers - Xtrackers Nikkei 225 UCITS ETF 1C, quantity: 0.204750"",""6b9a3bd1-d33d-4dfe-847a-dadbfd66529d"","""","""","""","""""
"2025-05-02T08:16:56.786Z,""2025-05-02"",""DEFAULT"",""TRADING"",""BUY"",""STOCK"",""VINCI"",""FR0000125486"",""0.0080220000"",""124.650000"",""-1.00"","""","""",""EUR"","""","""","""",""Savings plan execution FR0000125486 VINCI S.A. INH.   EO 2,50, quantity: 0.008022"",""39f4b5ec-d8f8-464d-988e-43afa847a330"","""","""","""","""""
"2025-05-02T14:07:28.630Z,""2025-05-02"",""DEFAULT"",""TRADING"",""BUY"",""FUND"",""Nifty 50 Swap USD (Acc)"",""LU0292109690"",""0.0613620000"",""244.450000"",""-15.00"","""","""",""EUR"","""","""","""",""Savings plan execution LU0292109690 Xtrackers - Xtrackers Nifty 50 Swap UCITS ETF 1C, quantity: 0.061362"",""b1590a9f-2b9e-4099-b3c0-bbdcf3674566"","""","""","""","""""
"2025-05-02T14:23:27.260Z,""2025-05-02"",""DEFAULT"",""TRADING"",""BUY"",""FUND"",""MSCI Africa Top 50 Swap USD (Acc)"",""LU0592217524"",""0.4041490000"",""7.423000"",""-3.00"","""","""",""EUR"","""","""","""",""Savings plan execution LU0592217524 Xtrackers - Xtrackers MSCI Africa Top 50 Swap UCITS ETF 1C, quantity: 0.404149"",""48040389-f6c4-46aa-883d-a63b70b34262"","""","""","""","""""
"2025-05-02T14:35:32.032Z,""2025-05-02"",""DEFAULT"",""TRADING"",""BUY"",""FUND"",""MSCI Global Semiconductors USD (Acc)"",""IE000I8KRLL9"",""1.7325010000"",""5.772000"",""-10.00"","""","""",""EUR"","""","""","""",""Savings plan execution IE000I8KRLL9 iShares IV plc - iShares MSCI Global Semiconductors UCITS ETF USD (Acc), quantity: 1.732501"",""26ef3f5d-94d3-41fb-80c5-4aa4609e33d2"","""","""","""","""""
"2025-05-02T14:37:28.728Z,""2025-05-02"",""DEFAULT"",""TRADING"",""BUY"",""FUND"",""MSCI China USD (Acc)"",""IE00BJ5JPG56"",""2.1385790000"",""4.676000"",""-10.00"","""","""",""EUR"","""","""","""",""Savings plan execution IE00BJ5JPG56 iShares IV plc - iShares MSCI China UCITS ETF USD (Acc), quantity: 2.138579"",""454c0ad7-d634-4da5-bf46-9be051c03088"","""","""","""","""""
"2025-05-02T16:20:21.066Z,""2025-05-02"",""DEFAULT"",""TRADING"",""BUY"",""FUND"",""Core MSCI World USD (Acc)"",""IE00B4L5Y983"",""0.2089950000"",""95.696000"",""-20.00"","""","""",""EUR"","""","""","""",""Savings plan execution IE00B4L5Y983 iShares III plc - iShares Core MSCI World UCITS ETF USD (Acc), quantity: 0.208995"",""0ab72d41-5f9f-4441-9c8a-2f8b01b081d3"","""","""","""","""""
"2025-05-02T16:35:43.400Z,""2025-05-02"",""DEFAULT"",""TRADING"",""BUY"",""FUND"",""Uranium USD (Acc)"",""IE000NDWFGA5"",""0.7624270000"",""13.116000"",""-10.00"","""","""",""EUR"","""","""","""",""Savings plan execution IE000NDWFGA5 Global X ETFs ICAV - Global X Uranium UCITS ETF Acc USD, quantity: 0.762427"",""03f0d5be-ea86-493d-89a7-d52ce711d935"","""","""","""","""""
"2025-05-07T21:53:20.858560Z,""2025-05-07"",""DEFAULT"",""CASH"",""TRANSFER_INSTANT_INBOUND"","""","""","""","""","""",""150.000000"","""","""",""EUR"","""","""","""",""Incoming transfer from Leo BERTRAND"",""3350d026-1b2a-4fe9-b6fe-b0d68995060b"","""","""","""","""""
"2025-05-09T06:32:03.773Z,""2025-05-09"",""DEFAULT"",""TRADING"",""BUY"",""CRYPTO"",""Bitcoin"",""BTC"",""0.0000420000"",""94375.860000"",""-3.96"","""","""",""EUR"","""","""","""",""Savings plan execution XF000BTC0017 Bitcoin, quantity: 0.000042"",""8edc3d52-4c57-480f-917c-59a9eadab0b9"","""","""","""","""""
"2025-05-09T07:44:05.757Z,""2025-05-09"",""DEFAULT"",""TRADING"",""BUY"",""FUND"",""Nikkei 225 JPY (Acc)"",""LU2196470426"",""0.1998130000"",""75.070000"",""-15.00"","""","""",""EUR"","""","""","""",""Savings plan execution LU2196470426 Xtrackers - Xtrackers Nikkei 225 UCITS ETF 1C, quantity: 0.199813"",""ac1bae41-996d-4b5f-90ff-f012ef11c036"","""","""","""","""""
"2025-05-09T08:16:39.147Z,""2025-05-09"",""DEFAULT"",""TRADING"",""BUY"",""STOCK"",""VINCI"",""FR0000125486"",""0.0079110000"",""126.400000"",""-1.00"","""","""",""EUR"","""","""","""",""Savings plan execution FR0000125486 VINCI S.A. INH.   EO 2,50, quantity: 0.007911"",""77dfabbc-96a5-46e8-bb13-3672b40fb59b"","""","""","""","""""
"2025-05-09T13:59:42.990Z,""2025-05-09"",""DEFAULT"",""TRADING"",""BUY"",""FUND"",""Nifty 50 Swap USD (Acc)"",""LU0292109690"",""0.0625520000"",""239.800000"",""-15.00"","""","""",""EUR"","""","""","""",""Savings plan execution LU0292109690 Xtrackers - Xtrackers Nifty 50 Swap UCITS ETF 1C, quantity: 0.062552"",""f542cd4c-bc09-4410-9f6a-2b6e24f326fa"","""","""","""","""""
"2025-05-09T14:06:36.014Z,""2025-05-09"",""DEFAULT"",""TRADING"",""BUY"",""FUND"",""Core MSCI World USD (Acc)"",""IE00B4L5Y983"",""0.2070520000"",""96.594000"",""-20.00"","""","""",""EUR"","""","""","""",""Savings plan execution IE00B4L5Y983 iShares III plc - iShares Core MSCI World UCITS ETF USD (Acc), quantity: 0.207052"",""ba86e61f-edc4-4d7c-847e-66f1f3845757"","""","""","""","""""
"2025-05-09T14:14:42.892Z,""2025-05-09"",""DEFAULT"",""TRADING"",""BUY"",""FUND"",""MSCI Africa Top 50 Swap USD (Acc)"",""LU0592217524"",""0.3998930000"",""7.502000"",""-3.00"","""","""",""EUR"","""","""","""",""Savings plan execution LU0592217524 Xtrackers - Xtrackers MSCI Africa Top 50 Swap UCITS ETF 1C, quantity: 0.399893"",""a7d15879-8e5b-46e6-ac22-7e68134cd362"","""","""","""","""""
"2025-05-09T14:30:21.951Z,""2025-05-09"",""DEFAULT"",""TRADING"",""BUY"",""FUND"",""MSCI Global Semiconductors USD (Acc)"",""IE000I8KRLL9"",""1.6818020000"",""5.946000"",""-10.00"","""","""",""EUR"","""","""","""",""Savings plan execution IE000I8KRLL9 iShares IV plc - iShares MSCI Global Semiconductors UCITS ETF USD (Acc), quantity: 1.681802"",""3ac630a2-df3f-4681-8e3d-8a6d0bd77411"","""","""","""","""""
"2025-05-09T14:33:21.162Z,""2025-05-09"",""DEFAULT"",""TRADING"",""BUY"",""FUND"",""MSCI China USD (Acc)"",""IE00BJ5JPG56"",""2.1181950000"",""4.721000"",""-10.00"","""","""",""EUR"","""","""","""",""Savings plan execution IE00BJ5JPG56 iShares IV plc - iShares MSCI China UCITS ETF USD (Acc), quantity: 2.118195"",""9d7c2544-4a78-4870-9c3a-eeba6a44e416"","""","""","""","""""
"2025-05-09T14:49:23.029Z,""2025-05-09"",""DEFAULT"",""TRADING"",""BUY"",""FUND"",""Uranium USD (Acc)"",""IE000NDWFGA5"",""0.7389890000"",""13.532000"",""-10.00"","""","""",""EUR"","""","""","""",""Savings plan execution IE000NDWFGA5 Global X ETFs ICAV - Global X Uranium UCITS ETF Acc USD, quantity: 0.738989"",""99ab61dc-0d39-42d3-a5ab-ec5877a7b416"","""","""","""","""""
"2025-05-16T06:35:33.499Z,""2025-05-16"",""DEFAULT"",""TRADING"",""BUY"",""CRYPTO"",""Bitcoin"",""BTC"",""0.0000200000"",""95801.470000"",""-1.92"","""","""",""EUR"","""","""","""",""Savings plan execution XF000BTC0017 Bitcoin, quantity: 0.000020"",""a0aab02e-8e82-441a-aa51-8177f5e4fcc2"","""","""","""","""""
"2025-05-16T07:44:05.106Z,""2025-05-16"",""DEFAULT"",""TRADING"",""BUY"",""FUND"",""Nikkei 225 JPY (Acc)"",""LU2196470426"",""0.1978630000"",""75.810000"",""-15.00"","""","""",""EUR"","""","""","""",""Savings plan execution LU2196470426 Xtrackers - Xtrackers Nikkei 225 UCITS ETF 1C, quantity: 0.197863"",""a17634ae-5e40-4d5a-bc8e-6264d43ec014"","""","""","""","""""
"2025-05-16T08:16:51.810Z,""2025-05-16"",""DEFAULT"",""TRADING"",""BUY"",""STOCK"",""VINCI"",""FR0000125486"",""0.0078920000"",""126.700000"",""-1.00"","""","""",""EUR"","""","""","""",""Savings plan execution FR0000125486 VINCI S.A. INH.   EO 2,50, quantity: 0.007892"",""56558276-2b6d-41b4-b3d3-e6cdcc8099cf"","""","""","""","""""
"2025-05-16T14:05:19.916Z,""2025-05-16"",""DEFAULT"",""TRADING"",""BUY"",""FUND"",""Nifty 50 Swap USD (Acc)"",""LU0292109690"",""0.0200160000"",""249.800000"",""-5.00"","""","""",""EUR"","""","""","""",""Savings plan execution LU0292109690 Xtrackers - Xtrackers Nifty 50 Swap UCITS ETF 1C, quantity: 0.020016"",""0ecd2cfe-1d2c-4001-b27e-f2d44bb41b90"","""","""","""","""""
"2025-05-16T14:19:32.095Z,""2025-05-16"",""DEFAULT"",""TRADING"",""BUY"",""FUND"",""Core MSCI World USD (Acc)"",""IE00B4L5Y983"",""0.1492100000"",""100.529000"",""-15.00"","""","""",""EUR"","""","""","""",""Savings plan execution IE00B4L5Y983 iShares III plc - iShares Core MSCI World UCITS ETF USD (Acc), quantity: 0.149210"",""9dd9ea6f-3a2c-4163-9fd8-ef480f4d6f2a"","""","""","""","""""
"2025-05-16T14:20:01.671Z,""2025-05-16"",""DEFAULT"",""TRADING"",""BUY"",""FUND"",""MSCI Africa Top 50 Swap USD (Acc)"",""LU0592217524"",""0.3957260000"",""7.581000"",""-3.00"","""","""",""EUR"","""","""","""",""Savings plan execution LU0592217524 Xtrackers - Xtrackers MSCI Africa Top 50 Swap UCITS ETF 1C, quantity: 0.395726"",""a4a4d2c7-e679-4144-904b-b222dafa1c5c"","""","""","""","""""
"2025-05-16T14:37:53.914Z,""2025-05-16"",""DEFAULT"",""TRADING"",""BUY"",""FUND"",""MSCI Global Semiconductors USD (Acc)"",""IE000I8KRLL9"",""1.5349190000"",""6.515000"",""-10.00"","""","""",""EUR"","""","""","""",""Savings plan execution IE000I8KRLL9 iShares IV plc - iShares MSCI Global Semiconductors UCITS ETF USD (Acc), quantity: 1.534919"",""4fb9bc3e-9ad1-4a7c-b770-8eb820fe3b20"","""","""","""","""""
"2025-05-16T14:39:13.434Z,""2025-05-16"",""DEFAULT"",""TRADING"",""BUY"",""FUND"",""MSCI China USD (Acc)"",""IE00BJ5JPG56"",""2.0588840000"",""4.857000"",""-10.00"","""","""",""EUR"","""","""","""",""Savings plan execution IE00BJ5JPG56 iShares IV plc - iShares MSCI China UCITS ETF USD (Acc), quantity: 2.058884"",""6663d851-f867-4354-b17e-7d7ff678bd2f"","""","""","""","""""
"2025-05-16T15:28:15.773Z,""2025-05-16"",""DEFAULT"",""TRADING"",""BUY"",""FUND"",""Uranium USD (Acc)"",""IE000NDWFGA5"",""0.6994960000"",""14.296000"",""-10.00"","""","""",""EUR"","""","""","""",""Savings plan execution IE000NDWFGA5 Global X ETFs ICAV - Global X Uranium UCITS ETF Acc USD, quantity: 0.699496"",""711d5f7b-98ec-4300-9e79-def59843f727"","""","""","""","""""
"2025-05-23T06:32:56.837Z,""2025-05-23"",""DEFAULT"",""TRADING"",""BUY"",""CRYPTO"",""Bitcoin"",""BTC"",""0.0000190000"",""100709.580000"",""-1.91"","""","""",""EUR"","""","""","""",""Savings plan execution XF000BTC0017 Bitcoin, quantity: 0.000019"",""3c7e0c20-e2b5-46d3-b28d-b846d2200ddb"","""","""","""","""""
"2025-05-23T07:44:03.213Z,""2025-05-23"",""DEFAULT"",""TRADING"",""BUY"",""FUND"",""Nikkei 225 JPY (Acc)"",""LU2196470426"",""0.2004810000"",""74.820000"",""-15.00"","""","""",""EUR"","""","""","""",""Savings plan execution LU2196470426 Xtrackers - Xtrackers Nikkei 225 UCITS ETF 1C, quantity: 0.200481"",""607216d3-d80e-4ab5-8c1d-c449aef92491"","""","""","""","""""
"2025-05-23T08:16:38.949Z,""2025-05-23"",""DEFAULT"",""TRADING"",""BUY"",""STOCK"",""VINCI"",""FR0000125486"",""0.0077330000"",""129.300000"",""-1.00"","""","""",""EUR"","""","""","""",""Savings plan execution FR0000125486 VINCI S.A. INH.   EO 2,50, quantity: 0.007733"",""d9cbf0e2-ea7a-4cc4-9117-326bbd0ce3b2"","""","""","""","""""
"2025-05-23T13:59:42.975Z,""2025-05-23"",""DEFAULT"",""TRADING"",""BUY"",""FUND"",""Nifty 50 Swap USD (Acc)"",""LU0292109690"",""0.0204080000"",""245.000000"",""-5.00"","""","""",""EUR"","""","""","""",""Savings plan execution LU0292109690 Xtrackers - Xtrackers Nifty 50 Swap UCITS ETF 1C, quantity: 0.020408"",""abf5c782-7700-4971-b822-04cf6e1d60e2"","""","""","""","""""
"2025-05-23T14:05:14.949Z,""2025-05-23"",""DEFAULT"",""TRADING"",""BUY"",""FUND"",""Core MSCI World USD (Acc)"",""IE00B4L5Y983"",""0.1532800000"",""97.860000"",""-15.00"","""","""",""EUR"","""","""","""",""Savings plan execution IE00B4L5Y983 iShares III plc - iShares Core MSCI World UCITS ETF USD (Acc), quantity: 0.153280"",""7c72f450-262d-4ff6-832c-39424434c1e3"","""","""","""","""""
"2025-05-23T14:14:42.119Z,""2025-05-23"",""DEFAULT"",""TRADING"",""BUY"",""FUND"",""MSCI Africa Top 50 Swap USD (Acc)"",""LU0592217524"",""0.3959350000"",""7.577000"",""-3.00"","""","""",""EUR"","""","""","""",""Savings plan execution LU0592217524 Xtrackers - Xtrackers MSCI Africa Top 50 Swap UCITS ETF 1C, quantity: 0.395935"",""37fd3111-8587-42f3-86f0-1232c6b08435"","""","""","""","""""
"2025-05-23T14:30:22.990Z,""2025-05-23"",""DEFAULT"",""TRADING"",""BUY"",""FUND"",""MSCI Global Semiconductors USD (Acc)"",""IE000I8KRLL9"",""1.6228490000"",""6.162000"",""-10.00"","""","""",""EUR"","""","""","""",""Savings plan execution IE000I8KRLL9 iShares IV plc - iShares MSCI Global Semiconductors UCITS ETF USD (Acc), quantity: 1.622849"",""00f7848f-7d1a-42b5-bc78-0ae9088997fe"","""","""","""","""""
"2025-05-23T14:33:08.923Z,""2025-05-23"",""DEFAULT"",""TRADING"",""BUY"",""FUND"",""MSCI China USD (Acc)"",""IE00BJ5JPG56"",""2.0785690000"",""4.811000"",""-10.00"","""","""",""EUR"","""","""","""",""Savings plan execution IE00BJ5JPG56 iShares IV plc - iShares MSCI China UCITS ETF USD (Acc), quantity: 2.078569"",""948c2706-3b75-452b-8dff-4d6bd740a776"","""","""","""","""""
"2025-05-23T14:49:43.200Z,""2025-05-23"",""DEFAULT"",""TRADING"",""BUY"",""FUND"",""Uranium USD (Acc)"",""IE000NDWFGA5"",""0.6253900000"",""15.990000"",""-10.00"","""","""",""EUR"","""","""","""",""Savings plan execution IE000NDWFGA5 Global X ETFs ICAV - Global X Uranium UCITS ETF Acc USD, quantity: 0.625390"",""065c7cee-91a3-427b-8628-8d1e08c9ae38"","""","""","""","""""
"2025-06-01T11:17:03.756599Z,""2025-06-01"",""DEFAULT"",""CASH"",""INTEREST_PAYMENT"","""","""","""","""","""",""0.260000"","""",""-0.07"",""EUR"","""","""","""",""Interest payment Booking"",""908004dd-cd26-4f6d-b1e5-b3c467a6fecd"","""","""","""","""""
"2025-06-02T08:19:01.484Z,""2025-06-02"",""DEFAULT"",""TRADING"",""BUY"",""CRYPTO"",""Bitcoin"",""BTC"",""0.0000200000"",""95432.610000"",""-1.91"","""","""",""EUR"","""","""","""",""Savings plan execution XF000BTC0017 Bitcoin, quantity: 0.000020"",""a82989ac-7221-4f5b-a05a-00e7eb38414c"","""","""","""","""""
"2025-06-02T08:25:15.296Z,""2025-06-02"",""DEFAULT"",""TRADING"",""BUY"",""FUND"",""Nikkei 225 JPY (Acc)"",""LU2196470426"",""0.1999730000"",""75.010000"",""-15.00"","""","""",""EUR"","""","""","""",""Savings plan execution LU2196470426 Xtrackers - Xtrackers Nikkei 225 UCITS ETF 1C, quantity: 0.199973"",""37ddc47a-8aab-4969-bbe0-3a6648310cde"","""","""","""","""""
"2025-06-02T08:34:24.692Z,""2025-06-02"",""DEFAULT"",""TRADING"",""BUY"",""STOCK"",""VINCI"",""FR0000125486"",""0.0079110000"",""126.400000"",""-1.00"","""","""",""EUR"","""","""","""",""Savings plan execution FR0000125486 VINCI S.A. INH.   EO 2,50, quantity: 0.007911"",""a2d9a60a-47e7-4c46-9143-587480c2bc0a"","""","""","""","""""
"2025-06-02T14:32:34.562Z,""2025-06-02"",""DEFAULT"",""TRADING"",""BUY"",""FUND"",""Nifty 50 Swap USD (Acc)"",""LU0292109690"",""0.0412540000"",""242.400000"",""-10.00"","""","""",""EUR"","""","""","""",""Savings plan execution LU0292109690 Xtrackers - Xtrackers Nifty 50 Swap UCITS ETF 1C, quantity: 0.041254"",""787b75a4-4295-4511-ac35-c4edd269f161"","""","""","""","""""
"2025-06-02T14:46:51.831Z,""2025-06-02"",""DEFAULT"",""TRADING"",""BUY"",""FUND"",""MSCI Africa Top 50 Swap USD (Acc)"",""LU0592217524"",""0.3934420000"",""7.625000"",""-3.00"","""","""",""EUR"","""","""","""",""Savings plan execution LU0592217524 Xtrackers - Xtrackers MSCI Africa Top 50 Swap UCITS ETF 1C, quantity: 0.393442"",""b269a1ee-b262-4f86-a758-f8df043d629d"","""","""","""","""""
"2025-06-02T14:53:22.034Z,""2025-06-02"",""DEFAULT"",""TRADING"",""BUY"",""FUND"",""Core MSCI World USD (Acc)"",""IE00B4L5Y983"",""0.1521060000"",""98.615000"",""-15.00"","""","""",""EUR"","""","""","""",""Savings plan execution IE00B4L5Y983 iShares III plc - iShares Core MSCI World UCITS ETF USD (Acc), quantity: 0.152106"",""058ca4ee-72ed-4a48-9f01-2145ad3a4a71"","""","""","""","""""
"2025-06-02T15:16:40.127Z,""2025-06-02"",""DEFAULT"",""TRADING"",""BUY"",""FUND"",""MSCI Global Semiconductors USD (Acc)"",""IE000I8KRLL9"",""1.6033340000"",""6.237000"",""-10.00"","""","""",""EUR"","""","""","""",""Savings plan execution IE000I8KRLL9 iShares IV plc - iShares MSCI Global Semiconductors UCITS ETF USD (Acc), quantity: 1.603334"",""5ce5c2e7-0d60-4273-9c5f-6996d3327c9e"","""","""","""","""""
"2025-06-02T16:03:57.264577Z,""2025-06-02"",""DEFAULT"",""CASH"",""TRANSFER_INSTANT_INBOUND"","""","""","""","""","""",""200.000000"","""","""",""EUR"","""","""","""",""Incoming transfer from Leo BERTRAND"",""0e6709d2-72b6-4d5f-85b8-14813267db73"","""","""","""","""""
"2025-06-09T06:32:28.621Z,""2025-06-09"",""DEFAULT"",""TRADING"",""BUY"",""CRYPTO"",""Bitcoin"",""BTC"",""0.0000200000"",""95299.640000"",""-1.91"","""","""",""EUR"","""","""","""",""Savings plan execution XF000BTC0017 Bitcoin, quantity: 0.000020"",""5b1f1092-be9f-43cf-9a15-1bd4a8ce614b"","""","""","""","""""
"2025-06-09T07:44:30.807Z,""2025-06-09"",""DEFAULT"",""TRADING"",""BUY"",""FUND"",""Nikkei 225 JPY (Acc)"",""LU2196470426"",""0.1325200000"",""75.460000"",""-10.00"","""","""",""EUR"","""","""","""",""Savings plan execution LU2196470426 Xtrackers - Xtrackers Nikkei 225 UCITS ETF 1C, quantity: 0.132520"",""860a5d58-6e55-4f74-9acf-36bce5ccd556"","""","""","""","""""
"2025-06-09T08:18:51.924Z,""2025-06-09"",""DEFAULT"",""TRADING"",""BUY"",""STOCK"",""VINCI"",""FR0000125486"",""0.0079050000"",""126.500000"",""-1.00"","""","""",""EUR"","""","""","""",""Savings plan execution FR0000125486 VINCI S.A. INH.   EO 2,50, quantity: 0.007905"",""22b26d55-7e08-438f-96e2-f5cd051bfa57"","""","""","""","""""
"2025-06-09T14:02:28.154Z,""2025-06-09"",""DEFAULT"",""TRADING"",""BUY"",""FUND"",""Nifty 50 Swap USD (Acc)"",""LU0292109690"",""0.0406500000"",""246.000000"",""-10.00"","""","""",""EUR"","""","""","""",""Savings plan execution LU0292109690 Xtrackers - Xtrackers Nifty 50 Swap UCITS ETF 1C, quantity: 0.040650"",""ca7b0100-0a84-4d6a-a78a-2ee2937cd470"","""","""","""","""""
"2025-06-09T14:04:43.713Z,""2025-06-09"",""DEFAULT"",""TRADING"",""BUY"",""FUND"",""Core MSCI World USD (Acc)"",""IE00B4L5Y983"",""0.1493330000"",""100.446000"",""-15.00"","""","""",""EUR"","""","""","""",""Savings plan execution IE00B4L5Y983 iShares III plc - iShares Core MSCI World UCITS ETF USD (Acc), quantity: 0.149333"",""bae9b284-c391-4854-abc9-90a5fb8553d7"","""","""","""","""""
"2025-06-09T14:12:49.810336Z,""2025-06-09"",""DEFAULT"",""CASH"",""DIVIDEND"",""STOCK"",""RENK Group"",""DE000RENK730"",""0.6000000000"","""",""0.250000"","""",""-0.07"",""EUR"","""","""","""",""Cash Dividend for ISIN DE000RENK730"",""f3c1c3a6-1845-493c-a4d7-24180b273f94"","""","""","""","""""
"2025-06-09T14:20:26.282Z,""2025-06-09"",""DEFAULT"",""TRADING"",""BUY"",""FUND"",""MSCI Africa Top 50 Swap USD (Acc)"",""LU0592217524"",""0.3797460000"",""7.900000"",""-3.00"","""","""",""EUR"","""","""","""",""Savings plan execution LU0592217524 Xtrackers - Xtrackers MSCI Africa Top 50 Swap UCITS ETF 1C, quantity: 0.379746"",""d9684ff0-143c-43d7-b13b-86d5d4d5fbdc"","""","""","""","""""
"2025-06-09T14:30:28.275Z,""2025-06-09"",""DEFAULT"",""TRADING"",""BUY"",""FUND"",""MSCI Global Semiconductors USD (Acc)"",""IE000I8KRLL9"",""1.4934280000"",""6.696000"",""-10.00"","""","""",""EUR"","""","""","""",""Savings plan execution IE000I8KRLL9 iShares IV plc - iShares MSCI Global Semiconductors UCITS ETF USD (Acc), quantity: 1.493428"",""c7905935-595f-4794-a731-973941682753"","""","""","""","""""
"2025-06-09T14:49:57.998Z,""2025-06-09"",""DEFAULT"",""TRADING"",""BUY"",""FUND"",""Uranium USD (Acc)"",""IE000NDWFGA5"",""0.2798920000"",""17.864000"",""-5.00"","""","""",""EUR"","""","""","""",""Savings plan execution IE000NDWFGA5 Global X ETFs ICAV - Global X Uranium UCITS ETF Acc USD, quantity: 0.279892"",""02bbf5e6-341e-40fa-9170-b14dd35c319e"","""","""","""","""""
"2025-06-16T06:35:54.354Z,""2025-06-16"",""DEFAULT"",""TRADING"",""BUY"",""CRYPTO"",""Bitcoin"",""BTC"",""0.0000200000"",""95421.050000"",""-1.91"","""","""",""EUR"","""","""","""",""Savings plan execution XF000BTC0017 Bitcoin, quantity: 0.000020"",""324f18d5-6c67-4088-b9c2-56052bab0736"","""","""","""","""""
"2025-06-16T07:44:09.656Z,""2025-06-16"",""DEFAULT"",""TRADING"",""BUY"",""FUND"",""Nikkei 225 JPY (Acc)"",""LU2196470426"",""0.1332090000"",""75.070000"",""-10.00"","""","""",""EUR"","""","""","""",""Savings plan execution LU2196470426 Xtrackers - Xtrackers Nikkei 225 UCITS ETF 1C, quantity: 0.133209"",""6954862e-6f55-47a5-8624-b7fcb145c05f"","""","""","""","""""
"2025-06-16T08:16:53.948Z,""2025-06-16"",""DEFAULT"",""TRADING"",""BUY"",""STOCK"",""VINCI"",""FR0000125486"",""0.0079710000"",""125.450000"",""-1.00"","""","""",""EUR"","""","""","""",""Savings plan execution FR0000125486 VINCI S.A. INH.   EO 2,50, quantity: 0.007971"",""6edde757-649c-487c-a333-b5f0b9c960ae"","""","""","""","""""
"2025-06-16T13:59:45.148Z,""2025-06-16"",""DEFAULT"",""TRADING"",""BUY"",""FUND"",""Nifty 50 Swap USD (Acc)"",""LU0292109690"",""0.0624470000"",""240.200000"",""-15.00"","""","""",""EUR"","""","""","""",""Savings plan execution LU0292109690 Xtrackers - Xtrackers Nifty 50 Swap UCITS ETF 1C, quantity: 0.062447"",""3f1c25a0-a0ff-47ef-bfca-b4e2dbad59ff"","""","""","""","""""
"2025-06-16T14:15:59.348Z,""2025-06-16"",""DEFAULT"",""TRADING"",""BUY"",""FUND"",""Core MSCI World USD (Acc)"",""IE00B4L5Y983"",""0.1508590000"",""99.430000"",""-15.00"","""","""",""EUR"","""","""","""",""Savings plan execution IE00B4L5Y983 iShares III plc - iShares Core MSCI World UCITS ETF USD (Acc), quantity: 0.150859"",""1c5c73cb-8796-4810-a097-d5861e988315"","""","""","""","""""
"2025-06-16T14:20:52.860Z,""2025-06-16"",""DEFAULT"",""TRADING"",""BUY"",""FUND"",""MSCI Africa Top 50 Swap USD (Acc)"",""LU0592217524"",""0.3900660000"",""7.691000"",""-3.00"","""","""",""EUR"","""","""","""",""Savings plan execution LU0592217524 Xtrackers - Xtrackers MSCI Africa Top 50 Swap UCITS ETF 1C, quantity: 0.390066"",""a0958452-4b54-4b7a-9b9b-524f9af45a94"","""","""","""","""""
"2025-06-16T14:37:02.560Z,""2025-06-16"",""DEFAULT"",""TRADING"",""BUY"",""FUND"",""MSCI Global Semiconductors USD (Acc)"",""IE000I8KRLL9"",""1.4801650000"",""6.756000"",""-10.00"","""","""",""EUR"","""","""","""",""Savings plan execution IE000I8KRLL9 iShares IV plc - iShares MSCI Global Semiconductors UCITS ETF USD (Acc), quantity: 1.480165"",""6d23e830-c040-4b21-9c25-763cc2c75a1d"","""","""","""","""""
"2025-06-16T14:38:24.422Z,""2025-06-16"",""DEFAULT"",""TRADING"",""BUY"",""FUND"",""MSCI China USD (Acc)"",""IE00BJ5JPG56"",""3.1259760000"",""4.798500"",""-15.00"","""","""",""EUR"","""","""","""",""Savings plan execution IE00BJ5JPG56 iShares IV plc - iShares MSCI China UCITS ETF USD (Acc), quantity: 3.125976"",""e8c515e1-9597-4de9-bbc0-542c2f3c56b7"","""","""","""","""""
"2025-06-16T14:49:47.534Z,""2025-06-16"",""DEFAULT"",""TRADING"",""BUY"",""FUND"",""Uranium USD (Acc)"",""IE000NDWFGA5"",""0.2572280000"",""19.438000"",""-5.00"","""","""",""EUR"","""","""","""",""Savings plan execution IE000NDWFGA5 Global X ETFs ICAV - Global X Uranium UCITS ETF Acc USD, quantity: 0.257228"",""e4d22e15-a143-491d-aae1-34091dc1948c"","""","""","""","""""
"2025-06-23T06:33:34.943Z,""2025-06-23"",""DEFAULT"",""TRADING"",""BUY"",""CRYPTO"",""Bitcoin"",""BTC"",""0.0000210000"",""91251.250000"",""-1.92"","""","""",""EUR"","""","""","""",""Savings plan execution XF000BTC0017 Bitcoin, quantity: 0.000021"",""41128b78-7b3c-4894-b522-815df00c58ec"","""","""","""","""""
"2025-06-23T07:44:03.170Z,""2025-06-23"",""DEFAULT"",""TRADING"",""BUY"",""FUND"",""Nikkei 225 JPY (Acc)"",""LU2196470426"",""0.1347700000"",""74.200000"",""-10.00"","""","""",""EUR"","""","""","""",""Savings plan execution LU2196470426 Xtrackers - Xtrackers Nikkei 225 UCITS ETF 1C, quantity: 0.134770"",""c3fcc1ed-655e-4e20-87af-f93452537634"","""","""","""","""""
"2025-06-23T07:44:46.262433Z,""2025-06-23"",""DEFAULT"",""CASH"",""TRANSFER_INSTANT_INBOUND"","""","""","""","""","""",""100.000000"","""","""",""EUR"","""","""","""",""Incoming transfer from Leo BERTRAND"",""e2c4d7d5-b5c9-4c47-b0dc-4c62f8b100b5"","""","""","""","""""
"2025-06-23T08:16:38.794Z,""2025-06-23"",""DEFAULT"",""TRADING"",""BUY"",""STOCK"",""VINCI"",""FR0000125486"",""0.0081660000"",""122.450000"",""-1.00"","""","""",""EUR"","""","""","""",""Savings plan execution FR0000125486 VINCI S.A. INH.   EO 2,50, quantity: 0.008166"",""01950071-dc2c-4fd7-9bf0-f25e4d4c7730"","""","""","""","""""
"2025-06-23T13:59:41.471Z,""2025-06-23"",""DEFAULT"",""TRADING"",""BUY"",""FUND"",""Nifty 50 Swap USD (Acc)"",""LU0292109690"",""0.0625390000"",""239.850000"",""-15.00"","""","""",""EUR"","""","""","""",""Savings plan execution LU0292109690 Xtrackers - Xtrackers Nifty 50 Swap UCITS ETF 1C, quantity: 0.062539"",""a02fdeb7-3f23-466e-88f1-ab8711871ccd"","""","""","""","""""
"2025-06-23T14:04:09.723Z,""2025-06-23"",""DEFAULT"",""TRADING"",""BUY"",""FUND"",""Core MSCI World USD (Acc)"",""IE00B4L5Y983"",""0.1515390000"",""98.984000"",""-15.00"","""","""",""EUR"","""","""","""",""Savings plan execution IE00B4L5Y983 iShares III plc - iShares Core MSCI World UCITS ETF USD (Acc), quantity: 0.151539"",""66c9565e-b672-46f5-bad9-5751e9f53c7f"","""","""","""","""""
"2025-06-23T14:14:43.192Z,""2025-06-23"",""DEFAULT"",""TRADING"",""BUY"",""FUND"",""MSCI Africa Top 50 Swap USD (Acc)"",""LU0592217524"",""0.3998930000"",""7.502000"",""-3.00"","""","""",""EUR"","""","""","""",""Savings plan execution LU0592217524 Xtrackers - Xtrackers MSCI Africa Top 50 Swap UCITS ETF 1C, quantity: 0.399893"",""b7113eea-c0f4-4d1a-909d-cb67d54306b3"","""","""","""","""""
"2025-06-23T14:30:26.537Z,""2025-06-23"",""DEFAULT"",""TRADING"",""BUY"",""FUND"",""MSCI Global Semiconductors USD (Acc)"",""IE000I8KRLL9"",""1.4795080000"",""6.759000"",""-10.00"","""","""",""EUR"","""","""","""",""Savings plan execution IE000I8KRLL9 iShares IV plc - iShares MSCI Global Semiconductors UCITS ETF USD (Acc), quantity: 1.479508"",""18aec0fa-5d67-4f6b-89ad-d951d06d58c9"","""","""","""","""""
"2025-06-23T14:33:03.329Z,""2025-06-23"",""DEFAULT"",""TRADING"",""BUY"",""FUND"",""MSCI China USD (Acc)"",""IE00BJ5JPG56"",""3.1833610000"",""4.712000"",""-15.00"","""","""",""EUR"","""","""","""",""Savings plan execution IE00BJ5JPG56 iShares IV plc - iShares MSCI China UCITS ETF USD (Acc), quantity: 3.183361"",""26d7bd05-5975-4321-92a7-c390f7bb1c42"","""","""","""","""""
"2025-06-23T14:49:23.096Z,""2025-06-23"",""DEFAULT"",""TRADING"",""BUY"",""FUND"",""Uranium USD (Acc)"",""IE000NDWFGA5"",""0.2641580000"",""18.928000"",""-5.00"","""","""",""EUR"","""","""","""",""Savings plan execution IE000NDWFGA5 Global X ETFs ICAV - Global X Uranium UCITS ETF Acc USD, quantity: 0.264158"",""fa18e76c-5623-48ee-987b-c6e917978458"","""","""","""","""""
"2025-07-01T09:35:31.929359Z,""2025-07-01"",""DEFAULT"",""CASH"",""INTEREST_PAYMENT"","""","""","""","""","""",""0.220000"","""",""-0.07"",""EUR"","""","""","""",""Interest payment for payout collection 28d8e879-11ef-4963-b810-e207c473a26a"",""fc146b93-5a1f-4921-9ba2-742109785bf9"","""","""","""","""""
"2025-07-02T06:36:33.089Z,""2025-07-02"",""DEFAULT"",""TRADING"",""BUY"",""CRYPTO"",""Bitcoin"",""BTC"",""0.0000210000"",""93619.610000"",""-1.97"","""","""",""EUR"","""","""","""",""Savings plan execution XF000BTC0017 Bitcoin, quantity: 0.000021"",""9a2f22cb-c1f8-4038-8df3-cbf156ee83ec"","""","""","""","""""
"2025-07-02T07:44:05.839Z,""2025-07-02"",""DEFAULT"",""TRADING"",""BUY"",""FUND"",""Nikkei 225 JPY (Acc)"",""LU2196470426"",""0.0651970000"",""76.690000"",""-5.00"","""","""",""EUR"","""","""","""",""Savings plan execution LU2196470426 Xtrackers - Xtrackers Nikkei 225 UCITS ETF 1C, quantity: 0.065197"",""3d0f7195-cd3c-4c1d-a61b-7ae33d6feb87"","""","""","""","""""
"2025-07-02T08:14:17.343Z,""2025-07-02"",""DEFAULT"",""TRADING"",""BUY"",""STOCK"",""Evolution Gaming Group"",""SE0012673267"",""0.0585820000"",""68.280000"",""-4.00"","""","""",""EUR"","""","""","""",""Savings plan execution SE0012673267 EVOLUTION AB (PU) SK-,003, quantity: 0.058582"",""05e6adce-2509-446f-b20e-0ec945a6fc57"","""","""","""","""""
"2025-07-02T08:17:06.020Z,""2025-07-02"",""DEFAULT"",""TRADING"",""BUY"",""STOCK"",""VINCI"",""FR0000125486"",""0.0079800000"",""125.300000"",""-1.00"","""","""",""EUR"","""","""","""",""Savings plan execution FR0000125486 VINCI S.A. INH.   EO 2,50, quantity: 0.007980"",""451023cf-8033-4d95-8c8e-9add457f8096"","""","""","""","""""
"2025-07-02T08:26:34.794Z,""2025-07-02"",""DEFAULT"",""TRADING"",""BUY"",""STOCK"",""Schneider Electric"",""FR0000121972"",""0.0178370000"",""224.250000"",""-4.00"","""",""-0.02"",""EUR"","""","""","""",""Savings plan execution FR0000121972 SCHNEIDER ELEC. INH. EO 4, quantity: 0.017837"",""2172fde9-5db8-4d2e-b9c1-b3f74176b71e"","""","""","""","""""
"2025-07-02T08:58:41.253Z,""2025-07-02"",""DEFAULT"",""TRADING"",""BUY"",""STOCK"",""Gaztransport Technigaz"",""FR0011726835"",""0.0122240000"",""163.600000"",""-2.00"","""",""-0.01"",""EUR"","""","""","""",""Savings plan execution FR0011726835 GAZTRANSP.TECHNIG.EO-,01, quantity: 0.012224"",""3f362dbf-40a4-4e78-a10a-0d8231a94905"","""","""","""","""""
"2025-07-02T14:00:24.613Z,""2025-07-02"",""DEFAULT"",""TRADING"",""BUY"",""FUND"",""Nifty 50 Swap USD (Acc)"",""LU0292109690"",""0.0619830000"",""242.000000"",""-15.00"","""","""",""EUR"","""","""","""",""Savings plan execution LU0292109690 Xtrackers - Xtrackers Nifty 50 Swap UCITS ETF 1C, quantity: 0.061983"",""54e5c479-09e4-4cb4-a45c-0e83baf158e1"","""","""","""","""""
"2025-07-02T14:36:41.956Z,""2025-07-02"",""DEFAULT"",""TRADING"",""BUY"",""FUND"",""Core MSCI World USD (Acc)"",""IE00B4L5Y983"",""0.1496550000"",""100.230000"",""-15.00"","""","""",""EUR"","""","""","""",""Savings plan execution IE00B4L5Y983 iShares III plc - iShares Core MSCI World UCITS ETF USD (Acc), quantity: 0.149655"",""5dae5e38-7c21-4244-a5cd-7657b39c4753"","""","""","""","""""
"2025-07-02T14:43:10.087Z,""2025-07-02"",""DEFAULT"",""TRADING"",""BUY"",""FUND"",""MSCI Africa Top 50 Swap USD (Acc)"",""LU0592217524"",""0.3892560000"",""7.707000"",""-3.00"","""","""",""EUR"","""","""","""",""Savings plan execution LU0592217524 Xtrackers - Xtrackers MSCI Africa Top 50 Swap UCITS ETF 1C, quantity: 0.389256"",""1b7cd66b-0e99-4b82-8635-85d296c01ce0"","""","""","""","""""
"2025-07-02T14:57:33.892Z,""2025-07-02"",""DEFAULT"",""TRADING"",""BUY"",""FUND"",""MSCI Global Semiconductors USD (Acc)"",""IE000I8KRLL9"",""0.7120470000"",""7.022000"",""-5.00"","""","""",""EUR"","""","""","""",""Savings plan execution IE000I8KRLL9 iShares IV plc - iShares MSCI Global Semiconductors UCITS ETF USD (Acc), quantity: 0.712047"",""cf764b8d-dd3f-4bec-b8a5-9167a1f2bba4"","""","""","""","""""
"2025-07-02T15:00:10.200Z,""2025-07-02"",""DEFAULT"",""TRADING"",""BUY"",""FUND"",""MSCI China USD (Acc)"",""IE00BJ5JPG56"",""3.1921680000"",""4.699000"",""-15.00"","""","""",""EUR"","""","""","""",""Savings plan execution IE00BJ5JPG56 iShares IV plc - iShares MSCI China UCITS ETF USD (Acc), quantity: 3.192168"",""02891c4d-15ba-4026-a1d1-79d0545f4ff5"","""","""","""","""""
"2025-07-02T15:30:22.905Z,""2025-07-02"",""DEFAULT"",""TRADING"",""BUY"",""FUND"",""Uranium USD (Acc)"",""IE000NDWFGA5"",""0.0544480000"",""18.366000"",""-1.00"","""","""",""EUR"","""","""","""",""Savings plan execution IE000NDWFGA5 Global X ETFs ICAV - Global X Uranium UCITS ETF Acc USD, quantity: 0.054448"",""4d600922-85f8-4e0c-a535-47d4b7be9d13"","""","""","""","""""
"2025-07-03T06:49:22.004271Z,""2025-07-03"",""DEFAULT"",""CASH"",""TRANSFER_INSTANT_INBOUND"","""","""","""","""","""",""401.500000"","""","""",""EUR"","""","""","""",""Incoming transfer from Leo BERTRAND"",""f0f92585-cd1d-4741-85ea-17c3a8e53282"","""","""","""","""""
"2025-07-09T06:33:43.832Z,""2025-07-09"",""DEFAULT"",""TRADING"",""BUY"",""CRYPTO"",""Bitcoin"",""BTC"",""0.0000200000"",""95691.720000"",""-1.91"","""","""",""EUR"","""","""","""",""Savings plan execution XF000BTC0017 Bitcoin, quantity: 0.000020"",""83a00ddb-5a8c-408a-9288-af295167e507"","""","""","""","""""
"2025-07-09T07:44:04.613Z,""2025-07-09"",""DEFAULT"",""TRADING"",""BUY"",""FUND"",""Nikkei 225 JPY (Acc)"",""LU2196470426"",""0.0660500000"",""75.700000"",""-5.00"","""","""",""EUR"","""","""","""",""Savings plan execution LU2196470426 Xtrackers - Xtrackers Nikkei 225 UCITS ETF 1C, quantity: 0.066050"",""589db17b-b788-45ea-989a-23162923bf9e"","""","""","""","""""
"2025-07-09T08:14:13.927Z,""2025-07-09"",""DEFAULT"",""TRADING"",""BUY"",""STOCK"",""Evolution Gaming Group"",""SE0012673267"",""0.0584620000"",""68.420000"",""-4.00"","""","""",""EUR"","""","""","""",""Savings plan execution SE0012673267 EVOLUTION AB (PU) SK-,003, quantity: 0.058462"",""d4e58547-aba4-410a-9898-f897ede06c25"","""","""","""","""""
"2025-07-09T08:16:42.226Z,""2025-07-09"",""DEFAULT"",""TRADING"",""BUY"",""STOCK"",""VINCI"",""FR0000125486"",""0.0079490000"",""125.800000"",""-1.00"","""","""",""EUR"","""","""","""",""Savings plan execution FR0000125486 VINCI S.A. INH.   EO 2,50, quantity: 0.007949"",""c0bbf657-126d-493f-ada1-7a1ef37007ea"","""","""","""","""""
"2025-07-09T08:26:11.934Z,""2025-07-09"",""DEFAULT"",""TRADING"",""BUY"",""STOCK"",""Schneider Electric"",""FR0000121972"",""0.0177610000"",""225.200000"",""-4.00"","""",""-0.02"",""EUR"","""","""","""",""Savings plan execution FR0000121972 SCHNEIDER ELEC. INH. EO 4, quantity: 0.017761"",""342fdde5-9d8d-4b51-a3e7-00c39196eb70"","""","""","""","""""
"2025-07-09T08:47:43.649Z,""2025-07-09"",""DEFAULT"",""TRADING"",""BUY"",""STOCK"",""Gaztransport Technigaz"",""FR0011726835"",""0.0121500000"",""164.600000"",""-2.00"","""",""-0.01"",""EUR"","""","""","""",""Savings plan execution FR0011726835 GAZTRANSP.TECHNIG.EO-,01, quantity: 0.012150"",""ef4094aa-45b9-418a-a650-3f0f51491712"","""","""","""","""""
"2025-07-09T13:59:42.707Z,""2025-07-09"",""DEFAULT"",""TRADING"",""BUY"",""FUND"",""Nifty 50 Swap USD (Acc)"",""LU0292109690"",""0.0613370000"",""244.550000"",""-15.00"","""","""",""EUR"","""","""","""",""Savings plan execution LU0292109690 Xtrackers - Xtrackers Nifty 50 Swap UCITS ETF 1C, quantity: 0.061337"",""00434601-a172-4e53-b5eb-c7c1a0dfa54a"","""","""","""","""""
"2025-07-09T14:06:47.044Z,""2025-07-09"",""DEFAULT"",""TRADING"",""BUY"",""FUND"",""Core MSCI World USD (Acc)"",""IE00B4L5Y983"",""0.0985310000"",""101.490000"",""-10.00"","""","""",""EUR"","""","""","""",""Savings plan execution IE00B4L5Y983 iShares III plc - iShares Core MSCI World UCITS ETF USD (Acc), quantity: 0.098531"",""139ad8e3-b55f-4604-be72-d8840f083756"","""","""","""","""""
"2025-07-09T14:14:44.614Z,""2025-07-09"",""DEFAULT"",""TRADING"",""BUY"",""FUND"",""MSCI Africa Top 50 Swap USD (Acc)"",""LU0592217524"",""0.3841720000"",""7.809000"",""-3.00"","""","""",""EUR"","""","""","""",""Savings plan execution LU0592217524 Xtrackers - Xtrackers MSCI Africa Top 50 Swap UCITS ETF 1C, quantity: 0.384172"",""f5dfca39-fd36-48c3-849f-9cb0312993fd"","""","""","""","""""
"2025-07-09T14:30:28.837Z,""2025-07-09"",""DEFAULT"",""TRADING"",""BUY"",""FUND"",""MSCI Global Semiconductors USD (Acc)"",""IE000I8KRLL9"",""0.6958940000"",""7.185000"",""-5.00"","""","""",""EUR"","""","""","""",""Savings plan execution IE000I8KRLL9 iShares IV plc - iShares MSCI Global Semiconductors UCITS ETF USD (Acc), quantity: 0.695894"",""3734191d-974f-4b3c-a912-72c3cd67a547"","""","""","""","""""
"2025-07-09T14:33:09.133Z,""2025-07-09"",""DEFAULT"",""TRADING"",""BUY"",""FUND"",""MSCI China USD (Acc)"",""IE00BJ5JPG56"",""3.1976120000"",""4.691000"",""-15.00"","""","""",""EUR"","""","""","""",""Savings plan execution IE00BJ5JPG56 iShares IV plc - iShares MSCI China UCITS ETF USD (Acc), quantity: 3.197612"",""7c16ec2a-6ee8-4df0-ae9b-995b7721c9f9"","""","""","""","""""
"2025-07-09T14:49:46.994Z,""2025-07-09"",""DEFAULT"",""TRADING"",""BUY"",""FUND"",""Uranium USD (Acc)"",""IE000NDWFGA5"",""0.0559720000"",""17.866000"",""-1.00"","""","""",""EUR"","""","""","""",""Savings plan execution IE000NDWFGA5 Global X ETFs ICAV - Global X Uranium UCITS ETF Acc USD, quantity: 0.055972"",""e2e0b5ab-87bb-4514-bd25-3c82fc7a70b8"","""","""","""","""""
"2025-07-16T06:35:30.323Z,""2025-07-16"",""DEFAULT"",""TRADING"",""BUY"",""CRYPTO"",""Bitcoin"",""BTC"",""0.0000190000"",""104892.500000"",""-1.99"","""","""",""EUR"","""","""","""",""Savings plan execution XF000BTC0017 Bitcoin, quantity: 0.000019"",""236a96fd-66d1-4c2e-866e-98974670e197"","""","""","""","""""
"2025-07-16T07:44:20.174Z,""2025-07-16"",""DEFAULT"",""TRADING"",""BUY"",""FUND"",""Nikkei 225 JPY (Acc)"",""LU2196470426"",""0.0667460000"",""74.910000"",""-5.00"","""","""",""EUR"","""","""","""",""Savings plan execution LU2196470426 Xtrackers - Xtrackers Nikkei 225 UCITS ETF 1C, quantity: 0.066746"",""109d39de-5cbe-468a-b9cf-b692f0beba08"","""","""","""","""""
"2025-07-16T08:15:40.980Z,""2025-07-16"",""DEFAULT"",""TRADING"",""BUY"",""STOCK"",""Evolution Gaming Group"",""SE0012673267"",""0.0585650000"",""68.300000"",""-4.00"","""","""",""EUR"","""","""","""",""Savings plan execution SE0012673267 EVOLUTION AB (PU) SK-,003, quantity: 0.058565"",""c65ff277-bf8e-4dd7-bdc3-c28f699ff319"","""","""","""","""""
"2025-07-16T08:18:00.776Z,""2025-07-16"",""DEFAULT"",""TRADING"",""BUY"",""STOCK"",""VINCI"",""FR0000125486"",""0.0080580000"",""124.100000"",""-1.00"","""","""",""EUR"","""","""","""",""Savings plan execution FR0000125486 VINCI S.A. INH.   EO 2,50, quantity: 0.008058"",""384c61a3-ffca-498d-9b0e-ed449c9bfda7"","""","""","""","""""
"2025-07-16T08:26:49.309Z,""2025-07-16"",""DEFAULT"",""TRADING"",""BUY"",""STOCK"",""Schneider Electric"",""FR0000121972"",""0.0178450000"",""224.150000"",""-4.00"","""",""-0.02"",""EUR"","""","""","""",""Savings plan execution FR0000121972 SCHNEIDER ELEC. INH. EO 4, quantity: 0.017845"",""7c154d2a-00ac-401e-a30a-91c13342c173"","""","""","""","""""
"2025-07-16T08:53:11.331Z,""2025-07-16"",""DEFAULT"",""TRADING"",""BUY"",""STOCK"",""Gaztransport Technigaz"",""FR0011726835"",""0.0119680000"",""167.100000"",""-2.00"","""",""-0.01"",""EUR"","""","""","""",""Savings plan execution FR0011726835 GAZTRANSP.TECHNIG.EO-,01, quantity: 0.011968"",""179c0d76-3566-41ae-8e30-52bdbacfcf0f"","""","""","""","""""
"2025-07-16T13:59:44.744Z,""2025-07-16"",""DEFAULT"",""TRADING"",""BUY"",""FUND"",""Nifty 50 Swap USD (Acc)"",""LU0292109690"",""0.0616390000"",""243.350000"",""-15.00"","""","""",""EUR"","""","""","""",""Savings plan execution LU0292109690 Xtrackers - Xtrackers Nifty 50 Swap UCITS ETF 1C, quantity: 0.061639"",""bc95256e-a915-41b3-8903-518a271b8d33"","""","""","""","""""
"2025-07-16T14:31:15.558Z,""2025-07-16"",""DEFAULT"",""TRADING"",""BUY"",""FUND"",""Core MSCI World USD (Acc)"",""IE00B4L5Y983"",""0.0980680000"",""101.970000"",""-10.00"","""","""",""EUR"","""","""","""",""Savings plan execution IE00B4L5Y983 iShares III plc - iShares Core MSCI World UCITS ETF USD (Acc), quantity: 0.098068"",""e6a2152a-c33b-4457-8ce7-fac61736d240"","""","""","""","""""
"2025-07-16T14:31:37.929Z,""2025-07-16"",""DEFAULT"",""TRADING"",""BUY"",""FUND"",""MSCI Africa Top 50 Swap USD (Acc)"",""LU0592217524"",""0.3819220000"",""7.855000"",""-3.00"","""","""",""EUR"","""","""","""",""Savings plan execution LU0592217524 Xtrackers - Xtrackers MSCI Africa Top 50 Swap UCITS ETF 1C, quantity: 0.381922"",""7e579856-f609-443e-8149-91541bd6f399"","""","""","""","""""
"2025-07-16T14:57:06.545Z,""2025-07-16"",""DEFAULT"",""TRADING"",""BUY"",""FUND"",""MSCI China USD (Acc)"",""IE00BJ5JPG56"",""3.0734550000"",""4.880500"",""-15.00"","""","""",""EUR"","""","""","""",""Savings plan execution IE00BJ5JPG56 iShares IV plc - iShares MSCI China UCITS ETF USD (Acc), quantity: 3.073455"",""523efa84-15ff-4079-8d57-ed20189a294e"","""","""","""","""""
"2025-07-16T15:08:37.355Z,""2025-07-16"",""DEFAULT"",""TRADING"",""BUY"",""FUND"",""MSCI Global Semiconductors USD (Acc)"",""IE000I8KRLL9"",""0.6893690000"",""7.253000"",""-5.00"","""","""",""EUR"","""","""","""",""Savings plan execution IE000I8KRLL9 iShares IV plc - iShares MSCI Global Semiconductors UCITS ETF USD (Acc), quantity: 0.689369"",""4e9032ba-ee2e-41ea-a952-5067a792dafa"","""","""","""","""""
"2025-07-16T15:09:21.217Z,""2025-07-16"",""DEFAULT"",""TRADING"",""BUY"",""FUND"",""Uranium USD (Acc)"",""IE000NDWFGA5"",""0.0504940000"",""19.804000"",""-1.00"","""","""",""EUR"","""","""","""",""Savings plan execution IE000NDWFGA5 Global X ETFs ICAV - Global X Uranium UCITS ETF Acc USD, quantity: 0.050494"",""f7cb1edc-79c6-4956-99fc-dfe05a076047"","""","""","""","""""
"2025-07-23T06:34:33.166Z,""2025-07-23"",""DEFAULT"",""TRADING"",""BUY"",""CRYPTO"",""Bitcoin"",""BTC"",""0.0000190000"",""103999.200000"",""-1.98"","""","""",""EUR"","""","""","""",""Savings plan execution XF000BTC0017 Bitcoin, quantity: 0.000019"",""8ba55109-b59f-4e34-8b3f-560fd9ccd245"","""","""","""","""""
"2025-07-23T07:44:04.677Z,""2025-07-23"",""DEFAULT"",""TRADING"",""BUY"",""FUND"",""Nikkei 225 JPY (Acc)"",""LU2196470426"",""0.0642170000"",""77.860000"",""-5.00"","""","""",""EUR"","""","""","""",""Savings plan execution LU2196470426 Xtrackers - Xtrackers Nikkei 225 UCITS ETF 1C, quantity: 0.064217"",""2ff37559-0351-4da3-9e71-9a95b75f365d"","""","""","""","""""
"2025-07-23T08:14:14.250Z,""2025-07-23"",""DEFAULT"",""TRADING"",""BUY"",""STOCK"",""Evolution Gaming Group"",""SE0012673267"",""0.0526030000"",""76.040000"",""-4.00"","""","""",""EUR"","""","""","""",""Savings plan execution SE0012673267 EVOLUTION AB (PU) SK-,003, quantity: 0.052603"",""74eabe8f-f65b-4c85-ba03-12879fad0a4d"","""","""","""","""""
"2025-07-23T08:16:40.543Z,""2025-07-23"",""DEFAULT"",""TRADING"",""BUY"",""STOCK"",""VINCI"",""FR0000125486"",""0.0080670000"",""123.950000"",""-1.00"","""","""",""EUR"","""","""","""",""Savings plan execution FR0000125486 VINCI S.A. INH.   EO 2,50, quantity: 0.008067"",""3b55dce2-6e60-4b92-afcb-570a7828f4c7"","""","""","""","""""
"2025-07-23T08:26:09.945Z,""2025-07-23"",""DEFAULT"",""TRADING"",""BUY"",""STOCK"",""Schneider Electric"",""FR0000121972"",""0.0170210000"",""235.000000"",""-4.00"","""",""-0.02"",""EUR"","""","""","""",""Savings plan execution FR0000121972 SCHNEIDER ELEC. INH. EO 4, quantity: 0.017021"",""45003c4e-71a3-4067-9976-12cc4bf442ef"","""","""","""","""""
"2025-07-23T08:47:43.702Z,""2025-07-23"",""DEFAULT"",""TRADING"",""BUY"",""STOCK"",""Gaztransport Technigaz"",""FR0011726835"",""0.0124060000"",""161.200000"",""-2.00"","""",""-0.01"",""EUR"","""","""","""",""Savings plan execution FR0011726835 GAZTRANSP.TECHNIG.EO-,01, quantity: 0.012406"",""eb0a7fec-4d5d-4bb2-b360-76dc01d17460"","""","""","""","""""
"2025-07-23T13:59:42.459Z,""2025-07-23"",""DEFAULT"",""TRADING"",""BUY"",""FUND"",""Nifty 50 Swap USD (Acc)"",""LU0292109690"",""0.0628140000"",""238.800000"",""-15.00"","""","""",""EUR"","""","""","""",""Savings plan execution LU0292109690 Xtrackers - Xtrackers Nifty 50 Swap UCITS ETF 1C, quantity: 0.062814"",""df795a96-0d7b-4b8a-8613-8194dec1839a"","""","""","""","""""
"2025-07-23T14:07:24.134Z,""2025-07-23"",""DEFAULT"",""TRADING"",""BUY"",""FUND"",""Core MSCI World USD (Acc)"",""IE00B4L5Y983"",""0.0977030000"",""102.350000"",""-10.00"","""","""",""EUR"","""","""","""",""Savings plan execution IE00B4L5Y983 iShares III plc - iShares Core MSCI World UCITS ETF USD (Acc), quantity: 0.097703"",""2445354c-7cd1-401d-9031-59e06fcf9850"","""","""","""","""""
"2025-07-23T14:14:50.873Z,""2025-07-23"",""DEFAULT"",""TRADING"",""BUY"",""FUND"",""MSCI Africa Top 50 Swap USD (Acc)"",""LU0592217524"",""0.3700500000"",""8.107000"",""-3.00"","""","""",""EUR"","""","""","""",""Savings plan execution LU0592217524 Xtrackers - Xtrackers MSCI Africa Top 50 Swap UCITS ETF 1C, quantity: 0.370050"",""aa85fb3b-c091-43fc-97ac-ca5b155ab726"","""","""","""","""""
"2025-07-23T14:30:54.053Z,""2025-07-23"",""DEFAULT"",""TRADING"",""BUY"",""FUND"",""MSCI Global Semiconductors USD (Acc)"",""IE000I8KRLL9"",""0.7050190000"",""7.092000"",""-5.00"","""","""",""EUR"","""","""","""",""Savings plan execution IE000I8KRLL9 iShares IV plc - iShares MSCI Global Semiconductors UCITS ETF USD (Acc), quantity: 0.705019"",""afb7aa80-6102-479a-93a2-c2bec8479056"","""","""","""","""""
"2025-07-23T14:32:57.650Z,""2025-07-23"",""DEFAULT"",""TRADING"",""BUY"",""FUND"",""MSCI China USD (Acc)"",""IE00BJ5JPG56"",""2.9585790000"",""5.070000"",""-15.00"","""","""",""EUR"","""","""","""",""Savings plan execution IE00BJ5JPG56 iShares IV plc - iShares MSCI China UCITS ETF USD (Acc), quantity: 2.958579"",""2cae36dc-592f-4dd2-89a7-19f90c5ff30a"","""","""","""","""""
"2025-07-23T14:49:29.761Z,""2025-07-23"",""DEFAULT"",""TRADING"",""BUY"",""FUND"",""Uranium USD (Acc)"",""IE000NDWFGA5"",""0.0489830000"",""20.415000"",""-1.00"","""","""",""EUR"","""","""","""",""Savings plan execution IE000NDWFGA5 Global X ETFs ICAV - Global X Uranium UCITS ETF Acc USD, quantity: 0.048983"",""c6a51889-4382-478f-9401-a11b07b9feef"","""","""","""","""""
"2025-08-01T02:43:04.478222Z,""2025-08-01"",""DEFAULT"",""CASH"",""INTEREST_PAYMENT"","""","""","""","""","""",""0.500000"","""",""-0.15"",""EUR"","""","""","""",""Interest payment for payout collection 019862fa-e12f-7000-8079-7e7580056466"",""643c610b-22d8-4935-ac0a-12c15017fda9"","""","""","""","""""
"2025-08-04T06:38:39.302Z,""2025-08-04"",""DEFAULT"",""TRADING"",""BUY"",""CRYPTO"",""Bitcoin"",""BTC"",""0.0000190000"",""101786.670000"",""-1.93"","""","""",""EUR"","""","""","""",""Savings plan execution XF000BTC0017 Bitcoin, quantity: 0.000019"",""4a750fda-fb3e-40af-95fc-443eee39c449"","""","""","""","""""
"2025-08-04T07:44:08.523Z,""2025-08-04"",""DEFAULT"",""TRADING"",""BUY"",""FUND"",""Nikkei 225 JPY (Acc)"",""LU2196470426"",""0.0648250000"",""77.130000"",""-5.00"","""","""",""EUR"","""","""","""",""Savings plan execution LU2196470426 Xtrackers - Xtrackers Nikkei 225 UCITS ETF 1C, quantity: 0.064825"",""e73e09c3-df2a-481a-a16a-bfa6e5fb328e"","""","""","""","""""
"2025-08-04T08:14:25.026Z,""2025-08-04"",""DEFAULT"",""TRADING"",""BUY"",""STOCK"",""Evolution Gaming Group"",""SE0012673267"",""0.0519070000"",""77.060000"",""-4.00"","""","""",""EUR"","""","""","""",""Savings plan execution SE0012673267 EVOLUTION AB (PU) SK-,003, quantity: 0.051907"",""27aa05c5-21ab-4c70-9637-48dff87a4a3a"","""","""","""","""""
"2025-08-04T08:16:57.840Z,""2025-08-04"",""DEFAULT"",""TRADING"",""BUY"",""STOCK"",""VINCI"",""FR0000125486"",""0.0083190000"",""120.200000"",""-1.00"","""","""",""EUR"","""","""","""",""Savings plan execution FR0000125486 VINCI S.A. INH.   EO 2,50, quantity: 0.008319"",""8b064dfa-3f35-4c13-9539-ca06141225ca"","""","""","""","""""
"2025-08-04T08:28:17.417Z,""2025-08-04"",""DEFAULT"",""TRADING"",""BUY"",""STOCK"",""Schneider Electric"",""FR0000121972"",""0.0184800000"",""216.450000"",""-4.00"","""",""-0.02"",""EUR"","""","""","""",""Savings plan execution FR0000121972 SCHNEIDER ELEC. INH. EO 4, quantity: 0.018480"",""3e34e0c4-24d9-499b-92e9-a0a382c46032"","""","""","""","""""
"2025-08-04T08:48:21.075Z,""2025-08-04"",""DEFAULT"",""TRADING"",""BUY"",""STOCK"",""Gaztransport Technigaz"",""FR0011726835"",""0.0118620000"",""168.600000"",""-2.00"","""",""-0.01"",""EUR"","""","""","""",""Savings plan execution FR0011726835 GAZTRANSP.TECHNIG.EO-,01, quantity: 0.011862"",""b4bba758-2fa4-4e41-a37f-8754a280ae51"","""","""","""","""""
"2025-08-04T14:04:50.999Z,""2025-08-04"",""DEFAULT"",""TRADING"",""BUY"",""FUND"",""Nifty 50 Swap USD (Acc)"",""LU0292109690"",""0.0641020000"",""234.000000"",""-15.00"","""","""",""EUR"","""","""","""",""Savings plan execution LU0292109690 Xtrackers - Xtrackers Nifty 50 Swap UCITS ETF 1C, quantity: 0.064102"",""a9357599-94f1-4bd6-a785-f0e6e5c133ac"","""","""","""","""""
"2025-08-04T14:53:38.736Z,""2025-08-04"",""DEFAULT"",""TRADING"",""BUY"",""FUND"",""MSCI Africa Top 50 Swap USD (Acc)"",""LU0592217524"",""0.3635920000"",""8.251000"",""-3.00"","""","""",""EUR"","""","""","""",""Savings plan execution LU0592217524 Xtrackers - Xtrackers MSCI Africa Top 50 Swap UCITS ETF 1C, quantity: 0.363592"",""dff424da-da8f-4a51-8442-7db8b8199bf8"","""","""","""","""""
"2025-08-04T14:54:35.218Z,""2025-08-04"",""DEFAULT"",""TRADING"",""BUY"",""FUND"",""Core MSCI World USD (Acc)"",""IE00B4L5Y983"",""0.0485740000"",""102.935000"",""-5.00"","""","""",""EUR"","""","""","""",""Savings plan execution IE00B4L5Y983 iShares III plc - iShares Core MSCI World UCITS ETF USD (Acc), quantity: 0.048574"",""54ac2104-dcfc-448c-840d-092a6e4abcf1"","""","""","""","""""
"2025-08-04T15:11:58.313Z,""2025-08-04"",""DEFAULT"",""TRADING"",""BUY"",""FUND"",""MSCI Global Semiconductors USD (Acc)"",""IE000I8KRLL9"",""0.7041260000"",""7.101000"",""-5.00"","""","""",""EUR"","""","""","""",""Savings plan execution IE000I8KRLL9 iShares IV plc - iShares MSCI Global Semiconductors UCITS ETF USD (Acc), quantity: 0.704126"",""2c0420e6-9519-43c1-9937-0873f7d2db4f"","""","""","""","""""
"2025-08-04T15:14:06.662Z,""2025-08-04"",""DEFAULT"",""TRADING"",""BUY"",""FUND"",""MSCI China USD (Acc)"",""IE00BJ5JPG56"",""3.0030030000"",""4.995000"",""-15.00"","""","""",""EUR"","""","""","""",""Savings plan execution IE00BJ5JPG56 iShares IV plc - iShares MSCI China UCITS ETF USD (Acc), quantity: 3.003003"",""58a4768a-cb8c-4651-b82f-85766bc4fead"","""","""","""","""""
"2025-08-04T15:43:01.123Z,""2025-08-04"",""DEFAULT"",""TRADING"",""BUY"",""FUND"",""Uranium USD (Acc)"",""IE000NDWFGA5"",""0.0508750000"",""19.656000"",""-1.00"","""","""",""EUR"","""","""","""",""Savings plan execution IE000NDWFGA5 Global X ETFs ICAV - Global X Uranium UCITS ETF Acc USD, quantity: 0.050875"",""6ed42733-b8bc-4470-8535-3edfc1698014"","""","""","""","""""
"2025-08-08T06:47:45.473197Z,""2025-08-08"",""DEFAULT"",""CASH"",""TRANSFER_INSTANT_INBOUND"","""","""","""","""","""",""450.000000"","""","""",""EUR"","""","""","""",""Incoming transfer from Leo BERTRAND"",""4be903dd-d702-48ab-8054-860c56e75192"","""","""","""","""""
"2025-08-11T06:34:24.220Z,""2025-08-11"",""DEFAULT"",""TRADING"",""BUY"",""CRYPTO"",""Bitcoin"",""BTC"",""0.0000180000"",""107617.430000"",""-1.94"","""","""",""EUR"","""","""","""",""Savings plan execution XF000BTC0017 Bitcoin, quantity: 0.000018"",""7bcdc6a2-c6b9-4b81-ba77-2313ddc56dc5"","""","""","""","""""
"2025-08-11T07:44:03.807Z,""2025-08-11"",""DEFAULT"",""TRADING"",""BUY"",""FUND"",""Nikkei 225 JPY (Acc)"",""LU2196470426"",""0.0621650000"",""80.430000"",""-5.00"","""","""",""EUR"","""","""","""",""Savings plan execution LU2196470426 Xtrackers - Xtrackers Nikkei 225 UCITS ETF 1C, quantity: 0.062165"",""ff6acb72-1a57-4dfd-ba72-22cbe826dc27"","""","""","""","""""
"2025-08-11T08:14:15.311Z,""2025-08-11"",""DEFAULT"",""TRADING"",""BUY"",""STOCK"",""Evolution Gaming Group"",""SE0012673267"",""0.0508640000"",""78.640000"",""-4.00"","""","""",""EUR"","""","""","""",""Savings plan execution SE0012673267 EVOLUTION AB (PU) SK-,003, quantity: 0.050864"",""d6267289-3375-4b09-8262-1584354dd208"","""","""","""","""""
"2025-08-11T08:16:42.026Z,""2025-08-11"",""DEFAULT"",""TRADING"",""BUY"",""STOCK"",""VINCI"",""FR0000125486"",""0.0080740000"",""123.850000"",""-1.00"","""","""",""EUR"","""","""","""",""Savings plan execution FR0000125486 VINCI S.A. INH.   EO 2,50, quantity: 0.008074"",""7538170c-e4cb-4053-babb-fbe9a0d9216a"","""","""","""","""""
"2025-08-11T08:26:08.919Z,""2025-08-11"",""DEFAULT"",""TRADING"",""BUY"",""STOCK"",""Schneider Electric"",""FR0000121972"",""0.0181730000"",""220.100000"",""-4.00"","""",""-0.02"",""EUR"","""","""","""",""Savings plan execution FR0000121972 SCHNEIDER ELEC. INH. EO 4, quantity: 0.018173"",""f6fe33e1-4795-4c8c-b615-54e5414ad8f6"","""","""","""","""""
"2025-08-11T08:47:43.129Z,""2025-08-11"",""DEFAULT"",""TRADING"",""BUY"",""STOCK"",""Gaztransport Technigaz"",""FR0011726835"",""0.0123910000"",""161.400000"",""-2.00"","""",""-0.01"",""EUR"","""","""","""",""Savings plan execution FR0011726835 GAZTRANSP.TECHNIG.EO-,01, quantity: 0.012391"",""7960453d-9e69-432d-8d28-65f38520e8db"","""","""","""","""""
"2025-08-11T13:59:42.156Z,""2025-08-11"",""DEFAULT"",""TRADING"",""BUY"",""FUND"",""Nifty 50 Swap USD (Acc)"",""LU0292109690"",""0.0649630000"",""230.900000"",""-15.00"","""","""",""EUR"","""","""","""",""Savings plan execution LU0292109690 Xtrackers - Xtrackers Nifty 50 Swap UCITS ETF 1C, quantity: 0.064963"",""5e95e309-da9e-4f29-b684-ceb834183b66"","""","""","""","""""
"2025-08-11T14:04:47.760Z,""2025-08-11"",""DEFAULT"",""TRADING"",""BUY"",""FUND"",""Core MSCI World USD (Acc)"",""IE00B4L5Y983"",""0.0479960000"",""104.175000"",""-5.00"","""","""",""EUR"","""","""","""",""Savings plan execution IE00B4L5Y983 iShares III plc - iShares Core MSCI World UCITS ETF USD (Acc), quantity: 0.047996"",""1786ff3a-b4ce-4101-8c04-3755e632771b"","""","""","""","""""
"2025-08-11T14:14:44.249Z,""2025-08-11"",""DEFAULT"",""TRADING"",""BUY"",""FUND"",""MSCI Africa Top 50 Swap USD (Acc)"",""LU0592217524"",""0.3537730000"",""8.480000"",""-3.00"","""","""",""EUR"","""","""","""",""Savings plan execution LU0592217524 Xtrackers - Xtrackers MSCI Africa Top 50 Swap UCITS ETF 1C, quantity: 0.353773"",""62353b30-d4e4-4dbe-92e0-5b92e35c20ef"","""","""","""","""""
"2025-08-11T14:30:28.916Z,""2025-08-11"",""DEFAULT"",""TRADING"",""BUY"",""FUND"",""MSCI Global Semiconductors USD (Acc)"",""IE000I8KRLL9"",""0.6843690000"",""7.306000"",""-5.00"","""","""",""EUR"","""","""","""",""Savings plan execution IE000I8KRLL9 iShares IV plc - iShares MSCI Global Semiconductors UCITS ETF USD (Acc), quantity: 0.684369"",""41a771c8-8c38-4f10-ae3b-e3a1801703a7"","""","""","""","""""
"2025-08-11T14:32:52.396Z,""2025-08-11"",""DEFAULT"",""TRADING"",""BUY"",""FUND"",""MSCI China USD (Acc)"",""IE00BJ5JPG56"",""2.9856680000"",""5.024000"",""-15.00"","""","""",""EUR"","""","""","""",""Savings plan execution IE00BJ5JPG56 iShares IV plc - iShares MSCI China UCITS ETF USD (Acc), quantity: 2.985668"",""65ee432d-535e-4fa6-b0c1-a24923016480"","""","""","""","""""
"2025-08-11T14:49:23.116Z,""2025-08-11"",""DEFAULT"",""TRADING"",""BUY"",""FUND"",""Uranium USD (Acc)"",""IE000NDWFGA5"",""0.0500400000"",""19.984000"",""-1.00"","""","""",""EUR"","""","""","""",""Savings plan execution IE000NDWFGA5 Global X ETFs ICAV - Global X Uranium UCITS ETF Acc USD, quantity: 0.050040"",""9bea62e7-fe52-4a43-b765-b16aad155fdf"","""","""","""","""""
"2025-08-18T06:38:58.588Z,""2025-08-18"",""DEFAULT"",""TRADING"",""BUY"",""CRYPTO"",""Bitcoin"",""BTC"",""0.0000190000"",""101624.070000"",""-1.93"","""","""",""EUR"","""","""","""",""Savings plan execution XF000BTC0017 Bitcoin, quantity: 0.000019"",""5d2d44b9-7be3-4205-84e4-10916cb8d24e"","""","""","""","""""
"2025-08-18T07:44:06.885Z,""2025-08-18"",""DEFAULT"",""TRADING"",""BUY"",""FUND"",""Nikkei 225 JPY (Acc)"",""LU2196470426"",""0.0603640000"",""82.830000"",""-5.00"","""","""",""EUR"","""","""","""",""Savings plan execution LU2196470426 Xtrackers - Xtrackers Nikkei 225 UCITS ETF 1C, quantity: 0.060364"",""39a8554e-a3c1-4711-82c0-23693d629e62"","""","""","""","""""
"2025-08-18T08:14:17.716Z,""2025-08-18"",""DEFAULT"",""TRADING"",""BUY"",""STOCK"",""Evolution Gaming Group"",""SE0012673267"",""0.0539220000"",""74.180000"",""-4.00"","""","""",""EUR"","""","""","""",""Savings plan execution SE0012673267 EVOLUTION AB (PU) SK-,003, quantity: 0.053922"",""157f1e79-1543-4cec-b76c-b1fe1faed248"","""","""","""","""""
"2025-08-18T08:16:52.776Z,""2025-08-18"",""DEFAULT"",""TRADING"",""BUY"",""STOCK"",""VINCI"",""FR0000125486"",""0.0077630000"",""128.800000"",""-1.00"","""","""",""EUR"","""","""","""",""Savings plan execution FR0000125486 VINCI S.A. INH.   EO 2,50, quantity: 0.007763"",""2aef7e1d-92fb-4690-975c-71677e184973"","""","""","""","""""
"2025-08-18T08:26:33.174Z,""2025-08-18"",""DEFAULT"",""TRADING"",""BUY"",""STOCK"",""Schneider Electric"",""FR0000121972"",""0.0182060000"",""219.700000"",""-4.00"","""",""-0.02"",""EUR"","""","""","""",""Savings plan execution FR0000121972 SCHNEIDER ELEC. INH. EO 4, quantity: 0.018206"",""10debdc3-7dbc-409b-9915-8b5e10f3307f"","""","""","""","""""
"2025-08-18T08:50:50.610Z,""2025-08-18"",""DEFAULT"",""TRADING"",""BUY"",""STOCK"",""BYD"",""CNE100000296"",""0.3982470000"",""12.555000"",""-5.00"","""","""",""EUR"","""","""","""",""Savings plan execution CNE100000296 BYD, quantity: 0.398247"",""322651d4-ee67-4b21-bebf-d0e78980e146"","""","""","""","""""
"2025-08-18T08:52:52.685Z,""2025-08-18"",""DEFAULT"",""TRADING"",""BUY"",""STOCK"",""Gaztransport Technigaz"",""FR0011726835"",""0.0124680000"",""160.400000"",""-2.00"","""",""-0.01"",""EUR"","""","""","""",""Savings plan execution FR0011726835 GAZTRANSP.TECHNIG.EO-,01, quantity: 0.012468"",""317dd176-e69f-42e5-93de-1be8a3b19c15"","""","""","""","""""
"2025-08-18T13:59:44.644Z,""2025-08-18"",""DEFAULT"",""TRADING"",""BUY"",""FUND"",""Nifty 50 Swap USD (Acc)"",""LU0292109690"",""0.0639790000"",""234.450000"",""-15.00"","""","""",""EUR"","""","""","""",""Savings plan execution LU0292109690 Xtrackers - Xtrackers Nifty 50 Swap UCITS ETF 1C, quantity: 0.063979"",""fdefe08f-1ea2-4ef3-8eab-35ce4e3ef5cf"","""","""","""","""""
"2025-08-18T14:15:42.550Z,""2025-08-18"",""DEFAULT"",""TRADING"",""BUY"",""FUND"",""MSCI Africa Top 50 Swap USD (Acc)"",""LU0592217524"",""0.3544840000"",""8.463000"",""-3.00"","""","""",""EUR"","""","""","""",""Savings plan execution LU0592217524 Xtrackers - Xtrackers MSCI Africa Top 50 Swap UCITS ETF 1C, quantity: 0.354484"",""80ceefa6-9ae7-4d3f-804c-efb5f83028f6"","""","""","""","""""
"2025-08-18T14:47:36.275Z,""2025-08-18"",""DEFAULT"",""TRADING"",""BUY"",""FUND"",""Core MSCI World USD (Acc)"",""IE00B4L5Y983"",""0.0476980000"",""104.824700"",""-5.00"","""","""",""EUR"","""","""","""",""Savings plan execution IE00B4L5Y983 iShares III plc - iShares Core MSCI World UCITS ETF USD (Acc), quantity: 0.047698"",""f6a29cbe-dff1-4659-b59b-3a43b922cb19"","""","""","""","""""
"2025-08-18T14:51:57.290Z,""2025-08-18"",""DEFAULT"",""TRADING"",""BUY"",""FUND"",""MSCI Global Semiconductors USD (Acc)"",""IE000I8KRLL9"",""0.4107330000"",""7.304000"",""-3.00"","""","""",""EUR"","""","""","""",""Savings plan execution IE000I8KRLL9 iShares IV plc - iShares MSCI Global Semiconductors UCITS ETF USD (Acc), quantity: 0.410733"",""30ff9e3c-bdf3-4383-84f6-493b0288d146"","""","""","""","""""
"2025-08-18T14:53:53.223Z,""2025-08-18"",""DEFAULT"",""TRADING"",""BUY"",""FUND"",""MSCI China USD (Acc)"",""IE00BJ5JPG56"",""1.9349840000"",""5.168000"",""-10.00"","""","""",""EUR"","""","""","""",""Savings plan execution IE00BJ5JPG56 iShares IV plc - iShares MSCI China UCITS ETF USD (Acc), quantity: 1.934984"",""58037c75-d365-426e-9c95-ba2c0a3c2a28"","""","""","""","""""
"2025-08-18T15:14:38.591Z,""2025-08-18"",""DEFAULT"",""TRADING"",""BUY"",""FUND"",""Uranium USD (Acc)"",""IE000NDWFGA5"",""0.0519800000"",""19.238000"",""-1.00"","""","""",""EUR"","""","""","""",""Savings plan execution IE000NDWFGA5 Global X ETFs ICAV - Global X Uranium UCITS ETF Acc USD, quantity: 0.051980"",""98c875c6-87eb-4a54-b86e-a495bf5f78c0"","""","""","""","""""
"2025-08-25T06:34:10.468Z,""2025-08-25"",""DEFAULT"",""TRADING"",""BUY"",""CRYPTO"",""Bitcoin"",""BTC"",""0.0000200000"",""98411.000000"",""-1.97"","""","""",""EUR"","""","""","""",""Savings plan execution XF000BTC0017 Bitcoin, quantity: 0.000020"",""76b58299-4310-48b5-bc39-46b183621b29"","""","""","""","""""
"2025-08-25T08:26:17.375Z,""2025-08-25"",""DEFAULT"",""TRADING"",""BUY"",""STOCK"",""Schneider Electric"",""FR0000121972"",""0.0187040000"",""213.850000"",""-4.00"","""",""-0.02"",""EUR"","""","""","""",""Savings plan execution FR0000121972 SCHNEIDER ELEC. INH. EO 4, quantity: 0.018704"",""6e948e9a-08b0-450d-ae44-efdca304e84e"","""","""","""","""""
"2025-08-25T08:28:52.229Z,""2025-08-25"",""DEFAULT"",""TRADING"",""BUY"",""FUND"",""Nikkei 225 JPY (Acc)"",""LU2196470426"",""0.0618040000"",""80.900000"",""-5.00"","""","""",""EUR"","""","""","""",""Savings plan execution LU2196470426 Xtrackers - Xtrackers Nikkei 225 UCITS ETF 1C, quantity: 0.061804"",""9a3a5715-050c-473e-b273-34300c457bde"","""","""","""","""""
"2025-08-25T08:33:48.079Z,""2025-08-25"",""DEFAULT"",""TRADING"",""BUY"",""STOCK"",""Evolution Gaming Group"",""SE0012673267"",""0.0516660000"",""77.420000"",""-4.00"","""","""",""EUR"","""","""","""",""Savings plan execution SE0012673267 EVOLUTION AB (PU) SK-,003, quantity: 0.051666"",""b4bf75f9-783d-45dc-8259-9011125eb715"","""","""","""","""""
"2025-08-25T08:37:44.850Z,""2025-08-25"",""DEFAULT"",""TRADING"",""BUY"",""STOCK"",""VINCI"",""FR0000125486"",""0.0079390000"",""125.950000"",""-1.00"","""","""",""EUR"","""","""","""",""Savings plan execution FR0000125486 VINCI S.A. INH.   EO 2,50, quantity: 0.007939"",""65e796a4-6a85-419c-b275-f6268425e6ad"","""","""","""","""""
"2025-08-25T08:42:46.947Z,""2025-08-25"",""DEFAULT"",""TRADING"",""BUY"",""STOCK"",""BYD"",""CNE100000296"",""0.3929270000"",""12.725000"",""-5.00"","""","""",""EUR"","""","""","""",""Savings plan execution CNE100000296 BYD, quantity: 0.392927"",""d523c0aa-e5c5-4d8e-9b7c-60ac4f8292fc"","""","""","""","""""
"2025-08-25T08:47:43.473Z,""2025-08-25"",""DEFAULT"",""TRADING"",""BUY"",""STOCK"",""Gaztransport Technigaz"",""FR0011726835"",""0.0126580000"",""158.000000"",""-2.00"","""",""-0.01"",""EUR"","""","""","""",""Savings plan execution FR0011726835 GAZTRANSP.TECHNIG.EO-,01, quantity: 0.012658"",""caf073b6-48c6-41b9-a1f0-d25adabdde31"","""","""","""","""""
"2025-08-25T13:59:42.306Z,""2025-08-25"",""DEFAULT"",""TRADING"",""BUY"",""FUND"",""Nifty 50 Swap USD (Acc)"",""LU0292109690"",""0.0640060000"",""234.350000"",""-15.00"","""","""",""EUR"","""","""","""",""Savings plan execution LU0292109690 Xtrackers - Xtrackers Nifty 50 Swap UCITS ETF 1C, quantity: 0.064006"",""b5744a1f-e5a4-4197-b6aa-eb1307ad3dbe"","""","""","""","""""
"2025-08-25T14:09:20.212Z,""2025-08-25"",""DEFAULT"",""TRADING"",""BUY"",""FUND"",""Core MSCI World USD (Acc)"",""IE00B4L5Y983"",""0.0476660000"",""104.895000"",""-5.00"","""","""",""EUR"","""","""","""",""Savings plan execution IE00B4L5Y983 iShares III plc - iShares Core MSCI World UCITS ETF USD (Acc), quantity: 0.047666"",""24761e77-5334-4238-b60d-79795d51132e"","""","""","""","""""
"2025-08-25T14:15:19.490Z,""2025-08-25"",""DEFAULT"",""TRADING"",""BUY"",""FUND"",""MSCI Africa Top 50 Swap USD (Acc)"",""LU0592217524"",""0.3515760000"",""8.533000"",""-3.00"","""","""",""EUR"","""","""","""",""Savings plan execution LU0592217524 Xtrackers - Xtrackers MSCI Africa Top 50 Swap UCITS ETF 1C, quantity: 0.351576"",""42a136c2-f607-477f-88d6-2d418dcf5f41"","""","""","""","""""
"2025-08-25T14:30:41.090Z,""2025-08-25"",""DEFAULT"",""TRADING"",""BUY"",""FUND"",""MSCI Global Semiconductors USD (Acc)"",""IE000I8KRLL9"",""0.4145930000"",""7.236000"",""-3.00"","""","""",""EUR"","""","""","""",""Savings plan execution IE000I8KRLL9 iShares IV plc - iShares MSCI Global Semiconductors UCITS ETF USD (Acc), quantity: 0.414593"",""5c8038fa-393d-4760-8cab-edcb121d38a5"","""","""","""","""""
"2025-08-25T14:33:20.146Z,""2025-08-25"",""DEFAULT"",""TRADING"",""BUY"",""FUND"",""MSCI China USD (Acc)"",""IE00BJ5JPG56"",""1.8828840000"",""5.311000"",""-10.00"","""","""",""EUR"","""","""","""",""Savings plan execution IE00BJ5JPG56 iShares IV plc - iShares MSCI China UCITS ETF USD (Acc), quantity: 1.882884"",""71be708c-4d3e-4b90-b5f3-d477ea58e7ed"","""","""","""","""""
"2025-08-25T14:50:53.359Z,""2025-08-25"",""DEFAULT"",""TRADING"",""BUY"",""FUND"",""Uranium USD (Acc)"",""IE000NDWFGA5"",""0.0509000000"",""19.646000"",""-1.00"","""","""",""EUR"","""","""","""",""Savings plan execution IE000NDWFGA5 Global X ETFs ICAV - Global X Uranium UCITS ETF Acc USD, quantity: 0.050900"",""c79e60c7-954a-45a4-8bbc-2c7f21c75211"","""","""","""","""""
"2025-08-27T13:28:29.523222Z,""2025-08-27"",""DEFAULT"",""CASH"",""CARD_TRANSACTION"","""",""PLUMDIS"","""","""","""",""-1.500000"","""","""",""EUR"","""","""","""",""PLUMDIS"",""b84c2cf1-29e8-492d-968d-a011c24d026c"","""","""","""",""5411"""
"2025-08-28T13:45:40.944425Z,""2025-08-28"",""DEFAULT"",""CASH"",""CARD_TRANSACTION"","""",""BK VAUGIRARD"","""","""","""",""-10.200000"","""","""",""EUR"","""","""","""",""BK VAUGIRARD"",""02dba821-6ac8-4022-aead-5c111b5613cc"","""","""","""",""5814"""
"2025-08-29T06:56:48.551541Z,""2025-08-29"",""DEFAULT"",""CASH"",""CARD_TRANSACTION"","""",""SARAH           2967905"","""","""","""",""-9.500000"","""","""",""EUR"","""","""","""",""SARAH           2967905"",""a738913b-aeb2-49f7-b827-faff36cc247f"","""","""","""",""5812"""
"2025-08-31T13:59:19.965014Z,""2025-08-31"",""DEFAULT"",""CASH"",""CARD_TRANSACTION"","""",""PLUMDIS"","""","""","""",""-11.250000"","""","""",""EUR"","""","""","""",""PLUMDIS"",""be7b3563-02c9-42d3-82e7-3b6bc757af6a"","""","""","""",""5411"""
"2025-09-01T10:09:11.777043Z,""2025-09-01"",""DEFAULT"",""CASH"",""INTEREST_PAYMENT"","""","""","""","""","""",""0.730000"","""",""-0.21"",""EUR"","""","""","""",""Interest payment for payout collection 019902de-3488-7d6e-bb04-99c35d3d612c"",""22fe7b53-90bb-46a7-833d-6f83b24de3ac"","""","""","""","""""
"2025-09-01T09:59:47.438068Z,""2025-09-01"",""DEFAULT"",""CASH"",""CARD_TRANSACTION"","""",""FP PARIS ROLLIN 2987770"","""","""","""",""-4.100000"","""","""",""EUR"","""","""","""",""FP PARIS ROLLIN 2987770"",""bd06d0b6-7c06-45d8-b810-83e4881f6736"","""","""","""",""5411"""
"2025-09-02T06:37:42.807Z,""2025-09-02"",""DEFAULT"",""TRADING"",""BUY"",""CRYPTO"",""Bitcoin"",""BTC"",""0.0000200000"",""97353.790000"",""-1.95"","""","""",""EUR"","""","""","""",""Savings plan execution XF000BTC0017 Bitcoin, quantity: 0.000020"",""bdfe6bbc-6aef-464c-a688-bd30178bbfab"","""","""","""","""""
"2025-09-02T07:44:09.763Z,""2025-09-02"",""DEFAULT"",""TRADING"",""BUY"",""FUND"",""Nikkei 225 JPY (Acc)"",""LU2196470426"",""0.0626640000"",""79.790000"",""-5.00"","""","""",""EUR"","""","""","""",""Savings plan execution LU2196470426 Xtrackers - Xtrackers Nikkei 225 UCITS ETF 1C, quantity: 0.062664"",""fcd5f580-c51c-434b-be8e-d9eccffcd78d"","""","""","""","""""
"2025-09-02T08:14:16.216Z,""2025-09-02"",""DEFAULT"",""TRADING"",""BUY"",""STOCK"",""Evolution Gaming Group"",""SE0012673267"",""0.0555240000"",""72.040000"",""-4.00"","""","""",""EUR"","""","""","""",""Savings plan execution SE0012673267 EVOLUTION AB (PU) SK-,003, quantity: 0.055524"",""60170d50-2823-463e-abcd-b9a5e0af2b09"","""","""","""","""""
"2025-09-02T08:17:04.478Z,""2025-09-02"",""DEFAULT"",""TRADING"",""BUY"",""STOCK"",""VINCI"",""FR0000125486"",""0.0087520000"",""114.250000"",""-1.00"","""","""",""EUR"","""","""","""",""Savings plan execution FR0000125486 VINCI S.A. INH.   EO 2,50, quantity: 0.008752"",""2a4eedad-85db-4dc8-88ad-5c63f94cda21"","""","""","""","""""
"2025-09-02T08:27:47.867Z,""2025-09-02"",""DEFAULT"",""TRADING"",""BUY"",""STOCK"",""Schneider Electric"",""FR0000121972"",""0.0187260000"",""213.600000"",""-4.00"","""",""-0.02"",""EUR"","""","""","""",""Savings plan execution FR0000121972 SCHNEIDER ELEC. INH. EO 4, quantity: 0.018726"",""87e8eaa1-c991-427c-ba8b-350e7d960343"","""","""","""","""""
"2025-09-02T08:50:52.674Z,""2025-09-02"",""DEFAULT"",""TRADING"",""BUY"",""STOCK"",""BYD"",""CNE100000296"",""0.4123710000"",""12.125000"",""-5.00"","""","""",""EUR"","""","""","""",""Savings plan execution CNE100000296 BYD, quantity: 0.412371"",""304a5670-11d4-4d06-8eaa-11a810230c22"","""","""","""","""""
"2025-09-02T09:11:44.939Z,""2025-09-02"",""DEFAULT"",""TRADING"",""BUY"",""STOCK"",""Gaztransport Technigaz"",""FR0011726835"",""0.0125620000"",""159.200000"",""-2.00"","""",""-0.01"",""EUR"","""","""","""",""Savings plan execution FR0011726835 GAZTRANSP.TECHNIG.EO-,01, quantity: 0.012562"",""687ac430-cda1-4890-afcc-659f42655fe4"","""","""","""","""""
"2025-09-02T14:05:09.925Z,""2025-09-02"",""DEFAULT"",""TRADING"",""BUY"",""FUND"",""Nifty 50 Swap USD (Acc)"",""LU0292109690"",""0.0654300000"",""229.250000"",""-15.00"","""","""",""EUR"","""","""","""",""Savings plan execution LU0292109690 Xtrackers - Xtrackers Nifty 50 Swap UCITS ETF 1C, quantity: 0.065430"",""6c9a3789-03d2-4b3b-895b-f08fcba90c67"","""","""","""","""""
"2025-09-02T14:40:15.585Z,""2025-09-02"",""DEFAULT"",""TRADING"",""BUY"",""FUND"",""MSCI Africa Top 50 Swap USD (Acc)"",""LU0592217524"",""0.3548190000"",""8.455000"",""-3.00"","""","""",""EUR"","""","""","""",""Savings plan execution LU0592217524 Xtrackers - Xtrackers MSCI Africa Top 50 Swap UCITS ETF 1C, quantity: 0.354819"",""ee50cb95-9a39-402a-b9d8-76573866b109"","""","""","""","""""
"2025-09-02T14:44:06.022Z,""2025-09-02"",""DEFAULT"",""TRADING"",""BUY"",""STOCK"",""AMD"",""US0079031078"",""0.0249810000"",""138.100000"",""-3.45"","""","""",""EUR"","""","""","""",""Savings plan execution US0079031078 ADVANCED MIC.DEV.  DL-,01, quantity: 0.024981"",""d3c70bf7-1e60-4db6-84bf-6dc46c0d6ec8"","""","""","""","""""
"2025-09-02T14:59:55.389827Z,""2025-09-02"",""DEFAULT"",""CASH"",""BENEFITS_SAVEBACK"",""FUND"",""Core MSCI World USD (Acc)"",""IE00B4L5Y983"","""","""",""0.350000"","""","""",""EUR"","""","""","""",""Your Saveback payment"",""8d9db8e9-c99f-4931-bcc0-32279d684292"","""","""","""","""""
"2025-09-02T15:10:45.566Z,""2025-09-02"",""DEFAULT"",""TRADING"",""BUY"",""FUND"",""Core MSCI World USD (Acc)"",""IE00B4L5Y983"",""0.0096100000"",""104.055000"",""-1.00"","""","""",""EUR"","""","""","""",""Savings plan execution IE00B4L5Y983 iShares III plc - iShares Core MSCI World UCITS ETF USD (Acc), quantity: 0.009610"",""9e1e673d-00f4-4bb9-ac3a-d759830f7d3c"","""","""","""","""""
"2025-09-02T15:11:53.733Z,""2025-09-02"",""DEFAULT"",""TRADING"",""BUY"",""FUND"",""MSCI Global Semiconductors USD (Acc)"",""IE000I8KRLL9"",""0.1417030000"",""7.057000"",""-1.00"","""","""",""EUR"","""","""","""",""Savings plan execution IE000I8KRLL9 iShares IV plc - iShares MSCI Global Semiconductors UCITS ETF USD (Acc), quantity: 0.141703"",""13e5cc1a-542d-4e79-8bd4-08c16fede4e2"","""","""","""","""""
"2025-09-02T15:20:32.543Z,""2025-09-02"",""DEFAULT"",""TRADING"",""BUY"",""FUND"",""MSCI China USD (Acc)"",""IE00BJ5JPG56"",""1.8857250000"",""5.303000"",""-10.00"","""","""",""EUR"","""","""","""",""Savings plan execution IE00BJ5JPG56 iShares IV plc - iShares MSCI China UCITS ETF USD (Acc), quantity: 1.885725"",""c7ac1290-0485-418a-9bdb-b244488519da"","""","""","""","""""
"2025-09-02T15:40:09.937Z,""2025-09-02"",""DEFAULT"",""TRADING"",""BUY"",""FUND"",""Core MSCI World USD (Acc)"",""IE00B4L5Y983"",""0.0033630000"",""104.050100"",""-0.35"","""","""",""EUR"","""","""","""",""Savings plan execution IE00B4L5Y983 iShares III plc - iShares Core MSCI World UCITS ETF USD (Acc), quantity: 0.003363"",""76b4363a-7f6a-49fc-8a33-b6494a6f99a0"","""","""","""","""""
"2025-09-02T15:49:55.378Z,""2025-09-02"",""DEFAULT"",""TRADING"",""BUY"",""FUND"",""Uranium USD (Acc)"",""IE000NDWFGA5"",""0.0503870000"",""19.846000"",""-1.00"","""","""",""EUR"","""","""","""",""Savings plan execution IE000NDWFGA5 Global X ETFs ICAV - Global X Uranium UCITS ETF Acc USD, quantity: 0.050387"",""881d978d-45e5-4f14-8d4f-3bc3695b258b"","""","""","""","""""
"2025-09-09T06:34:36.911Z,""2025-09-09"",""DEFAULT"",""TRADING"",""BUY"",""CRYPTO"",""Bitcoin"",""BTC"",""0.0000200000"",""98716.6000000000"",""-1.97"","""","""",""EUR"","""","""","""",""Savings plan execution XF000BTC0017 Bitcoin, quantity: 0.000020"",""14c6560d-bba6-4211-a1bb-4c115c736259"","""","""","""","""""
"2025-09-09T09:38:46.351Z,""2025-09-09"",""DEFAULT"",""TRADING"",""BUY"",""STOCK"",""Schneider Electric"",""FR0000121972"",""0.0177650000"",""225.1500000000"",""-4.00"","""",""-0.02"",""EUR"","""","""","""",""Savings plan execution FR0000121972 SCHNEIDER ELEC. INH. EO 4, quantity: 0.017765"",""59ac4a57-71f3-414c-9747-8be2f6fd4651"","""","""","""","""""
"2025-09-09T09:45:38.370Z,""2025-09-09"",""DEFAULT"",""TRADING"",""BUY"",""STOCK"",""Gaztransport Technigaz"",""FR0011726835"",""0.0131750000"",""151.8000000000"",""-2.00"","""",""-0.01"",""EUR"","""","""","""",""Savings plan execution FR0011726835 GAZTRANSP.TECHNIG.EO-,01, quantity: 0.013175"",""b3f69d8f-4edc-4c8a-9133-61e7bda3835f"","""","""","""","""""
"2025-09-09T10:11:59.961Z,""2025-09-09"",""DEFAULT"",""TRADING"",""BUY"",""FUND"",""Nikkei 225 JPY (Acc)"",""LU2196470426"",""0.0608490000"",""82.1700000000"",""-5.00"","""","""",""EUR"","""","""","""",""Savings plan execution LU2196470426 Xtrackers - Xtrackers Nikkei 225 UCITS ETF 1C, quantity: 0.060849"",""99e47a83-5552-40e0-a6fe-a4d9115ca82c"","""","""","""","""""
"2025-09-09T10:18:58.350Z,""2025-09-09"",""DEFAULT"",""TRADING"",""BUY"",""STOCK"",""BYD"",""CNE100000296"",""0.4334630000"",""11.5350000000"",""-5.00"","""","""",""EUR"","""","""","""",""Savings plan execution CNE100000296 BYD, quantity: 0.433463"",""2eaf00ad-8d93-407f-bd88-2d4099b3cd62"","""","""","""","""""
"2025-09-09T10:23:18.699Z,""2025-09-09"",""DEFAULT"",""TRADING"",""BUY"",""STOCK"",""Evolution Gaming Group"",""SE0012673267"",""0.0547340000"",""73.0800000000"",""-4.00"","""","""",""EUR"","""","""","""",""Savings plan execution SE0012673267 EVOLUTION AB (PU) SK-,003, quantity: 0.054734"",""a2fe54e7-89f9-471e-8012-d2f378bffd07"","""","""","""","""""
"2025-09-09T10:30:30.441Z,""2025-09-09"",""DEFAULT"",""TRADING"",""BUY"",""STOCK"",""VINCI"",""FR0000125486"",""0.0084960000"",""117.7000000000"",""-1.00"","""","""",""EUR"","""","""","""",""Savings plan execution FR0000125486 VINCI S.A. INH.   EO 2,50, quantity: 0.008496"",""ff42aba5-6398-4656-8c3a-eb79700705c6"","""","""","""","""""
"2025-09-09T13:59:41.836Z,""2025-09-09"",""DEFAULT"",""TRADING"",""BUY"",""FUND"",""Nifty 50 Swap USD (Acc)"",""LU0292109690"",""0.0650470000"",""230.6000000000"",""-15.00"","""","""",""EUR"","""","""","""",""Savings plan execution LU0292109690 Xtrackers - Xtrackers Nifty 50 Swap UCITS ETF 1C, quantity: 0.065047"",""f44b8057-e1e5-4dd7-9d86-0bee418ae3e8"","""","""","""","""""
"2025-09-09T14:14:48.375Z,""2025-09-09"",""DEFAULT"",""TRADING"",""BUY"",""FUND"",""MSCI Africa Top 50 Swap USD (Acc)"",""LU0592217524"",""0.3514520000"",""8.5360000000"",""-3.00"","""","""",""EUR"","""","""","""",""Savings plan execution LU0592217524 Xtrackers - Xtrackers MSCI Africa Top 50 Swap UCITS ETF 1C, quantity: 0.351452"",""fa51052c-adc0-4dd2-90d6-ac87620d573e"","""","""","""","""""
"2025-09-09T14:20:30.379Z,""2025-09-09"",""DEFAULT"",""TRADING"",""BUY"",""FUND"",""Core MSCI World USD (Acc)"",""IE00B4L5Y983"",""0.0095100000"",""105.1500000000"",""-1.00"","""","""",""EUR"","""","""","""",""Savings plan execution IE00B4L5Y983 iShares III plc - iShares Core MSCI World UCITS ETF USD (Acc), quantity: 0.009510"",""4eb38eb3-d299-40cd-8737-f495580cd52e"","""","""","""","""""
"2025-09-09T14:31:08.147Z,""2025-09-09"",""DEFAULT"",""TRADING"",""BUY"",""FUND"",""MSCI Global Semiconductors USD (Acc)"",""IE000I8KRLL9"",""0.1357220000"",""7.3680000000"",""-1.00"","""","""",""EUR"","""","""","""",""Savings plan execution IE000I8KRLL9 iShares IV plc - iShares MSCI Global Semiconductors UCITS ETF USD (Acc), quantity: 0.135722"",""9d59f6ba-cc85-4d25-8efb-9d26d694bc82"","""","""","""","""""
"2025-09-09T14:32:59.119Z,""2025-09-09"",""DEFAULT"",""TRADING"",""BUY"",""FUND"",""MSCI China USD (Acc)"",""IE00BJ5JPG56"",""1.8480870000"",""5.4110000000"",""-10.00"","""","""",""EUR"","""","""","""",""Savings plan execution IE00BJ5JPG56 iShares IV plc - iShares MSCI China UCITS ETF USD (Acc), quantity: 1.848087"",""79793287-283f-4a62-afa6-57dd0787e453"","""","""","""","""""
"2025-09-09T14:49:24.106Z,""2025-09-09"",""DEFAULT"",""TRADING"",""BUY"",""FUND"",""Uranium USD (Acc)"",""IE000NDWFGA5"",""0.0484140000"",""20.6550000000"",""-1.00"","""","""",""EUR"","""","""","""",""Savings plan execution IE000NDWFGA5 Global X ETFs ICAV - Global X Uranium UCITS ETF Acc USD, quantity: 0.048414"",""54e5811c-837a-4330-99c6-6c5b61c5560f"","""","""","""","""""
"2025-09-16T06:36:07.157Z,""2025-09-16"",""DEFAULT"",""TRADING"",""BUY"",""CRYPTO"",""Bitcoin"",""BTC"",""0.0000190000"",""101175.3900000000"",""-1.92"","""","""",""EUR"","""","""","""",""Savings plan execution XF000BTC0017 Bitcoin, quantity: 0.000019"",""f384f6a9-d22b-4c7f-9209-6fcff98d2686"","""","""","""","""""
"2025-09-16T07:44:07.695Z,""2025-09-16"",""DEFAULT"",""TRADING"",""BUY"",""FUND"",""Nikkei 225 JPY (Acc)"",""LU2196470426"",""0.0590170000"",""84.7200000000"",""-5.00"","""","""",""EUR"","""","""","""",""Savings plan execution LU2196470426 Xtrackers - Xtrackers Nikkei 225 UCITS ETF 1C, quantity: 0.059017"",""ad0e9442-ed45-40e5-bf83-f8aec952f127"","""","""","""","""""
"2025-09-16T08:14:17.476Z,""2025-09-16"",""DEFAULT"",""TRADING"",""BUY"",""STOCK"",""Evolution Gaming Group"",""SE0012673267"",""0.0522600000"",""76.5400000000"",""-4.00"","""","""",""EUR"","""","""","""",""Savings plan execution SE0012673267 EVOLUTION AB (PU) SK-,003, quantity: 0.052260"",""d0044656-0b92-4bb5-8e43-2f5b51f95c1b"","""","""","""","""""
"2025-09-16T08:16:49.544Z,""2025-09-16"",""DEFAULT"",""TRADING"",""BUY"",""STOCK"",""VINCI"",""FR0000125486"",""0.0084100000"",""118.9000000000"",""-1.00"","""","""",""EUR"","""","""","""",""Savings plan execution FR0000125486 VINCI S.A. INH.   EO 2,50, quantity: 0.008410"",""5b3d7410-bbca-470c-bbf5-4deca6b2a9eb"","""","""","""","""""
"2025-09-16T08:26:41.788Z,""2025-09-16"",""DEFAULT"",""TRADING"",""BUY"",""STOCK"",""Schneider Electric"",""FR0000121972"",""0.0171600000"",""233.1000000000"",""-4.00"","""",""-0.02"",""EUR"","""","""","""",""Savings plan execution FR0000121972 SCHNEIDER ELEC. INH. EO 4, quantity: 0.017160"",""a04bdf65-0453-4b59-813b-d92dc1e7fb4a"","""","""","""","""""
"2025-09-16T08:46:14.924Z,""2025-09-16"",""DEFAULT"",""TRADING"",""BUY"",""STOCK"",""BYD"",""CNE100000296"",""0.4158000000"",""12.0250000000"",""-5.00"","""","""",""EUR"","""","""","""",""Savings plan execution CNE100000296 BYD, quantity: 0.415800"",""c3f2b3ac-6e50-4bf8-a7a8-462c4581bdde"","""","""","""","""""
"2025-09-16T08:51:58.887Z,""2025-09-16"",""DEFAULT"",""TRADING"",""BUY"",""STOCK"",""Gaztransport Technigaz"",""FR0011726835"",""0.0125700000"",""159.1000000000"",""-2.00"","""",""-0.01"",""EUR"","""","""","""",""Savings plan execution FR0011726835 GAZTRANSP.TECHNIG.EO-,01, quantity: 0.012570"",""5e298b54-3a58-46c5-af20-c67c65514596"","""","""","""","""""
"2025-09-16T14:00:32.952Z,""2025-09-16"",""DEFAULT"",""TRADING"",""BUY"",""FUND"",""Nifty 50 Swap USD (Acc)"",""LU0292109690"",""0.0645710000"",""232.3000000000"",""-15.00"","""","""",""EUR"","""","""","""",""Savings plan execution LU0292109690 Xtrackers - Xtrackers Nifty 50 Swap UCITS ETF 1C, quantity: 0.064571"",""c1c72aac-449f-4167-aa31-a5efa1198183"","""","""","""","""""
"2025-09-16T14:23:53.325Z,""2025-09-16"",""DEFAULT"",""TRADING"",""BUY"",""FUND"",""MSCI Africa Top 50 Swap USD (Acc)"",""LU0592217524"",""0.3498130000"",""8.5760000000"",""-3.00"","""","""",""EUR"","""","""","""",""Savings plan execution LU0592217524 Xtrackers - Xtrackers MSCI Africa Top 50 Swap UCITS ETF 1C, quantity: 0.349813"",""09e5f274-fb86-41ae-9b31-64d92af65a66"","""","""","""","""""
"2025-09-16T14:49:58.584Z,""2025-09-16"",""DEFAULT"",""TRADING"",""BUY"",""FUND"",""Core MSCI World USD (Acc)"",""IE00B4L5Y983"",""0.0094400000"",""105.9252000000"",""-1.00"","""","""",""EUR"","""","""","""",""Savings plan execution IE00B4L5Y983 iShares III plc - iShares Core MSCI World UCITS ETF USD (Acc), quantity: 0.009440"",""3eb5ae5c-0954-4300-a01e-f0360ea1c2a7"","""","""","""","""""
"2025-09-16T14:56:41.378Z,""2025-09-16"",""DEFAULT"",""TRADING"",""BUY"",""FUND"",""MSCI Global Semiconductors USD (Acc)"",""IE000I8KRLL9"",""0.1290480000"",""7.7490000000"",""-1.00"","""","""",""EUR"","""","""","""",""Savings plan execution IE000I8KRLL9 iShares IV plc - iShares MSCI Global Semiconductors UCITS ETF USD (Acc), quantity: 0.129048"",""f4198693-f62a-410b-a8ba-b988cdcb97d5"","""","""","""","""""
"2025-09-16T14:57:20.694Z,""2025-09-16"",""DEFAULT"",""TRADING"",""BUY"",""FUND"",""MSCI China USD (Acc)"",""IE00BJ5JPG56"",""1.8271510000"",""5.4730000000"",""-10.00"","""","""",""EUR"","""","""","""",""Savings plan execution IE00BJ5JPG56 iShares IV plc - iShares MSCI China UCITS ETF USD (Acc), quantity: 1.827151"",""7acdc229-8664-4fe7-b4c8-e692c963fd3c"","""","""","""","""""
"2025-09-16T15:08:13.134Z,""2025-09-16"",""DEFAULT"",""TRADING"",""BUY"",""FUND"",""Uranium USD (Acc)"",""IE000NDWFGA5"",""0.0452180000"",""22.1150000000"",""-1.00"","""","""",""EUR"","""","""","""",""Savings plan execution IE000NDWFGA5 Global X ETFs ICAV - Global X Uranium UCITS ETF Acc USD, quantity: 0.045218"",""2ef980d9-886c-401b-9e42-748800d8e2d0"","""","""","""","""""
"2025-09-22T19:03:11.596184Z,""2025-09-22"",""DEFAULT"",""CASH"",""TRANSFER_INSTANT_INBOUND"","""","""","""","""","""",""200.000000"","""","""",""EUR"","""","""","""",""Incoming transfer from Leo BERTRAND"",""e38a189b-59b0-4a20-9b5c-2370abe045de"","""","""","""","""""
"2025-09-23T06:37:09.955Z,""2025-09-23"",""DEFAULT"",""TRADING"",""BUY"",""CRYPTO"",""Bitcoin"",""BTC"",""0.0000200000"",""98982.0400000000"",""-1.98"","""","""",""EUR"","""","""","""",""Savings plan execution XF000BTC0017 Bitcoin, quantity: 0.000020"",""41d234fc-c4fd-4cf2-b3c7-e3f6e033dd58"","""","""","""","""""
"2025-09-23T07:44:05.747Z,""2025-09-23"",""DEFAULT"",""TRADING"",""BUY"",""FUND"",""Nikkei 225 JPY (Acc)"",""LU2196470426"",""0.0582200000"",""85.8800000000"",""-5.00"","""","""",""EUR"","""","""","""",""Savings plan execution LU2196470426 Xtrackers - Xtrackers Nikkei 225 UCITS ETF 1C, quantity: 0.058220"",""f37da234-9852-4f3d-84cb-2f6cff78bffa"","""","""","""","""""
"2025-09-23T08:14:14.490Z,""2025-09-23"",""DEFAULT"",""TRADING"",""BUY"",""STOCK"",""Evolution Gaming Group"",""SE0012673267"",""0.0533040000"",""75.0400000000"",""-4.00"","""","""",""EUR"","""","""","""",""Savings plan execution SE0012673267 EVOLUTION AB (PU) SK-,003, quantity: 0.053304"",""a0e5ac1a-08be-4565-86f7-0923ff6446c5"","""","""","""","""""
"2025-09-23T08:16:44.781Z,""2025-09-23"",""DEFAULT"",""TRADING"",""BUY"",""STOCK"",""VINCI"",""FR0000125486"",""0.0084630000"",""118.1500000000"",""-1.00"","""","""",""EUR"","""","""","""",""Savings plan execution FR0000125486 VINCI S.A. INH.   EO 2,50, quantity: 0.008463"",""ab1b124e-e357-4514-a2d7-1abbc465219e"","""","""","""","""""
"2025-09-23T08:26:24.392Z,""2025-09-23"",""DEFAULT"",""TRADING"",""BUY"",""STOCK"",""Schneider Electric"",""FR0000121972"",""0.0170280000"",""234.9000000000"",""-4.00"","""",""-0.02"",""EUR"","""","""","""",""Savings plan execution FR0000121972 SCHNEIDER ELEC. INH. EO 4, quantity: 0.017028"",""cb6f61bc-6c3c-42e9-85a4-74ef7732d1b2"","""","""","""","""""
"2025-09-23T08:43:22.405Z,""2025-09-23"",""DEFAULT"",""TRADING"",""BUY"",""STOCK"",""BYD"",""CNE100000296"",""0.4293680000"",""11.6450000000"",""-5.00"","""","""",""EUR"","""","""","""",""Savings plan execution CNE100000296 BYD, quantity: 0.429368"",""98326e9c-4682-4ebf-a3a3-44f7beec4e51"","""","""","""","""""
"2025-09-23T08:47:43.140Z,""2025-09-23"",""DEFAULT"",""TRADING"",""BUY"",""STOCK"",""Gaztransport Technigaz"",""FR0011726835"",""0.0130290000"",""153.5000000000"",""-2.00"","""",""-0.01"",""EUR"","""","""","""",""Savings plan execution FR0011726835 GAZTRANSP.TECHNIG.EO-,01, quantity: 0.013029"",""9c0bbf91-19d4-4b3c-baaf-258879ad37ec"","""","""","""","""""
"2025-09-23T13:59:42.180Z,""2025-09-23"",""DEFAULT"",""TRADING"",""BUY"",""FUND"",""Nifty 50 Swap USD (Acc)"",""LU0292109690"",""0.0650470000"",""230.6000000000"",""-15.00"","""","""",""EUR"","""","""","""",""Savings plan execution LU0292109690 Xtrackers - Xtrackers Nifty 50 Swap UCITS ETF 1C, quantity: 0.065047"",""f8f7062d-f899-48e3-befe-c729bff34e81"","""","""","""","""""
"2025-09-23T14:15:11.254Z,""2025-09-23"",""DEFAULT"",""TRADING"",""BUY"",""FUND"",""MSCI Africa Top 50 Swap USD (Acc)"",""LU0592217524"",""0.3485940000"",""8.6060000000"",""-3.00"","""","""",""EUR"","""","""","""",""Savings plan execution LU0592217524 Xtrackers - Xtrackers MSCI Africa Top 50 Swap UCITS ETF 1C, quantity: 0.348594"",""c1619ab5-4965-4987-84d7-3df7441813d1"","""","""","""","""""
"2025-09-23T14:19:20.511Z,""2025-09-23"",""DEFAULT"",""TRADING"",""BUY"",""FUND"",""Core MSCI World USD (Acc)"",""IE00B4L5Y983"",""0.0093100000"",""107.4050000000"",""-1.00"","""","""",""EUR"","""","""","""",""Savings plan execution IE00B4L5Y983 iShares III plc - iShares Core MSCI World UCITS ETF USD (Acc), quantity: 0.009310"",""ed487fb7-d2b1-49ef-9e36-24fb0f05cd45"","""","""","""","""""
"2025-09-23T14:31:34.959Z,""2025-09-23"",""DEFAULT"",""TRADING"",""BUY"",""FUND"",""MSCI Global Semiconductors USD (Acc)"",""IE000I8KRLL9"",""0.1216240000"",""8.2220000000"",""-1.00"","""","""",""EUR"","""","""","""",""Savings plan execution IE000I8KRLL9 iShares IV plc - iShares MSCI Global Semiconductors UCITS ETF USD (Acc), quantity: 0.121624"",""c70038ef-0c44-4229-8847-16357796f669"","""","""","""","""""
"2025-09-23T14:36:38.721Z,""2025-09-23"",""DEFAULT"",""TRADING"",""BUY"",""FUND"",""MSCI China USD (Acc)"",""IE00BJ5JPG56"",""1.8248170000"",""5.4800000000"",""-10.00"","""","""",""EUR"","""","""","""",""Savings plan execution IE00BJ5JPG56 iShares IV plc - iShares MSCI China UCITS ETF USD (Acc), quantity: 1.824817"",""b968852f-bbf1-4da8-aef5-acc4969fe2cf"","""","""","""","""""
"2025-09-23T14:50:56.316Z,""2025-09-23"",""DEFAULT"",""TRADING"",""BUY"",""FUND"",""Uranium USD (Acc)"",""IE000NDWFGA5"",""0.0390390000"",""25.6150000000"",""-1.00"","""","""",""EUR"","""","""","""",""Savings plan execution IE000NDWFGA5 Global X ETFs ICAV - Global X Uranium UCITS ETF Acc USD, quantity: 0.039039"",""e12e2bde-348e-494d-9c8f-c4b35b2ba6bd"","""","""","""","""""
"2025-10-01T00:20:11.719272Z,""2025-10-01"",""DEFAULT"",""CASH"",""INTEREST_PAYMENT"","""","""","""","""","""",""0.520000"","""",""-0.16"",""EUR"","""","""","""",""Interest payment for payout collection 01999d22-cbc4-76cb-87b8-2bab989459ba"",""4e2f7379-7ba1-4f3c-81da-8aa67c18b431"","""","""","""","""""
"2025-10-02T06:46:10.184Z,""2025-10-02"",""DEFAULT"",""TRADING"",""BUY"",""CRYPTO"",""Bitcoin"",""BTC"",""0.0000190000"",""104383.7800000000"",""-1.98"","""","""",""EUR"","""","""","""",""Savings plan execution XF000BTC0017 Bitcoin, quantity: 0.000019"",""a04e1a93-8cc3-40a1-a0ec-396cf5365599"","""","""","""","""""
"2025-10-02T07:44:29.569Z,""2025-10-02"",""DEFAULT"",""TRADING"",""BUY"",""FUND"",""Nikkei 225 JPY (Acc)"",""LU2196470426"",""0.0584720000"",""85.5100000000"",""-5.00"","""","""",""EUR"","""","""","""",""Savings plan execution LU2196470426 Xtrackers - Xtrackers Nikkei 225 UCITS ETF 1C, quantity: 0.058472"",""c0fcd835-7b6f-4541-95b5-354e6fb6cf1e"","""","""","""","""""
"2025-10-02T08:14:21.265Z,""2025-10-02"",""DEFAULT"",""TRADING"",""BUY"",""STOCK"",""Evolution Gaming Group"",""SE0012673267"",""0.0570610000"",""70.1000000000"",""-4.00"","""","""",""EUR"","""","""","""",""Savings plan execution SE0012673267 EVOLUTION AB (PU) SK-,003, quantity: 0.057061"",""92b4b2d8-f25b-45ac-9a43-b7f90cf8e0e1"","""","""","""","""""
"2025-10-02T08:17:42.620Z,""2025-10-02"",""DEFAULT"",""TRADING"",""BUY"",""STOCK"",""VINCI"",""FR0000125486"",""0.0084670000"",""118.1000000000"",""-1.00"","""","""",""EUR"","""","""","""",""Savings plan execution FR0000125486 VINCI S.A. INH.   EO 2,50, quantity: 0.008467"",""ee8c1ac9-a5d7-4e4c-9b3f-c2ed686502d8"","""","""","""","""""
"2025-10-02T08:27:29.804Z,""2025-10-02"",""DEFAULT"",""TRADING"",""BUY"",""STOCK"",""Schneider Electric"",""FR0000121972"",""0.0159360000"",""251.0000000000"",""-4.00"","""",""-0.02"",""EUR"","""","""","""",""Savings plan execution FR0000121972 SCHNEIDER ELEC. INH. EO 4, quantity: 0.015936"",""b85354c7-56df-47e9-af5a-3c84e1f326d6"","""","""","""","""""
"2025-10-02T09:00:42.128Z,""2025-10-02"",""DEFAULT"",""TRADING"",""BUY"",""STOCK"",""Gaztransport Technigaz"",""FR0011726835"",""0.0127790000"",""156.5000000000"",""-2.00"","""",""-0.01"",""EUR"","""","""","""",""Savings plan execution FR0011726835 GAZTRANSP.TECHNIG.EO-,01, quantity: 0.012779"",""f45b0cc3-35d1-41c7-b4e7-608dd77c407e"","""","""","""","""""
"2025-10-02T09:03:12.809Z,""2025-10-02"",""DEFAULT"",""TRADING"",""BUY"",""STOCK"",""BYD"",""CNE100000296"",""0.4016060000"",""12.4500000000"",""-5.00"","""","""",""EUR"","""","""","""",""Savings plan execution CNE100000296 BYD, quantity: 0.401606"",""b5725ccb-79ba-48e7-b1e3-ba0d6097b2a4"","""","""","""","""""
"2025-10-02T14:02:56.211Z,""2025-10-02"",""DEFAULT"",""TRADING"",""BUY"",""FUND"",""Nifty 50 Swap USD (Acc)"",""LU0292109690"",""0.0656160000"",""228.6000000000"",""-15.00"","""","""",""EUR"","""","""","""",""Savings plan execution LU0292109690 Xtrackers - Xtrackers Nifty 50 Swap UCITS ETF 1C, quantity: 0.065616"",""669ed5f8-8f4b-4f34-a4c2-ddfdbfaacb1b"","""","""","""","""""
"2025-10-02T14:40:55.944Z,""2025-10-02"",""DEFAULT"",""TRADING"",""BUY"",""FUND"",""MSCI Africa Top 50 Swap USD (Acc)"",""LU0592217524"",""0.3430530000"",""8.7450000000"",""-3.00"","""","""",""EUR"","""","""","""",""Savings plan execution LU0592217524 Xtrackers - Xtrackers MSCI Africa Top 50 Swap UCITS ETF 1C, quantity: 0.343053"",""50fdbfdc-c869-4f12-9e28-cfd1eaecca84"","""","""","""","""""
"2025-10-02T15:23:15.764Z,""2025-10-02"",""DEFAULT"",""TRADING"",""BUY"",""FUND"",""Core MSCI World USD (Acc)"",""IE00B4L5Y983"",""0.0092210000"",""108.4400000000"",""-1.00"","""","""",""EUR"","""","""","""",""Savings plan execution IE00B4L5Y983 iShares III plc - iShares Core MSCI World UCITS ETF USD (Acc), quantity: 0.009221"",""1863665f-9596-4fdd-becd-852528385889"","""","""","""","""""
"2025-10-02T15:40:19.755Z,""2025-10-02"",""DEFAULT"",""TRADING"",""BUY"",""FUND"",""MSCI China USD (Acc)"",""IE00BJ5JPG56"",""1.7349060000"",""5.7640000000"",""-10.00"","""","""",""EUR"","""","""","""",""Savings plan execution IE00BJ5JPG56 iShares IV plc - iShares MSCI China UCITS ETF USD (Acc), quantity: 1.734906"",""49927b3d-5cc8-4f6f-8c72-96a432240ea7"","""","""","""","""""
"2025-10-02T15:59:48.191Z,""2025-10-02"",""DEFAULT"",""TRADING"",""BUY"",""FUND"",""Uranium USD (Acc)"",""IE000NDWFGA5"",""0.0403550000"",""24.7800000000"",""-1.00"","""","""",""EUR"","""","""","""",""Savings plan execution IE000NDWFGA5 Global X ETFs ICAV - Global X Uranium UCITS ETF Acc USD, quantity: 0.040355"",""79229fea-d1c5-427b-818a-6ccaf782a4b0"","""","""","""","""""
"2025-10-02T16:08:26.234Z,""2025-10-02"",""DEFAULT"",""TRADING"",""BUY"",""FUND"",""MSCI Global Semiconductors USD (Acc)"",""IE000I8KRLL9"",""0.1168630000"",""8.5570000000"",""-1.00"","""","""",""EUR"","""","""","""",""Savings plan execution IE000I8KRLL9 iShares IV plc - iShares MSCI Global Semiconductors UCITS ETF USD (Acc), quantity: 0.116863"",""0d410c61-39da-48d9-afe1-226fccd2302e"","""","""","""","""""
"2025-10-07T10:28:25.924427Z,""2025-10-07"",""DEFAULT"",""CASH"",""TRANSFER_INSTANT_INBOUND"","""","""","""","""","""",""150.000000"","""","""",""EUR"","""","""","""",""Incoming transfer from Leo BERTRAND"",""fcd948ff-aa29-47ab-863c-f559a0d93de3"","""","""","""","""""
"2025-10-09T06:36:36.741Z,""2025-10-09"",""DEFAULT"",""TRADING"",""BUY"",""CRYPTO"",""Bitcoin"",""BTC"",""0.0000180000"",""108045.0100000000"",""-1.94"","""","""",""EUR"","""","""","""",""Savings plan execution XF000BTC0017 Bitcoin, quantity: 0.000018"",""6b4d3730-0eab-4ce2-9edd-e9df7b41a6f1"","""","""","""","""""
"2025-10-09T07:44:05.489Z,""2025-10-09"",""DEFAULT"",""TRADING"",""BUY"",""FUND"",""Nikkei 225 JPY (Acc)"",""LU2196470426"",""0.0555120000"",""90.0700000000"",""-5.00"","""","""",""EUR"","""","""","""",""Savings plan execution LU2196470426 Xtrackers - Xtrackers Nikkei 225 UCITS ETF 1C, quantity: 0.055512"",""bd364485-5302-419c-8eaf-6d93c9de4c66"","""","""","""","""""
"2025-10-09T08:14:15.700Z,""2025-10-09"",""DEFAULT"",""TRADING"",""BUY"",""STOCK"",""Evolution Gaming Group"",""SE0012673267"",""0.0593820000"",""67.3600000000"",""-4.00"","""","""",""EUR"","""","""","""",""Savings plan execution SE0012673267 EVOLUTION AB (PU) SK-,003, quantity: 0.059382"",""d9ef2e18-af30-4fa7-9711-6944995b5b74"","""","""","""","""""
"2025-10-09T08:16:45.472Z,""2025-10-09"",""DEFAULT"",""TRADING"",""BUY"",""STOCK"",""VINCI"",""FR0000125486"",""0.0084630000"",""118.1500000000"",""-1.00"","""","""",""EUR"","""","""","""",""Savings plan execution FR0000125486 VINCI S.A. INH.   EO 2,50, quantity: 0.008463"",""6df15896-3587-44a0-aa0f-2525dd197db9"","""","""","""","""""
"2025-10-09T08:26:18.977Z,""2025-10-09"",""DEFAULT"",""TRADING"",""BUY"",""STOCK"",""Schneider Electric"",""FR0000121972"",""0.0160090000"",""249.8500000000"",""-4.00"","""",""-0.02"",""EUR"","""","""","""",""Savings plan execution FR0000121972 SCHNEIDER ELEC. INH. EO 4, quantity: 0.016009"",""ac25e23f-6f5a-485c-9567-fd31e639cd40"","""","""","""","""""
"2025-10-09T08:42:36.808Z,""2025-10-09"",""DEFAULT"",""TRADING"",""BUY"",""STOCK"",""BYD"",""CNE100000296"",""0.4101720000"",""12.1900000000"",""-5.00"","""","""",""EUR"","""","""","""",""Savings plan execution CNE100000296 BYD, quantity: 0.410172"",""ab9cfe88-8690-4926-a725-e5eddf844262"","""","""","""","""""
"2025-10-09T08:47:57.511Z,""2025-10-09"",""DEFAULT"",""TRADING"",""BUY"",""STOCK"",""Gaztransport Technigaz"",""FR0011726835"",""0.0121800000"",""164.2000000000"",""-2.00"","""",""-0.01"",""EUR"","""","""","""",""Savings plan execution FR0011726835 GAZTRANSP.TECHNIG.EO-,01, quantity: 0.012180"",""11c5c41d-b07f-4672-9fc2-4166421b704e"","""","""","""","""""
"2025-10-09T13:59:43.315Z,""2025-10-09"",""DEFAULT"",""TRADING"",""BUY"",""FUND"",""Nifty 50 Swap USD (Acc)"",""LU0292109690"",""0.0427620000"",""233.8500000000"",""-10.00"","""","""",""EUR"","""","""","""",""Savings plan execution LU0292109690 Xtrackers - Xtrackers Nifty 50 Swap UCITS ETF 1C, quantity: 0.042762"",""eaf3c7c1-b838-4c2f-8523-00866edda11a"","""","""","""","""""
"2025-10-09T14:14:51.638Z,""2025-10-09"",""DEFAULT"",""TRADING"",""BUY"",""FUND"",""MSCI Africa Top 50 Swap USD (Acc)"",""LU0592217524"",""0.3358710000"",""8.9320000000"",""-3.00"","""","""",""EUR"","""","""","""",""Savings plan execution LU0592217524 Xtrackers - Xtrackers MSCI Africa Top 50 Swap UCITS ETF 1C, quantity: 0.335871"",""ad136601-bfa3-4a38-8528-cc965509821b"","""","""","""","""""
"2025-10-09T14:25:06.177Z,""2025-10-09"",""DEFAULT"",""TRADING"",""BUY"",""FUND"",""Core MSCI World USD (Acc)"",""IE00B4L5Y983"",""0.0090880000"",""110.0300000000"",""-1.00"","""","""",""EUR"","""","""","""",""Savings plan execution IE00B4L5Y983 iShares III plc - iShares Core MSCI World UCITS ETF USD (Acc), quantity: 0.009088"",""51a526d6-a06a-458d-996e-bfc817bd014c"","""","""","""","""""
"2025-10-09T14:31:14.377Z,""2025-10-09"",""DEFAULT"",""TRADING"",""BUY"",""FUND"",""MSCI Global Semiconductors USD (Acc)"",""IE000I8KRLL9"",""0.1118810000"",""8.9380000000"",""-1.00"","""","""",""EUR"","""","""","""",""Savings plan execution IE000I8KRLL9 iShares IV plc - iShares MSCI Global Semiconductors UCITS ETF USD (Acc), quantity: 0.111881"",""385f6b07-c67f-4e55-a62b-f61b398c8bab"","""","""","""","""""
"2025-10-09T14:34:12.913Z,""2025-10-09"",""DEFAULT"",""TRADING"",""BUY"",""FUND"",""MSCI China USD (Acc)"",""IE00BJ5JPG56"",""1.7596330000"",""5.6830000000"",""-10.00"","""","""",""EUR"","""","""","""",""Savings plan execution IE00BJ5JPG56 iShares IV plc - iShares MSCI China UCITS ETF USD (Acc), quantity: 1.759633"",""420e29f9-fe6e-40c5-8fd2-0eb597071d93"","""","""","""","""""
"2025-10-09T14:50:17.978Z,""2025-10-09"",""DEFAULT"",""TRADING"",""BUY"",""FUND"",""Uranium USD (Acc)"",""IE000NDWFGA5"",""0.0371740000"",""26.9000000000"",""-1.00"","""","""",""EUR"","""","""","""",""Savings plan execution IE000NDWFGA5 Global X ETFs ICAV - Global X Uranium UCITS ETF Acc USD, quantity: 0.037174"",""c91e9674-c117-4f0b-ad98-794c0fe7a0b9"","""","""","""","""""
"2025-10-16T06:43:25.308Z,""2025-10-16"",""DEFAULT"",""TRADING"",""BUY"",""CRYPTO"",""Bitcoin"",""BTC"",""0.0000100000"",""98544.8800000000"",""-0.99"","""","""",""EUR"","""","""","""",""Savings plan execution XF000BTC0017 Bitcoin, quantity: 0.000010"",""5c04c100-cc63-402c-8c44-c8f5acfecc45"","""","""","""","""""
"2025-10-16T07:44:09.611Z,""2025-10-16"",""DEFAULT"",""TRADING"",""BUY"",""FUND"",""Nikkei 225 JPY (Acc)"",""LU2196470426"",""0.0554070000"",""90.2400000000"",""-5.00"","""","""",""EUR"","""","""","""",""Savings plan execution LU2196470426 Xtrackers - Xtrackers Nikkei 225 UCITS ETF 1C, quantity: 0.055407"",""6120830b-23e9-4877-94d5-c218c827ba2f"","""","""","""","""""
"2025-10-16T08:14:52.930Z,""2025-10-16"",""DEFAULT"",""TRADING"",""BUY"",""STOCK"",""Evolution Gaming Group"",""SE0012673267"",""0.0609570000"",""65.6200000000"",""-4.00"","""","""",""EUR"","""","""","""",""Savings plan execution SE0012673267 EVOLUTION AB (PU) SK-,003, quantity: 0.060957"",""711db502-a089-40eb-be0f-fbe45c2c094b"","""","""","""","""""
"2025-10-16T08:17:11.192Z,""2025-10-16"",""DEFAULT"",""TRADING"",""BUY"",""STOCK"",""VINCI"",""FR0000125486"",""0.0083710000"",""119.4500000000"",""-1.00"","""","""",""EUR"","""","""","""",""Savings plan execution FR0000125486 VINCI S.A. INH.   EO 2,50, quantity: 0.008371"",""81e18ce1-e661-49e8-a421-52bd6f57ebfd"","""","""","""","""""
"2025-10-16T08:26:40.610Z,""2025-10-16"",""DEFAULT"",""TRADING"",""BUY"",""STOCK"",""Schneider Electric"",""FR0000121972"",""0.0161250000"",""248.0500000000"",""-4.00"","""",""-0.02"",""EUR"","""","""","""",""Savings plan execution FR0000121972 SCHNEIDER ELEC. INH. EO 4, quantity: 0.016125"",""a76f590f-7e18-4c10-98cb-da66e19b5c5a"","""","""","""","""""
"2025-10-16T08:50:21.864Z,""2025-10-16"",""DEFAULT"",""TRADING"",""BUY"",""STOCK"",""BYD"",""CNE100000296"",""0.4196390000"",""11.9150000000"",""-5.00"","""","""",""EUR"","""","""","""",""Savings plan execution CNE100000296 BYD, quantity: 0.419639"",""066690b5-abe9-4140-abfe-ce8698c36a96"","""","""","""","""""
"2025-10-16T08:51:11.739Z,""2025-10-16"",""DEFAULT"",""TRADING"",""BUY"",""STOCK"",""Gaztransport Technigaz"",""FR0011726835"",""0.0123530000"",""161.9000000000"",""-2.00"","""",""-0.01"",""EUR"","""","""","""",""Savings plan execution FR0011726835 GAZTRANSP.TECHNIG.EO-,01, quantity: 0.012353"",""fa58f38c-e527-4707-8d28-a781f0b1e198"","""","""","""","""""
"2025-10-16T12:43:47.383769Z,""2025-10-16"",""DEFAULT"",""CASH"",""DIVIDEND"",""STOCK"",""VINCI"",""FR0000125486"",""0.0274340000"","""",""0.020000"","""","""",""EUR"","""","""","""",""Cash Dividend for ISIN FR0000125486"",""4966bc2c-614c-4c80-8931-e3d8e968b830"","""","""","""","""""
"2025-10-16T13:13:26.644860Z,""2025-10-16"",""DEFAULT"",""CASH"",""PRIVATE_MARKET_BUY"",""PRIVATE_FUND"",""Private Equity"",""LU3170240538"","""","""",""-10.000000"","""","""",""EUR"","""","""","""",""Private Markets pre-payment for buy order: d636f4a1-49ce-4111-bb5c-622825f1ca42"",""981754b2-aa7c-4f9e-9cde-0be6ee1917a7"","""","""","""","""""
"2025-10-16T14:02:54.046Z,""2025-10-16"",""DEFAULT"",""TRADING"",""BUY"",""FUND"",""Nifty 50 Swap USD (Acc)"",""LU0292109690"",""0.0418760000"",""238.8000000000"",""-10.00"","""","""",""EUR"","""","""","""",""Savings plan execution LU0292109690 Xtrackers - Xtrackers Nifty 50 Swap UCITS ETF 1C, quantity: 0.041876"",""26b963bd-0eab-4dbd-be32-ff5dd6f1c0d3"","""","""","""","""""
"2025-10-16T14:19:42.668Z,""2025-10-16"",""DEFAULT"",""TRADING"",""BUY"",""FUND"",""MSCI Africa Top 50 Swap USD (Acc)"",""LU0592217524"",""0.3446290000"",""8.7050000000"",""-3.00"","""","""",""EUR"","""","""","""",""Savings plan execution LU0592217524 Xtrackers - Xtrackers MSCI Africa Top 50 Swap UCITS ETF 1C, quantity: 0.344629"",""1585b091-a7db-4044-a68e-8d93154d411b"","""","""","""","""""
"2025-10-16T14:29:05.050011Z,""2025-10-16"",""DEFAULT"",""CASH"",""DIVIDEND"",""STOCK"",""VINCI"",""FR0000125486"",""0.3420150000"","""",""0.360000"","""",""-0.11"",""EUR"","""","""","""",""Cash Dividend for ISIN FR0000125486"",""c7d855a3-f3eb-4fbf-93ca-bde87583a616"","""","""","""","""""
"2025-10-16T09:05:58.994508Z,""2025-10-16"",""DEFAULT"",""CASH"",""PRIVATE_MARKET_BUY"",""PRIVATE_FUND"",""Private Equity"",""LU3176111881"","""","""",""-20.000000"","""","""",""EUR"","""","""","""",""Private Markets pre-payment for buy order: 01b0ec70-6355-4b83-8acd-f1fbd0d69ec9"",""ba959104-4ad3-438f-9e6e-0127b79839d2"","""","""","""","""""
"2025-10-16T14:50:11.924Z,""2025-10-16"",""DEFAULT"",""TRADING"",""BUY"",""FUND"",""Core MSCI World USD (Acc)"",""IE00B4L5Y983"",""0.0091880000"",""108.8297000000"",""-1.00"","""","""",""EUR"","""","""","""",""Savings plan execution IE00B4L5Y983 iShares III plc - iShares Core MSCI World UCITS ETF USD (Acc), quantity: 0.009188"",""9f2b0a64-40ee-48aa-b449-bc2da566ccd5"","""","""","""","""""
"2025-10-16T14:54:19.954Z,""2025-10-16"",""DEFAULT"",""TRADING"",""BUY"",""FUND"",""MSCI Global Semiconductors USD (Acc)"",""IE000I8KRLL9"",""0.1106920000"",""9.0340000000"",""-1.00"","""","""",""EUR"","""","""","""",""Savings plan execution IE000I8KRLL9 iShares IV plc - iShares MSCI Global Semiconductors UCITS ETF USD (Acc), quantity: 0.110692"",""7390cca3-4b90-410e-8241-da9864b134bd"","""","""","""","""""
"2025-10-16T14:56:46.574Z,""2025-10-16"",""DEFAULT"",""TRADING"",""BUY"",""FUND"",""MSCI China USD (Acc)"",""IE00BJ5JPG56"",""1.8129070000"",""5.5160000000"",""-10.00"","""","""",""EUR"","""","""","""",""Savings plan execution IE00BJ5JPG56 iShares IV plc - iShares MSCI China UCITS ETF USD (Acc), quantity: 1.812907"",""a02f8296-955a-4d4b-953b-7c6a5636796c"","""","""","""","""""
"2025-10-16T15:11:45.984Z,""2025-10-16"",""DEFAULT"",""TRADING"",""BUY"",""FUND"",""Uranium USD (Acc)"",""IE000NDWFGA5"",""0.0323150000"",""30.9450000000"",""-1.00"","""","""",""EUR"","""","""","""",""Savings plan execution IE000NDWFGA5 Global X ETFs ICAV - Global X Uranium UCITS ETF Acc USD, quantity: 0.032315"",""157b52cb-9ba1-45ff-8be1-cea79cc5b644"","""","""","""","""""
"2025-10-20T16:27:33.596Z,""2025-10-20"",""DEFAULT"",""TRADING"",""SELL"",""STOCK"",""AI Artificial Intelligence Ventures"",""CA00135V1094"",""-99.0000000000"",""0.2070000000"",""20.49"",""-1.00"","""",""EUR"","""","""","""",""Sell trade CA00135V1094 AI ARTIF.INTEL.VENT.INC., quantity: 99"",""2652954a-a6a8-4876-9aa3-b5f779e91a1d"","""","""","""","""""
"2025-10-23T06:37:24.991Z,""2025-10-23"",""DEFAULT"",""TRADING"",""BUY"",""CRYPTO"",""Bitcoin"",""BTC"",""0.0000100000"",""97691.1100000000"",""-0.98"","""","""",""EUR"","""","""","""",""Savings plan execution XF000BTC0017 Bitcoin, quantity: 0.000010"",""91910baa-02e7-4c2c-8d9c-41e0c5f603ba"","""","""","""","""""
"2025-10-23T07:44:05.045Z,""2025-10-23"",""DEFAULT"",""TRADING"",""BUY"",""FUND"",""Nikkei 225 JPY (Acc)"",""LU2196470426"",""0.0551750000"",""90.6200000000"",""-5.00"","""","""",""EUR"","""","""","""",""Savings plan execution LU2196470426 Xtrackers - Xtrackers Nikkei 225 UCITS ETF 1C, quantity: 0.055175"",""387eacef-4d56-452e-8e78-2b1dc1076b26"","""","""","""","""""
"2025-10-23T08:14:15.557Z,""2025-10-23"",""DEFAULT"",""TRADING"",""BUY"",""STOCK"",""Evolution Gaming Group"",""SE0012673267"",""0.0655090000"",""61.0600000000"",""-4.00"","""","""",""EUR"","""","""","""",""Savings plan execution SE0012673267 EVOLUTION AB (PU) SK-,003, quantity: 0.065509"",""7fb46ccf-cecf-44e9-8ad0-2b386922f03c"","""","""","""","""""
"2025-10-23T08:16:44.893Z,""2025-10-23"",""DEFAULT"",""TRADING"",""BUY"",""STOCK"",""VINCI"",""FR0000125486"",""0.0082000000"",""121.9500000000"",""-1.00"","""","""",""EUR"","""","""","""",""Savings plan execution FR0000125486 VINCI S.A. INH.   EO 2,50, quantity: 0.008200"",""be04608e-5703-4859-9df4-9095a6d35f57"","""","""","""","""""
"2025-10-23T08:26:13.473Z,""2025-10-23"",""DEFAULT"",""TRADING"",""BUY"",""STOCK"",""Schneider Electric"",""FR0000121972"",""0.0161870000"",""247.1000000000"",""-4.00"","""",""-0.02"",""EUR"","""","""","""",""Savings plan execution FR0000121972 SCHNEIDER ELEC. INH. EO 4, quantity: 0.016187"",""975a9923-2b16-4eef-8957-5ef919e724f6"","""","""","""","""""
"2025-10-23T08:43:16.718Z,""2025-10-23"",""DEFAULT"",""TRADING"",""BUY"",""STOCK"",""BYD"",""CNE100000296"",""0.4330870000"",""11.5450000000"",""-5.00"","""","""",""EUR"","""","""","""",""Savings plan execution CNE100000296 BYD, quantity: 0.433087"",""e5852507-a198-4bb1-8c1d-f1ca1b6c3591"","""","""","""","""""
"2025-10-23T08:47:46.604Z,""2025-10-23"",""DEFAULT"",""TRADING"",""BUY"",""STOCK"",""Gaztransport Technigaz"",""FR0011726835"",""0.0120400000"",""166.1000000000"",""-2.00"","""",""-0.01"",""EUR"","""","""","""",""Savings plan execution FR0011726835 GAZTRANSP.TECHNIG.EO-,01, quantity: 0.012040"",""5ea26cdf-06c6-40b9-abcc-fb84862cdc01"","""","""","""","""""
"2025-10-23T13:59:43.284Z,""2025-10-23"",""DEFAULT"",""TRADING"",""BUY"",""FUND"",""Nifty 50 Swap USD (Acc)"",""LU0292109690"",""0.0409660000"",""244.1000000000"",""-10.00"","""","""",""EUR"","""","""","""",""Savings plan execution LU0292109690 Xtrackers - Xtrackers Nifty 50 Swap UCITS ETF 1C, quantity: 0.040966"",""51077836-d47b-4606-90fe-df9f5bf4e963"","""","""","""","""""
"2025-10-23T14:15:00.691Z,""2025-10-23"",""DEFAULT"",""TRADING"",""BUY"",""FUND"",""MSCI Africa Top 50 Swap USD (Acc)"",""LU0592217524"",""0.3370780000"",""8.9000000000"",""-3.00"","""","""",""EUR"","""","""","""",""Savings plan execution LU0592217524 Xtrackers - Xtrackers MSCI Africa Top 50 Swap UCITS ETF 1C, quantity: 0.337078"",""7901f62b-7233-48f5-9b97-94a42664ed46"","""","""","""","""""
"2025-10-23T14:22:23.551Z,""2025-10-23"",""DEFAULT"",""TRADING"",""BUY"",""FUND"",""Core MSCI World USD (Acc)"",""IE00B4L5Y983"",""0.0091320000"",""109.5050000000"",""-1.00"","""","""",""EUR"","""","""","""",""Savings plan execution IE00B4L5Y983 iShares III plc - iShares Core MSCI World UCITS ETF USD (Acc), quantity: 0.009132"",""59173c84-7d4d-4a07-974c-c57a70c6b1bd"","""","""","""","""""
"2025-10-23T14:31:49.728Z,""2025-10-23"",""DEFAULT"",""TRADING"",""BUY"",""FUND"",""MSCI Global Semiconductors USD (Acc)"",""IE000I8KRLL9"",""0.1113950000"",""8.9770000000"",""-1.00"","""","""",""EUR"","""","""","""",""Savings plan execution IE000I8KRLL9 iShares IV plc - iShares MSCI Global Semiconductors UCITS ETF USD (Acc), quantity: 0.111395"",""2ddbcaee-485b-4cf2-babb-7ea3b88d1f05"","""","""","""","""""
"2025-10-23T14:33:26.942Z,""2025-10-23"",""DEFAULT"",""TRADING"",""BUY"",""FUND"",""MSCI China USD (Acc)"",""IE00BJ5JPG56"",""1.7982370000"",""5.5610000000"",""-10.00"","""","""",""EUR"","""","""","""",""Savings plan execution IE00BJ5JPG56 iShares IV plc - iShares MSCI China UCITS ETF USD (Acc), quantity: 1.798237"",""396a9479-0b87-4668-8b33-b6d2cf8b87e7"","""","""","""","""""
"2025-10-23T14:49:44.323Z,""2025-10-23"",""DEFAULT"",""TRADING"",""BUY"",""FUND"",""Uranium USD (Acc)"",""IE000NDWFGA5"",""0.0390090000"",""25.6350000000"",""-1.00"","""","""",""EUR"","""","""","""",""Savings plan execution IE000NDWFGA5 Global X ETFs ICAV - Global X Uranium UCITS ETF Acc USD, quantity: 0.039009"",""f3cbba65-4fe6-4ab6-9ac8-d650bd25d99a"","""","""","""","""""
"2025-11-01T01:15:29.633750Z,""2025-11-01"",""DEFAULT"",""CASH"",""INTEREST_PAYMENT"","""","""","""","""","""",""0.610000"","""",""-0.19"",""EUR"","""","""","""",""Interest payment for payout collection 019a3cfb-4abc-7b6b-beea-06fd4bf879df"",""f578cdeb-976b-495c-93a8-17708e199bb8"","""","""","""","""""
"2025-11-03T07:48:53.117Z,""2025-11-03"",""DEFAULT"",""TRADING"",""BUY"",""CRYPTO"",""Bitcoin"",""BTC"",""0.0000100000"",""96138.9900000000"",""-0.96"","""","""",""EUR"","""","""","""",""Savings plan execution XF000BTC0017 Bitcoin, quantity: 0.000010"",""f10ec22e-5aef-46b2-88d8-2d166ce935fe"","""","""","""","""""
"2025-11-03T08:44:14.640Z,""2025-11-03"",""DEFAULT"",""TRADING"",""BUY"",""FUND"",""Nikkei 225 JPY (Acc)"",""LU2196470426"",""0.0515990000"",""96.9000000000"",""-5.00"","""","""",""EUR"","""","""","""",""Savings plan execution LU2196470426 Xtrackers - Xtrackers Nikkei 225 UCITS ETF 1C, quantity: 0.051599"",""796cbd9f-0313-43ef-bf5c-6ca4edd8ad6e"","""","""","""","""""
"2025-11-03T09:15:16.030Z,""2025-11-03"",""DEFAULT"",""TRADING"",""BUY"",""STOCK"",""Evolution Gaming Group"",""SE0012673267"",""0.0675210000"",""59.2400000000"",""-4.00"","""","""",""EUR"","""","""","""",""Savings plan execution SE0012673267 EVOLUTION AB (PU) SK-,003, quantity: 0.067521"",""b241e4b7-9191-472c-95eb-a2d3e1340a44"","""","""","""","""""
"2025-11-03T09:17:18.928Z,""2025-11-03"",""DEFAULT"",""TRADING"",""BUY"",""STOCK"",""VINCI"",""FR0000125486"",""0.0086310000"",""115.8500000000"",""-1.00"","""","""",""EUR"","""","""","""",""Savings plan execution FR0000125486 VINCI S.A. INH.   EO 2,50, quantity: 0.008631"",""7ac3d191-ba11-4ee7-9cf0-60a81de1af41"","""","""","""","""""
"2025-11-03T09:27:30.215Z,""2025-11-03"",""DEFAULT"",""TRADING"",""BUY"",""STOCK"",""Schneider Electric"",""FR0000121972"",""0.0162930000"",""245.5000000000"",""-4.00"","""",""-0.02"",""EUR"","""","""","""",""Savings plan execution FR0000121972 SCHNEIDER ELEC. INH. EO 4, quantity: 0.016293"",""18977757-b0f5-4661-96bd-4004151355fa"","""","""","""","""""
"2025-11-03T10:04:07.440Z,""2025-11-03"",""DEFAULT"",""TRADING"",""BUY"",""STOCK"",""Gaztransport Technigaz"",""FR0011726835"",""0.0109640000"",""182.4000000000"",""-2.00"","""",""-0.01"",""EUR"","""","""","""",""Savings plan execution FR0011726835 GAZTRANSP.TECHNIG.EO-,01, quantity: 0.010964"",""0616a323-4633-4839-8964-ca69134cc9f9"","""","""","""","""""
"2025-11-03T10:09:32.570Z,""2025-11-03"",""DEFAULT"",""TRADING"",""BUY"",""STOCK"",""BYD"",""CNE100000296"",""0.4528980000"",""11.0400000000"",""-5.00"","""","""",""EUR"","""","""","""",""Savings plan execution CNE100000296 BYD, quantity: 0.452898"",""0205095d-207e-4714-b46d-36902b2245bc"","""","""","""","""""
"2025-11-03T10:10:41.768Z,""2025-11-03"",""DEFAULT"",""TRADING"",""BUY"",""STOCK"",""Pernod Ricard"",""FR0000120693"",""0.0467280000"",""85.6000000000"",""-4.00"","""",""-0.02"",""EUR"","""","""","""",""Savings plan execution FR0000120693 PERNOD RICARD        O.N., quantity: 0.046728"",""6f51993c-2520-4291-a4af-6aa2fc6e965a"","""","""","""","""""
"2025-11-03T14:12:16.648141Z,""2025-11-03"",""DEFAULT"",""CASH"",""PRIVATE_MARKET_BUY"",""PRIVATE_FUND"",""Private Equity"",""LU3170240538"","""","""",""-10.000000"","""","""",""EUR"","""","""","""",""Private Markets pre-payment for buy order: 235bcc89-c16a-4371-9878-15c9e55143e9"",""19a773b2-7355-4834-ac4a-e6c4af0877df"","""","""","""","""""
"2025-11-03T10:10:54.020997Z,""2025-11-03"",""DEFAULT"",""CASH"",""PRIVATE_MARKET_BUY"",""PRIVATE_FUND"",""Private Equity"",""LU3176111881"","""","""",""-20.000000"","""","""",""EUR"","""","""","""",""Private Markets pre-payment for buy order: 878c83dc-7b74-44d7-9a94-8a7fb7f876b3"",""c965bc8a-ac20-4056-9768-cb90f95ae5a6"","""","""","""","""""
"2025-11-03T14:51:25.495Z,""2025-11-03"",""DEFAULT"",""TRADING"",""BUY"",""FUND"",""Global Clean Energy USD (Dist)"",""IE00B1XNHC34"",""0.4534630000"",""8.8210000000"",""-4.00"","""","""",""EUR"","""","""","""",""Savings plan execution IE00B1XNHC34 iShares II plc - iShares Global Clean Energy Transition UCITS ETF USD (Dist), quantity: 0.453463"",""59f70384-5129-41de-88c1-0062ea13daa8"","""","""","""","""""
"2025-11-03T14:59:49.768Z,""2025-11-03"",""DEFAULT"",""TRADING"",""BUY"",""FUND"",""Nifty 50 Swap USD (Acc)"",""LU0292109690"",""0.0413900000"",""241.6000000000"",""-10.00"","""","""",""EUR"","""","""","""",""Savings plan execution LU0292109690 Xtrackers - Xtrackers Nifty 50 Swap UCITS ETF 1C, quantity: 0.041390"",""3067fdee-12e1-4a38-a29e-04c9296d13d6"","""","""","""","""""
"2025-11-03T15:46:35.186Z,""2025-11-03"",""DEFAULT"",""TRADING"",""BUY"",""FUND"",""MSCI Africa Top 50 Swap USD (Acc)"",""LU0592217524"",""0.3290910000"",""9.1160000000"",""-3.00"","""","""",""EUR"","""","""","""",""Savings plan execution LU0592217524 Xtrackers - Xtrackers MSCI Africa Top 50 Swap UCITS ETF 1C, quantity: 0.329091"",""9a0f10f4-b2b3-4819-9a16-6a0528896ab6"","""","""","""","""""
"2025-11-03T16:12:57.522Z,""2025-11-03"",""DEFAULT"",""TRADING"",""BUY"",""FUND"",""Core MSCI World USD (Acc)"",""IE00B4L5Y983"",""0.0089340000"",""111.9200000000"",""-1.00"","""","""",""EUR"","""","""","""",""Savings plan execution IE00B4L5Y983 iShares III plc - iShares Core MSCI World UCITS ETF USD (Acc), quantity: 0.008934"",""a7dfbdd3-96fd-469f-9cdc-b21db88ee804"","""","""","""","""""
"2025-11-03T16:22:07.093Z,""2025-11-03"",""DEFAULT"",""TRADING"",""BUY"",""FUND"",""MSCI Global Semiconductors USD (Acc)"",""IE000I8KRLL9"",""0.1024060000"",""9.7650000000"",""-1.00"","""","""",""EUR"","""","""","""",""Savings plan execution IE000I8KRLL9 iShares IV plc - iShares MSCI Global Semiconductors UCITS ETF USD (Acc), quantity: 0.102406"",""0d3fcac7-bb4c-46fe-a4bd-a7a8fe857f87"","""","""","""","""""
"2025-11-03T16:47:30.984Z,""2025-11-03"",""DEFAULT"",""TRADING"",""BUY"",""FUND"",""MSCI China USD (Acc)"",""IE00BJ5JPG56"",""1.7972680000"",""5.5640000000"",""-10.00"","""","""",""EUR"","""","""","""",""Savings plan execution IE00BJ5JPG56 iShares IV plc - iShares MSCI China UCITS ETF USD (Acc), quantity: 1.797268"",""abfc5423-1806-428f-a201-a7f2e1a9562f"","""","""","""","""""
"2025-11-03T17:22:05.513Z,""2025-11-03"",""DEFAULT"",""TRADING"",""BUY"",""FUND"",""Uranium USD (Acc)"",""IE000NDWFGA5"",""0.0367440000"",""27.2150000000"",""-1.00"","""","""",""EUR"","""","""","""",""Savings plan execution IE000NDWFGA5 Global X ETFs ICAV - Global X Uranium UCITS ETF Acc USD, quantity: 0.036744"",""d53ee9bd-6648-4b39-8998-89a377b2125b"","""","""","""","""""
"2025-11-04T08:43:15.734Z,""2025-11-04"",""DEFAULT"",""TRADING"",""BUY"",""PRIVATE_FUND"",""Private Equity"",""LU3176111881"",""0.2000000000"",""100.0000000000"","""","""","""",""EUR"","""","""","""",""BUY LU3176111881"",""b2ab86c6-c613-4cba-8a8f-46044d214365"","""","""","""","""""
"2025-11-10T07:36:54.351Z,""2025-11-10"",""DEFAULT"",""TRADING"",""BUY"",""CRYPTO"",""Bitcoin"",""BTC"",""0.0000100000"",""94595.9600000000"",""-0.95"","""","""",""EUR"","""","""","""",""Savings plan execution XF000BTC0017 Bitcoin, quantity: 0.000010"",""175745e3-c44a-4ca8-8cdc-18e68384df49"","""","""","""","""""
"2025-11-10T08:44:05.253Z,""2025-11-10"",""DEFAULT"",""TRADING"",""BUY"",""FUND"",""Nikkei 225 JPY (Acc)"",""LU2196470426"",""0.0531910000"",""94.0000000000"",""-5.00"","""","""",""EUR"","""","""","""",""Savings plan execution LU2196470426 Xtrackers - Xtrackers Nikkei 225 UCITS ETF 1C, quantity: 0.053191"",""46e7c2fe-ef46-457b-9e47-c55a48147838"","""","""","""","""""
"2025-11-10T09:14:17.233Z,""2025-11-10"",""DEFAULT"",""TRADING"",""BUY"",""STOCK"",""Evolution Gaming Group"",""SE0012673267"",""0.0682820000"",""58.5800000000"",""-4.00"","""","""",""EUR"","""","""","""",""Savings plan execution SE0012673267 EVOLUTION AB (PU) SK-,003, quantity: 0.068282"",""cd8630ef-b3f2-4ed9-ab89-f763dbd4dcbe"","""","""","""","""""
"2025-11-10T09:16:43.056Z,""2025-11-10"",""DEFAULT"",""TRADING"",""BUY"",""STOCK"",""VINCI"",""FR0000125486"",""0.0085940000"",""116.3500000000"",""-1.00"","""","""",""EUR"","""","""","""",""Savings plan execution FR0000125486 VINCI S.A. INH.   EO 2,50, quantity: 0.008594"",""60a95161-faa7-4f14-a4f4-3a984ae82232"","""","""","""","""""
"2025-11-10T09:26:13.008Z,""2025-11-10"",""DEFAULT"",""TRADING"",""BUY"",""STOCK"",""Schneider Electric"",""FR0000121972"",""0.0170460000"",""234.6500000000"",""-4.00"","""",""-0.02"",""EUR"","""","""","""",""Savings plan execution FR0000121972 SCHNEIDER ELEC. INH. EO 4, quantity: 0.017046"",""dcb619ac-55aa-44dd-b605-6da383146b7b"","""","""","""","""""
"2025-11-10T09:42:18.968Z,""2025-11-10"",""DEFAULT"",""TRADING"",""BUY"",""STOCK"",""BYD"",""CNE100000296"",""0.4432620000"",""11.2800000000"",""-5.00"","""","""",""EUR"","""","""","""",""Savings plan execution CNE100000296 BYD, quantity: 0.443262"",""25bb276f-7d1a-4907-ab12-91ef4e00937d"","""","""","""","""""
"2025-11-10T09:47:44.117Z,""2025-11-10"",""DEFAULT"",""TRADING"",""BUY"",""STOCK"",""Gaztransport Technigaz"",""FR0011726835"",""0.0111350000"",""179.6000000000"",""-2.00"","""",""-0.01"",""EUR"","""","""","""",""Savings plan execution FR0011726835 GAZTRANSP.TECHNIG.EO-,01, quantity: 0.011135"",""a93d6ed4-de5e-44bc-87d0-891b54eb7403"","""","""","""","""""
"2025-11-10T09:51:19.904Z,""2025-11-10"",""DEFAULT"",""TRADING"",""BUY"",""STOCK"",""Pernod Ricard"",""FR0000120693"",""0.0473930000"",""84.4000000000"",""-4.00"","""",""-0.02"",""EUR"","""","""","""",""Savings plan execution FR0000120693 PERNOD RICARD        O.N., quantity: 0.047393"",""edb93092-6c50-4053-ae89-7515d8d74f1f"","""","""","""","""""
"2025-11-10T14:46:25.192Z,""2025-11-10"",""DEFAULT"",""TRADING"",""BUY"",""FUND"",""Global Clean Energy USD (Dist)"",""IE00B1XNHC34"",""0.4433110000"",""9.0230000000"",""-4.00"","""","""",""EUR"","""","""","""",""Savings plan execution IE00B1XNHC34 iShares II plc - iShares Global Clean Energy Transition UCITS ETF USD (Dist), quantity: 0.443311"",""e5092c19-0e44-4bbe-97ce-ebc8d6743552"","""","""","""","""""
"2025-11-10T14:59:43.495Z,""2025-11-10"",""DEFAULT"",""TRADING"",""BUY"",""FUND"",""Nifty 50 Swap USD (Acc)"",""LU0292109690"",""0.0418760000"",""238.8000000000"",""-10.00"","""","""",""EUR"","""","""","""",""Savings plan execution LU0292109690 Xtrackers - Xtrackers Nifty 50 Swap UCITS ETF 1C, quantity: 0.041876"",""192aad3f-310d-4b78-8b40-9fa9bbea0288"","""","""","""","""""
"2025-11-10T15:16:32.072Z,""2025-11-10"",""DEFAULT"",""TRADING"",""BUY"",""FUND"",""MSCI Africa Top 50 Swap USD (Acc)"",""LU0592217524"",""0.3280830000"",""9.1440000000"",""-3.00"","""","""",""EUR"","""","""","""",""Savings plan execution LU0592217524 Xtrackers - Xtrackers MSCI Africa Top 50 Swap UCITS ETF 1C, quantity: 0.328083"",""988b009a-198c-4e63-9808-7e1fbdb830fe"","""","""","""","""""
"2025-11-10T15:21:17.728Z,""2025-11-10"",""DEFAULT"",""TRADING"",""BUY"",""FUND"",""Core MSCI World USD (Acc)"",""IE00B4L5Y983"",""0.0089930000"",""111.1950000000"",""-1.00"","""","""",""EUR"","""","""","""",""Savings plan execution IE00B4L5Y983 iShares III plc - iShares Core MSCI World UCITS ETF USD (Acc), quantity: 0.008993"",""e4c950bd-87c4-476b-ab2b-21ec7f8a6d3a"","""","""","""","""""
"2025-11-10T15:30:42.363Z,""2025-11-10"",""DEFAULT"",""TRADING"",""BUY"",""FUND"",""MSCI Global Semiconductors USD (Acc)"",""IE000I8KRLL9"",""0.1050080000"",""9.5230000000"",""-1.00"","""","""",""EUR"","""","""","""",""Savings plan execution IE000I8KRLL9 iShares IV plc - iShares MSCI Global Semiconductors UCITS ETF USD (Acc), quantity: 0.105008"",""c5870e2d-acda-43f6-902c-88f5519ed549"","""","""","""","""""
"2025-11-10T15:34:18.732Z,""2025-11-10"",""DEFAULT"",""TRADING"",""BUY"",""FUND"",""MSCI China USD (Acc)"",""IE00BJ5JPG56"",""1.7752520000"",""5.6330000000"",""-10.00"","""","""",""EUR"","""","""","""",""Savings plan execution IE00BJ5JPG56 iShares IV plc - iShares MSCI China UCITS ETF USD (Acc), quantity: 1.775252"",""f2ebb3d9-cb06-4114-b4e2-e715a05acea1"","""","""","""","""""
"2025-11-10T15:50:48.107Z,""2025-11-10"",""DEFAULT"",""TRADING"",""BUY"",""FUND"",""Uranium USD (Acc)"",""IE000NDWFGA5"",""0.0406830000"",""24.5800000000"",""-1.00"","""","""",""EUR"","""","""","""",""Savings plan execution IE000NDWFGA5 Global X ETFs ICAV - Global X Uranium UCITS ETF Acc USD, quantity: 0.040683"",""21714171-28cb-41da-a572-e4c5b82e0412"","""","""","""","""""
"2025-11-15T15:35:59.138666Z,""2025-11-15"",""DEFAULT"",""CASH"",""TRANSFER_INSTANT_INBOUND"","""","""","""","""","""",""200.000000"","""","""",""EUR"","""","""","""",""Incoming transfer from Leo BERTRAND"",""a7e62347-0135-42e7-9699-4c255e774376"","""","""","""","""""
"2025-11-17T07:42:08.779Z,""2025-11-17"",""DEFAULT"",""TRADING"",""BUY"",""CRYPTO"",""Bitcoin"",""BTC"",""0.0000110000"",""85017.3600000000"",""-0.94"","""","""",""EUR"","""","""","""",""Savings plan execution XF000BTC0017 Bitcoin, quantity: 0.000011"",""3e85e220-3258-40db-a7e3-7c12c76ead26"","""","""","""","""""
"2025-11-17T08:44:10.337Z,""2025-11-17"",""DEFAULT"",""TRADING"",""BUY"",""FUND"",""Nikkei 225 JPY (Acc)"",""LU2196470426"",""0.0541410000"",""92.3500000000"",""-5.00"","""","""",""EUR"","""","""","""",""Savings plan execution LU2196470426 Xtrackers - Xtrackers Nikkei 225 UCITS ETF 1C, quantity: 0.054141"",""f7bf063a-1eaa-44bb-b04e-7110ebf3617b"","""","""","""","""""
"2025-11-17T09:19:36.761146Z,""2025-11-17"",""DEFAULT"",""CASH"",""CARD_TRANSACTION"","""",""SUBWAY PROVENCE 4029035"","""","""","""",""-20.700000"","""","""",""EUR"","""","""","""",""SUBWAY PROVENCE 4029035"",""4bec213d-72f7-49ad-9bff-b424c18ea451"","""","""","""",""7399"""
"2025-11-17T10:22:00.739Z,""2025-11-17"",""DEFAULT"",""TRADING"",""BUY"",""STOCK"",""Schneider Electric"",""FR0000121972"",""0.0171710000"",""232.9500000000"",""-4.00"","""",""-0.02"",""EUR"","""","""","""",""Savings plan execution FR0000121972 SCHNEIDER ELEC. INH. EO 4, quantity: 0.017171"",""bf2ee353-4bd6-422d-a57a-ad4e3df85705"","""","""","""","""""
"2025-11-17T10:26:47.052Z,""2025-11-17"",""DEFAULT"",""TRADING"",""BUY"",""STOCK"",""Gaztransport Technigaz"",""FR0011726835"",""0.0111980000"",""178.6000000000"",""-2.00"","""",""-0.01"",""EUR"","""","""","""",""Savings plan execution FR0011726835 GAZTRANSP.TECHNIG.EO-,01, quantity: 0.011198"",""9a3fddb5-c869-44ce-bb39-993512e00c28"","""","""","""","""""
"2025-11-17T10:40:35.696Z,""2025-11-17"",""DEFAULT"",""TRADING"",""BUY"",""STOCK"",""Pernod Ricard"",""FR0000120693"",""0.0492970000"",""81.1400000000"",""-4.00"","""",""-0.02"",""EUR"","""","""","""",""Savings plan execution FR0000120693 PERNOD RICARD        O.N., quantity: 0.049297"",""d4b5754f-754c-4200-83cb-c45d01a4155c"","""","""","""","""""
"2025-11-17T10:50:52.700126Z,""2025-11-17"",""DEFAULT"",""CASH"",""PRIVATE_MARKET_BUY"",""PRIVATE_FUND"",""Private Equity"",""LU3176111881"","""","""",""-20.000000"","""","""",""EUR"","""","""","""",""Private Markets pre-payment for buy order: 5616ca62-36ea-44e8-8be7-48fc9f234082"",""09b6860b-0495-4a3d-8202-3cc33c536734"","""","""","""","""""
"2025-11-17T10:57:10Z,""2025-11-17"",""DEFAULT"",""TRADING"",""BUY"",""STOCK"",""Evolution Gaming Group"",""SE0012673267"",""0.0699790000"",""57.1600000000"",""-4.00"","""","""",""EUR"","""","""","""",""Savings plan execution SE0012673267 EVOLUTION AB (PU) SK-,003, quantity: 0.069979"",""105c511f-b707-43cf-ad4b-c2a1ca1db625"","""","""","""","""""
"2025-11-17T10:59:56.161Z,""2025-11-17"",""DEFAULT"",""TRADING"",""BUY"",""STOCK"",""BYD"",""CNE100000296"",""0.4476270000"",""11.1700000000"",""-5.00"","""","""",""EUR"","""","""","""",""Savings plan execution CNE100000296 BYD, quantity: 0.447627"",""2f3c64dc-d587-4493-8262-328e16d0f559"","""","""","""","""""
"2025-11-17T11:07:18.589Z,""2025-11-17"",""DEFAULT"",""TRADING"",""BUY"",""STOCK"",""VINCI"",""FR0000125486"",""0.0084130000"",""118.8500000000"",""-1.00"","""","""",""EUR"","""","""","""",""Savings plan execution FR0000125486 VINCI S.A. INH.   EO 2,50, quantity: 0.008413"",""7b08309c-946a-49f9-a288-585be47509f0"","""","""","""","""""
"2025-11-17T14:10:55.643444Z,""2025-11-17"",""DEFAULT"",""CASH"",""PRIVATE_MARKET_BUY"",""PRIVATE_FUND"",""Private Equity"",""LU3170240538"","""","""",""-10.000000"","""","""",""EUR"","""","""","""",""Private Markets pre-payment for buy order: 491af6ed-ae00-4725-a40c-28bd94a40308"",""46390d81-8f32-4b5c-b8ca-1625dbd252ac"","""","""","""","""""
"2025-11-17T14:50:21.719Z,""2025-11-17"",""DEFAULT"",""TRADING"",""BUY"",""FUND"",""Global Clean Energy USD (Dist)"",""IE00B1XNHC34"",""0.4759630000"",""8.4040000000"",""-4.00"","""","""",""EUR"","""","""","""",""Savings plan execution IE00B1XNHC34 iShares II plc - iShares Global Clean Energy Transition UCITS ETF USD (Dist), quantity: 0.475963"",""a66386ea-973c-4fd1-a9f4-8407fc475bf6"","""","""","""","""""
"2025-11-17T15:00:43.994Z,""2025-11-17"",""DEFAULT"",""TRADING"",""BUY"",""FUND"",""Nifty 50 Swap USD (Acc)"",""LU0292109690"",""0.0410340000"",""243.7000000000"",""-10.00"","""","""",""EUR"","""","""","""",""Savings plan execution LU0292109690 Xtrackers - Xtrackers Nifty 50 Swap UCITS ETF 1C, quantity: 0.041034"",""82417837-ca61-46a3-b1bc-36c0690c190c"","""","""","""","""""
"2025-11-17T15:14:24.597Z,""2025-11-17"",""DEFAULT"",""TRADING"",""BUY"",""FUND"",""MSCI EM USD (Acc)"",""IE00B4L5YC18"",""0.0897780000"",""44.5540000000"",""-4.00"","""","""",""EUR"","""","""","""",""Savings plan execution IE00B4L5YC18 iShares III plc - iShares MSCI EM UCITS ETF USD (Acc) USD (Acc), quantity: 0.089778"",""4f9a3bdf-5ee7-439f-92da-bf9bd3841923"","""","""","""","""""
"2025-11-17T15:21:05.795Z,""2025-11-17"",""DEFAULT"",""TRADING"",""BUY"",""FUND"",""MSCI Africa Top 50 Swap USD (Acc)"",""LU0592217524"",""0.3299600000"",""9.0920000000"",""-3.00"","""","""",""EUR"","""","""","""",""Savings plan execution LU0592217524 Xtrackers - Xtrackers MSCI Africa Top 50 Swap UCITS ETF 1C, quantity: 0.329960"",""ed071b89-661c-4fde-9a5a-3b81ab1686a1"","""","""","""","""""
"2025-11-17T15:34:08.299Z,""2025-11-17"",""DEFAULT"",""TRADING"",""BUY"",""STOCK"",""AMD"",""US0079031078"",""0.0014160000"",""211.7500000000"",""-0.30"","""","""",""EUR"","""","""","""",""Savings plan execution US0079031078 ADVANCED MIC.DEV.  DL-,01, quantity: 0.001416"",""edd78287-ef6a-4dc6-8b05-92f2c1ce8201"","""","""","""","""""
"2025-11-17T15:49:57.025Z,""2025-11-17"",""DEFAULT"",""TRADING"",""BUY"",""FUND"",""Core MSCI World USD (Acc)"",""IE00B4L5Y983"",""0.0090950000"",""109.9499000000"",""-1.00"","""","""",""EUR"","""","""","""",""Savings plan execution IE00B4L5Y983 iShares III plc - iShares Core MSCI World UCITS ETF USD (Acc), quantity: 0.009095"",""ea1413b6-d399-4ba8-807e-5b5995621fa4"","""","""","""","""""
"2025-11-17T15:55:10.695Z,""2025-11-17"",""DEFAULT"",""TRADING"",""BUY"",""FUND"",""MSCI Global Semiconductors USD (Acc)"",""IE000I8KRLL9"",""0.1091580000"",""9.1610000000"",""-1.00"","""","""",""EUR"","""","""","""",""Savings plan execution IE000I8KRLL9 iShares IV plc - iShares MSCI Global Semiconductors UCITS ETF USD (Acc), quantity: 0.109158"",""4fda7538-ef6d-4365-ac55-13788e274085"","""","""","""","""""
"2025-11-17T15:58:25.951Z,""2025-11-17"",""DEFAULT"",""TRADING"",""BUY"",""FUND"",""MSCI China USD (Acc)"",""IE00BJ5JPG56"",""0.9072760000"",""5.5110000000"",""-5.00"","""","""",""EUR"","""","""","""",""Savings plan execution IE00BJ5JPG56 iShares IV plc - iShares MSCI China UCITS ETF USD (Acc), quantity: 0.907276"",""7ffb5a03-3a96-4098-be45-03ae1414b7bf"","""","""","""","""""
"2025-11-17T16:08:25.186Z,""2025-11-17"",""DEFAULT"",""TRADING"",""BUY"",""FUND"",""Uranium USD (Acc)"",""IE000NDWFGA5"",""0.1335110000"",""22.4700000000"",""-3.00"","""","""",""EUR"","""","""","""",""Savings plan execution IE000NDWFGA5 Global X ETFs ICAV - Global X Uranium UCITS ETF Acc USD, quantity: 0.133511"",""4f7252b0-ba3d-437e-b60f-445d470f711e"","""","""","""","""""
"2025-11-19T15:44:53.354Z,""2025-11-19"",""DEFAULT"",""TRADING"",""SELL"",""STOCK"",""AMD"",""US0079031078"",""-0.2000000000"",""203.1500000000"",""40.63"",""-1.00"","""",""EUR"","""","""","""",""Sell trade US0079031078 ADVANCED MIC.DEV.  DL-,01, quantity: 0.2"",""1ba14654-a1d4-4f98-a931-1faf1ae8d040"","""","""","""","""""
"2025-11-24T07:36:24.027Z,""2025-11-24"",""DEFAULT"",""TRADING"",""BUY"",""CRYPTO"",""Bitcoin"",""BTC"",""0.0000120000"",""77801.3800000000"",""-0.93"","""","""",""EUR"","""","""","""",""Savings plan execution XF000BTC0017 Bitcoin, quantity: 0.000012"",""8fbf3bdb-9bb9-496a-8708-ab37385e9727"","""","""","""","""""
"2025-11-24T08:44:05.786Z,""2025-11-24"",""DEFAULT"",""TRADING"",""BUY"",""FUND"",""Nikkei 225 JPY (Acc)"",""LU2196470426"",""0.0560220000"",""89.2500000000"",""-5.00"","""","""",""EUR"","""","""","""",""Savings plan execution LU2196470426 Xtrackers - Xtrackers Nikkei 225 UCITS ETF 1C, quantity: 0.056022"",""14361d87-a64e-418d-8665-2d29d1121284"","""","""","""","""""
"2025-11-24T09:14:15.394Z,""2025-11-24"",""DEFAULT"",""TRADING"",""BUY"",""STOCK"",""Evolution Gaming Group"",""SE0012673267"",""0.0694440000"",""57.6000000000"",""-4.00"","""","""",""EUR"","""","""","""",""Savings plan execution SE0012673267 EVOLUTION AB (PU) SK-,003, quantity: 0.069444"",""67eab575-7474-415c-8625-a84d02b4bbba"","""","""","""","""""
"2025-11-24T09:16:43.440Z,""2025-11-24"",""DEFAULT"",""TRADING"",""BUY"",""STOCK"",""VINCI"",""FR0000125486"",""0.0083500000"",""119.7500000000"",""-1.00"","""","""",""EUR"","""","""","""",""Savings plan execution FR0000125486 VINCI S.A. INH.   EO 2,50, quantity: 0.008350"",""5cf827e8-b81e-4d20-bff2-39f1d675957e"","""","""","""","""""
"2025-11-24T09:26:14.493Z,""2025-11-24"",""DEFAULT"",""TRADING"",""BUY"",""STOCK"",""Schneider Electric"",""FR0000121972"",""0.0178610000"",""223.9500000000"",""-4.00"","""",""-0.02"",""EUR"","""","""","""",""Savings plan execution FR0000121972 SCHNEIDER ELEC. INH. EO 4, quantity: 0.017861"",""91c41922-65fc-4ab3-9c9d-7f16f51c6b41"","""","""","""","""""
"2025-11-24T09:42:29.938Z,""2025-11-24"",""DEFAULT"",""TRADING"",""BUY"",""STOCK"",""BYD"",""CNE100000296"",""0.4719200000"",""10.5950000000"",""-5.00"","""","""",""EUR"","""","""","""",""Savings plan execution CNE100000296 BYD, quantity: 0.471920"",""7ded4547-95ef-412a-93dd-3910e13a15ce"","""","""","""","""""
"2025-11-24T09:47:45.591Z,""2025-11-24"",""DEFAULT"",""TRADING"",""BUY"",""STOCK"",""Gaztransport Technigaz"",""FR0011726835"",""0.0117430000"",""170.3000000000"",""-2.00"","""",""-0.01"",""EUR"","""","""","""",""Savings plan execution FR0011726835 GAZTRANSP.TECHNIG.EO-,01, quantity: 0.011743"",""941e5107-b102-4f7b-a46e-82b740d48583"","""","""","""","""""
"2025-11-24T09:51:17.491Z,""2025-11-24"",""DEFAULT"",""TRADING"",""BUY"",""STOCK"",""Pernod Ricard"",""FR0000120693"",""0.0502890000"",""79.5400000000"",""-4.00"","""",""-0.02"",""EUR"","""","""","""",""Savings plan execution FR0000120693 PERNOD RICARD        O.N., quantity: 0.050289"",""0f0475de-7d22-43bf-87ea-72980a9013c9"","""","""","""","""""
"2025-11-24T14:46:12.689Z,""2025-11-24"",""DEFAULT"",""TRADING"",""BUY"",""FUND"",""Global Clean Energy USD (Dist)"",""IE00B1XNHC34"",""0.4967700000"",""8.0520000000"",""-4.00"","""","""",""EUR"","""","""","""",""Savings plan execution IE00B1XNHC34 iShares II plc - iShares Global Clean Energy Transition UCITS ETF USD (Dist), quantity: 0.496770"",""ddbfc278-1290-424f-9c39-d64d608b2d11"","""","""","""","""""
"2025-11-24T15:14:50.221Z,""2025-11-24"",""DEFAULT"",""TRADING"",""BUY"",""FUND"",""MSCI Africa Top 50 Swap USD (Acc)"",""LU0592217524"",""0.3385240000"",""8.8620000000"",""-3.00"","""","""",""EUR"","""","""","""",""Savings plan execution LU0592217524 Xtrackers - Xtrackers MSCI Africa Top 50 Swap UCITS ETF 1C, quantity: 0.338524"",""5e1035da-10e3-4586-8285-7d9d45e97bd3"","""","""","""","""""
"2025-11-24T15:22:39.790Z,""2025-11-24"",""DEFAULT"",""TRADING"",""BUY"",""FUND"",""Core MSCI World USD (Acc)"",""IE00B4L5Y983"",""0.0091470000"",""109.3150000000"",""-1.00"","""","""",""EUR"","""","""","""",""Savings plan execution IE00B4L5Y983 iShares III plc - iShares Core MSCI World UCITS ETF USD (Acc), quantity: 0.009147"",""a5fc87e3-21d6-4e75-8698-eb2250eb6a69"","""","""","""","""""
"2025-11-24T15:33:27.710Z,""2025-11-24"",""DEFAULT"",""TRADING"",""BUY"",""FUND"",""MSCI China USD (Acc)"",""IE00BJ5JPG56"",""0.9226790000"",""5.4190000000"",""-5.00"","""","""",""EUR"","""","""","""",""Savings plan execution IE00BJ5JPG56 iShares IV plc - iShares MSCI China UCITS ETF USD (Acc), quantity: 0.922679"",""70fc1c1f-80a6-4b8c-8ad7-aa37d2628adc"","""","""","""","""""
"2025-11-24T15:49:44.041Z,""2025-11-24"",""DEFAULT"",""TRADING"",""BUY"",""FUND"",""Uranium USD (Acc)"",""IE000NDWFGA5"",""0.1399250000"",""21.4400000000"",""-3.00"","""","""",""EUR"","""","""","""",""Savings plan execution IE000NDWFGA5 Global X ETFs ICAV - Global X Uranium UCITS ETF Acc USD, quantity: 0.139925"",""476a2409-fb2d-4aa7-9ca8-5112d3b6ed7c"","""","""","""","""""
"2025-11-26T12:51:42.272760Z,""2025-11-26"",""DEFAULT"",""CASH"",""DIVIDEND"",""FUND"",""Global Clean Energy USD (Dist)"",""IE00B1XNHC34"",""0.8967740000"","""",""0.070000"","""",""-0.03"",""EUR"",""0.08"",""USD"",""0.865726"",""Cash Dividend for ISIN IE00B1XNHC34"",""019ac038-3c40-72bd-956b-e5879068c35a"","""","""","""","""""
"2025-11-26T12:59:49.895722Z,""2025-11-26"",""DEFAULT"",""CASH"",""DIVIDEND"",""STOCK"",""Pernod Ricard"",""FR0000120693"",""0.1434180000"","""",""0.340000"","""",""-0.10"",""EUR"","""","""","""",""Cash Dividend for ISIN FR0000120693"",""019ac03f-ad07-7c67-9884-05c82cfc973a"","""","""","""","""""
"2025-12-01T00:09:07.683034Z,""2025-12-01"",""DEFAULT"",""CASH"",""BENEFITS_SAVEBACK"","""","""","""","""","""",""0.210000"","""","""",""EUR"","""","""","""",""Fixed income bonus 0637653e-a257-45f5-8f8e-7144cc3b9452 for buy order: 500bf03e-337d-4a8a-81ab-73a8a8486afc"",""019ad73d-df63-794f-b11d-2de6e8765bee"","""","""","""","""""
"2025-12-01T01:02:47.261510Z,""2025-12-01"",""DEFAULT"",""CASH"",""INTEREST_PAYMENT"","""","""","""","""","""",""0.420000"","""",""-0.12"",""EUR"","""","""","""",""Interest payment for payout collection 019ad76e-0d98-7079-9476-35abc164149d"",""019ad76e-ffdd-7463-af78-48fdc6c076f8"","""","""","""","""""
"2025-12-02T07:42:10.552Z,""2025-12-02"",""DEFAULT"",""TRADING"",""BUY"",""CRYPTO"",""Bitcoin"",""BTC"",""0.0000640000"",""77173.7400000000"",""-4.94"","""","""",""EUR"","""","""","""",""Savings plan execution XF000BTC0017 Bitcoin, quantity: 0.000064"",""f81185a3-b2b4-4948-8cd1-341328e2483d"","""","""","""","""""
"2025-12-02T08:44:10.774Z,""2025-12-02"",""DEFAULT"",""TRADING"",""BUY"",""FUND"",""Nikkei 225 JPY (Acc)"",""LU2196470426"",""0.0557470000"",""89.6900000000"",""-5.00"","""","""",""EUR"","""","""","""",""Savings plan execution LU2196470426 Xtrackers - Xtrackers Nikkei 225 UCITS ETF 1C, quantity: 0.055747"",""5cc8991f-f87c-4b6c-8d6d-18f69d7193bf"","""","""","""","""""
"2025-12-02T09:16:19.579Z,""2025-12-02"",""DEFAULT"",""TRADING"",""BUY"",""STOCK"",""Evolution Gaming Group"",""SE0012673267"",""0.0682820000"",""58.5800000000"",""-4.00"","""","""",""EUR"","""","""","""",""Savings plan execution SE0012673267 EVOLUTION AB (PU) SK-,003, quantity: 0.068282"",""c84e3006-d40b-418e-ae80-ace40000fac1"","""","""","""","""""
"2025-12-02T09:18:05.487Z,""2025-12-02"",""DEFAULT"",""TRADING"",""BUY"",""STOCK"",""VINCI"",""FR0000125486"",""0.0081590000"",""122.5500000000"",""-1.00"","""","""",""EUR"","""","""","""",""Savings plan execution FR0000125486 VINCI S.A. INH.   EO 2,50, quantity: 0.008159"",""d0254cb3-f8c8-45e8-8aba-a520c7bd67de"","""","""","""","""""
"2025-12-02T09:27:40.994Z,""2025-12-02"",""DEFAULT"",""TRADING"",""BUY"",""STOCK"",""Schneider Electric"",""FR0000121972"",""0.0171480000"",""233.2500000000"",""-4.00"","""",""-0.02"",""EUR"","""","""","""",""Savings plan execution FR0000121972 SCHNEIDER ELEC. INH. EO 4, quantity: 0.017148"",""09b9b1e7-deae-45a9-b719-00d2c008c0db"","""","""","""","""""
"2025-12-02T09:58:28.765Z,""2025-12-02"",""DEFAULT"",""TRADING"",""BUY"",""STOCK"",""Gaztransport Technigaz"",""FR0011726835"",""0.0116820000"",""171.2000000000"",""-2.00"","""",""-0.01"",""EUR"","""","""","""",""Savings plan execution FR0011726835 GAZTRANSP.TECHNIG.EO-,01, quantity: 0.011682"",""1de5309f-606a-4a88-9989-8c1dd49024c2"","""","""","""","""""
"2025-12-02T10:04:34.140Z,""2025-12-02"",""DEFAULT"",""TRADING"",""BUY"",""STOCK"",""BYD"",""CNE100000296"",""0.4468270000"",""11.1900000000"",""-5.00"","""","""",""EUR"","""","""","""",""Savings plan execution CNE100000296 BYD, quantity: 0.446827"",""dc198e16-8000-41ed-8198-f21ebeced519"","""","""","""","""""
"2025-12-02T10:04:35.925Z,""2025-12-02"",""DEFAULT"",""TRADING"",""BUY"",""STOCK"",""Pernod Ricard"",""FR0000120693"",""0.0512030000"",""78.1200000000"",""-4.00"","""",""-0.02"",""EUR"","""","""","""",""Savings plan execution FR0000120693 PERNOD RICARD        O.N., quantity: 0.051203"",""9b882398-8e36-4bf2-84f4-1d73f1139610"","""","""","""","""""
"2025-12-02T14:13:33.540966Z,""2025-12-02"",""DEFAULT"",""CASH"",""PRIVATE_MARKET_BUY"",""PRIVATE_FUND"",""Private Equity"",""LU3170240538"","""","""",""-10.000000"","""","""",""EUR"","""","""","""",""Private Markets pre-payment for buy order: bd3fb996-af09-4fde-ac32-0fd2e3d08f88"",""019adf69-54e4-763b-94f8-cf73ae00d75a"","""","""","""","""""
"2025-12-02T15:02:01.106Z,""2025-12-02"",""DEFAULT"",""TRADING"",""BUY"",""FUND"",""Core MSCI World USD (Acc)"",""IE00B4L5Y983"",""0.0018620000"",""111.1701000000"",""-0.21"","""","""",""EUR"","""","""","""",""Savings plan execution IE00B4L5Y983 iShares III plc - iShares Core MSCI World UCITS ETF USD (Acc), quantity: 0.001862"",""f0cc89bd-c000-4867-ab29-e7be908fc8a0"","""","""","""","""""
"2025-12-02T15:03:40.896Z,""2025-12-02"",""DEFAULT"",""TRADING"",""BUY"",""FUND"",""Global Clean Energy USD (Dist)"",""IE00B1XNHC34"",""0.4840270000"",""8.2640000000"",""-4.00"","""","""",""EUR"","""","""","""",""Savings plan execution IE00B1XNHC34 iShares II plc - iShares Global Clean Energy Transition UCITS ETF USD (Dist), quantity: 0.484027"",""fecae457-0dbe-45e1-af55-f6d40fdf9697"","""","""","""","""""
"2025-12-02T15:07:05.016Z,""2025-12-02"",""DEFAULT"",""TRADING"",""BUY"",""FUND"",""MSCI EM Latin America USD (Dist)"",""IE00B27YCK28"",""0.4960930000"",""16.1260000000"",""-8.00"","""","""",""EUR"","""","""","""",""Savings plan execution IE00B27YCK28 iShares II plc - iShares MSCI EM Latin America UCITS ETF USD (Dist), quantity: 0.496093"",""13f73191-993d-4933-a55e-9ca300440b47"","""","""","""","""""
"2025-12-02T15:07:15.922Z,""2025-12-02"",""DEFAULT"",""TRADING"",""BUY"",""FUND"",""Nifty 50 Swap USD (Acc)"",""LU0292109690"",""0.0167430000"",""238.9000000000"",""-4.00"","""","""",""EUR"","""","""","""",""Savings plan execution LU0292109690 Xtrackers - Xtrackers Nifty 50 Swap UCITS ETF 1C, quantity: 0.016743"",""edbd33d5-971d-44c1-8e82-bbbb4b6a8ee4"","""","""","""","""""
"2025-12-02T15:39:21.617Z,""2025-12-02"",""DEFAULT"",""TRADING"",""BUY"",""FUND"",""Core MSCI World USD (Acc)"",""IE00B4L5Y983"",""0.0089810000"",""111.3350000000"",""-1.00"","""","""",""EUR"","""","""","""",""Savings plan execution IE00B4L5Y983 iShares III plc - iShares Core MSCI World UCITS ETF USD (Acc), quantity: 0.008981"",""b27f50d0-731a-41db-a734-4a42e3af5570"","""","""","""","""""
"2025-12-02T15:58:26.391Z,""2025-12-02"",""DEFAULT"",""TRADING"",""BUY"",""FUND"",""MSCI Africa Top 50 Swap USD (Acc)"",""LU0592217524"",""0.3361720000"",""8.9240000000"",""-3.00"","""","""",""EUR"","""","""","""",""Savings plan execution LU0592217524 Xtrackers - Xtrackers MSCI Africa Top 50 Swap UCITS ETF 1C, quantity: 0.336172"",""a1230b0a-408d-475c-a60b-16f6687a8b9f"","""","""","""","""""
"2025-12-02T15:59:41.369Z,""2025-12-02"",""DEFAULT"",""TRADING"",""BUY"",""FUND"",""MSCI EM USD (Acc)"",""IE00B4L5YC18"",""0.0907150000"",""44.0940000000"",""-4.00"","""","""",""EUR"","""","""","""",""Savings plan execution IE00B4L5YC18 iShares III plc - iShares MSCI EM UCITS ETF USD (Acc) USD (Acc), quantity: 0.090715"",""08331d9e-f41a-4f4f-92e7-62165018af20"","""","""","""","""""
"2025-12-02T16:24:01.112030Z,""2025-12-02"",""DEFAULT"",""CASH"",""TRANSFER_INSTANT_INBOUND"","""","""","""","""","""",""300.000000"","""","""",""EUR"","""","""","""",""Incoming transfer from Leo BERTRAND (FR7640618803720004039001554)"",""019adfe0-c558-76d0-8084-62889427b97c"","""","""","""","""""
"2025-12-02T10:07:29.455335Z,""2025-12-02"",""DEFAULT"",""CASH"",""PRIVATE_MARKET_BUY"",""PRIVATE_FUND"",""Private Equity"",""LU3176111881"","""","""",""-20.000000"","""","""",""EUR"","""","""","""",""Private Markets pre-payment for buy order: 46c7cf6a-2c79-46bc-81e0-08fca2aea447"",""019ade88-0caf-7f84-b791-360542c0264e"","""","""","""","""""
"2025-12-02T16:50:48.769Z,""2025-12-02"",""DEFAULT"",""TRADING"",""BUY"",""FUND"",""MSCI China USD (Acc)"",""IE00BJ5JPG56"",""0.9264400000"",""5.3970000000"",""-5.00"","""","""",""EUR"","""","""","""",""Savings plan execution IE00BJ5JPG56 iShares IV plc - iShares MSCI China UCITS ETF USD (Acc), quantity: 0.926440"",""cdc42480-e77e-474c-9c7c-509e90691c57"","""","""","""","""""
"2025-12-02T17:12:53.429Z,""2025-12-02"",""DEFAULT"",""TRADING"",""BUY"",""FUND"",""Uranium USD (Acc)"",""IE000NDWFGA5"",""0.2192980000"",""22.8000000000"",""-5.00"","""","""",""EUR"","""","""","""",""Savings plan execution IE000NDWFGA5 Global X ETFs ICAV - Global X Uranium UCITS ETF Acc USD, quantity: 0.219298"",""0bafc9bc-eca8-4e3f-af53-1594358919e9"","""","""","""","""""
"2025-12-09T07:36:32.983Z,""2025-12-09"",""DEFAULT"",""TRADING"",""BUY"",""CRYPTO"",""Bitcoin"",""BTC"",""0.0000620000"",""80168.0600000000"",""-4.97"","""","""",""EUR"","""","""","""",""Savings plan execution XF000BTC0017 Bitcoin, quantity: 0.000062"",""2c5f2c03-2436-42b3-9609-68c17aa03758"","""","""","""","""""
"2025-12-09T08:44:06.684Z,""2025-12-09"",""DEFAULT"",""TRADING"",""BUY"",""FUND"",""Nikkei 225 JPY (Acc)"",""LU2196470426"",""0.0543770000"",""91.9500000000"",""-5.00"","""","""",""EUR"","""","""","""",""Savings plan execution LU2196470426 Xtrackers - Xtrackers Nikkei 225 UCITS ETF 1C, quantity: 0.054377"",""18977334-5f47-4848-9304-6022e1999599"","""","""","""","""""
"2025-12-09T09:16:41.125Z,""2025-12-09"",""DEFAULT"",""TRADING"",""BUY"",""STOCK"",""VINCI"",""FR0000125486"",""0.0082610000"",""121.0500000000"",""-1.00"","""","""",""EUR"","""","""","""",""Savings plan execution FR0000125486 VINCI S.A. INH.   EO 2,50, quantity: 0.008261"",""fa612f90-f788-4980-a9b8-9b8c2f66e355"","""","""","""","""""
"2025-12-09T09:26:10.835Z,""2025-12-09"",""DEFAULT"",""TRADING"",""BUY"",""STOCK"",""Schneider Electric"",""FR0000121972"",""0.0169630000"",""235.8000000000"",""-4.00"","""",""-0.02"",""EUR"","""","""","""",""Savings plan execution FR0000121972 SCHNEIDER ELEC. INH. EO 4, quantity: 0.016963"",""31de409f-1879-46d2-97db-09a3e6a218b6"","""","""","""","""""
"2025-12-09T09:42:44.472Z,""2025-12-09"",""DEFAULT"",""TRADING"",""BUY"",""STOCK"",""BYD"",""CNE100000296"",""0.4621070000"",""10.8200000000"",""-5.00"","""","""",""EUR"","""","""","""",""Savings plan execution CNE100000296 BYD, quantity: 0.462107"",""1ff277fc-0308-48f1-bb92-4288f534c275"","""","""","""","""""
"2025-12-09T09:47:45.985Z,""2025-12-09"",""DEFAULT"",""TRADING"",""BUY"",""STOCK"",""Gaztransport Technigaz"",""FR0011726835"",""0.0119110000"",""167.9000000000"",""-2.00"","""",""-0.01"",""EUR"","""","""","""",""Savings plan execution FR0011726835 GAZTRANSP.TECHNIG.EO-,01, quantity: 0.011911"",""0670009f-8362-43d7-9050-5060e5d4bdad"","""","""","""","""""
"2025-12-09T09:51:17.306Z,""2025-12-09"",""DEFAULT"",""TRADING"",""BUY"",""STOCK"",""Pernod Ricard"",""FR0000120693"",""0.0527420000"",""75.8400000000"",""-4.00"","""",""-0.02"",""EUR"","""","""","""",""Savings plan execution FR0000120693 PERNOD RICARD        O.N., quantity: 0.052742"",""7d87fc29-ae8b-4cdf-b0bc-8b1d8ceec12f"","""","""","""","""""
"2025-12-09T14:45:31.212Z,""2025-12-09"",""DEFAULT"",""TRADING"",""BUY"",""FUND"",""Global Clean Energy USD (Dist)"",""IE00B1XNHC34"",""0.4876260000"",""8.2030000000"",""-4.00"","""","""",""EUR"","""","""","""",""Savings plan execution IE00B1XNHC34 iShares II plc - iShares Global Clean Energy Transition UCITS ETF USD (Dist), quantity: 0.487626"",""aeb4779a-2518-43e0-8e83-ace4d4528a7f"","""","""","""","""""
"2025-12-09T14:59:35.532Z,""2025-12-09"",""DEFAULT"",""TRADING"",""BUY"",""FUND"",""MSCI EM Latin America USD (Dist)"",""IE00B27YCK28"",""0.5090350000"",""15.7160000000"",""-8.00"","""","""",""EUR"","""","""","""",""Savings plan execution IE00B27YCK28 iShares II plc - iShares MSCI EM Latin America UCITS ETF USD (Dist), quantity: 0.509035"",""44a8e2ca-bff7-4e64-8559-5c1b685ff5ad"","""","""","""","""""
"2025-12-09T14:59:41.604Z,""2025-12-09"",""DEFAULT"",""TRADING"",""BUY"",""FUND"",""Nifty 50 Swap USD (Acc)"",""LU0292109690"",""0.0169310000"",""236.2500000000"",""-4.00"","""","""",""EUR"","""","""","""",""Savings plan execution LU0292109690 Xtrackers - Xtrackers Nifty 50 Swap UCITS ETF 1C, quantity: 0.016931"",""e9b9a924-b483-4ff0-9eeb-dfb231d9a0b4"","""","""","""","""""
"2025-12-09T15:12:59.886Z,""2025-12-09"",""DEFAULT"",""TRADING"",""BUY"",""FUND"",""MSCI EM USD (Acc)"",""IE00B4L5YC18"",""0.0907350000"",""44.0840000000"",""-4.00"","""","""",""EUR"","""","""","""",""Savings plan execution IE00B4L5YC18 iShares III plc - iShares MSCI EM UCITS ETF USD (Acc) USD (Acc), quantity: 0.090735"",""88e5cb3d-5c00-41d9-9ab0-efccfd5e0d8f"","""","""","""","""""
"2025-12-09T15:14:46.855Z,""2025-12-09"",""DEFAULT"",""TRADING"",""BUY"",""FUND"",""MSCI Africa Top 50 Swap USD (Acc)"",""LU0592217524"",""0.3344480000"",""8.9700000000"",""-3.00"","""","""",""EUR"","""","""","""",""Savings plan execution LU0592217524 Xtrackers - Xtrackers MSCI Africa Top 50 Swap UCITS ETF 1C, quantity: 0.334448"",""2b187936-3eb6-4ffe-a86d-2cd5fd346b5f"","""","""","""","""""
"2025-12-09T15:33:40.044Z,""2025-12-09"",""DEFAULT"",""TRADING"",""BUY"",""FUND"",""MSCI China USD (Acc)"",""IE00BJ5JPG56"",""0.9414420000"",""5.3110000000"",""-5.00"","""","""",""EUR"","""","""","""",""Savings plan execution IE00BJ5JPG56 iShares IV plc - iShares MSCI China UCITS ETF USD (Acc), quantity: 0.941442"",""8d26ebbf-0713-4f56-b940-391cb0f6eee4"","""","""","""","""""
"2025-12-09T15:50:07.461Z,""2025-12-09"",""DEFAULT"",""TRADING"",""BUY"",""FUND"",""Uranium USD (Acc)"",""IE000NDWFGA5"",""0.2069530000"",""24.1600000000"",""-5.00"","""","""",""EUR"","""","""","""",""Savings plan execution IE000NDWFGA5 Global X ETFs ICAV - Global X Uranium UCITS ETF Acc USD, quantity: 0.206953"",""140f928d-f37e-4ec1-9e4b-80d3d442507f"","""","""","""","""""
"2025-12-09T16:16:13.723Z,""2025-12-09"",""DEFAULT"",""TRADING"",""BUY"",""FUND"",""Core MSCI World USD (Acc)"",""IE00B4L5Y983"",""0.0089570000"",""111.6400000000"",""-1.00"","""","""",""EUR"","""","""","""",""Savings plan execution IE00B4L5Y983 iShares III plc - iShares Core MSCI World UCITS ETF USD (Acc), quantity: 0.008957"",""ee23a39c-863e-4015-9aa6-f82c4d2ffca1"","""","""","""","""""
"2025-12-17T11:31:59.958444Z,""2025-12-10"",""DEFAULT"",""CASH"",""DIVIDEND"",""STOCK"",""VINCI"",""FR0000125486"",""0.0274340000"","""",""0.100000"","""",""-0.03"",""EUR"","""","""","""",""Cash Dividend for ISIN FR0000125486"",""019b2c14-cf56-734f-8ff3-5bf401f54a8f"","""","""","""","""""
"2025-12-17T11:28:24.847394Z,""2025-12-10"",""DEFAULT"",""CASH"",""DIVIDEND"",""STOCK"",""VINCI"",""FR0000125486"",""0.0274340000"","""",""0.030000"","""","""",""EUR"","""","""","""",""Cash Dividend for ISIN FR0000125486"",""019b2c11-870f-74c6-bc2d-a631ea20a8d6"","""","""","""","""""
"2025-12-12T17:14:43.565340Z,""2025-12-12"",""DEFAULT"",""CASH"",""DIVIDEND"",""STOCK"",""Gaztransport Technigaz"",""FR0011726835"",""0.2555370000"","""",""1.020000"","""",""-0.31"",""EUR"","""","""","""",""Cash Dividend for ISIN FR0011726835"",""019b138e-c9ed-7d44-861a-03e499235d95"","""","""","""","""""
"2025-12-15T09:59:05.160Z,""2025-12-15"",""DEFAULT"",""TRADING"",""BUY"",""STOCK"",""Bayer"",""DE000BAY0017"",""0.5464990000"",""36.5600000000"",""-19.98"",""-1.00"","""",""EUR"","""","""","""",""Buy trade DE000BAY0017 BAYER AG O.N., quantity: 0.546499"",""b0d86971-aa98-488d-a5f3-2d05c1ba7232"","""","""","""","""""
"2025-12-15T09:59:05.864059Z,""2025-12-15"",""DEFAULT"",""CASH"",""GIFT"","""","""","""","""","""",""21.000000"","""","""",""EUR"","""","""","""",""Gift lottery order: Transfer from marketing stock perk to recipient cash account for lottery ac94974c-a2d3-40d1-9b25-0acc06d14d25"",""019b2173-0988-78b9-b821-4d6cf72bb340"","""","""","""","""""
"2025-12-15T16:30:11.209Z,""2025-12-15"",""DEFAULT"",""TRADING"",""BUY"",""PRIVATE_FUND"",""Private Equity"",""LU3170240538"",""0.0998180000"",""100.1825000000"","""","""","""",""EUR"","""","""","""",""BUY LU3170240538"",""6e8caadf-50f1-4ec6-b4ec-63d70ebf76db"","""","""","""","""""
"2025-12-16T07:46:04.246Z,""2025-12-16"",""DEFAULT"",""TRADING"",""BUY"",""CRYPTO"",""Bitcoin"",""BTC"",""0.0000660000"",""75451.5600000000"",""-4.98"","""","""",""EUR"","""","""","""",""Savings plan execution XF000BTC0017 Bitcoin, quantity: 0.000066"",""f9b9eaec-af33-491f-ae16-6166ce374ea8"","""","""","""","""""
"2025-12-16T08:44:14.702Z,""2025-12-16"",""DEFAULT"",""TRADING"",""BUY"",""FUND"",""Nikkei 225 JPY (Acc)"",""LU2196470426"",""0.0557470000"",""89.6900000000"",""-5.00"","""","""",""EUR"","""","""","""",""Savings plan execution LU2196470426 Xtrackers - Xtrackers Nikkei 225 UCITS ETF 1C, quantity: 0.055747"",""24525f85-773c-413c-8d65-faf9561ad77b"","""","""","""","""""
"2025-12-16T09:14:53.129Z,""2025-12-16"",""DEFAULT"",""TRADING"",""BUY"",""STOCK"",""Evolution Gaming Group"",""SE0012673267"",""0.0173070000"",""57.7800000000"",""-1.00"","""","""",""EUR"","""","""","""",""Savings plan execution SE0012673267 EVOLUTION AB (PU) SK-,003, quantity: 0.017307"",""52c14a96-93d1-4546-be06-5a920df7b355"","""","""","""","""""
"2025-12-16T09:17:08.374Z,""2025-12-16"",""DEFAULT"",""TRADING"",""BUY"",""STOCK"",""VINCI"",""FR0000125486"",""0.0083120000"",""120.3000000000"",""-1.00"","""","""",""EUR"","""","""","""",""Savings plan execution FR0000125486 VINCI S.A. INH.   EO 2,50, quantity: 0.008312"",""a813c7cb-4bbe-47cd-bd6a-cf16a4614fa8"","""","""","""","""""
"2025-12-16T09:27:24.634Z,""2025-12-16"",""DEFAULT"",""TRADING"",""BUY"",""STOCK"",""Schneider Electric"",""FR0000121972"",""0.0165220000"",""242.1000000000"",""-4.00"","""",""-0.02"",""EUR"","""","""","""",""Savings plan execution FR0000121972 SCHNEIDER ELEC. INH. EO 4, quantity: 0.016522"",""712ad7da-e745-4e93-ae4b-f2ded5ece6b3"","""","""","""","""""
"2025-12-16T09:49:10.016Z,""2025-12-16"",""DEFAULT"",""TRADING"",""BUY"",""STOCK"",""Gaztransport Technigaz"",""FR0011726835"",""0.0124610000"",""160.5000000000"",""-2.00"","""",""-0.01"",""EUR"","""","""","""",""Savings plan execution FR0011726835 GAZTRANSP.TECHNIG.EO-,01, quantity: 0.012461"",""af5317b2-763e-48ab-a64c-75d733f1fef3"","""","""","""","""""
"2025-12-16T09:53:21.886Z,""2025-12-16"",""DEFAULT"",""TRADING"",""BUY"",""STOCK"",""Pernod Ricard"",""FR0000120693"",""0.0519610000"",""76.9800000000"",""-4.00"","""",""-0.02"",""EUR"","""","""","""",""Savings plan execution FR0000120693 PERNOD RICARD        O.N., quantity: 0.051961"",""36e836c5-5332-4110-b6c7-a1052fd05f60"","""","""","""","""""
"2025-12-16T09:57:24.600Z,""2025-12-16"",""DEFAULT"",""TRADING"",""BUY"",""STOCK"",""BYD"",""CNE100000296"",""0.4826250000"",""10.3600000000"",""-5.00"","""","""",""EUR"","""","""","""",""Savings plan execution CNE100000296 BYD, quantity: 0.482625"",""ce06639d-31d4-4c33-b2c7-680524db3ff5"","""","""","""","""""
"2025-12-16T14:11:08.923296Z,""2025-12-16"",""DEFAULT"",""CASH"",""PRIVATE_MARKET_BUY"",""PRIVATE_FUND"",""Private Equity"",""LU3170240538"","""","""",""-10.000000"","""","""",""EUR"","""","""","""",""Private Markets pre-payment for buy order: 1dc6ace9-c931-4a26-8490-563ef0bca936"",""019b2780-27fb-7fce-a1ca-4a4d6580e84d"","""","""","""","""""
"2025-12-16T10:07:29.782963Z,""2025-12-16"",""DEFAULT"",""CASH"",""PRIVATE_MARKET_BUY"",""PRIVATE_FUND"",""Private Equity"",""LU3176111881"","""","""",""-20.000000"","""","""",""EUR"","""","""","""",""Private Markets pre-payment for buy order: 5157016a-b33a-4728-b8e5-13f2b2677598"",""019b26a1-15f6-7467-a5f0-8d24b89440ff"","""","""","""","""""
"2025-12-16T15:00:05.474Z,""2025-12-16"",""DEFAULT"",""TRADING"",""BUY"",""FUND"",""MSCI EM Latin America USD (Dist)"",""IE00B27YCK28"",""0.5064570000"",""15.7960000000"",""-8.00"","""","""",""EUR"","""","""","""",""Savings plan execution IE00B27YCK28 iShares II plc - iShares MSCI EM Latin America UCITS ETF USD (Dist), quantity: 0.506457"",""ab86fec8-c9a1-4323-b937-65a73e74ca98"","""","""","""","""""
"2025-12-16T15:05:28.098Z,""2025-12-16"",""DEFAULT"",""TRADING"",""BUY"",""FUND"",""Nifty 50 Swap USD (Acc)"",""LU0292109690"",""0.0173190000"",""230.9500000000"",""-4.00"","""","""",""EUR"","""","""","""",""Savings plan execution LU0292109690 Xtrackers - Xtrackers Nifty 50 Swap UCITS ETF 1C, quantity: 0.017319"",""955e1cc8-0c95-4271-b995-35ec59ddc599"","""","""","""","""""
"2025-12-16T15:20:32.489Z,""2025-12-16"",""DEFAULT"",""TRADING"",""BUY"",""FUND"",""MSCI Africa Top 50 Swap USD (Acc)"",""LU0592217524"",""0.3295970000"",""9.1020000000"",""-3.00"","""","""",""EUR"","""","""","""",""Savings plan execution LU0592217524 Xtrackers - Xtrackers MSCI Africa Top 50 Swap UCITS ETF 1C, quantity: 0.329597"",""7df4efda-b046-4c4e-9111-fe3129442314"","""","""","""","""""
"2025-12-16T15:31:36.537Z,""2025-12-16"",""DEFAULT"",""TRADING"",""BUY"",""FUND"",""MSCI EM USD (Acc)"",""IE00B4L5YC18"",""0.0932640000"",""42.8890000000"",""-4.00"","""","""",""EUR"","""","""","""",""Savings plan execution IE00B4L5YC18 iShares III plc - iShares MSCI EM UCITS ETF USD (Acc) USD (Acc), quantity: 0.093264"",""06b48a06-602c-4b72-b0cd-8ce56a8b599a"","""","""","""","""""
"2025-12-16T15:55:15.678Z,""2025-12-16"",""DEFAULT"",""TRADING"",""BUY"",""FUND"",""MSCI China USD (Acc)"",""IE00BJ5JPG56"",""0.9701200000"",""5.1540000000"",""-5.00"","""","""",""EUR"","""","""","""",""Savings plan execution IE00BJ5JPG56 iShares IV plc - iShares MSCI China UCITS ETF USD (Acc), quantity: 0.970120"",""baec4949-a5d9-433a-aeba-ba60e547a629"","""","""","""","""""
"2025-12-16T16:30:57.769Z,""2025-12-16"",""DEFAULT"",""TRADING"",""BUY"",""FUND"",""Uranium USD (Acc)"",""IE000NDWFGA5"",""0.1372990000"",""21.8500000000"",""-3.00"","""","""",""EUR"","""","""","""",""Savings plan execution IE000NDWFGA5 Global X ETFs ICAV - Global X Uranium UCITS ETF Acc USD, quantity: 0.137299"",""2be87a43-6c3a-42f9-a341-e928f37c1cf2"","""","""","""","""""
"2025-12-16T17:18:01.203Z,""2025-12-16"",""DEFAULT"",""TRADING"",""BUY"",""FUND"",""Core MSCI World USD (Acc)"",""IE00B4L5Y983"",""0.0091030000"",""109.8450000000"",""-1.00"","""","""",""EUR"","""","""","""",""Savings plan execution IE00B4L5Y983 iShares III plc - iShares Core MSCI World UCITS ETF USD (Acc), quantity: 0.009103"",""3bb002b1-3571-4a01-9236-252bb98ddb14"","""","""","""","""""
"2025-12-17T11:29:26.871448Z,""2025-12-17"",""DEFAULT"",""CASH"",""DIVIDEND"",""STOCK"",""VINCI"",""FR0000125486"",""0.0274340000"","""",""-0.020000"","""","""",""EUR"","""","""","""",""Cash Dividend for ISIN FR0000125486"",""019b2c12-7957-7ce2-9552-0da5154747ee"","""","""","""","""""
"2025-12-17T11:31:59.958459Z,""2025-12-17"",""DEFAULT"",""CASH"",""DIVIDEND"",""STOCK"",""VINCI"",""FR0000125486"",""0.0274340000"","""",""-0.070000"","""",""0.03"",""EUR"","""","""","""",""Cash Dividend for ISIN FR0000125486"",""019b2c14-cf56-7a2e-9863-80c1f2f8cc4c"","""","""","""","""""
"2025-12-23T07:38:22.323Z,""2025-12-23"",""DEFAULT"",""TRADING"",""BUY"",""CRYPTO"",""Bitcoin"",""BTC"",""0.0000650000"",""76621.1600000000"",""-4.98"","""","""",""EUR"","""","""","""",""Savings plan execution XF000BTC0017 Bitcoin, quantity: 0.000065"",""29297c87-6df7-4234-a207-6cf96c1b1d8e"","""","""","""","""""
"2025-12-23T08:44:07.771Z,""2025-12-23"",""DEFAULT"",""TRADING"",""BUY"",""FUND"",""Nikkei 225 JPY (Acc)"",""LU2196470426"",""0.0553950000"",""90.2600000000"",""-5.00"","""","""",""EUR"","""","""","""",""Savings plan execution LU2196470426 Xtrackers - Xtrackers Nikkei 225 UCITS ETF 1C, quantity: 0.055395"",""a32779f3-a2e1-4ae9-8ff9-26c95e465294"","""","""","""","""""
"2025-12-23T09:14:15.180Z,""2025-12-23"",""DEFAULT"",""TRADING"",""BUY"",""STOCK"",""Evolution Gaming Group"",""SE0012673267"",""0.0173550000"",""57.6200000000"",""-1.00"","""","""",""EUR"","""","""","""",""Savings plan execution SE0012673267 EVOLUTION AB (PU) SK-,003, quantity: 0.017355"",""2b8d5084-2886-4a13-9dc6-1e47c68e7a10"","""","""","""","""""
"2025-12-23T09:16:42.420Z,""2025-12-23"",""DEFAULT"",""TRADING"",""BUY"",""STOCK"",""VINCI"",""FR0000125486"",""0.0083640000"",""119.5500000000"",""-1.00"","""","""",""EUR"","""","""","""",""Savings plan execution FR0000125486 VINCI S.A. INH.   EO 2,50, quantity: 0.008364"",""9513da76-e292-4c39-aecd-399f2c08596a"","""","""","""","""""
"2025-12-23T09:26:14.301Z,""2025-12-23"",""DEFAULT"",""TRADING"",""BUY"",""STOCK"",""Schneider Electric"",""FR0000121972"",""0.0169770000"",""235.6000000000"",""-4.00"","""",""-0.02"",""EUR"","""","""","""",""Savings plan execution FR0000121972 SCHNEIDER ELEC. INH. EO 4, quantity: 0.016977"",""ae2c8ddd-b30b-4a86-a077-533b030ca5c8"","""","""","""","""""
"2025-12-23T09:42:38.259Z,""2025-12-23"",""DEFAULT"",""TRADING"",""BUY"",""STOCK"",""BYD"",""CNE100000296"",""0.4928530000"",""10.1450000000"",""-5.00"","""","""",""EUR"","""","""","""",""Savings plan execution CNE100000296 BYD, quantity: 0.492853"",""22ddfdf2-1670-4262-9507-bdef8f751a61"","""","""","""","""""
"2025-12-23T09:47:43.914Z,""2025-12-23"",""DEFAULT"",""TRADING"",""BUY"",""STOCK"",""Gaztransport Technigaz"",""FR0011726835"",""0.0127380000"",""157.0000000000"",""-2.00"","""",""-0.01"",""EUR"","""","""","""",""Savings plan execution FR0011726835 GAZTRANSP.TECHNIG.EO-,01, quantity: 0.012738"",""29f4e139-e6ef-4e5b-adab-353eccdfe8c3"","""","""","""","""""
"2025-12-23T09:51:15.938Z,""2025-12-23"",""DEFAULT"",""TRADING"",""BUY"",""STOCK"",""Pernod Ricard"",""FR0000120693"",""0.0541560000"",""73.8600000000"",""-4.00"","""",""-0.02"",""EUR"","""","""","""",""Savings plan execution FR0000120693 PERNOD RICARD        O.N., quantity: 0.054156"",""9dcde1b7-1402-44f1-bc40-3ac705b0272a"","""","""","""","""""
"2025-12-23T14:59:43.360Z,""2025-12-23"",""DEFAULT"",""TRADING"",""BUY"",""FUND"",""Nifty 50 Swap USD (Acc)"",""LU0292109690"",""0.0168560000"",""237.3000000000"",""-4.00"","""","""",""EUR"","""","""","""",""Savings plan execution LU0292109690 Xtrackers - Xtrackers Nifty 50 Swap UCITS ETF 1C, quantity: 0.016856"",""c9f0deba-2b68-4a2f-86cb-531c5eaf98ca"","""","""","""","""""
"2025-12-23T15:04:55.106Z,""2025-12-23"",""DEFAULT"",""TRADING"",""BUY"",""FUND"",""MSCI EM Latin America USD (Dist)"",""IE00B27YCK28"",""0.5054970000"",""15.8260000000"",""-8.00"","""","""",""EUR"","""","""","""",""Savings plan execution IE00B27YCK28 iShares II plc - iShares MSCI EM Latin America UCITS ETF USD (Dist), quantity: 0.505497"",""40bfabd2-2c9d-4e18-bd66-d6512772e343"","""","""","""","""""
"2025-12-23T15:11:57.707Z,""2025-12-23"",""DEFAULT"",""TRADING"",""BUY"",""FUND"",""MSCI EM USD (Acc)"",""IE00B4L5YC18"",""0.0912450000"",""43.8380000000"",""-4.00"","""","""",""EUR"","""","""","""",""Savings plan execution IE00B4L5YC18 iShares III plc - iShares MSCI EM UCITS ETF USD (Acc) USD (Acc), quantity: 0.091245"",""7cd9ca30-725b-429c-8750-0fb41496b67a"","""","""","""","""""
"2025-12-23T15:15:06.349Z,""2025-12-23"",""DEFAULT"",""TRADING"",""BUY"",""FUND"",""MSCI Africa Top 50 Swap USD (Acc)"",""LU0592217524"",""0.3221640000"",""9.3120000000"",""-3.00"","""","""",""EUR"","""","""","""",""Savings plan execution LU0592217524 Xtrackers - Xtrackers MSCI Africa Top 50 Swap UCITS ETF 1C, quantity: 0.322164"",""cb82672f-10e4-4b30-a56b-553922b9925d"","""","""","""","""""
"2025-12-23T15:18:44.024Z,""2025-12-23"",""DEFAULT"",""TRADING"",""BUY"",""FUND"",""Core MSCI World USD (Acc)"",""IE00B4L5Y983"",""0.0089850000"",""111.2950000000"",""-1.00"","""","""",""EUR"","""","""","""",""Savings plan execution IE00B4L5Y983 iShares III plc - iShares Core MSCI World UCITS ETF USD (Acc), quantity: 0.008985"",""32cf10b7-f4d6-4a59-a907-f55719ad4489"","""","""","""","""""
"2025-12-23T15:34:05.728Z,""2025-12-23"",""DEFAULT"",""TRADING"",""BUY"",""FUND"",""MSCI China USD (Acc)"",""IE00BJ5JPG56"",""0.9527430000"",""5.2480000000"",""-5.00"","""","""",""EUR"","""","""","""",""Savings plan execution IE00BJ5JPG56 iShares IV plc - iShares MSCI China UCITS ETF USD (Acc), quantity: 0.952743"",""4e298424-8943-49ef-8988-4cd507b30154"","""","""","""","""""
"2026-01-01T15:40:00.932488Z,""2026-01-01"",""DEFAULT"",""CASH"",""INTEREST_PAYMENT"","""","""","""","""","""",""0.610000"","""",""-0.19"",""EUR"","""","""","""",""Interest payment for payout collection 019b77c6-0597-7127-b1d0-eb72b07501e1"",""019b7a37-4424-73b4-9877-af0a3e34a9e0"","""","""","""","""""
"2026-01-02T07:48:42.920Z,""2026-01-02"",""DEFAULT"",""TRADING"",""BUY"",""CRYPTO"",""Bitcoin"",""BTC"",""0.0000640000"",""78088.1500000000"",""-5.00"","""","""",""EUR"","""","""","""",""Savings plan execution XF000BTC0017 Bitcoin, quantity: 0.000064"",""46df0425-0e00-45d1-a774-37e3b8495f78"","""","""","""","""""
"2026-01-02T08:44:44.890Z,""2026-01-02"",""DEFAULT"",""TRADING"",""BUY"",""FUND"",""Nikkei 225 JPY (Acc)"",""LU2196470426"",""0.0547160000"",""91.3800000000"",""-5.00"","""","""",""EUR"","""","""","""",""Savings plan execution LU2196470426 Xtrackers - Xtrackers Nikkei 225 UCITS ETF 1C, quantity: 0.054716"",""ab4518c1-6218-4020-86bf-f5e8eff8e823"","""","""","""","""""
"2026-01-02T09:14:20.654Z,""2026-01-02"",""DEFAULT"",""TRADING"",""BUY"",""STOCK"",""Evolution Gaming Group"",""SE0012673267"",""0.0170470000"",""58.6600000000"",""-1.00"","""","""",""EUR"","""","""","""",""Savings plan execution SE0012673267 EVOLUTION AB (PU) SK-,003, quantity: 0.017047"",""3971f791-002a-46c6-8fc5-c70e8ae998d4"","""","""","""","""""
"2026-01-02T09:19:25.654Z,""2026-01-02"",""DEFAULT"",""TRADING"",""BUY"",""STOCK"",""VINCI"",""FR0000125486"",""0.0083190000"",""120.2000000000"",""-1.00"","""","""",""EUR"","""","""","""",""Savings plan execution FR0000125486 VINCI S.A. INH.   EO 2,50, quantity: 0.008319"",""60adeb1d-2126-4eac-85f2-02016d6851a7"","""","""","""","""""
"2026-01-02T09:28:17.260Z,""2026-01-02"",""DEFAULT"",""TRADING"",""BUY"",""STOCK"",""Schneider Electric"",""FR0000121972"",""0.0169130000"",""236.5000000000"",""-4.00"","""",""-0.02"",""EUR"","""","""","""",""Savings plan execution FR0000121972 SCHNEIDER ELEC. INH. EO 4, quantity: 0.016913"",""6624da14-f5a3-443b-8253-86ca5793d784"","""","""","""","""""
"2026-01-02T09:53:23.615Z,""2026-01-02"",""DEFAULT"",""TRADING"",""BUY"",""STOCK"",""Gaztransport Technigaz"",""FR0011726835"",""0.0128040000"",""156.2000000000"",""-2.00"","""",""-0.01"",""EUR"","""","""","""",""Savings plan execution FR0011726835 GAZTRANSP.TECHNIG.EO-,01, quantity: 0.012804"",""0b31421e-90e9-4075-8263-d5e2b6cf0fc9"","""","""","""","""""
"2026-01-02T09:55:52.921Z,""2026-01-02"",""DEFAULT"",""TRADING"",""BUY"",""STOCK"",""BYD"",""CNE100000296"",""0.4566210000"",""10.9500000000"",""-5.00"","""","""",""EUR"","""","""","""",""Savings plan execution CNE100000296 BYD, quantity: 0.456621"",""3a8c5e5e-d604-4b36-a01c-1b20da021581"","""","""","""","""""
"2026-01-02T10:01:28.159Z,""2026-01-02"",""DEFAULT"",""TRADING"",""BUY"",""STOCK"",""Pernod Ricard"",""FR0000120693"",""0.0546140000"",""73.2400000000"",""-4.00"","""",""-0.02"",""EUR"","""","""","""",""Savings plan execution FR0000120693 PERNOD RICARD        O.N., quantity: 0.054614"",""455cf0b1-c816-40c6-8ef4-0b06add8b282"","""","""","""","""""
"2026-01-02T10:08:30.861763Z,""2026-01-02"",""DEFAULT"",""CASH"",""PRIVATE_MARKET_BUY"",""PRIVATE_FUND"",""Private Equity"",""LU3176111881"","""","""",""-20.000000"","""","""",""EUR"","""","""","""",""Private Markets pre-payment for buy order: 6f9f25a4-d026-4f30-8818-1bc89be13858"",""019b7e2e-208d-7a4c-b796-351f944b9a89"","""","""","""","""""
"2026-01-02T11:19:04.212057Z,""2026-01-02"",""DEFAULT"",""CASH"",""GIFT"","""","""","""","""","""",""11.000000"","""","""",""EUR"","""","""","""",""Gift lottery order: Transfer from marketing stock perk to recipient cash account for lottery 39b68e85-7fdd-42cd-bfe1-857a39d39f0b"",""019b7e6e-b914-709d-9dbb-4bcbddc66a53"","""","""","""","""""
"2026-01-02T11:19:50.452Z,""2026-01-02"",""DEFAULT"",""TRADING"",""BUY"",""STOCK"",""Amazon.com"",""US0231351067"",""0.0502280000"",""199.0400000000"",""-10.00"",""-1.00"","""",""EUR"","""","""","""",""Buy trade US0231351067 AMAZON.COM INC.    DL-,01, quantity: 0.050228"",""0c085a45-a4d1-414d-91f1-4ca788f13265"","""","""","""","""""
"2026-01-02T14:12:34.743346Z,""2026-01-02"",""DEFAULT"",""CASH"",""PRIVATE_MARKET_BUY"",""PRIVATE_FUND"",""Private Equity"",""LU3170240538"","""","""",""-10.000000"","""","""",""EUR"","""","""","""",""Private Markets pre-payment for buy order: b334f23e-6808-4cf3-b072-9e1e26651225"",""019b7f0d-9337-71f1-8596-247bac371086"","""","""","""","""""
"2026-01-02T15:11:12.756Z,""2026-01-02"",""DEFAULT"",""TRADING"",""BUY"",""FUND"",""MSCI EM Latin America USD (Dist)"",""IE00B27YCK28"",""0.4959080000"",""16.1320000000"",""-8.00"","""","""",""EUR"","""","""","""",""Savings plan execution IE00B27YCK28 iShares II plc - iShares MSCI EM Latin America UCITS ETF USD (Dist), quantity: 0.495908"",""87a02a72-adeb-4d7e-a91a-53ba48edb788"","""","""","""","""""
"2026-01-02T15:11:29.639Z,""2026-01-02"",""DEFAULT"",""TRADING"",""BUY"",""FUND"",""Nifty 50 Swap USD (Acc)"",""LU0292109690"",""0.0167110000"",""239.3500000000"",""-4.00"","""","""",""EUR"","""","""","""",""Savings plan execution LU0292109690 Xtrackers - Xtrackers Nifty 50 Swap UCITS ETF 1C, quantity: 0.016711"",""07b88d80-350f-4a52-8677-178e2518bef9"","""","""","""","""""
"2026-01-02T15:47:15.667Z,""2026-01-02"",""DEFAULT"",""TRADING"",""BUY"",""FUND"",""MSCI Africa Top 50 Swap USD (Acc)"",""LU0592217524"",""0.3208210000"",""9.3510000000"",""-3.00"","""","""",""EUR"","""","""","""",""Savings plan execution LU0592217524 Xtrackers - Xtrackers MSCI Africa Top 50 Swap UCITS ETF 1C, quantity: 0.320821"",""689555a4-9e3c-4c68-bc41-0d0847f8088a"","""","""","""","""""
"2026-01-02T15:47:40.397Z,""2026-01-02"",""DEFAULT"",""TRADING"",""BUY"",""FUND"",""MSCI EM USD (Acc)"",""IE00B4L5YC18"",""0.0876420000"",""45.6400000000"",""-4.00"","""","""",""EUR"","""","""","""",""Savings plan execution IE00B4L5YC18 iShares III plc - iShares MSCI EM UCITS ETF USD (Acc) USD (Acc), quantity: 0.087642"",""99fcb0dc-5ed2-401e-8c91-48a999b846b9"","""","""","""","""""
"2026-01-02T16:26:45.903Z,""2026-01-02"",""DEFAULT"",""TRADING"",""BUY"",""FUND"",""Core MSCI World USD (Acc)"",""IE00B4L5Y983"",""0.0089790000"",""111.3700000000"",""-1.00"","""","""",""EUR"","""","""","""",""Savings plan execution IE00B4L5Y983 iShares III plc - iShares Core MSCI World UCITS ETF USD (Acc), quantity: 0.008979"",""21b2252c-aef7-47a8-95b5-59e337a77195"","""","""","""","""""
"2026-01-02T16:52:47.570Z,""2026-01-02"",""DEFAULT"",""TRADING"",""BUY"",""FUND"",""MSCI China USD (Acc)"",""IE00BJ5JPG56"",""0.9255830000"",""5.4020000000"",""-5.00"","""","""",""EUR"","""","""","""",""Savings plan execution IE00BJ5JPG56 iShares IV plc - iShares MSCI China UCITS ETF USD (Acc), quantity: 0.925583"",""040a6637-f87d-4146-bde0-6b4a31cbd4f1"","""","""","""","""""
"2026-01-03T21:34:43.767812Z,""2026-01-03"",""DEFAULT"",""CASH"",""TRANSFER_INSTANT_INBOUND"","""","""","""","""","""",""150.000000"","""","""",""EUR"","""","""","""",""Incoming transfer from Leo BERTRAND (FR7640618803720004039001554)"",""019b85c8-bc37-7b20-9a7f-564c9dafaa5b"","""","""","""","""""
"2026-01-06T13:31:42.505Z,""2026-01-06"",""DEFAULT"",""TRADING"",""BUY"",""PRIVATE_FUND"",""Private Equity"",""LU3176111881"",""0.1914010000"",""104.4925000000"","""","""","""",""EUR"","""","""","""",""BUY LU3176111881"",""19c899c0-a9d3-479c-9739-05158a42a38b"","""","""","""","""""
"2026-01-06T15:27:09.068Z,""2026-01-06"",""DEFAULT"",""TRADING"",""BUY"",""PRIVATE_FUND"",""Private Equity"",""LU3176111881"",""0.1914010000"",""104.4925000000"","""","""","""",""EUR"","""","""","""",""BUY LU3176111881"",""19478d8b-c162-476f-ae9d-b3299e034721"","""","""","""","""""
"2026-01-09T07:37:49.481Z,""2026-01-09"",""DEFAULT"",""TRADING"",""BUY"",""CRYPTO"",""Bitcoin"",""BTC"",""0.0000620000"",""80514.4600000000"",""-4.99"","""","""",""EUR"","""","""","""",""Savings plan execution XF000BTC0017 Bitcoin, quantity: 0.000062"",""d1786865-b121-480a-a35d-bf9f9bd5e69f"","""","""","""","""""
"2026-01-09T08:44:07.996Z,""2026-01-09"",""DEFAULT"",""TRADING"",""BUY"",""FUND"",""Nikkei 225 JPY (Acc)"",""LU2196470426"",""0.0536190000"",""93.2500000000"",""-5.00"","""","""",""EUR"","""","""","""",""Savings plan execution LU2196470426 Xtrackers - Xtrackers Nikkei 225 UCITS ETF 1C, quantity: 0.053619"",""eab80836-47cc-4d8a-ad01-a799c027b1ff"","""","""","""","""""
"2026-01-09T09:14:16.908Z,""2026-01-09"",""DEFAULT"",""TRADING"",""BUY"",""STOCK"",""Evolution Gaming Group"",""SE0012673267"",""0.0171930000"",""58.1600000000"",""-1.00"","""","""",""EUR"","""","""","""",""Savings plan execution SE0012673267 EVOLUTION AB (PU) SK-,003, quantity: 0.017193"",""b0c406fe-4de6-413e-885f-67a9d6a8c31a"","""","""","""","""""
"2026-01-09T09:17:27.031Z,""2026-01-09"",""DEFAULT"",""TRADING"",""BUY"",""STOCK"",""VINCI"",""FR0000125486"",""0.0082230000"",""121.6000000000"",""-1.00"","""","""",""EUR"","""","""","""",""Savings plan execution FR0000125486 VINCI S.A. INH.   EO 2,50, quantity: 0.008223"",""a55bc3fa-5ad9-482a-8fa9-0fce36af5436"","""","""","""","""""
"2026-01-09T09:26:13.716Z,""2026-01-09"",""DEFAULT"",""TRADING"",""BUY"",""STOCK"",""Schneider Electric"",""FR0000121972"",""0.0169560000"",""235.9000000000"",""-4.00"","""",""-0.02"",""EUR"","""","""","""",""Savings plan execution FR0000121972 SCHNEIDER ELEC. INH. EO 4, quantity: 0.016956"",""96e42954-044d-4f73-87e8-34f562be96cf"","""","""","""","""""
"2026-01-09T09:42:44.369Z,""2026-01-09"",""DEFAULT"",""TRADING"",""BUY"",""STOCK"",""BYD"",""CNE100000296"",""0.4773260000"",""10.4750000000"",""-5.00"","""","""",""EUR"","""","""","""",""Savings plan execution CNE100000296 BYD, quantity: 0.477326"",""8ab7f962-47cd-4b60-b0e1-28e9d8f8d039"","""","""","""","""""
"2026-01-09T09:47:44.174Z,""2026-01-09"",""DEFAULT"",""TRADING"",""BUY"",""STOCK"",""Gaztransport Technigaz"",""FR0011726835"",""0.0122470000"",""163.3000000000"",""-2.00"","""",""-0.01"",""EUR"","""","""","""",""Savings plan execution FR0011726835 GAZTRANSP.TECHNIG.EO-,01, quantity: 0.012247"",""1c4c9948-86ee-47b3-a49f-2bf3e6fdd04a"","""","""","""","""""
"2026-01-09T09:51:17.067Z,""2026-01-09"",""DEFAULT"",""TRADING"",""BUY"",""STOCK"",""Pernod Ricard"",""FR0000120693"",""0.0533330000"",""75.0000000000"",""-4.00"","""",""-0.02"",""EUR"","""","""","""",""Savings plan execution FR0000120693 PERNOD RICARD        O.N., quantity: 0.053333"",""1b10701e-ec4f-4f69-bb97-b6a20d6a5d19"","""","""","""","""""
"2026-01-09T14:59:41.890Z,""2026-01-09"",""DEFAULT"",""TRADING"",""BUY"",""FUND"",""MSCI EM Latin America USD (Dist)"",""IE00B27YCK28"",""0.4759070000"",""16.8100000000"",""-8.00"","""","""",""EUR"","""","""","""",""Savings plan execution IE00B27YCK28 iShares II plc - iShares MSCI EM Latin America UCITS ETF USD (Dist), quantity: 0.475907"",""230cf37d-dbee-410d-9979-c4e1b696a55f"","""","""","""","""""
"2026-01-09T14:59:43.647Z,""2026-01-09"",""DEFAULT"",""TRADING"",""BUY"",""FUND"",""Nifty 50 Swap USD (Acc)"",""LU0292109690"",""0.0169990000"",""235.3000000000"",""-4.00"","""","""",""EUR"","""","""","""",""Savings plan execution LU0292109690 Xtrackers - Xtrackers Nifty 50 Swap UCITS ETF 1C, quantity: 0.016999"",""f4ceb1be-1242-426a-bacb-bf9706b41b26"","""","""","""","""""
"2026-01-09T15:11:43.761Z,""2026-01-09"",""DEFAULT"",""TRADING"",""BUY"",""FUND"",""MSCI EM USD (Acc)"",""IE00B4L5YC18"",""0.0857410000"",""46.6520000000"",""-4.00"","""","""",""EUR"","""","""","""",""Savings plan execution IE00B4L5YC18 iShares III plc - iShares MSCI EM UCITS ETF USD (Acc) USD (Acc), quantity: 0.085741"",""e72a00c1-2e63-4e3e-8f0e-9a95c59a608f"","""","""","""","""""
"2026-01-09T15:14:48.382Z,""2026-01-09"",""DEFAULT"",""TRADING"",""BUY"",""FUND"",""MSCI Africa Top 50 Swap USD (Acc)"",""LU0592217524"",""0.3143000000"",""9.5450000000"",""-3.00"","""","""",""EUR"","""","""","""",""Savings plan execution LU0592217524 Xtrackers - Xtrackers MSCI Africa Top 50 Swap UCITS ETF 1C, quantity: 0.314300"",""4d7a2186-d3e8-4abe-8e8f-d0a3e92318f0"","""","""","""","""""
"2026-01-09T15:20:44.822Z,""2026-01-09"",""DEFAULT"",""TRADING"",""BUY"",""FUND"",""Core MSCI World USD (Acc)"",""IE00B4L5Y983"",""0.0087680000"",""114.0501000000"",""-1.00"","""","""",""EUR"","""","""","""",""Savings plan execution IE00B4L5Y983 iShares III plc - iShares Core MSCI World UCITS ETF USD (Acc), quantity: 0.008768"",""7e5fa52c-c981-485f-b099-cbb9cc5e22ed"","""","""","""","""""
"2026-01-09T15:38:01.404Z,""2026-01-09"",""DEFAULT"",""TRADING"",""BUY"",""FUND"",""MSCI China USD (Acc)"",""IE00BJ5JPG56"",""0.9170940000"",""5.4520000000"",""-5.00"","""","""",""EUR"","""","""","""",""Savings plan execution IE00BJ5JPG56 iShares IV plc - iShares MSCI China UCITS ETF USD (Acc), quantity: 0.917094"",""44cd3c98-aeb3-458e-bf0a-e2aa061433f5"","""","""","""","""""
"2026-01-16T07:43:42.118Z,""2026-01-16"",""DEFAULT"",""TRADING"",""BUY"",""CRYPTO"",""Bitcoin"",""BTC"",""0.0000580000"",""84937.9800000000"",""-4.93"","""","""",""EUR"","""","""","""",""Savings plan execution XF000BTC0017 Bitcoin, quantity: 0.000058"",""53e9e12d-776f-4cfb-a06d-22ed0d6bb282"","""","""","""","""""
"2026-01-16T08:44:13.916Z,""2026-01-16"",""DEFAULT"",""TRADING"",""BUY"",""FUND"",""Nikkei 225 JPY (Acc)"",""LU2196470426"",""0.0516950000"",""96.7200000000"",""-5.00"","""","""",""EUR"","""","""","""",""Savings plan execution LU2196470426 Xtrackers - Xtrackers Nikkei 225 UCITS ETF 1C, quantity: 0.051695"",""dd2f59c0-0ea6-4e66-9cce-ee9da651ece2"","""","""","""","""""
"2026-01-16T09:15:07.258Z,""2026-01-16"",""DEFAULT"",""TRADING"",""BUY"",""STOCK"",""Evolution Gaming Group"",""SE0012673267"",""0.0178820000"",""55.9200000000"",""-1.00"","""","""",""EUR"","""","""","""",""Savings plan execution SE0012673267 EVOLUTION AB (PU) SK-,003, quantity: 0.017882"",""21937bcb-b9f7-46c2-9a08-7904b0edb2f8"","""","""","""","""""
"2026-01-16T09:17:01.140Z,""2026-01-16"",""DEFAULT"",""TRADING"",""BUY"",""STOCK"",""VINCI"",""FR0000125486"",""0.0085830000"",""116.5000000000"",""-1.00"","""","""",""EUR"","""","""","""",""Savings plan execution FR0000125486 VINCI S.A. INH.   EO 2,50, quantity: 0.008583"",""2d19e93c-3d99-48db-955a-2660927aa24f"","""","""","""","""""
"2026-01-16T09:26:38.090Z,""2026-01-16"",""DEFAULT"",""TRADING"",""BUY"",""STOCK"",""Schneider Electric"",""FR0000121972"",""0.0172710000"",""231.6000000000"",""-4.00"","""",""-0.02"",""EUR"","""","""","""",""Savings plan execution FR0000121972 SCHNEIDER ELEC. INH. EO 4, quantity: 0.017271"",""6f38c654-6f0a-408b-967a-60fc4cf2c12d"","""","""","""","""""
"2026-01-16T09:57:05.308Z,""2026-01-16"",""DEFAULT"",""TRADING"",""BUY"",""STOCK"",""BYD"",""CNE100000296"",""0.4545450000"",""11.0000000000"",""-5.00"","""","""",""EUR"","""","""","""",""Savings plan execution CNE100000296 BYD, quantity: 0.454545"",""716ea4c3-55af-45a9-8ec4-33afbeda7c8b"","""","""","""","""""
"2026-01-16T10:07:32.405901Z,""2026-01-16"",""DEFAULT"",""CASH"",""PRIVATE_MARKET_BUY"",""PRIVATE_FUND"",""Private Equity"",""LU3176111881"","""","""",""-20.000000"","""","""",""EUR"","""","""","""",""Private Markets pre-payment for buy order: 351fd72a-2063-4d8c-b511-7622fd8d99c8"",""019bc646-4435-7c4e-82a8-13ac3c816f4a"","""","""","""","""""
"2026-01-16T10:08:04.111Z,""2026-01-16"",""DEFAULT"",""TRADING"",""BUY"",""STOCK"",""Gaztransport Technigaz"",""FR0011726835"",""0.0115340000"",""173.4000000000"",""-2.00"","""",""-0.01"",""EUR"","""","""","""",""Savings plan execution FR0011726835 GAZTRANSP.TECHNIG.EO-,01, quantity: 0.011534"",""0f254651-5353-4f71-a5ee-094252f553f2"","""","""","""","""""
"2026-01-16T10:11:50.408Z,""2026-01-16"",""DEFAULT"",""TRADING"",""BUY"",""STOCK"",""Pernod Ricard"",""FR0000120693"",""0.0530360000"",""75.4200000000"",""-4.00"","""",""-0.02"",""EUR"","""","""","""",""Savings plan execution FR0000120693 PERNOD RICARD        O.N., quantity: 0.053036"",""27ea54f1-a6af-48c9-af34-484bcdfb4695"","""","""","""","""""
"2026-01-16T14:12:25.588593Z,""2026-01-16"",""DEFAULT"",""CASH"",""PRIVATE_MARKET_BUY"",""PRIVATE_FUND"",""Private Equity"",""LU3170240538"","""","""",""-10.000000"","""","""",""EUR"","""","""","""",""Private Markets pre-payment for buy order: c6a63f00-14ba-445c-a234-0fdfc56f5a6c"",""019bc726-7774-7c03-8c83-88515d8c6604"","""","""","""","""""
"2026-01-16T15:02:22.571Z,""2026-01-16"",""DEFAULT"",""TRADING"",""BUY"",""FUND"",""Nifty 50 Swap USD (Acc)"",""LU0292109690"",""0.0171630000"",""233.0500000000"",""-4.00"","""","""",""EUR"","""","""","""",""Savings plan execution LU0292109690 Xtrackers - Xtrackers Nifty 50 Swap UCITS ETF 1C, quantity: 0.017163"",""8836112d-4f9c-4a82-8b42-1bf10259f4da"","""","""","""","""""
"2026-01-16T15:02:24.793Z,""2026-01-16"",""DEFAULT"",""TRADING"",""BUY"",""FUND"",""MSCI EM Latin America USD (Dist)"",""IE00B27YCK28"",""0.4692630000"",""17.0480000000"",""-8.00"","""","""",""EUR"","""","""","""",""Savings plan execution IE00B27YCK28 iShares II plc - iShares MSCI EM Latin America UCITS ETF USD (Dist), quantity: 0.469263"",""31e2b79d-a361-4af5-a86d-e70a0af2fcce"","""","""","""","""""
"2026-01-16T15:23:42.518Z,""2026-01-16"",""DEFAULT"",""TRADING"",""BUY"",""FUND"",""MSCI EM USD (Acc)"",""IE00B4L5YC18"",""0.0842050000"",""47.5030000000"",""-4.00"","""","""",""EUR"","""","""","""",""Savings plan execution IE00B4L5YC18 iShares III plc - iShares MSCI EM UCITS ETF USD (Acc) USD (Acc), quantity: 0.084205"",""3ddaecb7-c15a-4fee-aca8-0795dfdc5403"","""","""","""","""""
"2026-01-16T15:26:34.687Z,""2026-01-16"",""DEFAULT"",""TRADING"",""BUY"",""FUND"",""MSCI Africa Top 50 Swap USD (Acc)"",""LU0592217524"",""0.3047540000"",""9.8440000000"",""-3.00"","""","""",""EUR"","""","""","""",""Savings plan execution LU0592217524 Xtrackers - Xtrackers MSCI Africa Top 50 Swap UCITS ETF 1C, quantity: 0.304754"",""20f7b4d7-6b9c-48d5-bf71-c666d437d0a4"","""","""","""","""""
"2026-01-16T16:14:44.041Z,""2026-01-16"",""DEFAULT"",""TRADING"",""BUY"",""FUND"",""Core MSCI World USD (Acc)"",""IE00B4L5Y983"",""0.0087330000"",""114.4996000000"",""-1.00"","""","""",""EUR"","""","""","""",""Savings plan execution IE00B4L5Y983 iShares III plc - iShares Core MSCI World UCITS ETF USD (Acc), quantity: 0.008733"",""409f1cba-85ae-4688-8d96-6fdefa8da949"","""","""","""","""""
"2026-01-16T16:23:51.871Z,""2026-01-16"",""DEFAULT"",""TRADING"",""BUY"",""FUND"",""MSCI China USD (Acc)"",""IE00BJ5JPG56"",""0.9117430000"",""5.4840000000"",""-5.00"","""","""",""EUR"","""","""","""",""Savings plan execution IE00BJ5JPG56 iShares IV plc - iShares MSCI China UCITS ETF USD (Acc), quantity: 0.911743"",""8e1b134f-c047-410f-b380-86fe24df4b11"","""","""","""","""""
"2026-01-19T15:39:42.003Z,""2026-01-19"",""DEFAULT"",""TRADING"",""BUY"",""PRIVATE_FUND"",""Private Equity"",""LU3170240538"",""0.0984950000"",""101.5280000000"","""","""","""",""EUR"","""","""","""",""BUY LU3170240538"",""a66114c2-b3c7-497e-b6c3-d8119ee2c279"","""","""","""","""""
"2026-01-19T15:43:32.547Z,""2026-01-19"",""DEFAULT"",""TRADING"",""BUY"",""PRIVATE_FUND"",""Private Equity"",""LU3170240538"",""0.0984950000"",""101.5280000000"","""","""","""",""EUR"","""","""","""",""BUY LU3170240538"",""e77ae059-d931-4181-b5ea-80cbe03b2c5f"","""","""","""","""""
"2026-01-23T07:37:21.813Z,""2026-01-23"",""DEFAULT"",""TRADING"",""BUY"",""CRYPTO"",""Bitcoin"",""BTC"",""0.0000630000"",""78605.0000000000"",""-4.95"","""","""",""EUR"","""","""","""",""Savings plan execution XF000BTC0017 Bitcoin, quantity: 0.000063"",""6d17d28a-fb7c-497e-b7ec-922afe4abeed"","""","""","""","""""
"2026-01-23T08:51:29.918Z,""2026-01-23"",""DEFAULT"",""TRADING"",""BUY"",""FUND"",""Nikkei 225 JPY (Acc)"",""LU2196470426"",""0.0528030000"",""94.6900000000"",""-5.00"","""","""",""EUR"","""","""","""",""Savings plan execution LU2196470426 Xtrackers - Xtrackers Nikkei 225 UCITS ETF 1C, quantity: 0.052803"",""510af3a6-048f-41d3-a6c7-fb264d496855"","""","""","""","""""
"2026-01-23T09:14:15.341Z,""2026-01-23"",""DEFAULT"",""TRADING"",""BUY"",""STOCK"",""Evolution Gaming Group"",""SE0012673267"",""0.0178180000"",""56.1200000000"",""-1.00"","""","""",""EUR"","""","""","""",""Savings plan execution SE0012673267 EVOLUTION AB (PU) SK-,003, quantity: 0.017818"",""ef881a3f-11e5-43b7-9869-dece2f504560"","""","""","""","""""
"2026-01-23T09:16:42.894Z,""2026-01-23"",""DEFAULT"",""TRADING"",""BUY"",""STOCK"",""VINCI"",""FR0000125486"",""0.0085680000"",""116.7000000000"",""-1.00"","""","""",""EUR"","""","""","""",""Savings plan execution FR0000125486 VINCI S.A. INH.   EO 2,50, quantity: 0.008568"",""6f7ccc9c-b941-48f2-b911-b13d304ef4fb"","""","""","""","""""
"2026-01-23T09:26:14.540Z,""2026-01-23"",""DEFAULT"",""TRADING"",""BUY"",""STOCK"",""Schneider Electric"",""FR0000121972"",""0.0173490000"",""230.5500000000"",""-4.00"","""",""-0.02"",""EUR"","""","""","""",""Savings plan execution FR0000121972 SCHNEIDER ELEC. INH. EO 4, quantity: 0.017349"",""bb558313-11e4-41c6-b4c2-b7946a2fcfcb"","""","""","""","""""
"2026-01-23T09:47:44.688Z,""2026-01-23"",""DEFAULT"",""TRADING"",""BUY"",""STOCK"",""Gaztransport Technigaz"",""FR0011726835"",""0.0113370000"",""176.4000000000"",""-2.00"","""",""-0.01"",""EUR"","""","""","""",""Savings plan execution FR0011726835 GAZTRANSP.TECHNIG.EO-,01, quantity: 0.011337"",""975c70a3-e277-4af2-9383-57899e40ecda"","""","""","""","""""
"2026-01-23T09:51:17.394Z,""2026-01-23"",""DEFAULT"",""TRADING"",""BUY"",""STOCK"",""Pernod Ricard"",""FR0000120693"",""0.0523010000"",""76.4800000000"",""-4.00"","""",""-0.02"",""EUR"","""","""","""",""Savings plan execution FR0000120693 PERNOD RICARD        O.N., quantity: 0.052301"",""17f8e4cd-6eaa-45e9-859d-53652b794b7c"","""","""","""","""""
"2026-01-23T14:59:36.183Z,""2026-01-23"",""DEFAULT"",""TRADING"",""BUY"",""FUND"",""MSCI EM Latin America USD (Dist)"",""IE00B27YCK28"",""0.4433600000"",""18.0440000000"",""-8.00"","""","""",""EUR"","""","""","""",""Savings plan execution IE00B27YCK28 iShares II plc - iShares MSCI EM Latin America UCITS ETF USD (Dist), quantity: 0.443360"",""40404c3d-ce4c-45f4-af99-d375a8d96c57"","""","""","""","""""
"2026-01-23T15:04:50.710Z,""2026-01-23"",""DEFAULT"",""TRADING"",""BUY"",""FUND"",""Nifty 50 Swap USD (Acc)"",""LU0292109690"",""0.0179730000"",""222.5500000000"",""-4.00"","""","""",""EUR"","""","""","""",""Savings plan execution LU0292109690 Xtrackers - Xtrackers Nifty 50 Swap UCITS ETF 1C, quantity: 0.017973"",""df8789c2-3e9c-4203-941f-c30821e8254d"","""","""","""","""""
"2026-01-23T15:11:52.600Z,""2026-01-23"",""DEFAULT"",""TRADING"",""BUY"",""FUND"",""MSCI EM USD (Acc)"",""IE00B4L5YC18"",""0.0839940000"",""47.6220000000"",""-4.00"","""","""",""EUR"","""","""","""",""Savings plan execution IE00B4L5YC18 iShares III plc - iShares MSCI EM UCITS ETF USD (Acc) USD (Acc), quantity: 0.083994"",""a6cfc6d6-ecba-4000-aeb3-1836c3549451"","""","""","""","""""
"2026-01-23T15:14:48.247Z,""2026-01-23"",""DEFAULT"",""TRADING"",""BUY"",""FUND"",""MSCI Africa Top 50 Swap USD (Acc)"",""LU0592217524"",""0.3034590000"",""9.8860000000"",""-3.00"","""","""",""EUR"","""","""","""",""Savings plan execution LU0592217524 Xtrackers - Xtrackers MSCI Africa Top 50 Swap UCITS ETF 1C, quantity: 0.303459"",""e9ee2976-aa1f-4270-b075-19956caa7e3b"","""","""","""","""""
"2026-01-23T15:20:17.475Z,""2026-01-23"",""DEFAULT"",""TRADING"",""BUY"",""FUND"",""Core MSCI World USD (Acc)"",""IE00B4L5Y983"",""0.0088700000"",""112.7300000000"",""-1.00"","""","""",""EUR"","""","""","""",""Savings plan execution IE00B4L5Y983 iShares III plc - iShares Core MSCI World UCITS ETF USD (Acc), quantity: 0.008870"",""4b74dd33-24ed-4bf1-8b2c-17df7ad9bc86"","""","""","""","""""
"2026-01-23T15:33:22.322Z,""2026-01-23"",""DEFAULT"",""TRADING"",""BUY"",""FUND"",""MSCI China USD (Acc)"",""IE00BJ5JPG56"",""0.9197930000"",""5.4360000000"",""-5.00"","""","""",""EUR"","""","""","""",""Savings plan execution IE00BJ5JPG56 iShares IV plc - iShares MSCI China UCITS ETF USD (Acc), quantity: 0.919793"",""1089eb6f-97c0-49a6-af22-6093a4890270"","""","""","""","""""
"2026-02-01T01:25:46.383163Z,""2026-02-01"",""DEFAULT"",""CASH"",""INTEREST_PAYMENT"","""","""","""","""","""",""0.400000"","""",""-0.12"",""EUR"","""","""","""",""Interest payment for payout collection 019c16cd-28bb-7874-be87-c30c360768aa"",""019c16ce-530f-7797-8b62-729e88586bbd"","""","""","""","""""
"2026-02-02T08:21:27.280Z,""2026-02-02"",""DEFAULT"",""TRADING"",""BUY"",""CRYPTO"",""Bitcoin"",""BTC"",""0.0000740000"",""66952.2700000000"",""-4.95"","""","""",""EUR"","""","""","""",""Savings plan execution XF000BTC0017 Bitcoin, quantity: 0.000074"",""b292e90d-b3fd-420c-b659-995364fc5f65"","""","""","""","""""
"2026-02-02T08:44:12.663Z,""2026-02-02"",""DEFAULT"",""TRADING"",""BUY"",""FUND"",""Nikkei 225 JPY (Acc)"",""LU2196470426"",""0.0524980000"",""95.2400000000"",""-5.00"","""","""",""EUR"","""","""","""",""Savings plan execution LU2196470426 Xtrackers - Xtrackers Nikkei 225 UCITS ETF 1C, quantity: 0.052498"",""375f4d78-99aa-452c-b876-f4b3d6ea7ed6"","""","""","""","""""
"2026-02-02T09:15:15.226Z,""2026-02-02"",""DEFAULT"",""TRADING"",""BUY"",""STOCK"",""Evolution Gaming Group"",""SE0012673267"",""0.0185390000"",""53.9400000000"",""-1.00"","""","""",""EUR"","""","""","""",""Savings plan execution SE0012673267 EVOLUTION AB (PU) SK-,003, quantity: 0.018539"",""0019759e-0341-44c5-b525-9d64424511ac"","""","""","""","""""
"2026-02-02T09:17:28.625Z,""2026-02-02"",""DEFAULT"",""TRADING"",""BUY"",""STOCK"",""VINCI"",""FR0000125486"",""0.0082200000"",""121.6500000000"",""-1.00"","""","""",""EUR"","""","""","""",""Savings plan execution FR0000125486 VINCI S.A. INH.   EO 2,50, quantity: 0.008220"",""e212add0-296c-4180-9511-68ded28e29a0"","""","""","""","""""
"2026-02-02T09:29:27.064Z,""2026-02-02"",""DEFAULT"",""TRADING"",""BUY"",""STOCK"",""Schneider Electric"",""FR0000121972"",""0.0165460000"",""241.7500000000"",""-4.00"","""",""-0.02"",""EUR"","""","""","""",""Savings plan execution FR0000121972 SCHNEIDER ELEC. INH. EO 4, quantity: 0.016546"",""9ee024c1-67ec-4f8a-b136-5196947eb72c"","""","""","""","""""
"2026-02-02T09:59:19.900Z,""2026-02-02"",""DEFAULT"",""TRADING"",""BUY"",""STOCK"",""BYD"",""CNE100000296"",""0.1993020000"",""10.0350000000"",""-2.00"","""","""",""EUR"","""","""","""",""Savings plan execution CNE100000296 BYD, quantity: 0.199302"",""2d0fc4ee-359d-49c6-9431-c302fabd10de"","""","""","""","""""
"2026-02-02T10:07:34.141106Z,""2026-02-02"",""DEFAULT"",""CASH"",""PRIVATE_MARKET_BUY"",""PRIVATE_FUND"",""Private Equity"",""LU3176111881"","""","""",""-20.000000"","""","""",""EUR"","""","""","""",""Private Markets pre-payment for buy order: cbbb50a1-e55a-40cd-b4ff-83d0ec64a30e"",""019c1dd2-66fd-7dd3-b3fd-827ea7d1804e"","""","""","""","""""
"2026-02-02T10:14:36.328Z,""2026-02-02"",""DEFAULT"",""TRADING"",""BUY"",""STOCK"",""Gaztransport Technigaz"",""FR0011726835"",""0.0111730000"",""179.0000000000"",""-2.00"","""",""-0.01"",""EUR"","""","""","""",""Savings plan execution FR0011726835 GAZTRANSP.TECHNIG.EO-,01, quantity: 0.011173"",""ef5ccae3-d1c5-4351-88a3-9e94882783bf"","""","""","""","""""
"2026-02-02T10:18:57.938Z,""2026-02-02"",""DEFAULT"",""TRADING"",""BUY"",""STOCK"",""Pernod Ricard"",""FR0000120693"",""0.0527840000"",""75.7800000000"",""-4.00"","""",""-0.02"",""EUR"","""","""","""",""Savings plan execution FR0000120693 PERNOD RICARD        O.N., quantity: 0.052784"",""a8878cfe-4d05-4341-992a-83bdad91b286"","""","""","""","""""
"2026-02-02T14:12:47.834267Z,""2026-02-02"",""DEFAULT"",""CASH"",""PRIVATE_MARKET_BUY"",""PRIVATE_FUND"",""Private Equity"",""LU3170240538"","""","""",""-10.000000"","""","""",""EUR"","""","""","""",""Private Markets pre-payment for buy order: a64b1a8e-2d8c-4e41-a6bb-9dd53c93f76c"",""019c1eb2-ea5a-7a88-83d7-645c8a04cc77"","""","""","""","""""
"2026-02-02T15:56:42.715Z,""2026-02-02"",""DEFAULT"",""TRADING"",""BUY"",""FUND"",""Nifty 50 Swap USD (Acc)"",""LU0292109690"",""0.0179570000"",""222.7500000000"",""-4.00"","""","""",""EUR"","""","""","""",""Savings plan execution LU0292109690 Xtrackers - Xtrackers Nifty 50 Swap UCITS ETF 1C, quantity: 0.017957"",""b275e9d9-8cc5-4a2e-a8f3-05248e57bc80"","""","""","""","""""
"2026-02-02T15:56:43.752Z,""2026-02-02"",""DEFAULT"",""TRADING"",""BUY"",""FUND"",""MSCI EM Latin America USD (Dist)"",""IE00B27YCK28"",""0.4371580000"",""18.3000000000"",""-8.00"","""","""",""EUR"","""","""","""",""Savings plan execution IE00B27YCK28 iShares II plc - iShares MSCI EM Latin America UCITS ETF USD (Dist), quantity: 0.437158"",""b99c3edb-0ab9-4ee4-8a37-5ef3c7c37e7a"","""","""","""","""""
"2026-02-02T15:58:12.433Z,""2026-02-02"",""DEFAULT"",""TRADING"",""BUY"",""FUND"",""Core MSCI World USD (Acc)"",""IE00B4L5Y983"",""0.0088510000"",""112.9711000000"",""-1.00"","""","""",""EUR"","""","""","""",""Savings plan execution IE00B4L5Y983 iShares III plc - iShares Core MSCI World UCITS ETF USD (Acc), quantity: 0.008851"",""573dd598-3975-40b5-88b4-4d7c71784a7a"","""","""","""","""""
"2026-02-02T16:07:31.524Z,""2026-02-02"",""DEFAULT"",""TRADING"",""BUY"",""FUND"",""MSCI EM USD (Acc)"",""IE00B4L5YC18"",""0.0838600000"",""47.6980000000"",""-4.00"","""","""",""EUR"","""","""","""",""Savings plan execution IE00B4L5YC18 iShares III plc - iShares MSCI EM UCITS ETF USD (Acc) USD (Acc), quantity: 0.083860"",""394467b2-d433-4014-b535-30cf0c4faaed"","""","""","""","""""
"2026-02-02T16:08:32.877Z,""2026-02-02"",""DEFAULT"",""TRADING"",""BUY"",""FUND"",""MSCI Africa Top 50 Swap USD (Acc)"",""LU0592217524"",""0.3124020000"",""9.6030000000"",""-3.00"","""","""",""EUR"","""","""","""",""Savings plan execution LU0592217524 Xtrackers - Xtrackers MSCI Africa Top 50 Swap UCITS ETF 1C, quantity: 0.312402"",""5f0ae760-3858-4c01-be16-9167d3fca6ed"","""","""","""","""""
"2026-02-02T17:06:01.578Z,""2026-02-02"",""DEFAULT"",""TRADING"",""BUY"",""FUND"",""MSCI China USD (Acc)"",""IE00BJ5JPG56"",""0.9356280000"",""5.3440000000"",""-5.00"","""","""",""EUR"","""","""","""",""Savings plan execution IE00BJ5JPG56 iShares IV plc - iShares MSCI China UCITS ETF USD (Acc), quantity: 0.935628"",""c8914c94-5b65-4f6c-adf3-a73937d5a47f"","""","""","""","""""
"2026-02-05T09:11:44.899Z,""2026-02-05"",""DEFAULT"",""TRADING"",""BUY"",""PRIVATE_FUND"",""Private Equity"",""LU3176111881"",""0.1893650000"",""105.6164000000"","""","""","""",""EUR"","""","""","""",""BUY LU3176111881"",""b57391b9-5bbc-4523-91ce-8745dd14707e"","""","""","""","""""
"2026-02-05T09:14:39.376Z,""2026-02-05"",""DEFAULT"",""TRADING"",""BUY"",""PRIVATE_FUND"",""Private Equity"",""LU3176111881"",""0.1893650000"",""105.6164000000"","""","""","""",""EUR"","""","""","""",""BUY LU3176111881"",""594a948c-52cd-4ce1-8bcd-13db844cf1cc"","""","""","""","""""
"2026-02-09T07:37:48.320Z,""2026-02-09"",""DEFAULT"",""TRADING"",""BUY"",""CRYPTO"",""Bitcoin"",""BTC"",""0.0000810000"",""61364.7300000000"",""-4.97"","""","""",""EUR"","""","""","""",""Savings plan execution XF000BTC0017 Bitcoin, quantity: 0.000081"",""de8a2f2e-1f80-4409-b30c-54aa04fe1156"","""","""","""","""""
"2026-02-09T08:44:13.506Z,""2026-02-09"",""DEFAULT"",""TRADING"",""BUY"",""FUND"",""Nikkei 225 JPY (Acc)"",""LU2196470426"",""0.0499600000"",""100.0800000000"",""-5.00"","""","""",""EUR"","""","""","""",""Savings plan execution LU2196470426 Xtrackers - Xtrackers Nikkei 225 UCITS ETF 1C, quantity: 0.049960"",""156f9c6d-9bbb-450e-ac14-2c8e66c0170f"","""","""","""","""""
"2026-02-09T09:14:21.114Z,""2026-02-09"",""DEFAULT"",""TRADING"",""BUY"",""STOCK"",""Evolution Gaming Group"",""SE0012673267"",""0.0189530000"",""52.7600000000"",""-1.00"","""","""",""EUR"","""","""","""",""Savings plan execution SE0012673267 EVOLUTION AB (PU) SK-,003, quantity: 0.018953"",""6e93b86e-1dff-4925-be07-6e21bd894f18"","""","""","""","""""
"2026-02-09T09:17:00.289Z,""2026-02-09"",""DEFAULT"",""TRADING"",""BUY"",""STOCK"",""VINCI"",""FR0000125486"",""0.0075950000"",""131.6500000000"",""-1.00"","""","""",""EUR"","""","""","""",""Savings plan execution FR0000125486 VINCI S.A. INH.   EO 2,50, quantity: 0.007595"",""b5d799b7-a036-4fbf-852b-7531dbf304e6"","""","""","""","""""
"2026-02-09T09:42:46.289Z,""2026-02-09"",""DEFAULT"",""TRADING"",""BUY"",""STOCK"",""BYD"",""CNE100000296"",""0.1985110000"",""10.0750000000"",""-2.00"","""","""",""EUR"","""","""","""",""Savings plan execution CNE100000296 BYD, quantity: 0.198511"",""6a3ee869-1285-430a-bf12-c525fc9fce65"","""","""","""","""""
"2026-02-09T09:48:01.619Z,""2026-02-09"",""DEFAULT"",""TRADING"",""BUY"",""STOCK"",""Gaztransport Technigaz"",""FR0011726835"",""0.0112480000"",""177.8000000000"",""-2.00"","""",""-0.01"",""EUR"","""","""","""",""Savings plan execution FR0011726835 GAZTRANSP.TECHNIG.EO-,01, quantity: 0.011248"",""670cd367-5ab7-43d8-a2eb-cf5ba8027d9c"","""","""","""","""""
"2026-02-09T09:51:21.601Z,""2026-02-09"",""DEFAULT"",""TRADING"",""BUY"",""STOCK"",""Pernod Ricard"",""FR0000120693"",""0.0496150000"",""80.6200000000"",""-4.00"","""",""-0.02"",""EUR"","""","""","""",""Savings plan execution FR0000120693 PERNOD RICARD        O.N., quantity: 0.049615"",""921069a9-2f57-4b68-9077-d677fc8dd1ed"","""","""","""","""""
"2026-02-09T10:39:42.129816Z,""2026-02-09"",""DEFAULT"",""CASH"",""TRANSFER_INSTANT_INBOUND"","""","""","""","""","""",""150.000000"","""","""",""EUR"","""","""","""",""Incoming transfer from Leo BERTRAND (FR7640618803720004039001554)"",""019c41fc-5631-7803-8668-d9fbcda0eb2e"","""","""","""","""""
"2026-02-09T14:52:51.397Z,""2026-02-09"",""DEFAULT"",""TRADING"",""BUY"",""FUND"",""Core MSCI World USD (Acc)"",""IE00B4L5Y983"",""0.0088930000"",""112.4450000000"",""-1.00"","""","""",""EUR"","""","""","""",""Savings plan execution IE00B4L5Y983 iShares III plc - iShares Core MSCI World UCITS ETF USD (Acc), quantity: 0.008893"",""8177bd10-6ff1-4082-a2a0-7e7d0adcc0a3"","""","""","""","""""
"2026-02-09T14:59:41.052Z,""2026-02-09"",""DEFAULT"",""TRADING"",""BUY"",""FUND"",""MSCI EM Latin America USD (Dist)"",""IE00B27YCK28"",""0.4280360000"",""18.6900000000"",""-8.00"","""","""",""EUR"","""","""","""",""Savings plan execution IE00B27YCK28 iShares II plc - iShares MSCI EM Latin America UCITS ETF USD (Dist), quantity: 0.428036"",""9e0bb770-da30-442d-a6b1-7b2cb27cf9f8"","""","""","""","""""
"2026-02-09T14:59:47.118Z,""2026-02-09"",""DEFAULT"",""TRADING"",""BUY"",""FUND"",""Nifty 50 Swap USD (Acc)"",""LU0292109690"",""0.0174140000"",""229.7000000000"",""-4.00"","""","""",""EUR"","""","""","""",""Savings plan execution LU0292109690 Xtrackers - Xtrackers Nifty 50 Swap UCITS ETF 1C, quantity: 0.017414"",""94ae5efd-6626-46b1-ab3d-1a0eacee2d40"","""","""","""","""""
"2026-02-09T15:11:41.563Z,""2026-02-09"",""DEFAULT"",""TRADING"",""BUY"",""FUND"",""MSCI EM USD (Acc)"",""IE00B4L5YC18"",""0.0824990000"",""48.4850000000"",""-4.00"","""","""",""EUR"","""","""","""",""Savings plan execution IE00B4L5YC18 iShares III plc - iShares MSCI EM UCITS ETF USD (Acc) USD (Acc), quantity: 0.082499"",""10cf4507-bb86-4a28-8add-1b7aa9ba6245"","""","""","""","""""
"2026-02-09T15:15:34.939Z,""2026-02-09"",""DEFAULT"",""TRADING"",""BUY"",""FUND"",""MSCI Africa Top 50 Swap USD (Acc)"",""LU0592217524"",""0.3068730000"",""9.7760000000"",""-3.00"","""","""",""EUR"","""","""","""",""Savings plan execution LU0592217524 Xtrackers - Xtrackers MSCI Africa Top 50 Swap UCITS ETF 1C, quantity: 0.306873"",""af4d9245-734f-4311-bd72-87804267cd20"","""","""","""","""""
"2026-02-09T15:33:55.041Z,""2026-02-09"",""DEFAULT"",""TRADING"",""BUY"",""FUND"",""MSCI China USD (Acc)"",""IE00BJ5JPG56"",""0.9391430000"",""5.3240000000"",""-5.00"","""","""",""EUR"","""","""","""",""Savings plan execution IE00BJ5JPG56 iShares IV plc - iShares MSCI China UCITS ETF USD (Acc), quantity: 0.939143"",""75c7fad6-7d01-4365-9d4b-9134cb1fd8ad"","""","""","""","""""
"2026-02-10T12:58:30.884Z,""2026-02-10"",""DEFAULT"",""TRADING"",""BUY"",""PRIVATE_FUND"",""Private Equity"",""LU3170240538"",""0.0980750000"",""101.9628000000"","""","""","""",""EUR"","""","""","""",""BUY LU3170240538"",""581bd269-a39b-4619-abad-3d07497ce933"","""","""","""","""""
"2026-02-10T12:59:55.207Z,""2026-02-10"",""DEFAULT"",""TRADING"",""BUY"",""PRIVATE_FUND"",""Private Equity"",""LU3170240538"",""0.0980750000"",""101.9628000000"","""","""","""",""EUR"","""","""","""",""BUY LU3170240538"",""f29f727e-2d58-4296-b466-8f54c3f59a67"","""","""","""","""""
"2026-02-16T07:39:07.604Z,""2026-02-16"",""DEFAULT"",""TRADING"",""BUY"",""CRYPTO"",""Bitcoin"",""BTC"",""0.0001170000"",""59707.0700000000"",""-6.99"","""","""",""EUR"","""","""","""",""Savings plan execution XF000BTC0017 Bitcoin, quantity: 0.000117"",""d1d865cb-b0ac-49d6-878c-6f078bdcacc1"","""","""","""","""""
"2026-02-16T08:44:28.001Z,""2026-02-16"",""DEFAULT"",""TRADING"",""BUY"",""FUND"",""Nikkei 225 JPY (Acc)"",""LU2196470426"",""0.0290920000"",""103.1200000000"",""-3.00"","""","""",""EUR"","""","""","""",""Savings plan execution LU2196470426 Xtrackers - Xtrackers Nikkei 225 UCITS ETF 1C, quantity: 0.029092"",""8295d05f-2369-4828-800f-35709af357da"","""","""","""","""""
"2026-02-16T09:15:08.729Z,""2026-02-16"",""DEFAULT"",""TRADING"",""BUY"",""STOCK"",""Evolution Gaming Group"",""SE0012673267"",""0.0200880000"",""49.7800000000"",""-1.00"","""","""",""EUR"","""","""","""",""Savings plan execution SE0012673267 EVOLUTION AB (PU) SK-,003, quantity: 0.020088"",""2e9f9a9f-05a7-49ce-a17f-4ac9e39da6c6"","""","""","""","""""
"2026-02-16T09:17:55.382Z,""2026-02-16"",""DEFAULT"",""TRADING"",""BUY"",""STOCK"",""VINCI"",""FR0000125486"",""0.0073850000"",""135.4000000000"",""-1.00"","""","""",""EUR"","""","""","""",""Savings plan execution FR0000125486 VINCI S.A. INH.   EO 2,50, quantity: 0.007385"",""992bfb1a-0770-4d04-9239-5e17d63ab3b8"","""","""","""","""""
"2026-02-16T09:30:45.179Z,""2026-02-16"",""DEFAULT"",""TRADING"",""BUY"",""STOCK"",""Schneider Electric"",""FR0000121972"",""0.0075710000"",""264.1500000000"",""-2.00"","""",""-0.01"",""EUR"","""","""","""",""Savings plan execution FR0000121972 SCHNEIDER ELEC. INH. EO 4, quantity: 0.007571"",""112459fd-5611-4893-baa3-9bc37129e07e"","""","""","""","""""
"2026-02-16T09:48:45.255Z,""2026-02-16"",""DEFAULT"",""TRADING"",""BUY"",""STOCK"",""BYD"",""CNE100000296"",""0.1909300000"",""10.4750000000"",""-2.00"","""","""",""EUR"","""","""","""",""Savings plan execution CNE100000296 BYD, quantity: 0.190930"",""f2602614-30ca-4651-8d1b-0c29510383a6"","""","""","""","""""
"2026-02-16T09:56:30.873Z,""2026-02-16"",""DEFAULT"",""TRADING"",""BUY"",""STOCK"",""Gaztransport Technigaz"",""FR0011726835"",""0.0109640000"",""182.4000000000"",""-2.00"","""",""-0.01"",""EUR"","""","""","""",""Savings plan execution FR0011726835 GAZTRANSP.TECHNIG.EO-,01, quantity: 0.010964"",""3bc1cd41-170d-4991-8234-ef6e889befe0"","""","""","""","""""
"2026-02-16T10:01:45.606Z,""2026-02-16"",""DEFAULT"",""TRADING"",""BUY"",""STOCK"",""Pernod Ricard"",""FR0000120693"",""0.0473930000"",""84.4000000000"",""-4.00"","""",""-0.02"",""EUR"","""","""","""",""Savings plan execution FR0000120693 PERNOD RICARD        O.N., quantity: 0.047393"",""2e133115-aae7-4b3f-aa30-6c07ad67e1d6"","""","""","""","""""
"2026-02-16T10:06:08.179596Z,""2026-02-16"",""DEFAULT"",""CASH"",""PRIVATE_MARKET_BUY"",""PRIVATE_FUND"",""Private Equity"",""LU3176111881"","""","""",""-20.000000"","""","""",""EUR"","""","""","""",""Private Markets pre-payment for buy order: 6467b5e0-71ad-4b99-b2d4-907a7e657c6c"",""019c65ea-1f33-760b-b97f-acf45e4aa4a3"","""","""","""","""""
"2026-02-16T14:10:10.862730Z,""2026-02-16"",""DEFAULT"",""CASH"",""PRIVATE_MARKET_BUY"",""PRIVATE_FUND"",""Private Equity"",""LU3170240538"","""","""",""-10.000000"","""","""",""EUR"","""","""","""",""Private Markets pre-payment for buy order: 050e8748-7962-4fc2-a16e-b2fec579fe66"",""019c66c9-8d2e-7350-a98d-44f08a1dd4db"","""","""","""","""""
"2026-02-16T15:01:42.609Z,""2026-02-16"",""DEFAULT"",""TRADING"",""BUY"",""FUND"",""Core MSCI World USD (Acc)"",""IE00B4L5Y983"",""0.0089210000"",""112.0850000000"",""-1.00"","""","""",""EUR"","""","""","""",""Savings plan execution IE00B4L5Y983 iShares III plc - iShares Core MSCI World UCITS ETF USD (Acc), quantity: 0.008921"",""32929885-40fc-489d-8f4d-14cee6c0527f"","""","""","""","""""
"2026-02-16T15:10:38.137Z,""2026-02-16"",""DEFAULT"",""TRADING"",""BUY"",""FUND"",""MSCI EM Latin America USD (Dist)"",""IE00B27YCK28"",""0.4249440000"",""18.8260000000"",""-8.00"","""","""",""EUR"","""","""","""",""Savings plan execution IE00B27YCK28 iShares II plc - iShares MSCI EM Latin America UCITS ETF USD (Dist), quantity: 0.424944"",""cc12bf6b-c855-413b-ad6b-16dd8190f893"","""","""","""","""""
"2026-02-16T15:10:38.416Z,""2026-02-16"",""DEFAULT"",""TRADING"",""BUY"",""FUND"",""Nifty 50 Swap USD (Acc)"",""LU0292109690"",""0.0175160000"",""228.3500000000"",""-4.00"","""","""",""EUR"","""","""","""",""Savings plan execution LU0292109690 Xtrackers - Xtrackers Nifty 50 Swap UCITS ETF 1C, quantity: 0.017516"",""10975563-60d4-46c0-890c-ee24a9f7aa4e"","""","""","""","""""
"2026-02-16T15:32:03.176Z,""2026-02-16"",""DEFAULT"",""TRADING"",""BUY"",""FUND"",""MSCI EM USD (Acc)"",""IE00B4L5YC18"",""0.0811320000"",""49.3020000000"",""-4.00"","""","""",""EUR"","""","""","""",""Savings plan execution IE00B4L5YC18 iShares III plc - iShares MSCI EM UCITS ETF USD (Acc) USD (Acc), quantity: 0.081132"",""c3edc189-73a4-46dc-ac12-85b33fce9437"","""","""","""","""""
"2026-02-16T15:32:47.588Z,""2026-02-16"",""DEFAULT"",""TRADING"",""BUY"",""FUND"",""MSCI Africa Top 50 Swap USD (Acc)"",""LU0592217524"",""0.2994600000"",""10.0180000000"",""-3.00"","""","""",""EUR"","""","""","""",""Savings plan execution LU0592217524 Xtrackers - Xtrackers MSCI Africa Top 50 Swap UCITS ETF 1C, quantity: 0.299460"",""fa80125f-513b-4baf-a5b2-61e159495e97"","""","""","""","""""
"2026-02-16T16:01:04.881Z,""2026-02-16"",""DEFAULT"",""TRADING"",""BUY"",""FUND"",""MSCI China USD (Acc)"",""IE00BJ5JPG56"",""0.9543800000"",""5.2390000000"",""-5.00"","""","""",""EUR"","""","""","""",""Savings plan execution IE00BJ5JPG56 iShares IV plc - iShares MSCI China UCITS ETF USD (Acc), quantity: 0.954380"",""90c2b5a5-cde5-4371-91f0-f4dd30d02f7b"","""","""","""","""""
"2026-02-23T07:34:36.590Z,""2026-02-23"",""DEFAULT"",""TRADING"",""BUY"",""CRYPTO"",""Bitcoin"",""BTC"",""0.0001220000"",""57318.2300000000"",""-6.99"","""","""",""EUR"","""","""","""",""Savings plan execution XF000BTC0017 Bitcoin, quantity: 0.000122"",""82ed7258-0849-4dce-a9a9-b6daaf8febd6"","""","""","""","""""
"2026-02-23T08:44:06.342Z,""2026-02-23"",""DEFAULT"",""TRADING"",""BUY"",""FUND"",""Nikkei 225 JPY (Acc)"",""LU2196470426"",""0.0292910000"",""102.4200000000"",""-3.00"","""","""",""EUR"","""","""","""",""Savings plan execution LU2196470426 Xtrackers - Xtrackers Nikkei 225 UCITS ETF 1C, quantity: 0.029291"",""3f06b04b-613c-463c-93b5-36694642494c"","""","""","""","""""
"2026-02-23T09:14:13.934Z,""2026-02-23"",""DEFAULT"",""TRADING"",""BUY"",""STOCK"",""Evolution Gaming Group"",""SE0012673267"",""0.0201240000"",""49.6900000000"",""-1.00"","""","""",""EUR"","""","""","""",""Savings plan execution SE0012673267 EVOLUTION AB (PU) SK-,003, quantity: 0.020124"",""db8e72db-da41-4269-9f2d-a32b47b95daf"","""","""","""","""""
"2026-02-23T09:16:41.611Z,""2026-02-23"",""DEFAULT"",""TRADING"",""BUY"",""STOCK"",""VINCI"",""FR0000125486"",""0.0071070000"",""140.7000000000"",""-1.00"","""","""",""EUR"","""","""","""",""Savings plan execution FR0000125486 VINCI S.A. INH.   EO 2,50, quantity: 0.007107"",""57da6d27-90d4-4206-9561-614bfbeb3e56"","""","""","""","""""
"2026-02-23T09:26:18.295Z,""2026-02-23"",""DEFAULT"",""TRADING"",""BUY"",""STOCK"",""Schneider Electric"",""FR0000121972"",""0.0076860000"",""260.2000000000"",""-2.00"","""",""-0.01"",""EUR"","""","""","""",""Savings plan execution FR0000121972 SCHNEIDER ELEC. INH. EO 4, quantity: 0.007686"",""2e9ca0a0-3b5d-4a09-b3f4-70e41f04ddf7"","""","""","""","""""
"2026-02-23T09:42:34.270Z,""2026-02-23"",""DEFAULT"",""TRADING"",""BUY"",""STOCK"",""BYD"",""CNE100000296"",""0.1859600000"",""10.7550000000"",""-2.00"","""","""",""EUR"","""","""","""",""Savings plan execution CNE100000296 BYD, quantity: 0.185960"",""dfbca7c9-7658-4b8a-937e-5d80d5bfc493"","""","""","""","""""
"2026-02-23T09:48:10.134Z,""2026-02-23"",""DEFAULT"",""TRADING"",""BUY"",""STOCK"",""Gaztransport Technigaz"",""FR0011726835"",""0.0107290000"",""186.4000000000"",""-2.00"","""",""-0.01"",""EUR"","""","""","""",""Savings plan execution FR0011726835 GAZTRANSP.TECHNIG.EO-,01, quantity: 0.010729"",""65ec850e-741d-4c56-95be-137bf0ecef28"","""","""","""","""""
"2026-02-23T09:51:25.642Z,""2026-02-23"",""DEFAULT"",""TRADING"",""BUY"",""STOCK"",""Pernod Ricard"",""FR0000120693"",""0.0478240000"",""83.6400000000"",""-4.00"","""",""-0.02"",""EUR"","""","""","""",""Savings plan execution FR0000120693 PERNOD RICARD        O.N., quantity: 0.047824"",""167ba105-4d82-4f0f-bd0a-d8e4aaf085d5"","""","""","""","""""
"2026-02-23T14:53:37.520Z,""2026-02-23"",""DEFAULT"",""TRADING"",""BUY"",""FUND"",""Core MSCI World USD (Acc)"",""IE00B4L5Y983"",""0.0087950000"",""113.6900000000"",""-1.00"","""","""",""EUR"","""","""","""",""Savings plan execution IE00B4L5Y983 iShares III plc - iShares Core MSCI World UCITS ETF USD (Acc), quantity: 0.008795"",""add81d17-d212-488e-98de-29bcd9e563b6"","""","""","""","""""
"2026-02-23T14:59:35.921Z,""2026-02-23"",""DEFAULT"",""TRADING"",""BUY"",""FUND"",""MSCI EM Latin America USD (Dist)"",""IE00B27YCK28"",""0.4142070000"",""19.3140000000"",""-8.00"","""","""",""EUR"","""","""","""",""Savings plan execution IE00B27YCK28 iShares II plc - iShares MSCI EM Latin America UCITS ETF USD (Dist), quantity: 0.414207"",""b5f708f1-7554-4cb2-9fe8-b09a9731b4fb"","""","""","""","""""
"2026-02-23T14:59:41.827Z,""2026-02-23"",""DEFAULT"",""TRADING"",""BUY"",""FUND"",""Nifty 50 Swap USD (Acc)"",""LU0292109690"",""0.0174360000"",""229.4000000000"",""-4.00"","""","""",""EUR"","""","""","""",""Savings plan execution LU0292109690 Xtrackers - Xtrackers Nifty 50 Swap UCITS ETF 1C, quantity: 0.017436"",""f0d71f6b-a455-41d7-8768-91d5af9eb0a9"","""","""","""","""""
"2026-02-23T15:11:58.544Z,""2026-02-23"",""DEFAULT"",""TRADING"",""BUY"",""FUND"",""MSCI EM USD (Acc)"",""IE00B4L5YC18"",""0.0795920000"",""50.2560000000"",""-4.00"","""","""",""EUR"","""","""","""",""Savings plan execution IE00B4L5YC18 iShares III plc - iShares MSCI EM UCITS ETF USD (Acc) USD (Acc), quantity: 0.079592"",""039e39eb-33f8-4a57-8d3c-523a628b5d6b"","""","""","""","""""
"2026-02-23T15:14:44.901Z,""2026-02-23"",""DEFAULT"",""TRADING"",""BUY"",""FUND"",""MSCI Africa Top 50 Swap USD (Acc)"",""LU0592217524"",""0.2975600000"",""10.0820000000"",""-3.00"","""","""",""EUR"","""","""","""",""Savings plan execution LU0592217524 Xtrackers - Xtrackers MSCI Africa Top 50 Swap UCITS ETF 1C, quantity: 0.297560"",""221d1e47-ffe8-4a5c-be39-f7829a245e05"","""","""","""","""""
"2026-02-23T15:33:44.293Z,""2026-02-23"",""DEFAULT"",""TRADING"",""BUY"",""FUND"",""MSCI China USD (Acc)"",""IE00BJ5JPG56"",""0.9417960000"",""5.3090000000"",""-5.00"","""","""",""EUR"","""","""","""",""Savings plan execution IE00BJ5JPG56 iShares IV plc - iShares MSCI China UCITS ETF USD (Acc), quantity: 0.941796"",""9f04e28e-9ae2-439b-9cdf-5a687d1b1f83"","""","""","""","""""
"2026-03-01T01:05:21.607780Z,""2026-03-01"",""DEFAULT"",""CASH"",""INTEREST_PAYMENT"","""","""","""","""","""",""0.180000"","""",""-0.05"",""EUR"","""","""","""",""Interest payment for payout collection 019ca6ea-ffa1-7a93-b0b8-3ff12cae7ca4"",""019ca6ed-b2c7-7c56-90f2-c289710692af"","""","""","""","""""
"2026-03-01T18:44:31.376372Z,""2026-03-01"",""DEFAULT"",""CASH"",""TRANSFER_INSTANT_INBOUND"","""","""","""","""","""",""50.000000"","""","""",""EUR"","""","""","""",""Incoming transfer from Leo BERTRAND (FR7640618803720004039001554)"",""019caab7-6410-73d1-9794-5e4cc38a294d"","""","""","""","""""
"2026-03-02T07:34:20.767Z,""2026-03-02"",""DEFAULT"",""TRADING"",""BUY"",""CRYPTO"",""Bitcoin"",""BTC"",""0.0001200000"",""58001.6100000000"",""-6.96"","""","""",""EUR"","""","""","""",""Savings plan execution XF000BTC0017 Bitcoin, quantity: 0.000120"",""0ed432d9-16e5-4210-b5ce-7db63d0ff3ca"","""","""","""","""""
"2026-03-02T08:45:10.016Z,""2026-03-02"",""DEFAULT"",""TRADING"",""BUY"",""FUND"",""Nikkei 225 JPY (Acc)"",""LU2196470426"",""0.0292510000"",""102.5600000000"",""-3.00"","""","""",""EUR"","""","""","""",""Savings plan execution LU2196470426 Xtrackers - Xtrackers Nikkei 225 UCITS ETF 1C, quantity: 0.029251"",""0622a446-c92d-4185-a559-844fc810cdfc"","""","""","""","""""
"2026-03-02T09:14:28.658Z,""2026-03-02"",""DEFAULT"",""TRADING"",""BUY"",""STOCK"",""Evolution Gaming Group"",""SE0012673267"",""0.0196230000"",""50.9600000000"",""-1.00"","""","""",""EUR"","""","""","""",""Savings plan execution SE0012673267 EVOLUTION AB (PU) SK-,003, quantity: 0.019623"",""6c1501fc-2290-4e57-8dfc-0792864bf392"","""","""","""","""""
"2026-03-02T09:18:45.858Z,""2026-03-02"",""DEFAULT"",""TRADING"",""BUY"",""STOCK"",""VINCI"",""FR0000125486"",""0.0072590000"",""137.7500000000"",""-1.00"","""","""",""EUR"","""","""","""",""Savings plan execution FR0000125486 VINCI S.A. INH.   EO 2,50, quantity: 0.007259"",""bf7b70a8-33a7-4ada-b0f9-692a1c5bad1f"","""","""","""","""""
"2026-03-02T09:31:25.490Z,""2026-03-02"",""DEFAULT"",""TRADING"",""BUY"",""STOCK"",""Schneider Electric"",""FR0000121972"",""0.0074110000"",""269.8500000000"",""-2.00"","""",""-0.01"",""EUR"","""","""","""",""Savings plan execution FR0000121972 SCHNEIDER ELEC. INH. EO 4, quantity: 0.007411"",""d5536c37-77d1-4e2a-b115-996d7a485ddf"","""","""","""","""""
"2026-03-02T10:02:00.151Z,""2026-03-02"",""DEFAULT"",""TRADING"",""BUY"",""STOCK"",""Gaztransport Technigaz"",""FR0011726835"",""0.0103460000"",""193.3000000000"",""-2.00"","""",""-0.01"",""EUR"","""","""","""",""Savings plan execution FR0011726835 GAZTRANSP.TECHNIG.EO-,01, quantity: 0.010346"",""4b75963c-c390-4873-8429-9b91e47f30e2"","""","""","""","""""
"2026-03-02T10:04:41.795Z,""2026-03-02"",""DEFAULT"",""TRADING"",""BUY"",""STOCK"",""BYD"",""CNE100000296"",""0.1885900000"",""10.6050000000"",""-2.00"","""","""",""EUR"","""","""","""",""Savings plan execution CNE100000296 BYD, quantity: 0.188590"",""bb5901bb-c10f-4b6d-99db-bb7e60b5f2e5"","""","""","""","""""
"2026-03-02T10:08:52.552Z,""2026-03-02"",""DEFAULT"",""TRADING"",""BUY"",""STOCK"",""Pernod Ricard"",""FR0000120693"",""0.0517730000"",""77.2600000000"",""-4.00"","""",""-0.02"",""EUR"","""","""","""",""Savings plan execution FR0000120693 PERNOD RICARD        O.N., quantity: 0.051773"",""9ad7bef2-d346-41eb-b08e-c1836315ad09"","""","""","""","""""
"2026-03-02T10:09:31.968290Z,""2026-03-02"",""DEFAULT"",""CASH"",""PRIVATE_MARKET_BUY"",""PRIVATE_FUND"",""Private Equity"",""LU3176111881"","""","""",""-20.000000"","""","""",""EUR"","""","""","""",""Private Markets pre-payment for buy order: 881dea60-105b-4a9e-b693-1aa0ded7a2dc"",""019cae06-4340-754d-99b3-b14cdc50b35f"","""","""","""","""""
"2026-03-02T14:14:10.424684Z,""2026-03-02"",""DEFAULT"",""CASH"",""PRIVATE_MARKET_BUY"",""PRIVATE_FUND"",""Private Equity"",""LU3170240538"","""","""",""-10.000000"","""","""",""EUR"","""","""","""",""Private Markets pre-payment for buy order: f6bd54ff-48c3-4957-b2fb-393f2096cddf"",""019caee6-3cf8-7d66-b2e3-ae8c95797337"","""","""","""","""""
"2026-03-02T15:15:14.298Z,""2026-03-02"",""DEFAULT"",""TRADING"",""BUY"",""FUND"",""MSCI EM Latin America USD (Dist)"",""IE00B27YCK28"",""0.4224750000"",""18.9360000000"",""-8.00"","""","""",""EUR"","""","""","""",""Savings plan execution IE00B27YCK28 iShares II plc - iShares MSCI EM Latin America UCITS ETF USD (Dist), quantity: 0.422475"",""539adbcd-3265-4635-a150-b0abf2e949bb"","""","""","""","""""
"2026-03-02T15:15:20.233Z,""2026-03-02"",""DEFAULT"",""TRADING"",""BUY"",""FUND"",""Nifty 50 Swap USD (Acc)"",""LU0292109690"",""0.0180340000"",""221.8000000000"",""-4.00"","""","""",""EUR"","""","""","""",""Savings plan execution LU0292109690 Xtrackers - Xtrackers Nifty 50 Swap UCITS ETF 1C, quantity: 0.018034"",""afdfc9a6-0f35-401e-816d-c79cc5050e4c"","""","""","""","""""
"2026-03-02T15:50:38.497Z,""2026-03-02"",""DEFAULT"",""TRADING"",""BUY"",""FUND"",""Core MSCI World USD (Acc)"",""IE00B4L5Y983"",""0.0087850000"",""113.8300000000"",""-1.00"","""","""",""EUR"","""","""","""",""Savings plan execution IE00B4L5Y983 iShares III plc - iShares Core MSCI World UCITS ETF USD (Acc), quantity: 0.008785"",""17dedd85-2c44-477f-a853-014b22633bed"","""","""","""","""""
"2026-03-02T15:59:05.037Z,""2026-03-02"",""DEFAULT"",""TRADING"",""BUY"",""FUND"",""MSCI Africa Top 50 Swap USD (Acc)"",""LU0592217524"",""0.3054360000"",""9.8220000000"",""-3.00"","""","""",""EUR"","""","""","""",""Savings plan execution LU0592217524 Xtrackers - Xtrackers MSCI Africa Top 50 Swap UCITS ETF 1C, quantity: 0.305436"",""e870e874-62dd-4b20-8bfd-59418ee6d08c"","""","""","""","""""
"2026-03-02T16:00:49.972Z,""2026-03-02"",""DEFAULT"",""TRADING"",""BUY"",""FUND"",""MSCI EM USD (Acc)"",""IE00B4L5YC18"",""0.0795980000"",""50.2520000000"",""-4.00"","""","""",""EUR"","""","""","""",""Savings plan execution IE00B4L5YC18 iShares III plc - iShares MSCI EM UCITS ETF USD (Acc) USD (Acc), quantity: 0.079598"",""5db2892a-8cda-4f83-8715-cfff7095cc4e"","""","""","""","""""
"2026-03-02T16:51:04.643Z,""2026-03-02"",""DEFAULT"",""TRADING"",""BUY"",""FUND"",""MSCI China USD (Acc)"",""IE00BJ5JPG56"",""0.9792400000"",""5.1060000000"",""-5.00"","""","""",""EUR"","""","""","""",""Savings plan execution IE00BJ5JPG56 iShares IV plc - iShares MSCI China UCITS ETF USD (Acc), quantity: 0.979240"",""be0e0369-df8a-494e-9431-8a0b8d7f9566"","""","""","""","""""
"2026-03-06T11:24:34.681Z,""2026-03-06"",""DEFAULT"",""TRADING"",""BUY"",""PRIVATE_FUND"",""Private Equity"",""LU3176111881"",""0.1903840000"",""105.0509000000"","""","""","""",""EUR"","""","""","""",""BUY LU3176111881"",""b55d54b3-ed09-4077-967b-65f509cda125"","""","""","""","""""
"2026-03-06T11:27:39.418Z,""2026-03-06"",""DEFAULT"",""TRADING"",""BUY"",""PRIVATE_FUND"",""Private Equity"",""LU3176111881"",""0.1903840000"",""105.0509000000"","""","""","""",""EUR"","""","""","""",""BUY LU3176111881"",""725179df-d3a2-4531-911a-fcdd117a78f3"","""","""","""","""""
"2026-03-08T13:37:35.991960Z,""2026-03-08"",""DEFAULT"",""CASH"",""TRANSFER_INSTANT_INBOUND"","""","""","""","""","""",""200.000000"","""","""",""EUR"","""","""","""",""Incoming transfer from LEO BERTRAND (FR7640618803720004039001554)"",""019ccdaa-e8f7-7cf5-b7b3-ff7c040473ec"","""","""","""","""""
"2026-03-09T07:35:33.443Z,""2026-03-09"",""DEFAULT"",""TRADING"",""BUY"",""CRYPTO"",""Bitcoin"",""BTC"",""0.0001160000"",""60017.6500000000"",""-6.96"","""","""",""EUR"","""","""","""",""Savings plan execution XF000BTC0017 Bitcoin, quantity: 0.000116"",""aee2f264-d40f-47e0-be66-6a733dde355f"","""","""","""","""""
"2026-03-09T08:44:08.811Z,""2026-03-09"",""DEFAULT"",""TRADING"",""BUY"",""FUND"",""Nikkei 225 JPY (Acc)"",""LU2196470426"",""0.0315550000"",""95.0700000000"",""-3.00"","""","""",""EUR"","""","""","""",""Savings plan execution LU2196470426 Xtrackers - Xtrackers Nikkei 225 UCITS ETF 1C, quantity: 0.031555"",""daf4d415-7f18-4c8b-8bb2-4c37f91ff91a"","""","""","""","""""
"2026-03-09T09:14:14.685Z,""2026-03-09"",""DEFAULT"",""TRADING"",""BUY"",""STOCK"",""Evolution Gaming Group"",""SE0012673267"",""0.0188460000"",""53.0600000000"",""-1.00"","""","""",""EUR"","""","""","""",""Savings plan execution SE0012673267 EVOLUTION AB (PU) SK-,003, quantity: 0.018846"",""ce396059-445a-468f-8278-17e30dacfd22"","""","""","""","""""
"2026-03-09T09:16:42.518Z,""2026-03-09"",""DEFAULT"",""TRADING"",""BUY"",""STOCK"",""VINCI"",""FR0000125486"",""0.0079230000"",""126.2000000000"",""-1.00"","""","""",""EUR"","""","""","""",""Savings plan execution FR0000125486 VINCI S.A. INH.   EO 2,50, quantity: 0.007923"",""c27f5c5f-56db-430c-a533-eeb784cefaec"","""","""","""","""""
"2026-03-09T09:26:38.161Z,""2026-03-09"",""DEFAULT"",""TRADING"",""BUY"",""STOCK"",""Schneider Electric"",""FR0000121972"",""0.0083310000"",""240.0500000000"",""-2.00"","""",""-0.01"",""EUR"","""","""","""",""Savings plan execution FR0000121972 SCHNEIDER ELEC. INH. EO 4, quantity: 0.008331"",""ff9703a8-260a-4c8f-883e-7d7186bd86d2"","""","""","""","""""
"2026-03-09T09:42:45.021Z,""2026-03-09"",""DEFAULT"",""TRADING"",""BUY"",""STOCK"",""BYD"",""CNE100000296"",""0.1861330000"",""10.7450000000"",""-2.00"","""","""",""EUR"","""","""","""",""Savings plan execution CNE100000296 BYD, quantity: 0.186133"",""8a86195c-b0ed-4273-8f0c-b243c388779f"","""","""","""","""""
"2026-03-09T09:47:45.560Z,""2026-03-09"",""DEFAULT"",""TRADING"",""BUY"",""STOCK"",""Gaztransport Technigaz"",""FR0011726835"",""0.0102560000"",""195.0000000000"",""-2.00"","""",""-0.01"",""EUR"","""","""","""",""Savings plan execution FR0011726835 GAZTRANSP.TECHNIG.EO-,01, quantity: 0.010256"",""20d3445c-1302-4a82-abbd-c6bccb040c9f"","""","""","""","""""
"2026-03-09T09:51:27.079Z,""2026-03-09"",""DEFAULT"",""TRADING"",""BUY"",""STOCK"",""Pernod Ricard"",""FR0000120693"",""0.0549900000"",""72.7400000000"",""-4.00"","""",""-0.02"",""EUR"","""","""","""",""Savings plan execution FR0000120693 PERNOD RICARD        O.N., quantity: 0.054990"",""805d5568-40e1-4951-b63a-36cedc483c26"","""","""","""","""""
"2026-03-09T14:55:57.314Z,""2026-03-09"",""DEFAULT"",""TRADING"",""BUY"",""FUND"",""Core MSCI World USD (Acc)"",""IE00B4L5Y983"",""0.0089930000"",""111.1950000000"",""-1.00"","""","""",""EUR"","""","""","""",""Savings plan execution IE00B4L5Y983 iShares III plc - iShares Core MSCI World UCITS ETF USD (Acc), quantity: 0.008993"",""b9c5518b-450c-493e-8ce9-9ced022c2704"","""","""","""","""""
"2026-03-09T14:59:35.432Z,""2026-03-09"",""DEFAULT"",""TRADING"",""BUY"",""FUND"",""MSCI EM Latin America USD (Dist)"",""IE00B27YCK28"",""0.4477270000"",""17.8680000000"",""-8.00"","""","""",""EUR"","""","""","""",""Savings plan execution IE00B27YCK28 iShares II plc - iShares MSCI EM Latin America UCITS ETF USD (Dist), quantity: 0.447727"",""36ab80ee-c632-4256-9997-3f88d4c595ca"","""","""","""","""""
"2026-03-09T14:59:42.805Z,""2026-03-09"",""DEFAULT"",""TRADING"",""BUY"",""FUND"",""Nifty 50 Swap USD (Acc)"",""LU0292109690"",""0.0187170000"",""213.7000000000"",""-4.00"","""","""",""EUR"","""","""","""",""Savings plan execution LU0292109690 Xtrackers - Xtrackers Nifty 50 Swap UCITS ETF 1C, quantity: 0.018717"",""b77edc41-0ba0-4854-a4c1-2f7bf42c4210"","""","""","""","""""
"2026-03-09T15:12:20.272Z,""2026-03-09"",""DEFAULT"",""TRADING"",""BUY"",""FUND"",""MSCI EM USD (Acc)"",""IE00B4L5YC18"",""0.0847510000"",""47.1970000000"",""-4.00"","""","""",""EUR"","""","""","""",""Savings plan execution IE00B4L5YC18 iShares III plc - iShares MSCI EM UCITS ETF USD (Acc) USD (Acc), quantity: 0.084751"",""e759b25a-47f7-401d-966f-116d4f49b11e"","""","""","""","""""
"2026-03-09T15:15:02.886Z,""2026-03-09"",""DEFAULT"",""TRADING"",""BUY"",""FUND"",""MSCI Africa Top 50 Swap USD (Acc)"",""LU0592217524"",""0.3391360000"",""8.8460000000"",""-3.00"","""","""",""EUR"","""","""","""",""Savings plan execution LU0592217524 Xtrackers - Xtrackers MSCI Africa Top 50 Swap UCITS ETF 1C, quantity: 0.339136"",""a1136cac-d3e1-4fa0-918f-7b60df7bd530"","""","""","""","""""
"2026-03-09T15:35:34.877Z,""2026-03-09"",""DEFAULT"",""TRADING"",""BUY"",""FUND"",""MSCI China USD (Acc)"",""IE00BJ5JPG56"",""0.9922600000"",""5.0390000000"",""-5.00"","""","""",""EUR"","""","""","""",""Savings plan execution IE00BJ5JPG56 iShares IV plc - iShares MSCI China UCITS ETF USD (Acc), quantity: 0.992260"",""43e40816-49a4-4cea-8fad-8e855d8af458"","""","""","""","""""
"2026-03-16T10:51:18.113Z,""2026-03-16"",""DEFAULT"",""TRADING"",""BUY"",""FUND"",""Nikkei 225 JPY (Acc)"",""LU2196470426"",""0.0308640000"",""97.2000000000"",""-3.00"","""","""",""EUR"","""","""","""",""Savings plan execution LU2196470426 Xtrackers - Xtrackers Nikkei 225 UCITS ETF 1C, quantity: 0.030864"",""4a9231cc-83d4-4e72-adad-634fe1570724"","""","""","""","""""
"2026-03-16T10:52:22.100Z,""2026-03-16"",""DEFAULT"",""TRADING"",""BUY"",""CRYPTO"",""Bitcoin"",""BTC"",""0.0001060000"",""66023.1900000000"",""-7.00"","""","""",""EUR"","""","""","""",""Savings plan execution XF000BTC0017 Bitcoin, quantity: 0.000106"",""5b7be81a-c23a-41bb-bb23-42cc3aa4593a"","""","""","""","""""
"2026-03-16T10:53:19.898Z,""2026-03-16"",""DEFAULT"",""TRADING"",""BUY"",""STOCK"",""Schneider Electric"",""FR0000121972"",""0.0080710000"",""247.8000000000"",""-2.00"","""",""-0.01"",""EUR"","""","""","""",""Savings plan execution FR0000121972 SCHNEIDER ELEC. INH. EO 4, quantity: 0.008071"",""48c8421b-608c-4f44-87a3-8e3cc8bc6b7a"","""","""","""","""""
"2026-03-16T11:00:41.551Z,""2026-03-16"",""DEFAULT"",""TRADING"",""BUY"",""STOCK"",""Evolution Gaming Group"",""SE0012673267"",""0.0181420000"",""55.1200000000"",""-1.00"","""","""",""EUR"","""","""","""",""Savings plan execution SE0012673267 EVOLUTION AB (PU) SK-,003, quantity: 0.018142"",""d6b7e47e-4b2b-4bc2-8bc7-8dddc8983d42"","""","""","""","""""
"2026-03-16T11:01:25.243Z,""2026-03-16"",""DEFAULT"",""TRADING"",""BUY"",""STOCK"",""VINCI"",""FR0000125486"",""0.0076920000"",""130.0000000000"",""-1.00"","""","""",""EUR"","""","""","""",""Savings plan execution FR0000125486 VINCI S.A. INH.   EO 2,50, quantity: 0.007692"",""cdaa7101-a23f-489b-a8ac-bb409ea3bbe9"","""","""","""","""""
"2026-03-16T11:10:03.387Z,""2026-03-16"",""DEFAULT"",""TRADING"",""BUY"",""STOCK"",""Gaztransport Technigaz"",""FR0011726835"",""0.0100650000"",""198.7000000000"",""-2.00"","""",""-0.01"",""EUR"","""","""","""",""Savings plan execution FR0011726835 GAZTRANSP.TECHNIG.EO-,01, quantity: 0.010065"",""c3353338-011f-40e2-bae5-7885bf992b39"","""","""","""","""""
"2026-03-16T11:16:47.780Z,""2026-03-16"",""DEFAULT"",""TRADING"",""BUY"",""STOCK"",""BYD"",""CNE100000296"",""0.1744430000"",""11.4650000000"",""-2.00"","""","""",""EUR"","""","""","""",""Savings plan execution CNE100000296 BYD, quantity: 0.174443"",""37ac308c-a523-4741-898d-506cfa0e052b"","""","""","""","""""
"2026-03-16T11:18:30.409Z,""2026-03-16"",""DEFAULT"",""TRADING"",""BUY"",""STOCK"",""Pernod Ricard"",""FR0000120693"",""0.0590660000"",""67.7200000000"",""-4.00"","""",""-0.02"",""EUR"","""","""","""",""Savings plan execution FR0000120693 PERNOD RICARD        O.N., quantity: 0.059066"",""db0eb291-d2a8-4314-8715-dd4bbfdef4b3"","""","""","""","""""
"2026-03-16T11:25:33.775466Z,""2026-03-16"",""DEFAULT"",""CASH"",""PRIVATE_MARKET_BUY"",""PRIVATE_FUND"",""Private Equity"",""LU3176111881"","""","""",""-20.000000"","""","""",""EUR"","""","""","""",""Private Markets pre-payment for buy order: fdf279be-ea3b-4fc9-bbc5-12f28961a02c"",""019cf664-e6cf-7536-b8c5-144fa6d43d73"","""","""","""","""""
"2026-03-16T13:36:14.500Z,""2026-03-16"",""DEFAULT"",""TRADING"",""BUY"",""PRIVATE_FUND"",""Private Equity"",""LU3170240538"",""0.0990960000"",""100.9118000000"","""","""","""",""EUR"","""","""","""",""BUY LU3170240538"",""a31606d1-928b-48fa-9fb9-49a4223d8717"","""","""","""","""""
"2026-03-16T13:39:17.052Z,""2026-03-16"",""DEFAULT"",""TRADING"",""BUY"",""PRIVATE_FUND"",""Private Equity"",""LU3170240538"",""0.0990960000"",""100.9118000000"","""","""","""",""EUR"","""","""","""",""BUY LU3170240538"",""e8e0d6c1-b5e5-4daa-831b-8ba2e2244812"","""","""","""","""""
"2026-03-16T14:12:35.901704Z,""2026-03-16"",""DEFAULT"",""CASH"",""PRIVATE_MARKET_BUY"",""PRIVATE_FUND"",""Private Equity"",""LU3170240538"","""","""",""-10.000000"","""","""",""EUR"","""","""","""",""Private Markets pre-payment for buy order: 1b34100b-43b5-4050-a7ce-bd66bcafb94b"",""019cf6fd-d3bd-7ec7-8320-34efeeb99c2f"","""","""","""","""""
"2026-03-16T15:04:08.850Z,""2026-03-16"",""DEFAULT"",""TRADING"",""BUY"",""FUND"",""MSCI EM Latin America USD (Dist)"",""IE00B27YCK28"",""0.4419880000"",""18.1000000000"",""-8.00"","""","""",""EUR"","""","""","""",""Savings plan execution IE00B27YCK28 iShares II plc - iShares MSCI EM Latin America UCITS ETF USD (Dist), quantity: 0.441988"",""3e67889a-81c2-4d4e-8ec4-020f5adb677c"","""","""","""","""""
"2026-03-16T15:04:11.643Z,""2026-03-16"",""DEFAULT"",""TRADING"",""BUY"",""FUND"",""Nifty 50 Swap USD (Acc)"",""LU0292109690"",""0.0188850000"",""211.8000000000"",""-4.00"","""","""",""EUR"","""","""","""",""Savings plan execution LU0292109690 Xtrackers - Xtrackers Nifty 50 Swap UCITS ETF 1C, quantity: 0.018885"",""34599320-7b5f-40a3-8808-e7ddc343436a"","""","""","""","""""
"2026-03-16T16:02:46.297Z,""2026-03-16"",""DEFAULT"",""TRADING"",""BUY"",""FUND"",""Core MSCI World USD (Acc)"",""IE00B4L5Y983"",""0.0089040000"",""112.3000000000"",""-1.00"","""","""",""EUR"","""","""","""",""Savings plan execution IE00B4L5Y983 iShares III plc - iShares Core MSCI World UCITS ETF USD (Acc), quantity: 0.008904"",""39fb569d-f31a-48c4-a06d-1999789e68c0"","""","""","""","""""
"2026-03-16T16:03:59.825Z,""2026-03-16"",""DEFAULT"",""TRADING"",""BUY"",""FUND"",""MSCI EM USD (Acc)"",""IE00B4L5YC18"",""0.0825420000"",""48.4600000000"",""-4.00"","""","""",""EUR"","""","""","""",""Savings plan execution IE00B4L5YC18 iShares III plc - iShares MSCI EM UCITS ETF USD (Acc) USD (Acc), quantity: 0.082542"",""dbc26925-9a85-4c6e-8b9d-0a6eaad2f1e3"","""","""","""","""""
"2026-03-16T16:04:20.165Z,""2026-03-16"",""DEFAULT"",""TRADING"",""BUY"",""FUND"",""MSCI Africa Top 50 Swap USD (Acc)"",""LU0592217524"",""0.3377230000"",""8.8830000000"",""-3.00"","""","""",""EUR"","""","""","""",""Savings plan execution LU0592217524 Xtrackers - Xtrackers MSCI Africa Top 50 Swap UCITS ETF 1C, quantity: 0.337723"",""2442da72-3bd9-4025-ad64-b9d770933797"","""","""","""","""""
"2026-03-16T16:18:25.778Z,""2026-03-16"",""DEFAULT"",""TRADING"",""BUY"",""FUND"",""MSCI China USD (Acc)"",""IE00BJ5JPG56"",""0.9569370000"",""5.2250000000"",""-5.00"","""","""",""EUR"","""","""","""",""Savings plan execution IE00BJ5JPG56 iShares IV plc - iShares MSCI China UCITS ETF USD (Acc), quantity: 0.956937"",""270883fc-fe1b-411b-9cdc-969fa71345ce"","""","""","""","""""
"2026-03-23T08:44:35.374Z,""2026-03-23"",""DEFAULT"",""TRADING"",""BUY"",""FUND"",""Nikkei 225 JPY (Acc)"",""LU2196470426"",""0.0325480000"",""92.1700000000"",""-3.00"","""","""",""EUR"","""","""","""",""Savings plan execution LU2196470426 Xtrackers - Xtrackers Nikkei 225 UCITS ETF 1C, quantity: 0.032548"",""7fc0f01f-01da-4653-8adc-8e4535376c2b"","""","""","""","""""
"2026-03-23T09:14:14.393Z,""2026-03-23"",""DEFAULT"",""TRADING"",""BUY"",""STOCK"",""Evolution Gaming Group"",""SE0012673267"",""0.0191130000"",""52.3200000000"",""-1.00"","""","""",""EUR"","""","""","""",""Savings plan execution SE0012673267 EVOLUTION AB (PU) SK-,003, quantity: 0.019113"",""4e8c91cd-c99e-4aef-beda-6101b2fad275"","""","""","""","""""
"2026-03-23T09:16:42.720Z,""2026-03-23"",""DEFAULT"",""TRADING"",""BUY"",""STOCK"",""VINCI"",""FR0000125486"",""0.0082030000"",""121.9000000000"",""-1.00"","""","""",""EUR"","""","""","""",""Savings plan execution FR0000125486 VINCI S.A. INH.   EO 2,50, quantity: 0.008203"",""9feb4b68-86be-40a3-a958-4483bf73f0aa"","""","""","""","""""
"2026-03-23T09:26:17.252Z,""2026-03-23"",""DEFAULT"",""TRADING"",""BUY"",""STOCK"",""Schneider Electric"",""FR0000121972"",""0.0085960000"",""232.6500000000"",""-2.00"","""",""-0.01"",""EUR"","""","""","""",""Savings plan execution FR0000121972 SCHNEIDER ELEC. INH. EO 4, quantity: 0.008596"",""f0d02eb2-3495-475a-8ba2-30480a0766fa"","""","""","""","""""
"2026-03-23T09:42:22.688Z,""2026-03-23"",""DEFAULT"",""TRADING"",""BUY"",""STOCK"",""BYD"",""CNE100000296"",""0.1778560000"",""11.2450000000"",""-2.00"","""","""",""EUR"","""","""","""",""Savings plan execution CNE100000296 BYD, quantity: 0.177856"",""7dcb18d5-cbff-4c2a-a11e-ff6a3f1fcefe"","""","""","""","""""
"2026-03-23T09:47:49.274Z,""2026-03-23"",""DEFAULT"",""TRADING"",""BUY"",""STOCK"",""Gaztransport Technigaz"",""FR0011726835"",""0.0100150000"",""199.7000000000"",""-2.00"","""",""-0.01"",""EUR"","""","""","""",""Savings plan execution FR0011726835 GAZTRANSP.TECHNIG.EO-,01, quantity: 0.010015"",""fa973056-2255-4e4b-8439-3398d5ed25f5"","""","""","""","""""
"2026-03-23T09:51:16.516Z,""2026-03-23"",""DEFAULT"",""TRADING"",""BUY"",""STOCK"",""Pernod Ricard"",""FR0000120693"",""0.0634110000"",""63.0800000000"",""-4.00"","""",""-0.02"",""EUR"","""","""","""",""Savings plan execution FR0000120693 PERNOD RICARD        O.N., quantity: 0.063411"",""72bd4db5-d927-4e78-8ba8-55246eba8a86"","""","""","""","""""
"2026-03-23T14:57:48.003Z,""2026-03-23"",""DEFAULT"",""TRADING"",""BUY"",""FUND"",""Core MSCI World USD (Acc)"",""IE00B4L5Y983"",""0.0090950000"",""109.9400000000"",""-1.00"","""","""",""EUR"","""","""","""",""Savings plan execution IE00B4L5Y983 iShares III plc - iShares Core MSCI World UCITS ETF USD (Acc), quantity: 0.009095"",""2763d2e9-bf54-4c8d-bc42-6584ba4bf394"","""","""","""","""""
"2026-03-23T14:59:36.212Z,""2026-03-23"",""DEFAULT"",""TRADING"",""BUY"",""FUND"",""MSCI EM Latin America USD (Dist)"",""IE00B27YCK28"",""0.4458310000"",""17.9440000000"",""-8.00"","""","""",""EUR"","""","""","""",""Savings plan execution IE00B27YCK28 iShares II plc - iShares MSCI EM Latin America UCITS ETF USD (Dist), quantity: 0.445831"",""88e59d02-26c2-4537-bb36-63cbbfc380be"","""","""","""","""""
"2026-03-23T14:59:42.317Z,""2026-03-23"",""DEFAULT"",""TRADING"",""BUY"",""FUND"",""Nifty 50 Swap USD (Acc)"",""LU0292109690"",""0.0193840000"",""206.3500000000"",""-4.00"","""","""",""EUR"","""","""","""",""Savings plan execution LU0292109690 Xtrackers - Xtrackers Nifty 50 Swap UCITS ETF 1C, quantity: 0.019384"",""94aa9d15-5d2c-435a-8f1f-13e62d4e4eb8"","""","""","""","""""
"2026-03-23T15:11:59.909Z,""2026-03-23"",""DEFAULT"",""TRADING"",""BUY"",""FUND"",""MSCI EM USD (Acc)"",""IE00B4L5YC18"",""0.0840240000"",""47.6050000000"",""-4.00"","""","""",""EUR"","""","""","""",""Savings plan execution IE00B4L5YC18 iShares III plc - iShares MSCI EM UCITS ETF USD (Acc) USD (Acc), quantity: 0.084024"",""cf060025-50c3-424a-9bdb-17c6751d92fc"","""","""","""","""""
"2026-03-23T15:14:55.345Z,""2026-03-23"",""DEFAULT"",""TRADING"",""BUY"",""FUND"",""MSCI Africa Top 50 Swap USD (Acc)"",""LU0592217524"",""0.3427390000"",""8.7530000000"",""-3.00"","""","""",""EUR"","""","""","""",""Savings plan execution LU0592217524 Xtrackers - Xtrackers MSCI Africa Top 50 Swap UCITS ETF 1C, quantity: 0.342739"",""f44a83d3-b6d2-486b-870d-37eea1b6ece5"","""","""","""","""""
"2026-03-23T15:36:48.244Z,""2026-03-23"",""DEFAULT"",""TRADING"",""BUY"",""FUND"",""MSCI China USD (Acc)"",""IE00BJ5JPG56"",""1.0183290000"",""4.9100000000"",""-5.00"","""","""",""EUR"","""","""","""",""Savings plan execution IE00BJ5JPG56 iShares IV plc - iShares MSCI China UCITS ETF USD (Acc), quantity: 1.018329"",""72dfb81b-f7dc-4b55-b6d2-16e8916a5156"","""","""","""","""""
"2026-03-30T10:38:52.151300Z,""2026-03-30"",""DEFAULT"",""CASH"",""TRANSFER_INSTANT_INBOUND"","""","""","""","""","""",""150.000000"","""","""",""EUR"","""","""","""",""Incoming transfer from LEO BERTRAND (FR7640618803720004039001554)"",""019d3e53-2ef7-7eec-8059-5e947fa03fff"","""","""","""","""""
"2026-04-01T00:40:50.917832Z,""2026-04-01"",""DEFAULT"",""CASH"",""INTEREST_PAYMENT"","""","""","""","""","""",""0.190000"","""",""-0.05"",""EUR"","""","""","""",""Interest payment for payout collection 019d467b-c505-7571-a37d-0993cd2b12cc"",""019d467c-65e5-710a-a3e3-60ae821e3fbc"","""","""","""","""""
"2026-04-02T06:51:28.845Z,""2026-04-02"",""DEFAULT"",""TRADING"",""BUY"",""CRYPTO"",""Bitcoin"",""BTC"",""0.0001840000"",""59640.8800000000"",""-10.97"","""","""",""EUR"","""","""","""",""Savings plan execution XF000BTC0017 Bitcoin, quantity: 0.000184"",""03d6794e-e5bf-46a2-8c1b-13521ebe55ca"","""","""","""","""""
"2026-04-02T07:44:43.921Z,""2026-04-02"",""DEFAULT"",""TRADING"",""BUY"",""FUND"",""Nikkei 225 JPY (Acc)"",""LU2196470426"",""0.0527250000"",""94.8300000000"",""-5.00"","""","""",""EUR"","""","""","""",""Savings plan execution LU2196470426 Xtrackers - Xtrackers Nikkei 225 UCITS ETF 1C, quantity: 0.052725"",""e51c3b8e-b7de-4f6e-a082-4931bcfedd84"","""","""","""","""""
"2026-04-02T08:19:15.180Z,""2026-04-02"",""DEFAULT"",""TRADING"",""BUY"",""STOCK"",""VINCI"",""FR0000125486"",""0.0076420000"",""130.8500000000"",""-1.00"","""","""",""EUR"","""","""","""",""Savings plan execution FR0000125486 VINCI S.A. INH.   EO 2,50, quantity: 0.007642"",""5b091351-3c69-4f75-9136-d9dfa83ce983"","""","""","""","""""
"2026-04-02T08:32:52.587Z,""2026-04-02"",""DEFAULT"",""TRADING"",""BUY"",""STOCK"",""Schneider Electric"",""FR0000121972"",""0.0129920000"",""230.9000000000"",""-3.00"","""",""-0.01"",""EUR"","""","""","""",""Savings plan execution FR0000121972 SCHNEIDER ELEC. INH. EO 4, quantity: 0.012992"",""5dae98b8-8650-4afe-bb93-36fe7cd7f6a5"","""","""","""","""""
"2026-04-02T09:07:30.690Z,""2026-04-02"",""DEFAULT"",""TRADING"",""BUY"",""STOCK"",""BYD"",""CNE100000296"",""0.0867300000"",""11.5300000000"",""-1.00"","""","""",""EUR"","""","""","""",""Savings plan execution CNE100000296 BYD, quantity: 0.086730"",""c33e3a08-2612-4a3e-a8e1-7d0a28b53551"","""","""","""","""""
"2026-04-02T09:08:48.870Z,""2026-04-02"",""DEFAULT"",""TRADING"",""BUY"",""STOCK"",""Gaztransport Technigaz"",""FR0011726835"",""0.0099000000"",""202.0000000000"",""-2.00"","""",""-0.01"",""EUR"","""","""","""",""Savings plan execution FR0011726835 GAZTRANSP.TECHNIG.EO-,01, quantity: 0.009900"",""7eeaf00e-5f63-463e-968d-005130065a80"","""","""","""","""""
"2026-04-02T09:18:31.683Z,""2026-04-02"",""DEFAULT"",""TRADING"",""BUY"",""STOCK"",""Pernod Ricard"",""FR0000120693"",""0.0628530000"",""63.6400000000"",""-4.00"","""",""-0.02"",""EUR"","""","""","""",""Savings plan execution FR0000120693 PERNOD RICARD        O.N., quantity: 0.062853"",""aee5c4db-eb65-406b-b70c-fddab2688b25"","""","""","""","""""
"2026-04-02T13:13:51.005781Z,""2026-04-02"",""DEFAULT"",""CASH"",""PRIVATE_MARKET_BUY"",""PRIVATE_FUND"",""Private Equity"",""LU3170240538"","""","""",""-10.000000"","""","""",""EUR"","""","""","""",""Private Markets pre-payment for buy order: bbb51f94-683d-451b-ae31-9eade3dc9064"",""019d4e54-269d-74bb-8acf-6f9f18d0d04f"","""","""","""","""""
"2026-04-02T09:21:50.420336Z,""2026-04-02"",""DEFAULT"",""CASH"",""PRIVATE_MARKET_BUY"",""PRIVATE_FUND"",""Private Equity"",""LU3176111881"","""","""",""-20.000000"","""","""",""EUR"","""","""","""",""Private Markets pre-payment for buy order: 0aca279a-4b16-4a60-a756-d9e9832e103b"",""019d4d7f-bd54-7004-b9a6-5c8196eeb329"","""","""","""","""""
"2026-04-02T14:04:57.887Z,""2026-04-02"",""DEFAULT"",""TRADING"",""BUY"",""FUND"",""MSCI EM Latin America USD (Dist)"",""IE00B27YCK28"",""0.4242230000"",""18.8580000000"",""-8.00"","""","""",""EUR"","""","""","""",""Savings plan execution IE00B27YCK28 iShares II plc - iShares MSCI EM Latin America UCITS ETF USD (Dist), quantity: 0.424223"",""0b2a12e4-13bb-4e70-8ffa-1ae8731d1d0e"","""","""","""","""""
"2026-04-02T14:06:09.091Z,""2026-04-02"",""DEFAULT"",""TRADING"",""BUY"",""FUND"",""Nifty 50 Swap USD (Acc)"",""LU0292109690"",""0.0199550000"",""200.4500000000"",""-4.00"","""","""",""EUR"","""","""","""",""Savings plan execution LU0292109690 Xtrackers - Xtrackers Nifty 50 Swap UCITS ETF 1C, quantity: 0.019955"",""121f28fd-bfbf-40f0-aaa7-f2c7683b3fae"","""","""","""","""""
"2026-04-02T14:39:05.524Z,""2026-04-02"",""DEFAULT"",""TRADING"",""BUY"",""FUND"",""MSCI EM USD (Acc)"",""IE00B4L5YC18"",""0.0859710000"",""46.5270000000"",""-4.00"","""","""",""EUR"","""","""","""",""Savings plan execution IE00B4L5YC18 iShares III plc - iShares MSCI EM UCITS ETF USD (Acc) USD (Acc), quantity: 0.085971"",""0fb2d5f4-9c27-4489-83df-7f3b2fb5db51"","""","""","""","""""
"2026-04-02T14:49:34.051Z,""2026-04-02"",""DEFAULT"",""TRADING"",""BUY"",""FUND"",""MSCI Africa Top 50 Swap USD (Acc)"",""LU0592217524"",""0.3386760000"",""8.8580000000"",""-3.00"","""","""",""EUR"","""","""","""",""Savings plan execution LU0592217524 Xtrackers - Xtrackers MSCI Africa Top 50 Swap UCITS ETF 1C, quantity: 0.338676"",""1f61d3c9-6353-40c0-886a-5d070aeec7fd"","""","""","""","""""
"2026-04-02T15:11:41.415Z,""2026-04-02"",""DEFAULT"",""TRADING"",""BUY"",""FUND"",""Core MSCI World USD (Acc)"",""IE00B4L5Y983"",""0.0091140000"",""109.7199000000"",""-1.00"","""","""",""EUR"","""","""","""",""Savings plan execution IE00B4L5Y983 iShares III plc - iShares Core MSCI World UCITS ETF USD (Acc), quantity: 0.009114"",""4e55f252-6a44-45b3-8c90-80c0d43354d0"","""","""","""","""""
"2026-04-02T15:54:59.566Z,""2026-04-02"",""DEFAULT"",""TRADING"",""BUY"",""FUND"",""MSCI Global Semiconductors USD (Acc)"",""IE000I8KRLL9"",""0.2768030000"",""10.8380000000"",""-3.00"","""","""",""EUR"","""","""","""",""Savings plan execution IE000I8KRLL9 iShares IV plc - iShares MSCI Global Semiconductors UCITS ETF USD (Acc), quantity: 0.276803"",""482e5c48-2f69-4c85-a7da-0cf60aa9fda5"","""","""","""","""""
"2026-04-02T15:58:09.807Z,""2026-04-02"",""DEFAULT"",""TRADING"",""BUY"",""FUND"",""MSCI China USD (Acc)"",""IE00BJ5JPG56"",""1.4198780000"",""4.9300000000"",""-7.00"","""","""",""EUR"","""","""","""",""Savings plan execution IE00BJ5JPG56 iShares IV plc - iShares MSCI China UCITS ETF USD (Acc), quantity: 1.419878"",""f1c50812-04e5-4d80-a45e-ab643b03a597"","""","""","""","""""
"2026-04-02T17:28:00.596Z,""2026-04-02"",""DEFAULT"",""TRADING"",""BUY"",""PRIVATE_FUND"",""Private Equity"",""LU3176111881"",""0.1918400000"",""104.2533000000"","""","""","""",""EUR"","""","""","""",""BUY LU3176111881"",""adf1f65b-8ea5-4794-95a7-bab399f92890"","""","""","""","""""
"2026-04-02T17:30:12.240Z,""2026-04-02"",""DEFAULT"",""TRADING"",""BUY"",""PRIVATE_FUND"",""Private Equity"",""LU3176111881"",""0.1918400000"",""104.2533000000"","""","""","""",""EUR"","""","""","""",""BUY LU3176111881"",""52725e6d-c6d6-49eb-a42f-2cc16bd67c83"","""","""","""","""""
"2026-04-05T09:54:35.752197Z,""2026-04-05"",""DEFAULT"",""CASH"",""TRANSFER_INSTANT_INBOUND"","""","""","""","""","""",""210.000000"","""","""",""EUR"","""","""","""",""Incoming transfer from LEO BERTRAND (FR7640618803720004039001554)"",""019d5d10-ce68-74d9-b680-199d502e0cfc"","""","""","""","""""
"2026-04-08T15:15:52.392Z,""2026-04-08"",""DEFAULT"",""TRADING"",""BUY"",""PRIVATE_FUND"",""Private Equity"",""LU3170240538"",""0.0978150000"",""102.2339000000"","""","""","""",""EUR"","""","""","""",""BUY LU3170240538"",""99adcb78-90ce-49ef-a404-8ed9ea098648"","""","""","""","""""
"2026-04-08T15:16:27.814Z,""2026-04-08"",""DEFAULT"",""TRADING"",""BUY"",""PRIVATE_FUND"",""Private Equity"",""LU3170240538"",""0.0978150000"",""102.2339000000"","""","""","""",""EUR"","""","""","""",""BUY LU3170240538"",""d6e6ea2e-7603-49ea-8f38-61fbbfcef461"","""","""","""","""""
"2026-04-09T06:34:43.350Z,""2026-04-09"",""DEFAULT"",""TRADING"",""BUY"",""CRYPTO"",""Bitcoin"",""BTC"",""0.0001750000"",""62616.6400000000"",""-10.96"","""","""",""EUR"","""","""","""",""Savings plan execution XF000BTC0017 Bitcoin, quantity: 0.000175"",""fc79631f-164d-438d-a22b-60166daecbe1"","""","""","""","""""
"2026-04-09T07:44:06.373Z,""2026-04-09"",""DEFAULT"",""TRADING"",""BUY"",""FUND"",""Nikkei 225 JPY (Acc)"",""LU2196470426"",""0.0501750000"",""99.6500000000"",""-5.00"","""","""",""EUR"","""","""","""",""Savings plan execution LU2196470426 Xtrackers - Xtrackers Nikkei 225 UCITS ETF 1C, quantity: 0.050175"",""8b2a6a93-0075-4518-87c2-fa5c6a0c0e15"","""","""","""","""""
"2026-04-09T08:16:40.911Z,""2026-04-09"",""DEFAULT"",""TRADING"",""BUY"",""STOCK"",""VINCI"",""FR0000125486"",""0.0073420000"",""136.2000000000"",""-1.00"","""","""",""EUR"","""","""","""",""Savings plan execution FR0000125486 VINCI S.A. INH.   EO 2,50, quantity: 0.007342"",""acfb1267-c007-4d75-b1b1-604400ed3bb0"","""","""","""","""""
"2026-04-09T08:42:42.903Z,""2026-04-09"",""DEFAULT"",""TRADING"",""BUY"",""STOCK"",""BYD"",""CNE100000296"",""0.0891420000"",""11.2180000000"",""-1.00"","""","""",""EUR"","""","""","""",""Savings plan execution CNE100000296 BYD, quantity: 0.089142"",""0db73a95-e692-4ce6-b39a-04516aadb02e"","""","""","""","""""
"2026-04-09T08:47:44.403Z,""2026-04-09"",""DEFAULT"",""TRADING"",""BUY"",""STOCK"",""Gaztransport Technigaz"",""FR0011726835"",""0.0096800000"",""206.6000000000"",""-2.00"","""",""-0.01"",""EUR"","""","""","""",""Savings plan execution FR0011726835 GAZTRANSP.TECHNIG.EO-,01, quantity: 0.009680"",""e92256f3-654d-48db-9092-4886e28a0c53"","""","""","""","""""
"2026-04-09T08:51:21.802Z,""2026-04-09"",""DEFAULT"",""TRADING"",""BUY"",""STOCK"",""Pernod Ricard"",""FR0000120693"",""0.0626950000"",""63.8000000000"",""-4.00"","""",""-0.02"",""EUR"","""","""","""",""Savings plan execution FR0000120693 PERNOD RICARD        O.N., quantity: 0.062695"",""f7a53cf0-7c3c-465c-b5ea-f2f018e999b2"","""","""","""","""""
"2026-04-09T13:58:09.151Z,""2026-04-09"",""DEFAULT"",""TRADING"",""BUY"",""FUND"",""Core MSCI World USD (Acc)"",""IE00B4L5Y983"",""0.0088940000"",""112.4300000000"",""-1.00"","""","""",""EUR"","""","""","""",""Savings plan execution IE00B4L5Y983 iShares III plc - iShares Core MSCI World UCITS ETF USD (Acc), quantity: 0.008894"",""6b5cf542-fd93-41b9-845b-5a3856efe2b6"","""","""","""","""""
"2026-04-09T13:59:35.919Z,""2026-04-09"",""DEFAULT"",""TRADING"",""BUY"",""FUND"",""MSCI EM Latin America USD (Dist)"",""IE00B27YCK28"",""0.4099620000"",""19.5140000000"",""-8.00"","""","""",""EUR"","""","""","""",""Savings plan execution IE00B27YCK28 iShares II plc - iShares MSCI EM Latin America UCITS ETF USD (Dist), quantity: 0.409962"",""85fe0d82-c51a-4882-ba78-fcc52557cf10"","""","""","""","""""
"2026-04-09T13:59:41.829Z,""2026-04-09"",""DEFAULT"",""TRADING"",""BUY"",""FUND"",""Nifty 50 Swap USD (Acc)"",""LU0292109690"",""0.0191020000"",""209.4000000000"",""-4.00"","""","""",""EUR"","""","""","""",""Savings plan execution LU0292109690 Xtrackers - Xtrackers Nifty 50 Swap UCITS ETF 1C, quantity: 0.019102"",""5d182103-d7af-425f-9f66-602924b9cb5c"","""","""","""","""""
"2026-04-09T14:12:29.597Z,""2026-04-09"",""DEFAULT"",""TRADING"",""BUY"",""FUND"",""MSCI EM USD (Acc)"",""IE00B4L5YC18"",""0.0816820000"",""48.9700000000"",""-4.00"","""","""",""EUR"","""","""","""",""Savings plan execution IE00B4L5YC18 iShares III plc - iShares MSCI EM UCITS ETF USD (Acc) USD (Acc), quantity: 0.081682"",""3d95631d-e9ef-4143-a81a-0bc04b6b3134"","""","""","""","""""
"2026-04-09T14:14:55.671Z,""2026-04-09"",""DEFAULT"",""TRADING"",""BUY"",""FUND"",""MSCI Africa Top 50 Swap USD (Acc)"",""LU0592217524"",""0.3241140000"",""9.2560000000"",""-3.00"","""","""",""EUR"","""","""","""",""Savings plan execution LU0592217524 Xtrackers - Xtrackers MSCI Africa Top 50 Swap UCITS ETF 1C, quantity: 0.324114"",""4695b4b3-c22d-44c6-8679-6d9d7b306a1d"","""","""","""","""""
"2026-04-09T14:30:49.996Z,""2026-04-09"",""DEFAULT"",""TRADING"",""BUY"",""FUND"",""MSCI Global Semiconductors USD (Acc)"",""IE000I8KRLL9"",""0.2517620000"",""11.9160000000"",""-3.00"","""","""",""EUR"","""","""","""",""Savings plan execution IE000I8KRLL9 iShares IV plc - iShares MSCI Global Semiconductors UCITS ETF USD (Acc), quantity: 0.251762"",""a82cd4cf-9adf-4547-afa0-9907a9cb1926"","""","""","""","""""
"2026-04-09T14:33:23.541Z,""2026-04-09"",""DEFAULT"",""TRADING"",""BUY"",""FUND"",""MSCI China USD (Acc)"",""IE00BJ5JPG56"",""1.4144270000"",""4.9490000000"",""-7.00"","""","""",""EUR"","""","""","""",""Savings plan execution IE00BJ5JPG56 iShares IV plc - iShares MSCI China UCITS ETF USD (Acc), quantity: 1.414427"",""cbb4e89f-21c8-40c3-9896-3cacb8578106"","""","""","""","""""
"2026-04-16T06:42:37.877Z,""2026-04-16"",""DEFAULT"",""TRADING"",""BUY"",""CRYPTO"",""Bitcoin"",""BTC"",""0.0001670000"",""65660.0800000000"",""-10.97"","""","""",""EUR"","""","""","""",""Savings plan execution XF000BTC0017 Bitcoin, quantity: 0.000167"",""d799760b-1000-4f33-a736-bc805da34311"","""","""","""","""""
"2026-04-16T07:44:14.291Z,""2026-04-16"",""DEFAULT"",""TRADING"",""BUY"",""FUND"",""Nikkei 225 JPY (Acc)"",""LU2196470426"",""0.0476000000"",""105.0400000000"",""-5.00"","""","""",""EUR"","""","""","""",""Savings plan execution LU2196470426 Xtrackers - Xtrackers Nikkei 225 UCITS ETF 1C, quantity: 0.047600"",""76f24bec-74ec-4d16-85b3-0ccb32440c45"","""","""","""","""""
"2026-04-16T08:13:48.842313Z,""2026-04-16"",""DEFAULT"",""CASH"",""PRIVATE_MARKET_BUY"",""PRIVATE_FUND"",""Private Equity"",""LU3170240538"","""","""",""-10.000000"","""","""",""EUR"","""","""","""",""Private Markets pre-payment for buy order: 27d079a7-4b5b-42f6-8e1b-f83fa308fa11"",""019d955a-7daa-7547-ada3-6f255790e82f"","""","""","""","""""
"2026-04-16T08:16:56.207Z,""2026-04-16"",""DEFAULT"",""TRADING"",""BUY"",""STOCK"",""VINCI"",""FR0000125486"",""0.0073690000"",""135.7000000000"",""-1.00"","""","""",""EUR"","""","""","""",""Savings plan execution FR0000125486 VINCI S.A. INH.   EO 2,50, quantity: 0.007369"",""0806b0be-829a-4bb3-aaab-2aad5d5137fa"","""","""","""","""""
"2026-04-16T08:23:07.265442Z,""2026-04-16"",""DEFAULT"",""CASH"",""PRIVATE_MARKET_BUY"",""PRIVATE_FUND"",""Private Equity"",""LU3176111881"","""","""",""-20.000000"","""","""",""EUR"","""","""","""",""Private Markets pre-payment for buy order: 1ac91758-02d6-43e8-a653-c20f3126e91e"",""019d9563-0301-799e-ad31-7d03c8676f88"","""","""","""","""""
"2026-04-16T08:26:44.779Z,""2026-04-16"",""DEFAULT"",""TRADING"",""BUY"",""STOCK"",""Schneider Electric"",""FR0000121972"",""0.0074850000"",""267.2000000000"",""-2.00"","""",""-0.01"",""EUR"","""","""","""",""Savings plan execution FR0000121972 SCHNEIDER ELEC. INH. EO 4, quantity: 0.007485"",""0ebd835d-11db-4b3f-a6b7-d45f350bef53"","""","""","""","""""
"2026-04-16T08:55:31.199Z,""2026-04-16"",""DEFAULT"",""TRADING"",""BUY"",""STOCK"",""BYD"",""CNE100000296"",""0.0814590000"",""12.2760000000"",""-1.00"","""","""",""EUR"","""","""","""",""Savings plan execution CNE100000296 BYD, quantity: 0.081459"",""8e8dcc39-d4b7-4375-9dc7-421471e06403"","""","""","""","""""
"2026-04-16T08:58:01.277Z,""2026-04-16"",""DEFAULT"",""TRADING"",""BUY"",""STOCK"",""Gaztransport Technigaz"",""FR0011726835"",""0.0100150000"",""199.7000000000"",""-2.00"","""",""-0.01"",""EUR"","""","""","""",""Savings plan execution FR0011726835 GAZTRANSP.TECHNIG.EO-,01, quantity: 0.010015"",""285f00d9-0b35-483a-9fe8-888939aae82d"","""","""","""","""""
"2026-04-16T09:01:13.899Z,""2026-04-16"",""DEFAULT"",""TRADING"",""BUY"",""STOCK"",""Pernod Ricard"",""FR0000120693"",""0.0595060000"",""67.2200000000"",""-4.00"","""",""-0.02"",""EUR"","""","""","""",""Savings plan execution FR0000120693 PERNOD RICARD        O.N., quantity: 0.059506"",""5accb0bc-5edf-4375-b3cf-08258f3b7bc9"","""","""","""","""""
"2026-04-16T13:59:45.681Z,""2026-04-16"",""DEFAULT"",""TRADING"",""BUY"",""FUND"",""Nifty 50 Swap USD (Acc)"",""LU0292109690"",""0.0190560000"",""209.9000000000"",""-4.00"","""","""",""EUR"","""","""","""",""Savings plan execution LU0292109690 Xtrackers - Xtrackers Nifty 50 Swap UCITS ETF 1C, quantity: 0.019056"",""5daef492-07c5-4970-b5e6-61a3907f7e6b"","""","""","""","""""
"2026-04-16T13:59:48.028Z,""2026-04-16"",""DEFAULT"",""TRADING"",""BUY"",""FUND"",""MSCI EM Latin America USD (Dist)"",""IE00B27YCK28"",""0.4050220000"",""19.7520000000"",""-8.00"","""","""",""EUR"","""","""","""",""Savings plan execution IE00B27YCK28 iShares II plc - iShares MSCI EM Latin America UCITS ETF USD (Dist), quantity: 0.405022"",""cba6386f-f7c0-4e7f-83a8-f5e8de1d9e8f"","""","""","""","""""
"2026-04-16T14:15:21.245Z,""2026-04-16"",""DEFAULT"",""TRADING"",""BUY"",""FUND"",""MSCI EM USD (Acc)"",""IE00B4L5YC18"",""0.0787740000"",""50.7780000000"",""-4.00"","""","""",""EUR"","""","""","""",""Savings plan execution IE00B4L5YC18 iShares III plc - iShares MSCI EM UCITS ETF USD (Acc) USD (Acc), quantity: 0.078774"",""1db4a48c-8c92-46ee-8d2f-a23d408fc003"","""","""","""","""""
"2026-04-16T14:15:26.673Z,""2026-04-16"",""DEFAULT"",""TRADING"",""BUY"",""FUND"",""MSCI Africa Top 50 Swap USD (Acc)"",""LU0592217524"",""0.3193860000"",""9.3930000000"",""-3.00"","""","""",""EUR"","""","""","""",""Savings plan execution LU0592217524 Xtrackers - Xtrackers MSCI Africa Top 50 Swap UCITS ETF 1C, quantity: 0.319386"",""c4bf87fe-d9dd-4722-b1f2-749de1f0995c"","""","""","""","""""
"2026-04-16T15:15:06.194Z,""2026-04-16"",""DEFAULT"",""TRADING"",""BUY"",""FUND"",""Core MSCI World USD (Acc)"",""IE00B4L5Y983"",""0.0086890000"",""115.0850000000"",""-1.00"","""","""",""EUR"","""","""","""",""Savings plan execution IE00B4L5Y983 iShares III plc - iShares Core MSCI World UCITS ETF USD (Acc), quantity: 0.008689"",""11271c54-d3ac-43ca-a918-22404e58ba41"","""","""","""","""""
"2026-04-16T15:21:18.602Z,""2026-04-16"",""DEFAULT"",""TRADING"",""BUY"",""FUND"",""MSCI Global Semiconductors USD (Acc)"",""IE000I8KRLL9"",""0.2345210000"",""12.7920000000"",""-3.00"","""","""",""EUR"","""","""","""",""Savings plan execution IE000I8KRLL9 iShares IV plc - iShares MSCI Global Semiconductors UCITS ETF USD (Acc), quantity: 0.234521"",""8a0aa7cb-461e-4286-823e-5aefe0d39785"","""","""","""","""""
"2026-04-16T15:21:43.570Z,""2026-04-16"",""DEFAULT"",""TRADING"",""BUY"",""FUND"",""MSCI China USD (Acc)"",""IE00BJ5JPG56"",""1.3728180000"",""5.0990000000"",""-7.00"","""","""",""EUR"","""","""","""",""Savings plan execution IE00BJ5JPG56 iShares IV plc - iShares MSCI China UCITS ETF USD (Acc), quantity: 1.372818"",""4be929fe-8294-459f-94c9-ba2e83a1058e"","""","""","""","""""
"2026-04-23T06:36:03.074Z,""2026-04-23"",""DEFAULT"",""TRADING"",""BUY"",""CRYPTO"",""Bitcoin"",""BTC"",""0.0001590000"",""68908.7600000000"",""-10.96"","""","""",""EUR"","""","""","""",""Savings plan execution XF000BTC0017 Bitcoin, quantity: 0.000159"",""698f4e8f-dfd1-4d2d-a816-9f0d300d24c0"","""","""","""","""""
"2026-04-23T07:44:08.640Z,""2026-04-23"",""DEFAULT"",""TRADING"",""BUY"",""FUND"",""Nikkei 225 JPY (Acc)"",""LU2196470426"",""0.0477640000"",""104.6800000000"",""-5.00"","""","""",""EUR"","""","""","""",""Savings plan execution LU2196470426 Xtrackers - Xtrackers Nikkei 225 UCITS ETF 1C, quantity: 0.047764"",""407d7fbc-acc9-40bf-886b-e753f9453dbd"","""","""","""","""""
"2026-04-23T08:16:39.732Z,""2026-04-23"",""DEFAULT"",""TRADING"",""BUY"",""STOCK"",""VINCI"",""FR0000125486"",""0.0076240000"",""131.1500000000"",""-1.00"","""","""",""EUR"","""","""","""",""Savings plan execution FR0000125486 VINCI S.A. INH.   EO 2,50, quantity: 0.007624"",""0ad0f4fb-6370-4b3c-b82e-e34ddf7662ae"","""","""","""","""""
"2026-04-23T08:26:12.471Z,""2026-04-23"",""DEFAULT"",""TRADING"",""BUY"",""STOCK"",""Schneider Electric"",""FR0000121972"",""0.0073560000"",""271.8500000000"",""-2.00"","""",""-0.01"",""EUR"","""","""","""",""Savings plan execution FR0000121972 SCHNEIDER ELEC. INH. EO 4, quantity: 0.007356"",""38e876e0-ee87-460c-a0d8-a8cfb02d84df"","""","""","""","""""
"2026-04-23T08:42:33.746Z,""2026-04-23"",""DEFAULT"",""TRADING"",""BUY"",""STOCK"",""BYD"",""CNE100000296"",""0.0882920000"",""11.3260000000"",""-1.00"","""","""",""EUR"","""","""","""",""Savings plan execution CNE100000296 BYD, quantity: 0.088292"",""744c81c1-2996-4e41-8365-5674fc36b6d9"","""","""","""","""""
"2026-04-23T08:47:57.136Z,""2026-04-23"",""DEFAULT"",""TRADING"",""BUY"",""STOCK"",""Gaztransport Technigaz"",""FR0011726835"",""0.0097840000"",""204.4000000000"",""-2.00"","""",""-0.01"",""EUR"","""","""","""",""Savings plan execution FR0011726835 GAZTRANSP.TECHNIG.EO-,01, quantity: 0.009784"",""c29a8394-1a41-4138-8e1b-33fa4d4a8a51"","""","""","""","""""
"2026-04-23T08:51:17.726Z,""2026-04-23"",""DEFAULT"",""TRADING"",""BUY"",""STOCK"",""Pernod Ricard"",""FR0000120693"",""0.0606060000"",""66.0000000000"",""-4.00"","""",""-0.02"",""EUR"","""","""","""",""Savings plan execution FR0000120693 PERNOD RICARD        O.N., quantity: 0.060606"",""fb01f715-70db-4391-9c6c-a338912eb994"","""","""","""","""""
"2026-04-23T09:22:22.273205Z,""2026-04-23"",""DEFAULT"",""CASH"",""DIVIDEND"",""STOCK"",""VINCI"",""FR0000125486"",""0.5431000000"","""",""2.150000"","""",""-0.68"",""EUR"","""","""","""",""Cash Dividend for ISIN FR0000125486"",""019db9a5-c5c1-7074-a2d6-da7aba38c4b4"","""","""","""","""""
"2026-04-23T09:22:23.130842Z,""2026-04-23"",""DEFAULT"",""CASH"",""DIVIDEND"",""STOCK"",""VINCI"",""FR0000125486"",""0.0274340000"","""",""0.080000"","""",""-0.03"",""EUR"","""","""","""",""Cash Dividend for ISIN FR0000125486"",""019db9a5-c91a-7a9b-b009-82d459a7c2ac"","""","""","""","""""
"2026-04-23T13:58:09.173Z,""2026-04-23"",""DEFAULT"",""TRADING"",""BUY"",""FUND"",""Core MSCI World USD (Acc)"",""IE00B4L5Y983"",""0.0085550000"",""116.8800000000"",""-1.00"","""","""",""EUR"","""","""","""",""Savings plan execution IE00B4L5Y983 iShares III plc - iShares Core MSCI World UCITS ETF USD (Acc), quantity: 0.008555"",""0a10319b-f12e-4b8a-b989-d55501b9d93d"","""","""","""","""""
"2026-04-23T13:59:41.033Z,""2026-04-23"",""DEFAULT"",""TRADING"",""BUY"",""FUND"",""MSCI EM Latin America USD (Dist)"",""IE00B27YCK28"",""0.4094160000"",""19.5400000000"",""-8.00"","""","""",""EUR"","""","""","""",""Savings plan execution IE00B27YCK28 iShares II plc - iShares MSCI EM Latin America UCITS ETF USD (Dist), quantity: 0.409416"",""1f77e8c1-7f6e-4d8c-b974-6816dcab52d8"","""","""","""","""""
"2026-04-23T13:59:42.938Z,""2026-04-23"",""DEFAULT"",""TRADING"",""BUY"",""FUND"",""Nifty 50 Swap USD (Acc)"",""LU0292109690"",""0.0190200000"",""210.3000000000"",""-4.00"","""","""",""EUR"","""","""","""",""Savings plan execution LU0292109690 Xtrackers - Xtrackers Nifty 50 Swap UCITS ETF 1C, quantity: 0.019020"",""c7f773b6-3848-4138-b47f-7b677ffb9e6b"","""","""","""","""""
"2026-04-23T14:12:39.294Z,""2026-04-23"",""DEFAULT"",""TRADING"",""BUY"",""FUND"",""MSCI EM USD (Acc)"",""IE00B4L5YC18"",""0.0779180000"",""51.3360000000"",""-4.00"","""","""",""EUR"","""","""","""",""Savings plan execution IE00B4L5YC18 iShares III plc - iShares MSCI EM UCITS ETF USD (Acc) USD (Acc), quantity: 0.077918"",""e2f9a82a-bef1-4fad-98af-e1ba042d31c1"","""","""","""","""""
"2026-04-23T14:14:46.523Z,""2026-04-23"",""DEFAULT"",""TRADING"",""BUY"",""FUND"",""MSCI Africa Top 50 Swap USD (Acc)"",""LU0592217524"",""0.3209920000"",""9.3460000000"",""-3.00"","""","""",""EUR"","""","""","""",""Savings plan execution LU0592217524 Xtrackers - Xtrackers MSCI Africa Top 50 Swap UCITS ETF 1C, quantity: 0.320992"",""14f86c92-7251-44ef-af2a-4934ae912dce"","""","""","""","""""
"2026-04-23T14:31:12.789Z,""2026-04-23"",""DEFAULT"",""TRADING"",""BUY"",""FUND"",""MSCI Global Semiconductors USD (Acc)"",""IE000I8KRLL9"",""0.2175170000"",""13.7920000000"",""-3.00"","""","""",""EUR"","""","""","""",""Savings plan execution IE000I8KRLL9 iShares IV plc - iShares MSCI Global Semiconductors UCITS ETF USD (Acc), quantity: 0.217517"",""2ada0e29-5ffc-4959-af87-74ca5c46c1cc"","""","""","""","""""
"2026-04-23T14:35:19.299Z,""2026-04-23"",""DEFAULT"",""TRADING"",""BUY"",""FUND"",""MSCI China USD (Acc)"",""IE00BJ5JPG56"",""1.3916500000"",""5.0300000000"",""-7.00"","""","""",""EUR"","""","""","""",""Savings plan execution IE00BJ5JPG56 iShares IV plc - iShares MSCI China UCITS ETF USD (Acc), quantity: 1.391650"",""21f1ede5-0abc-4f1e-9e11-511c16e109e1"","""","""","""","""""
"2026-04-28T05:31:38.738Z,""2026-04-28"",""DEFAULT"",""TRADING"",""SELL"",""FUND"",""Uranium USD (Acc)"",""IE000NDWFGA5"",""-8.0000000000"",""29.5300000000"",""236.24"",""-1.00"","""",""EUR"","""","""","""",""Sell trade IE000NDWFGA5 Global X ETFs ICAV - Global X Uranium UCITS ETF Acc USD, quantity: 8"",""13708122-7f15-48cc-86f0-ac3790aea656"","""","""","""","""""
"2026-04-29T08:00:34.331437Z,""2026-04-29"",""DEFAULT"",""CASH"",""DIVIDEND"",""STOCK"",""Bayer"",""DE000BAY0017"",""0.5464990000"","""",""0.060000"","""",""-0.04"",""EUR"","""","""","""",""Cash Dividend for ISIN DE000BAY0017"",""019dd841-0a1b-745d-8dea-684d7a55e8c1"","""","""","""","""""
"2026-05-01T00:34:21.413318Z,""2026-05-01"",""DEFAULT"",""CASH"",""INTEREST_PAYMENT"","""","""","""","""","""",""0.410000"","""",""-0.12"",""EUR"","""","""","""",""Interest payment for payout collection 019de0f2-f1d0-7af4-b04c-6226b48106fe"",""019de0f5-3c65-7650-8dbd-55cc8b7d980a"","""","""","""","""""
"2026-05-04T06:49:32.516Z,""2026-05-04"",""DEFAULT"",""TRADING"",""BUY"",""CRYPTO"",""Bitcoin"",""BTC"",""0.0001560000"",""70311.0700000000"",""-10.97"","""","""",""EUR"","""","""","""",""Savings plan execution XF000BTC0017 Bitcoin, quantity: 0.000156"",""f0c873ef-64d2-47bf-b699-1ce05fbe09a3"","""","""","""","""""
"2026-05-04T07:44:29.031Z,""2026-05-04"",""DEFAULT"",""TRADING"",""BUY"",""FUND"",""Nikkei 225 JPY (Acc)"",""LU2196470426"",""0.0464080000"",""107.7400000000"",""-5.00"","""","""",""EUR"","""","""","""",""Savings plan execution LU2196470426 Xtrackers - Xtrackers Nikkei 225 UCITS ETF 1C, quantity: 0.046408"",""c795d73e-65db-4ab2-9622-40943c18e905"","""","""","""","""""
"2026-05-04T08:18:23.019Z,""2026-05-04"",""DEFAULT"",""TRADING"",""BUY"",""STOCK"",""VINCI"",""FR0000125486"",""0.0078210000"",""127.8500000000"",""-1.00"","""","""",""EUR"","""","""","""",""Savings plan execution FR0000125486 VINCI S.A. INH.   EO 2,50, quantity: 0.007821"",""11cec674-2fd2-43d5-bee5-46ec2bf0f3bd"","""","""","""","""""
"2026-05-04T08:26:27.991864Z,""2026-05-04"",""DEFAULT"",""CASH"",""PRIVATE_MARKET_BUY"",""PRIVATE_FUND"",""Private Equity"",""LU3176111881"","""","""",""-20.000000"","""","""",""EUR"","""","""","""",""Private Markets pre-payment for buy order: 83ca6055-de22-4353-a5fd-6f3ec413a9cb"",""019df218-8b17-70d3-b951-d3758944b394"","""","""","""","""""
"2026-05-04T08:13:40.035526Z,""2026-05-04"",""DEFAULT"",""CASH"",""PRIVATE_MARKET_BUY"",""PRIVATE_FUND"",""Private Equity"",""LU3170240538"","""","""",""-10.000000"","""","""",""EUR"","""","""","""",""Private Markets pre-payment for buy order: 6cffe787-3311-4cdc-9c3b-07984491a6ac"",""019df20c-d343-72cf-9b05-5988162a4be8"","""","""","""","""""
"2026-05-04T08:29:21.674Z,""2026-05-04"",""DEFAULT"",""TRADING"",""BUY"",""STOCK"",""Schneider Electric"",""FR0000121972"",""0.0074570000"",""268.2000000000"",""-2.00"","""",""-0.01"",""EUR"","""","""","""",""Savings plan execution FR0000121972 SCHNEIDER ELEC. INH. EO 4, quantity: 0.007457"",""02151fcc-d22c-460e-8fdd-f9877a75dc5e"","""","""","""","""""
"2026-05-04T08:54:51.161Z,""2026-05-04"",""DEFAULT"",""TRADING"",""BUY"",""STOCK"",""BYD"",""CNE100000296"",""0.0887460000"",""11.2680000000"",""-1.00"","""","""",""EUR"","""","""","""",""Savings plan execution CNE100000296 BYD, quantity: 0.088746"",""efc84c67-65e4-4b16-a767-c70a2e45c07e"","""","""","""","""""
"2026-05-04T09:09:16.851Z,""2026-05-04"",""DEFAULT"",""TRADING"",""BUY"",""STOCK"",""Gaztransport Technigaz"",""FR0011726835"",""0.0097370000"",""205.4000000000"",""-2.00"","""",""-0.01"",""EUR"","""","""","""",""Savings plan execution FR0011726835 GAZTRANSP.TECHNIG.EO-,01, quantity: 0.009737"",""774a0bd3-b5e9-46dc-9da7-1f79e90fc1cc"","""","""","""","""""
"2026-05-04T09:12:24.306Z,""2026-05-04"",""DEFAULT"",""TRADING"",""BUY"",""STOCK"",""Pernod Ricard"",""FR0000120693"",""0.0629520000"",""63.5400000000"",""-4.00"","""",""-0.02"",""EUR"","""","""","""",""Savings plan execution FR0000120693 PERNOD RICARD        O.N., quantity: 0.062952"",""10b4bf14-5076-4a29-a4db-007011d6af91"","""","""","""","""""
"2026-05-04T13:59:56.810Z,""2026-05-04"",""DEFAULT"",""TRADING"",""BUY"",""FUND"",""MSCI EM Latin America USD (Dist)"",""IE00B27YCK28"",""0.4215850000"",""18.9760000000"",""-8.00"","""","""",""EUR"","""","""","""",""Savings plan execution IE00B27YCK28 iShares II plc - iShares MSCI EM Latin America UCITS ETF USD (Dist), quantity: 0.421585"",""f9f6b2ba-cb57-4eff-a38c-599e58f5990d"","""","""","""","""""
"2026-05-04T14:01:31.615Z,""2026-05-04"",""DEFAULT"",""TRADING"",""BUY"",""FUND"",""Nifty 50 Swap USD (Acc)"",""LU0292109690"",""0.0193980000"",""206.2000000000"",""-4.00"","""","""",""EUR"","""","""","""",""Savings plan execution LU0292109690 Xtrackers - Xtrackers Nifty 50 Swap UCITS ETF 1C, quantity: 0.019398"",""7eabe86a-8a9e-4ec4-ac38-5ff15f07c861"","""","""","""","""""
"2026-05-04T14:49:49.542Z,""2026-05-04"",""DEFAULT"",""TRADING"",""BUY"",""FUND"",""Core MSCI World USD (Acc)"",""IE00B4L5Y983"",""0.0084830000"",""117.8750000000"",""-1.00"","""","""",""EUR"","""","""","""",""Savings plan execution IE00B4L5Y983 iShares III plc - iShares Core MSCI World UCITS ETF USD (Acc), quantity: 0.008483"",""2d025103-f79e-4e9a-97ad-6c7f63caf519"","""","""","""","""""
"2026-05-04T14:55:58.076Z,""2026-05-04"",""DEFAULT"",""TRADING"",""BUY"",""FUND"",""MSCI Africa Top 50 Swap USD (Acc)"",""LU0592217524"",""0.3303230000"",""9.0820000000"",""-3.00"","""","""",""EUR"","""","""","""",""Savings plan execution LU0592217524 Xtrackers - Xtrackers MSCI Africa Top 50 Swap UCITS ETF 1C, quantity: 0.330323"",""f26200fe-68db-40a4-b9ce-3f5c480cd033"","""","""","""","""""
"2026-05-04T15:11:58.852Z,""2026-05-04"",""DEFAULT"",""TRADING"",""BUY"",""FUND"",""MSCI EM USD (Acc)"",""IE00B4L5YC18"",""0.0756290000"",""52.8895000000"",""-4.00"","""","""",""EUR"","""","""","""",""Savings plan execution IE00B4L5YC18 iShares III plc - iShares MSCI EM UCITS ETF USD (Acc) USD (Acc), quantity: 0.075629"",""cf6f78cd-94f1-4b7e-891e-35fc6451f851"","""","""","""","""""
"2026-05-04T15:44:32.253Z,""2026-05-04"",""DEFAULT"",""TRADING"",""BUY"",""FUND"",""MSCI Global Semiconductors USD (Acc)"",""IE000I8KRLL9"",""0.2031690000"",""14.7660000000"",""-3.00"","""","""",""EUR"","""","""","""",""Savings plan execution IE000I8KRLL9 iShares IV plc - iShares MSCI Global Semiconductors UCITS ETF USD (Acc), quantity: 0.203169"",""270b21b9-2ff9-41d3-82f4-fc3914efcd16"","""","""","""","""""
"2026-05-04T15:48:00.501Z,""2026-05-04"",""DEFAULT"",""TRADING"",""BUY"",""FUND"",""MSCI China USD (Acc)"",""IE00BJ5JPG56"",""1.3905440000"",""5.0340000000"",""-7.00"","""","""",""EUR"","""","""","""",""Savings plan execution IE00BJ5JPG56 iShares IV plc - iShares MSCI China UCITS ETF USD (Acc), quantity: 1.390544"",""b7035082-e4a0-4522-986a-4ff57aa7a7b7"","""","""","""","""""
"2026-05-08T08:29:26.920Z,""2026-05-08"",""DEFAULT"",""TRADING"",""BUY"",""PRIVATE_FUND"",""Private Equity"",""LU3176111881"",""0.1878780000"",""106.4523000000"","""","""","""",""EUR"","""","""","""",""BUY LU3176111881"",""dc6490b7-cfd5-4dbe-9206-c5508a9c9cde"","""","""","""","""""
"2026-05-08T08:32:18.045Z,""2026-05-08"",""DEFAULT"",""TRADING"",""BUY"",""PRIVATE_FUND"",""Private Equity"",""LU3176111881"",""0.1878780000"",""106.4523000000"","""","""","""",""EUR"","""","""","""",""BUY LU3176111881"",""5892a9d8-fac0-41c2-9e97-3fd54a8c2d2a"","""","""","""","""""
"2026-05-11T06:35:22.330Z,""2026-05-11"",""DEFAULT"",""TRADING"",""BUY"",""CRYPTO"",""Bitcoin"",""BTC"",""0.0001550000"",""70746.9900000000"",""-10.97"","""","""",""EUR"","""","""","""",""Savings plan execution XF000BTC0017 Bitcoin, quantity: 0.000155"",""12b49fb1-1aae-49be-9465-4dc2defb90a7"","""","""","""","""""
"2026-05-11T07:44:07.023Z,""2026-05-11"",""DEFAULT"",""TRADING"",""BUY"",""FUND"",""Nikkei 225 JPY (Acc)"",""LU2196470426"",""0.0446100000"",""112.0800000000"",""-5.00"","""","""",""EUR"","""","""","""",""Savings plan execution LU2196470426 Xtrackers - Xtrackers Nikkei 225 UCITS ETF 1C, quantity: 0.044610"",""86d4702e-a23a-46de-b452-4ac51a785e4a"","""","""","""","""""
"2026-05-11T08:16:40.323Z,""2026-05-11"",""DEFAULT"",""TRADING"",""BUY"",""STOCK"",""VINCI"",""FR0000125486"",""0.0078060000"",""128.1000000000"",""-1.00"","""","""",""EUR"","""","""","""",""Savings plan execution FR0000125486 VINCI S.A. INH.   EO 2,50, quantity: 0.007806"",""6b297535-25bf-4094-8a65-e7876ed0100e"","""","""","""","""""
"2026-05-11T08:42:25.474Z,""2026-05-11"",""DEFAULT"",""TRADING"",""BUY"",""STOCK"",""BYD"",""CNE100000296"",""0.0908100000"",""11.0120000000"",""-1.00"","""","""",""EUR"","""","""","""",""Savings plan execution CNE100000296 BYD, quantity: 0.090810"",""9a8b4287-9a7f-4b0f-afea-da8fc7552e40"","""","""","""","""""
"2026-05-11T08:51:19.599Z,""2026-05-11"",""DEFAULT"",""TRADING"",""BUY"",""STOCK"",""Pernod Ricard"",""FR0000120693"",""0.0635720000"",""62.9200000000"",""-4.00"","""",""-0.02"",""EUR"","""","""","""",""Savings plan execution FR0000120693 PERNOD RICARD        O.N., quantity: 0.063572"",""fc26b9a5-9997-47d1-b4d1-6937f0a0c43d"","""","""","""","""""
"2026-05-11T13:59:36.782Z,""2026-05-11"",""DEFAULT"",""TRADING"",""BUY"",""FUND"",""Core MSCI World USD (Acc)"",""IE00B4L5Y983"",""0.0083550000"",""119.6800000000"",""-1.00"","""","""",""EUR"","""","""","""",""Savings plan execution IE00B4L5Y983 iShares III plc - iShares Core MSCI World UCITS ETF USD (Acc), quantity: 0.008355"",""759efd12-a64d-42b7-a416-42b46ffaa997"","""","""","""","""""
"2026-05-11T14:00:02.305Z,""2026-05-11"",""DEFAULT"",""TRADING"",""BUY"",""FUND"",""Nifty 50 Swap USD (Acc)"",""LU0292109690"",""0.0197820000"",""202.2000000000"",""-4.00"","""","""",""EUR"","""","""","""",""Savings plan execution LU0292109690 Xtrackers - Xtrackers Nifty 50 Swap UCITS ETF 1C, quantity: 0.019782"",""6afe3e0a-a5a6-42e7-9078-ad2b5251012f"","""","""","""","""""
"2026-05-11T14:00:02.449Z,""2026-05-11"",""DEFAULT"",""TRADING"",""BUY"",""FUND"",""MSCI EM Latin America USD (Dist)"",""IE00B27YCK28"",""0.4206980000"",""19.0160000000"",""-8.00"","""","""",""EUR"","""","""","""",""Savings plan execution IE00B27YCK28 iShares II plc - iShares MSCI EM Latin America UCITS ETF USD (Dist), quantity: 0.420698"",""0441de61-02fb-4d5a-bc01-926bcbfc3da7"","""","""","""","""""
"2026-05-11T14:12:58.019Z,""2026-05-11"",""DEFAULT"",""TRADING"",""BUY"",""FUND"",""MSCI EM USD (Acc)"",""IE00B4L5YC18"",""0.0726130000"",""55.0860000000"",""-4.00"","""","""",""EUR"","""","""","""",""Savings plan execution IE00B4L5YC18 iShares III plc - iShares MSCI EM UCITS ETF USD (Acc) USD (Acc), quantity: 0.072613"",""1af33e46-dfa1-49b2-a22f-6279830bb9ae"","""","""","""","""""
"2026-05-11T14:14:49.609Z,""2026-05-11"",""DEFAULT"",""TRADING"",""BUY"",""FUND"",""MSCI Africa Top 50 Swap USD (Acc)"",""LU0592217524"",""0.3170910000"",""9.4610000000"",""-3.00"","""","""",""EUR"","""","""","""",""Savings plan execution LU0592217524 Xtrackers - Xtrackers MSCI Africa Top 50 Swap UCITS ETF 1C, quantity: 0.317091"",""a912d619-18fc-4faf-bddf-e843e8a70608"","""","""","""","""""
"2026-05-11T14:38:02.305Z,""2026-05-11"",""DEFAULT"",""TRADING"",""BUY"",""FUND"",""MSCI Global Semiconductors USD (Acc)"",""IE000I8KRLL9"",""0.1791900000"",""16.7420000000"",""-3.00"","""","""",""EUR"","""","""","""",""Savings plan execution IE000I8KRLL9 iShares IV plc - iShares MSCI Global Semiconductors UCITS ETF USD (Acc), quantity: 0.179190"",""aeef4ff3-1132-4d08-80c6-38e0e2ee88d5"","""","""","""","""""
"2026-05-11T14:39:56.794Z,""2026-05-11"",""DEFAULT"",""TRADING"",""BUY"",""FUND"",""MSCI China USD (Acc)"",""IE00BJ5JPG56"",""1.3725490000"",""5.1000000000"",""-7.00"","""","""",""EUR"","""","""","""",""Savings plan execution IE00BJ5JPG56 iShares IV plc - iShares MSCI China UCITS ETF USD (Acc), quantity: 1.372549"",""b6574b66-46ee-43d4-86ff-15a117df1513"","""","""","""","""""
"2026-05-13T10:21:49.489835Z,""2026-05-13"",""DEFAULT"",""CASH"",""DIVIDEND"",""STOCK"",""Schneider Electric"",""FR0000121972"",""0.5829350000"","""",""2.450000"","""",""-0.76"",""EUR"","""","""","""",""Cash Dividend for ISIN FR0000121972"",""019e20db-6431-7668-b52d-5d51913783ca"","""","""","""","""""
"2026-05-13T13:07:47.741Z,""2026-05-13"",""DEFAULT"",""TRADING"",""BUY"",""PRIVATE_FUND"",""Private Equity"",""LU3170240538"",""0.0925110000"",""108.0954000000"","""","""","""",""EUR"","""","""","""",""BUY LU3170240538"",""65e61f32-f77a-4371-96a0-000b17943f67"","""","""","""","""""
"2026-05-13T13:10:16.167Z,""2026-05-13"",""DEFAULT"",""TRADING"",""BUY"",""PRIVATE_FUND"",""Private Equity"",""LU3170240538"",""0.0925110000"",""108.0954000000"","""","""","""",""EUR"","""","""","""",""BUY LU3170240538"",""530d5de9-91f3-4399-808a-71792a10d692"","""","""","""","""""
