date,value
2006-02-06,19.18509864807129
2006-02-07,18.63015556335449
2006-02-08,18.55087852478028
2006-02-09,18.72529029846192
2006-02-10,18.384397506713867
2006-02-13,18.0989990234375
2006-02-14,17.94837188720703
2006-02-15,17.686756134033203
2006-02-16,17.900808334350586
2006-02-17,18.15449523925781
2006-02-21,18.455745697021484
2006-02-22,18.15449523925781
2006-02-23,18.0910701751709
2006-02-24,18.58259010314941
2006-02-27,18.21791648864746
2006-02-28,18.46367645263672
2006-03-01,18.424036026000977
2006-03-02,18.75700187683105
2006-03-03,18.931411743164062
2006-03-06,18.63015556335449
2006-03-07,18.30512237548828
2006-03-08,18.011795043945312
2006-03-09,18.19413375854492
2006-03-10,18.11485481262207
2006-03-13,18.35268783569336
2006-03-14,18.622228622436523
2006-03-15,18.41611099243164
2006-03-16,18.57466506958008
2006-03-17,18.48745918273925
2006-03-20,18.10692596435547
2006-03-21,18.17034721374512
2006-03-22,18.13863754272461
2006-03-23,18.447816848754883
2006-03-24,18.408178329467773
2006-03-27,18.5191707611084
2006-03-28,18.75700187683105
2006-03-29,18.88384437561035
2006-03-30,19.113750457763672
2006-03-31,18.978979110717773
2006-04-03,19.066181182861328
2006-04-04,18.963119506835938
2006-04-05,19.082035064697266
2006-04-06,19.42293167114257
2006-04-07,19.33572578430176
2006-04-10,19.69247436523437
2006-04-11,19.7717514038086
2006-04-12,19.73210906982422
2006-04-13,19.85895729064941
2006-04-17,20.07300567626953
2006-04-18,20.334617614746094
2006-04-19,20.53281211853028
2006-04-20,20.294979095458984
2006-04-21,20.72307586669922
2006-04-24,20.310836791992188
2006-04-25,20.37425804138184
2006-04-26,20.294979095458984
2006-04-27,19.97787094116211
2006-04-28,20.310836791992188
2006-05-01,20.53281211853028
2006-05-02,20.77064323425293
2006-05-03,20.39804077148437
2006-05-04,20.15228080749512
2006-05-05,20.37425804138184
2006-05-08,20.318761825561523
2006-05-09,20.635873794555664
2006-05-10,21.15117454528809
2006-05-11,21.3572940826416
2006-05-12,21.285947799682617
2006-05-15,20.56452178955078
2006-05-16,20.627944946289062
2006-05-17,20.59623146057129
2006-05-18,20.60416030883789
2006-05-19,20.15228080749512
2006-05-22,20.310836791992188
2006-05-23,20.627944946289062
2006-05-24,20.104713439941406
2006-05-25,20.453533172607425
2006-05-26,20.651723861694336
2006-05-30,20.54073905944824
2006-05-31,20.231557846069336
2006-06-01,19.985801696777344
2006-06-02,20.382179260253903
2006-06-05,20.32668876647949
2006-06-06,20.15228080749512
2006-06-07,20.017507553100582
2006-06-08,19.8034610748291
2006-06-09,19.83517265319824
2006-06-12,19.59733963012696
2006-06-13,19.066181182861328
2006-06-14,19.058258056640625
2006-06-15,19.26437759399414
2006-06-16,19.304012298583984
2006-06-19,18.947265625
2006-06-20,19.10581970214844
2006-06-21,19.38329124450684
2006-06-22,19.3753604888916
2006-06-23,19.33572578430176
2006-06-26,19.549774169921875
2006-06-27,19.621124267578125
2006-06-28,19.54184532165528
2006-06-29,19.969942092895508
2006-06-30,20.05714607238769
2006-07-03,20.58830451965332
2006-07-05,20.429750442504883
2006-07-06,20.56452178955078
2006-07-07,20.413896560668945
2006-07-10,20.271196365356445
2006-07-11,20.715150833129883
2006-07-12,20.92126846313477
2006-07-13,20.91334342956543
2006-07-14,21.00847625732422
2006-07-17,20.53281211853028
2006-07-18,20.40596580505371
2006-07-19,20.4773178100586
2006-07-20,20.26327133178711
2006-07-21,20.2077751159668
2006-07-24,20.294979095458984
2006-07-25,20.120569229125977
2006-07-26,19.985801696777344
2006-07-27,20.37425804138184
2006-07-28,20.302907943725582
2006-07-31,20.50110244750977
2006-08-01,20.59623146057129
2006-08-02,20.87370109558105
2006-08-03,20.67551040649414
2006-08-04,20.651723861694336
2006-08-07,20.97676467895508
2006-08-08,20.683439254760746
2006-08-09,20.715150833129883
2006-08-10,20.44561004638672
2006-08-11,20.24741172790528
2006-08-14,20.05714607238769
2006-08-15,20.08885955810547
2006-08-16,19.87480926513672
2006-08-17,19.56562805175781
2006-08-18,19.66868782043457
2006-08-21,19.827241897583008
2006-08-22,19.7955322265625
2006-08-23,19.58941078186035
2006-08-24,19.87480926513672
2006-08-25,19.86688041687012
2006-08-28,19.557701110839844
2006-08-29,19.52598762512207
2006-08-30,19.81931495666504
2006-08-31,19.81931495666504
2006-09-01,19.77967834472656
2006-09-05,19.747966766357425
2006-09-06,19.644906997680664
2006-09-07,19.581485748291016
2006-09-08,19.42293167114257
2006-09-11,18.97104835510254
2006-09-12,18.6697940826416
2006-09-13,18.622228622436523
2006-09-14,18.5112419128418
2006-09-15,18.455745697021484
2006-09-18,18.677722930908203
2006-09-19,18.40024948120117
2006-09-20,18.28926467895508
2006-09-21,18.60637283325196
2006-09-22,18.39232635498047
2006-09-25,18.43196487426757
2006-09-26,18.5112419128418
2006-09-27,18.788713455200195
2006-09-28,18.9393367767334
2006-09-29,18.98690414428711
2006-10-02,18.7807846069336
2006-10-03,18.47160148620605
2006-10-04,18.60637283325196
2006-10-05,18.709434509277344
2006-10-06,18.7807846069336
2006-10-09,19.304012298583984
2006-10-10,18.788713455200195
2006-10-11,18.53501892089844
2006-10-12,18.74114418029785
2006-10-13,19.14546012878418
2006-10-16,19.31194305419922
2006-10-17,19.32779693603516
2006-10-18,19.01861572265625
2006-10-19,19.33572578430176
2006-10-20,19.066181182861328
2006-10-23,19.10581970214844
2006-10-24,19.24059295654297
2006-10-25,19.581485748291016
2006-10-26,19.44671630859375
2006-10-27,19.502206802368164
2006-10-30,19.296085357666016
2006-10-31,19.177169799804688
2006-11-01,19.42293167114257
2006-11-02,19.280229568481445
2006-11-03,19.518064498901367
2006-11-06,19.85895729064941
2006-11-07,19.81138801574707
2006-11-08,19.78760528564453
2006-11-09,20.04922103881836
2006-11-10,19.629053115844727
2006-11-13,19.48634910583496
2006-11-14,19.54184532165528
2006-11-15,19.69247436523437
2006-11-16,19.200952529907227
2006-11-17,19.43878555297852
2006-11-20,19.367435455322266
2006-11-21,19.549774169921875
2006-11-22,19.621124267578125
2006-11-24,19.890663146972656
2006-11-27,19.94615936279297
2006-11-28,20.00165367126465
2006-11-29,20.255340576171875
2006-11-30,20.43768119812012
2006-12-01,20.429750442504883
2006-12-04,20.334617614746094
2006-12-05,20.39804077148437
2006-12-06,20.128496170043945
2006-12-07,20.05714607238769
2006-12-08,19.898595809936523
2006-12-11,19.9303035736084
2006-12-12,19.898595809936523
2006-12-13,19.90652275085449
2006-12-14,20.13642692565918
2006-12-15,20.231557846069336
2006-12-18,19.87419319152832
2006-12-19,20.109731674194336
2006-12-20,20.15033721923828
2006-12-21,19.94729423522949
2006-12-22,20.101608276367188
2006-12-26,19.7929801940918
2006-12-27,19.73612403869629
2006-12-28,19.8823184967041
2006-12-29,19.96353530883789
2007-01-03,19.330034255981445
2007-01-04,18.826473236083984
2007-01-05,18.76150131225586
2007-01-08,18.858963012695312
2007-01-09,18.69652557373047
2007-01-10,18.420381546020508
2007-01-11,18.39601707458496
2007-01-12,18.826473236083984
2007-01-16,18.39601707458496
2007-01-17,18.55845642089844
2007-01-18,18.3635311126709
2007-01-19,18.63967514038086
2007-01-22,18.65591621398925
2007-01-23,19.248815536499023
2007-01-24,19.08637428283692
2007-01-25,18.915817260742188
2007-01-26,19.151351928710938
2007-01-29,18.76150131225586
2007-01-30,19.28130149841309
2007-01-31,19.484346389770508
2007-02-01,19.4112491607666
2007-02-02,19.663026809692383
2007-02-05,19.598052978515625
2007-02-06,19.50058937072754
2007-02-07,19.265056610107425
2007-02-08,19.711759567260746
2007-02-09,19.833589553833008
2007-02-12,19.45997810363769
2007-02-13,19.81734275817871
2007-02-14,19.5493221282959
2007-02-15,19.5493221282959
2007-02-16,19.890438079833984
2007-02-20,19.6711483001709
2007-02-21,20.093486785888672
2007-02-22,20.36963081359864
2007-02-23,20.49958038330078
2007-02-26,20.556434631347656
2007-02-27,20.16658401489257
2007-02-28,20.475215911865234
2007-03-01,20.32901954650879
2007-03-02,20.1422176361084
2007-03-05,19.84170722961425
2007-03-06,20.02851104736328
2007-03-07,20.30465507507324
2007-03-08,20.337141036987305
2007-03-09,20.06911849975586
2007-03-12,19.8823184967041
2007-03-13,19.72800636291504
2007-03-14,19.768611907958984
2007-03-15,19.64678382873535
2007-03-16,19.69551658630371
2007-03-19,19.7929801940918
2007-03-20,19.81734275817871
2007-03-21,19.849828720092773
2007-03-22,20.174705505371094
2007-03-23,20.18282699584961
2007-03-26,20.27216911315918
2007-03-27,20.32901954650879
2007-03-28,20.5239486694336
2007-03-29,20.921918869018555
2007-03-30,20.61328315734864
2007-04-02,20.41023826599121
2007-04-03,20.32901954650879
2007-04-04,20.556434631347656
2007-04-05,20.597042083740234
2007-04-09,20.385875701904297
2007-04-10,20.67013931274414
2007-04-11,20.637651443481445
2007-04-12,20.75948143005371
2007-04-13,20.873186111450195
2007-04-16,20.71074867248535
2007-04-17,20.49958038330078
2007-04-18,20.507699966430664
2007-04-19,20.45084953308105
2007-04-20,20.73511505126953
2007-04-23,20.873186111450195
2007-04-24,20.58891868591309
2007-04-25,20.995014190673828
2007-04-26,20.848819732666016
2007-04-27,20.954402923583984
2007-04-30,20.7676010131836
2007-05-01,20.80821228027344
2007-05-02,20.64577293395996
2007-05-03,20.74323463439941
2007-05-04,20.70262718200684
2007-05-07,20.605165481567383
2007-05-08,20.475215911865234
2007-05-09,20.36963081359864
2007-05-10,20.28841209411621
2007-05-11,20.58891868591309
2007-05-14,20.515819549560547
2007-05-15,20.718870162963867
2007-05-16,20.515819549560547
2007-05-17,20.68638229370117
2007-05-18,20.65389633178711
2007-05-21,20.856943130493164
2007-05-22,20.556434631347656
2007-05-23,20.65389633178711
2007-05-24,20.540189743041992
2007-05-25,20.791967391967773
2007-05-29,20.337141036987305
2007-05-30,20.532066345214844
2007-05-31,20.718870162963867
2007-06-01,20.873186111450195
2007-06-04,21.05998611450196
2007-06-05,20.97876739501953
2007-06-06,20.97064781188965
2007-06-07,21.07623291015625
2007-06-08,20.70262718200684
2007-06-11,21.1005973815918
2007-06-12,21.04374313354492
2007-06-13,21.311765670776367
2007-06-14,21.51481437683105
2007-06-15,21.64476203918457
2007-06-18,21.64476203918457
2007-06-19,21.43359375
2007-06-20,21.45795631408692
2007-06-21,21.360498428344727
2007-06-22,21.311765670776367
2007-06-25,21.23054885864257
2007-06-26,20.98689079284668
2007-06-27,20.954402923583984
2007-06-28,20.889429092407227
2007-06-29,20.873186111450195
2007-07-02,21.003137588500977
2007-07-03,21.02750015258789
2007-07-05,21.222427368164062
2007-07-06,21.401107788085938
2007-07-09,21.352373123168945
2007-07-10,21.50668907165528
2007-07-11,21.555423736572266
2007-07-12,21.61227798461914
2007-07-13,21.64476203918457
2007-07-16,21.263032913208008
2007-07-17,21.13308525085449
2007-07-18,21.376739501953125
2007-07-19,21.449838638305664
2007-07-20,21.441713333129883
2007-07-23,21.34425163269043
2007-07-24,21.18181610107422
2007-07-25,21.36861801147461
2007-07-26,21.14120864868164
2007-07-27,21.34425163269043
2007-07-30,21.1005973815918
2007-07-31,21.271154403686523
2007-08-01,21.23866844177246
2007-08-02,21.271154403686523
2007-08-03,21.03562355041504
2007-08-06,20.74323463439941
2007-08-07,20.856943130493164
2007-08-08,20.824451446533203
2007-08-09,20.662017822265625
2007-08-10,20.73511505126953
2007-08-13,20.58891868591309
2007-08-14,20.65389633178711
2007-08-15,20.80821228027344
2007-08-16,20.45084953308105
2007-08-17,20.43460273742676
2007-08-20,20.49145698547364
2007-08-21,20.45897102355957
2007-08-22,20.507699966430664
2007-08-23,20.572677612304688
2007-08-24,20.81633186340332
2007-08-27,20.8406982421875
2007-08-28,20.62140655517578
2007-08-29,20.81633186340332
2007-08-30,20.856943130493164
2007-08-31,20.86506462097168
2007-09-04,21.1005973815918
2007-09-05,21.14120864868164
2007-09-06,21.05998611450196
2007-09-07,21.198060989379883
2007-09-10,21.34425163269043
2007-09-11,21.39298439025879
2007-09-12,21.62039566040039
2007-09-13,21.45795631408692
2007-09-14,21.474205017089844
2007-09-17,21.72597885131836
2007-09-18,21.80719947814941
2007-09-19,21.99400329589844
2007-09-20,22.335119247436523
2007-09-21,22.489437103271484
2007-09-24,22.44882583618164
2007-09-25,22.2863883972168
2007-09-26,22.31887626647949
2007-09-27,22.90365219116211
2007-09-28,22.830554962158203
2007-10-01,22.595020294189453
2007-10-02,22.140195846557617
2007-10-03,22.1645622253418
2007-10-04,22.47319221496582
2007-10-05,22.53816604614257
2007-10-08,22.06709861755371
2007-10-09,22.221412658691406
2007-10-10,22.481311798095703
2007-10-11,22.73309135437012
2007-10-12,22.83867645263672
2007-10-15,23.228525161743164
2007-10-16,23.25288963317871
2007-10-17,23.13106155395508
2007-10-18,23.545278549194336
2007-10-19,23.48030662536621
2007-10-22,23.415327072143555
2007-10-23,23.25288963317871
2007-10-24,23.334108352661133
2007-10-25,23.878273010253903
2007-10-26,24.24375915527344
2007-10-29,24.6417293548584
2007-10-30,24.08944129943848
2007-10-31,24.77168083190918
2007-11-01,24.454927444458008
2007-11-02,24.98284912109375
2007-11-05,24.820411682128903
2007-11-06,25.47016143798828
2007-11-07,25.3402099609375
2007-11-08,25.27523422241211
2007-11-09,25.267114639282227
2007-11-12,24.714826583862305
2007-11-13,24.24375915527344
2007-11-14,24.78792381286621
2007-11-15,24.54426383972168
2007-11-16,24.62548446655273
2007-11-19,24.81228828430176
2007-11-20,25.42955017089844
2007-11-21,25.462038040161133
2007-11-23,25.69757080078125
2007-11-26,25.38081741333008
2007-11-27,25.177772521972656
2007-11-28,24.86914253234864
2007-11-29,24.925994873046875
2007-11-30,24.61736297607422
2007-12-03,24.79604721069336
2007-12-04,24.90974998474121
2007-12-05,24.722949981689453
2007-12-06,25.169649124145508
2007-12-07,25.08843040466309
2007-12-10,25.072189331054688
2007-12-11,25.291479110717773
2007-12-12,25.981836318969727
2007-12-13,25.70569229125977
2007-12-14,25.527013778686523
2007-12-17,25.40216445922852
2007-12-18,25.29396629333496
2007-12-19,25.53533744812012
2007-12-20,25.427135467529297
2007-12-21,25.72676658630371
2007-12-24,25.918195724487305
2007-12-26,26.22615432739257
2007-12-27,26.31770896911621
2007-12-28,26.23447608947754
2007-12-31,26.26777076721192
2008-01-02,26.99188041687012
2008-01-03,27.19995880126953
2008-01-04,27.04181861877441
2008-01-07,26.55075454711914
2008-01-08,26.792125701904297
2008-01-09,26.525787353515625
2008-01-10,26.40093994140625
2008-01-11,26.642309188842773
2008-01-14,26.975236892700195
2008-01-15,26.642309188842773
2008-01-16,26.39261817932129
2008-01-17,26.051368713378903
2008-01-18,26.15124893188477
2008-01-22,26.059688568115234
2008-01-23,25.5686264038086
2008-01-24,26.2011833190918
2008-01-25,26.783803939819336
2008-01-28,26.908653259277344
2008-01-29,27.13337516784668
2008-01-30,26.900325775146484
2008-01-31,27.033496856689453
2008-02-01,26.55907821655273
2008-02-04,27.02517318725586
2008-02-05,26.80044937133789
2008-02-06,26.67560195922852
2008-02-07,27.00020217895508
2008-02-08,27.807546615600582
2008-02-11,27.990657806396484
2008-02-12,27.424684524536133
2008-02-13,27.6494083404541
2008-02-14,28.207056045532227
2008-02-15,28.073888778686523
2008-02-19,28.98942947387696
2008-02-20,29.139244079589844
2008-02-21,28.98110580444336
2008-02-22,29.3806209564209
2008-02-25,29.663604736328125
2008-02-26,30.29616355895996
2008-02-27,30.25454330444336
2008-02-28,30.545860290527344
2008-02-29,30.04646873474121
2008-03-03,30.48759078979492
2008-03-04,30.37939071655273
2008-03-05,31.045244216918945
2008-03-06,31.278291702270508
2008-03-07,30.96200561523437
2008-03-10,31.54462623596192
2008-03-11,32.03569412231445
2008-03-12,32.3852653503418
2008-03-13,32.418556213378906
2008-03-14,32.3769416809082
2008-03-17,31.07853126525879
2008-03-18,31.76934814453125
2008-03-19,30.396039962768555
2008-03-20,29.172536849975582
2008-03-24,29.705217361450195
2008-03-25,30.00485038757324
2008-03-26,30.903751373291016
2008-03-27,31.2449951171875
2008-03-28,30.504240036010746
2008-03-31,29.771804809570312
2008-04-01,29.6053409576416
2008-04-02,30.48759078979492
2008-04-03,30.6540584564209
2008-04-04,30.87045669555664
2008-04-07,31.2033805847168
2008-04-08,31.32822608947754
2008-04-09,31.85258674621582
2008-04-10,31.71109390258789
2008-04-11,31.58624839782715
2008-04-14,31.802642822265625
2008-04-15,32.18550491333008
2008-04-16,32.493465423583984
2008-04-17,32.343650817871094
2008-04-18,32.36029815673828
2008-04-21,32.401912689208984
2008-04-22,32.601661682128906
2008-04-23,32.2937126159668
2008-04-24,31.752710342407227
2008-04-25,32.3353271484375
2008-04-28,32.41023254394531
2008-04-29,31.62786102294922
2008-04-30,31.569595336914062
2008-05-01,30.83716011047364
2008-05-02,31.619535446166992
2008-05-05,32.277061462402344
2008-05-06,32.7015380859375
2008-05-07,32.75980758666992
2008-05-08,33.292484283447266
2008-05-09,33.80851745605469
2008-05-12,33.234222412109375
2008-05-13,33.41733169555664
2008-05-14,32.87632751464844
2008-05-15,33.25086975097656
2008-05-16,33.733612060546875
2008-05-19,33.78355026245117
2008-05-20,34.24964141845703
2008-05-21,35.2484130859375
2008-05-22,34.74070739746094
2008-05-23,34.80728912353516
2008-05-27,34.24964141845703
2008-05-28,34.46604537963867
2008-05-29,33.52552795410156
2008-05-30,33.75025177001953
2008-06-02,34.199703216552734
2008-06-03,33.39236068725586
2008-06-04,32.892974853515625
2008-06-05,34.14144515991211
2008-06-06,35.01537322998047
2008-06-09,35.37326431274414
2008-06-10,35.231773376464844
2008-06-11,36.53017425537109
2008-06-12,36.521854400634766
2008-06-13,36.28880310058594
2008-06-16,36.25551986694336
2008-06-17,36.62173461914063
2008-06-18,37.12112045288086
2008-06-19,36.25551986694336
2008-06-20,36.50521087646485
2008-06-23,36.763221740722656
2008-06-24,36.77154922485352
2008-06-25,36.63005447387695
2008-06-26,37.84523010253906
2008-06-27,37.94511032104492
2008-06-30,37.27093124389648
2008-07-01,37.92846298217773
2008-07-02,38.65257263183594
2008-07-03,38.63592529296875
2008-07-07,38.11156845092773
2008-07-08,36.72993469238281
2008-07-09,36.70496368408203
2008-07-10,37.70374298095703
2008-07-11,38.22809600830078
2008-07-14,38.2447395324707
2008-07-15,37.029563903808594
2008-07-16,36.46359634399414
2008-07-17,35.60630798339844
2008-07-18,34.998722076416016
2008-07-21,35.42321014404297
2008-07-22,34.64915466308594
2008-07-23,33.86677932739258
2008-07-24,33.89175033569336
2008-07-25,33.4672737121582
2008-07-28,33.633731842041016
2008-07-29,33.25086975097656
2008-07-30,33.90839767456055
2008-07-31,33.62540435791016
2008-08-01,33.25086975097656
2008-08-04,32.152217864990234
2008-08-05,31.927488327026367
2008-08-06,31.58624839782715
2008-08-07,31.761030197143555
2008-08-08,30.87045669555664
2008-08-11,30.83716011047364
2008-08-12,30.570819854736328
2008-08-13,31.594566345214844
2008-08-14,31.31990432739257
2008-08-15,30.895427703857425
2008-08-18,31.070213317871094
2008-08-19,31.55295181274414
2008-08-20,31.802642822265625
2008-08-21,33.16762924194336
2008-08-22,32.04401397705078
2008-08-25,31.86090469360352
2008-08-26,31.877552032470703
2008-08-27,32.17719268798828
2008-08-28,31.54462623596192
2008-08-29,31.428102493286133
2008-09-02,30.6124324798584
2008-09-03,30.437652587890625
2008-09-04,30.00485038757324
2008-09-05,29.705217361450195
2008-09-08,29.63863182067871
2008-09-09,28.556629180908203
2008-09-10,28.59824180603028
2008-09-11,28.35687255859375
2008-09-12,28.548303604125977
2008-09-15,27.424684524536133
2008-09-16,26.867033004760746
2008-09-17,27.674375534057617
2008-09-18,27.72431755065918
2008-09-19,28.63985824584961
2008-09-22,29.63030815124512
2008-09-23,29.338998794555664
2008-09-24,29.097631454467773
2008-09-25,29.6053409576416
2008-09-26,29.255773544311523
2008-09-29,27.44133186340332
2008-09-30,28.207056045532227
2008-10-01,27.54952812194824
2008-10-02,26.02640151977539
2008-10-03,25.418811798095703
2008-10-06,24.336803436279297
2008-10-07,24.636438369750977
2008-10-08,24.99433326721192
2008-10-09,23.8290958404541
2008-10-10,22.77206039428711
2008-10-13,24.03717041015625
2008-10-14,23.59604835510254
2008-10-15,22.52236557006836
2008-10-16,22.097885131835938
2008-10-17,22.347579956054688
2008-10-20,22.797027587890625
2008-10-21,21.98136138916016
2008-10-22,20.94097137451172
2008-10-23,21.02420234680176
2008-10-24,20.183568954467773
2008-10-27,20.033754348754883
2008-10-28,20.58307456970215
2008-10-29,21.798254013061523
2008-10-30,20.89935874938965
2008-10-31,21.13240623474121
2008-11-03,20.89935874938965
2008-11-04,21.848194122314453
2008-11-05,21.28221893310547
2008-11-06,20.35003471374512
2008-11-07,20.374998092651367
2008-11-10,20.508169174194336
2008-11-11,20.11698341369629
2008-11-12,19.526042938232425
2008-11-13,19.892257690429688
2008-11-14,19.767412185668945
2008-11-17,19.31796264648437
2008-11-18,19.026655197143555
2008-11-19,18.810253143310547
2008-11-20,17.85309600830078
2008-11-21,18.16104888916016
2008-11-24,19.40951538085937
2008-11-25,18.760313034057617
2008-11-26,19.35957908630371
2008-11-28,18.518943786621094
2008-12-01,17.94464874267578
2008-12-02,17.952970504760742
2008-12-03,17.744892120361328
2008-12-04,16.812702178955078
2008-12-05,16.39655113220215
2008-12-08,17.153953552246094
2008-12-09,16.77941131591797
2008-12-10,17.287124633789062
2008-12-11,17.836450576782227
2008-12-12,18.22763442993164
2008-12-15,17.711915969848633
2008-12-16,17.965547561645508
2008-12-17,17.720373153686523
2008-12-18,17.449832916259766
2008-12-19,17.331470489501953
2008-12-22,16.84111785888672
2008-12-23,16.90875244140625
2008-12-24,16.646665573120117
2008-12-26,16.90875244140625
2008-12-29,17.09474754333496
2008-12-30,17.19620132446289
2008-12-31,17.914823532104492
2009-01-02,18.54044914245605
2009-01-05,18.73489761352539
2009-01-06,19.225250244140625
2009-01-07,18.244543075561523
2009-01-08,18.312175750732425
2009-01-09,18.100818634033203
2009-01-12,17.280746459960938
2009-01-13,17.568193435668945
2009-01-14,17.32301902770996
2009-01-15,17.306108474731445
2009-01-16,17.38219451904297
2009-01-20,16.84111785888672
2009-01-21,16.90875244140625
2009-01-22,16.688936233520508
2009-01-23,17.46674156188965
2009-01-26,17.500560760498047
2009-01-27,17.02711296081543
2009-01-28,17.432924270629883
2009-01-29,17.22156524658203
2009-01-30,17.1201114654541
2009-02-02,16.79039192199707
2009-02-03,16.59593963623047
2009-02-04,16.688936233520508
2009-02-05,17.060928344726562
2009-02-06,17.187746047973633
2009-02-09,17.09474754333496
2009-02-10,16.87493324279785
2009-02-11,16.773481369018555
2009-02-12,16.798845291137695
2009-02-13,16.494487762451172
2009-02-17,15.572959899902344
2009-02-18,15.479961395263672
2009-02-19,15.860406875610352
2009-02-20,15.682867050170898
2009-02-23,15.530689239501951
2009-02-24,15.82659149169922
2009-02-25,16.012588500976562
2009-02-26,16.35076332092285
2009-02-27,16.156314849853516
2009-03-02,15.344691276550291
2009-03-03,15.446147918701172
2009-03-04,15.987225532531738
2009-03-05,15.85195541381836
2009-03-06,16.232402801513672
2009-03-09,16.139402389526367
2009-03-10,16.097131729125977
2009-03-11,15.589868545532228
2009-03-12,16.316946029663086
2009-03-13,16.173219680786133
2009-03-16,16.528303146362305
2009-03-17,16.88338851928711
2009-03-18,17.09474754333496
2009-03-19,17.449832916259766
2009-03-20,17.686553955078125
2009-03-23,18.05854797363281
2009-03-24,17.762645721435547
2009-03-25,17.492101669311523
2009-03-26,17.796463012695312
2009-03-27,17.46674156188965
2009-03-30,16.83266258239746
2009-03-31,16.90875244140625
2009-04-01,16.866477966308594
2009-04-02,17.517467498779297
2009-04-03,17.788007736206055
2009-04-06,17.568193435668945
2009-04-07,17.25537872314453
2009-04-08,17.38219451904297
2009-04-09,17.635828018188477
2009-04-13,17.711915969848633
2009-04-14,17.39065170288086
2009-04-15,17.280746459960938
2009-04-16,17.204654693603516
2009-04-17,17.077838897705078
2009-04-20,16.4353084564209
2009-04-21,16.494487762451172
2009-04-22,16.519853591918945
2009-04-23,16.739662170410156
2009-04-24,16.993297576904297
2009-04-27,16.57057762145996
2009-04-28,16.452211380004883
2009-04-29,16.83266258239746
2009-04-30,16.891841888427734
2009-05-01,17.399105072021484
2009-05-04,17.737281799316406
2009-05-05,17.483652114868164
2009-05-06,17.948640823364258
2009-05-07,17.982458114624023
2009-05-08,18.430538177490234
2009-05-11,18.278358459472656
2009-05-12,18.46435737609864
2009-05-13,18.25300025939941
2009-05-14,18.371356964111328
2009-05-15,17.906368255615234
2009-05-18,18.37981605529785
2009-05-19,18.37981605529785
2009-05-20,18.67571830749512
2009-05-21,18.52353858947754
2009-05-22,18.794078826904297
2009-05-26,18.836349487304688
2009-05-27,18.92089080810547
2009-05-28,19.26752471923828
2009-05-29,19.639514923095703
2009-06-01,20.18059539794922
2009-06-02,20.26513862609864
2009-06-03,19.588787078857425
2009-06-04,20.30741500854492
2009-06-05,20.1975040435791
2009-06-08,20.146778106689453
2009-06-09,20.34122657775879
2009-06-10,20.26513862609864
2009-06-11,20.45113754272461
2009-06-12,20.163686752319336
2009-06-15,19.7747859954834
2009-06-16,19.69869613647461
2009-06-17,19.75787734985352
2009-06-18,19.783239364624023
2009-06-19,19.614154815673828
2009-06-22,18.954713821411133
2009-06-23,19.28443145751953
2009-06-24,19.27597618103028
2009-06-25,19.44506454467773
2009-06-26,19.28443145751953
2009-06-29,19.470430374145508
2009-06-30,19.123798370361328
2009-07-01,19.04770851135254
2009-07-02,18.62499046325684
2009-07-06,18.06700325012207
2009-07-07,17.77955436706543
2009-07-08,17.55974006652832
2009-07-09,17.669645309448242
2009-07-10,17.534374237060547
2009-07-13,17.62737464904785
2009-07-14,17.62737464904785
2009-07-15,18.092363357543945
2009-07-16,18.13463592529297
2009-07-17,18.405176162719727
2009-07-20,18.70953369140625
2009-07-21,18.64189720153809
2009-07-22,18.743350982666016
2009-07-23,19.132253646850582
2009-07-24,19.14916229248047
2009-07-27,19.225250244140625
2009-07-28,19.013891220092773
2009-07-29,18.52353858947754
2009-07-30,19.09843635559082
2009-07-31,19.478879928588867
2009-08-03,20.02841758728028
2009-08-04,20.0368709564209
2009-08-05,20.24822998046875
2009-08-06,19.783239364624023
2009-08-07,19.690242767333984
2009-08-10,19.681787490844727
2009-08-11,19.38588523864746
2009-08-12,19.48733711242676
2009-08-13,19.74942207336425
2009-08-14,19.19143486022949
2009-08-17,18.90398406982422
2009-08-18,19.27597618103028
2009-08-19,19.411245346069336
2009-08-20,19.25061416625977
2009-08-21,19.39433860778809
2009-08-24,19.428157806396484
2009-08-25,19.14916229248047
2009-08-26,19.09843635559082
2009-08-27,19.259069442749023
2009-08-28,19.216796875
2009-08-31,18.69262313842773
2009-09-01,18.405176162719727
2009-09-02,18.447450637817383
2009-09-03,18.35445022583008
2009-09-04,18.278358459472656
2009-09-08,18.61653709411621
2009-09-09,18.69262313842773
2009-09-10,18.794078826904297
2009-09-11,18.548900604248047
2009-09-14,18.447450637817383
2009-09-15,18.87862014770508
2009-09-16,19.123798370361328
2009-09-17,19.132253646850582
2009-09-18,18.963165283203125
2009-09-21,18.548900604248047
2009-09-22,18.853260040283203
2009-09-23,18.430538177490234
2009-09-24,18.193817138671875
2009-09-25,18.050092697143555
2009-09-28,18.21072769165039
2009-09-29,18.143091201782227
2009-09-30,18.650352478027344
2009-10-01,18.531991958618164
2009-10-02,18.345996856689453
2009-10-05,18.937803268432617
2009-10-06,18.70953369140625
2009-10-07,18.743350982666016
2009-10-08,19.115345001220703
2009-10-09,19.19143486022949
2009-10-12,19.580337524414062
2009-10-13,19.80014991760254
2009-10-14,19.952327728271484
2009-10-15,20.15523338317871
2009-10-16,20.205957412719727
2009-10-19,20.49341011047364
2009-10-20,20.36659240722656
2009-10-21,20.79776763916016
2009-10-22,20.966854095458984
2009-10-23,20.89076042175293
2009-10-26,20.510316848754883
2009-10-27,20.36659240722656
2009-10-28,19.842418670654297
2009-10-29,20.4595890045166
2009-10-30,19.943872451782227
2009-11-02,20.290502548217773
2009-11-03,20.57795143127441
2009-11-04,20.56104278564453
2009-11-05,20.45113754272461
2009-11-06,20.087596893310547
2009-11-09,20.41731643676757
2009-11-10,20.31586647033692
2009-11-11,20.45113754272461
2009-11-12,20.146778106689453
2009-11-13,20.12986946105957
2009-11-16,20.71322059631348
2009-11-17,20.814674377441406
2009-11-18,20.831581115722656
2009-11-19,20.53567886352539
2009-11-20,20.510316848754883
2009-11-23,20.603315353393555
2009-11-24,20.36659240722656
2009-11-25,20.85694694519043
2009-11-27,20.62022590637207
2009-11-30,20.84848976135254
2009-12-01,21.00066947937012
2009-12-02,20.85694694519043
2009-12-03,20.840038299560547
2009-12-04,20.67095184326172
2009-12-07,20.484952926635746
2009-12-08,20.282045364379883
2009-12-09,20.02841758728028
2009-12-10,19.91851043701172
2009-12-11,20.01996421813965
2009-12-14,20.12986946105957
2009-12-15,20.0368709564209
2009-12-16,20.383501052856445
2009-12-17,20.070690155029297
2009-12-18,20.15523338317871
2009-12-21,19.960783004760746
2009-12-22,20.10450553894043
2009-12-23,20.4595890045166
2009-12-24,20.57795143127441
2009-12-28,20.941490173339844
2009-12-29,20.89921760559082
2009-12-30,20.87385368347168
2009-12-31,20.814674377441406
2010-01-04,21.338844299316406
2010-01-05,21.364208221435547
2010-01-06,21.74465560913086
2010-01-07,21.4741153717041
2010-01-08,21.45720672607422
2010-01-11,21.38957023620605
2010-01-12,20.93303298950196
2010-01-13,20.94994354248047
2010-01-14,20.840038299560547
2010-01-15,20.603315353393555
2010-01-19,20.738584518432617
2010-01-20,20.34968376159668
2010-01-21,20.09605026245117
2010-01-22,19.88469314575196
2010-01-25,19.977689743041992
2010-01-26,19.75787734985352
2010-01-27,19.470430374145508
2010-01-28,19.402793884277344
2010-01-29,19.182979583740234
2010-02-01,19.64797019958496
2010-02-02,20.070690155029297
2010-02-03,19.825511932373047
2010-02-04,19.16607093811035
2010-02-05,18.92089080810547
2010-02-08,18.929346084594727
2010-02-09,19.26752471923828
2010-02-10,19.34361267089844
2010-02-11,19.57187843322754
2010-02-12,19.461973190307617
2010-02-16,20.05377960205078
2010-02-17,19.952327728271484
2010-02-18,20.12986946105957
2010-02-19,20.24822998046875
2010-02-22,20.138322830200195
2010-02-23,19.80860137939453
2010-02-24,19.96923446655273
2010-02-25,19.631059646606445
2010-02-26,19.977689743041992
2010-03-01,19.7747859954834
2010-03-02,19.98614501953125
2010-03-03,20.18059539794922
2010-03-04,20.0030517578125
2010-03-05,20.239776611328125
2010-03-08,20.214412689208984
2010-03-09,19.994600296020508
2010-03-10,20.05377960205078
2010-03-11,20.0030517578125
2010-03-12,19.88469314575196
2010-03-15,19.64797019958496
2010-03-16,19.910053253173828
2010-03-17,20.087596893310547
2010-03-18,20.045324325561523
2010-03-19,19.80014991760254
2010-03-22,19.80014991760254
2010-03-23,19.715600967407227
2010-03-24,19.49578857421875
2010-03-25,19.38588523864746
2010-03-26,19.419702529907227
2010-03-29,19.85932922363281
2010-03-30,19.90160179138184
2010-03-31,19.88469314575196
2010-04-01,20.27359390258789
2010-04-05,20.594860076904297
2010-04-06,20.57795143127441
2010-04-07,20.501861572265625
2010-04-08,20.468042373657227
2010-04-09,20.510316848754883
2010-04-12,20.49341011047364
2010-04-13,20.569494247436523
2010-04-14,20.80621910095215
2010-04-15,20.882308959960938
2010-04-16,20.501861572265625
2010-04-19,20.239776611328125
2010-04-20,20.400409698486328
2010-04-21,20.501861572265625
2010-04-22,20.55258560180664
2010-04-23,20.68785858154297
2010-04-26,20.586406707763672
2010-04-27,20.27359390258789
2010-04-28,20.34122657775879
2010-04-29,20.501861572265625
2010-04-30,20.662494659423828
2010-05-03,20.76394844055176
2010-05-04,20.205957412719727
2010-05-05,19.74942207336425
2010-05-06,19.36052131652832
2010-05-07,19.259069442749023
2010-05-10,19.631059646606445
2010-05-11,19.597244262695312
2010-05-12,19.75787734985352
2010-05-13,19.588787078857425
2010-05-14,19.08998107910156
2010-05-17,18.548900604248047
2010-05-18,18.52353858947754
2010-05-19,18.35445022583008
2010-05-20,17.9740047454834
2010-05-21,18.15999984741211
2010-05-24,18.143091201782227
2010-05-25,17.999366760253906
2010-05-26,18.193817138671875
2010-05-27,18.726442337036133
2010-05-28,18.565807342529297
2010-06-01,18.21917724609375
2010-06-02,18.43899345397949
2010-06-03,18.54044914245605
2010-06-04,17.965547561645508
2010-06-07,17.999366760253906
2010-06-08,18.143091201782227
2010-06-09,18.22763442993164
2010-06-10,18.531991958618164
2010-06-11,18.557355880737305
2010-06-14,18.60808181762696
2010-06-15,18.92089080810547
2010-06-16,18.963165283203125
2010-06-17,18.971620559692383
2010-06-18,18.937803268432617
2010-06-21,18.861713409423828
2010-06-22,18.819440841674805
2010-06-23,18.506629943847656
2010-06-24,18.548900604248047
2010-06-25,18.887075424194336
2010-06-28,18.68416976928711
2010-06-29,18.16845703125
2010-06-30,18.2360897064209
2010-07-01,17.95709228515625
2010-07-02,17.92327880859375
2010-07-06,17.9740047454834
2010-07-07,18.37981605529785
2010-07-08,18.548900604248047
2010-07-09,18.58271789550781
2010-07-12,18.371356964111328
2010-07-13,18.66726303100586
2010-07-14,18.633447647094727
2010-07-15,18.81098747253418
2010-07-16,18.574264526367188
2010-07-19,18.557355880737305
2010-07-20,18.70953369140625
2010-07-21,18.6588077545166
2010-07-22,19.030799865722656
2010-07-23,18.971620559692383
2010-07-26,18.954713821411133
2010-07-27,18.75180435180664
2010-07-28,18.827896118164062
2010-07-29,19.09843635559082
2010-07-30,19.35206413269043
2010-08-02,19.72406005859375
2010-08-03,19.79169464111328
2010-08-04,19.960783004760746
2010-08-05,19.86778450012207
2010-08-06,19.690242767333984
2010-08-09,19.75787734985352
2010-08-10,19.546520233154297
2010-08-11,19.106889724731445
2010-08-12,18.963165283203125
2010-08-13,18.94625663757324
2010-08-16,18.887075424194336
2010-08-17,19.15761375427246
2010-08-18,19.081527709960938
2010-08-19,18.887075424194336
2010-08-20,18.76871681213379
2010-08-23,18.64189720153809
2010-08-24,18.430538177490234
2010-08-25,18.52353858947754
2010-08-26,18.73489761352539
2010-08-27,19.0561637878418
2010-08-30,19.02234649658203
2010-08-31,18.76871681213379
2010-09-01,19.14070701599121
2010-09-02,19.27597618103028
2010-09-03,19.377429962158203
2010-09-07,19.478879928588867
2010-09-08,19.52115631103516
2010-09-09,19.411245346069336
2010-09-10,19.614154815673828
2010-09-13,19.75787734985352
2010-09-14,19.81705665588379
2010-09-15,19.783239364624023
2010-09-16,19.681787490844727
2010-09-17,19.74942207336425
2010-09-20,19.910053253173828
2010-09-21,19.69869613647461
2010-09-22,19.81705665588379
2010-09-23,19.833969116210938
2010-09-24,20.138322830200195
2010-09-27,20.0030517578125
2010-09-28,20.0030517578125
2010-09-29,20.26513862609864
2010-09-30,20.383501052856445
2010-10-01,20.42577171325684
2010-10-04,20.358137130737305
2010-10-05,20.772401809692383
2010-10-06,20.78085708618164
2010-10-07,20.569494247436523
2010-10-08,21.25429916381836
2010-10-11,21.152851104736328
2010-10-12,21.25429916381836
2010-10-13,21.35575485229492
2010-10-14,21.32193374633789
2010-10-15,21.085214614868164
2010-10-18,21.296571731567383
2010-10-19,20.67095184326172
2010-10-20,21.16130256652832
2010-10-21,20.89921760559082
2010-10-22,21.07676124572754
2010-10-25,21.186664581298828
2010-10-26,21.296571731567383
2010-10-27,21.22893714904785
2010-10-28,21.338844299316406
2010-10-29,21.28812026977539
2010-11-01,21.42338752746582
2010-11-02,21.617839813232425
2010-11-03,21.71929168701172
2010-11-04,22.23500633239746
2010-11-05,22.328004837036133
2010-11-08,22.38718605041504
2010-11-09,22.23500633239746
2010-11-10,22.47173118591309
2010-11-11,22.285734176635746
2010-11-12,21.35575485229492
2010-11-15,21.38957023620605
2010-11-16,20.755491256713867
2010-11-17,20.594860076904297
2010-11-18,21.152851104736328
2010-11-19,20.84848976135254
2010-11-22,20.916126251220703
2010-11-23,20.86540031433105
2010-11-24,21.25429916381836
2010-11-26,21.35575485229492
2010-11-29,21.398025512695312
2010-11-30,21.19512176513672
2010-12-01,21.82074546813965
2010-12-02,22.006738662719727
2010-12-03,22.285734176635746
2010-12-06,22.260372161865234
2010-12-07,22.108192443847656
2010-12-08,22.27728080749512
2010-12-09,22.218101501464844
2010-12-10,22.184282302856445
2010-12-13,22.404098510742188
2010-12-14,22.34491539001465
2010-12-15,22.285734176635746
2010-12-16,22.209646224975582
2010-12-17,22.37873268127441
2010-12-20,22.581636428833008
2010-12-21,22.72536277770996
2010-12-22,22.84372329711914
2010-12-23,22.928268432617188
2010-12-27,22.88599395751953
2010-12-28,23.13117408752441
2010-12-29,23.13962745666504
2010-12-30,22.860633850097656
2010-12-31,23.291805267333984
2011-01-03,23.39325904846192
2011-01-04,23.0804443359375
2011-01-05,23.32562255859375
2011-01-06,23.01280975341797
2011-01-07,22.928268432617188
2011-01-10,23.198808670043945
2011-01-11,23.460893630981445
2011-01-12,23.61307144165039
2011-01-13,23.579254150390625
2011-01-14,23.68916130065918
2011-01-18,23.663799285888672
2011-01-19,23.6384334564209
2011-01-20,23.40171241760254
2011-01-21,23.6384334564209
2011-01-24,23.435529708862305
2011-01-25,23.13962745666504
2011-01-26,23.65534400939941
2011-01-27,23.452438354492188
2011-01-28,23.74834442138672
2011-01-31,24.12033462524414
2011-02-01,24.297876358032227
2011-02-02,24.53460121154785
2011-02-03,24.373966217041016
2011-02-04,24.23869705200196
2011-02-07,24.17106056213379
2011-02-08,24.33169174194336
2011-02-09,24.45005416870117
2011-02-10,24.306331634521484
2011-02-11,24.22178840637207
2011-02-14,24.34014892578125
2011-02-15,24.02733612060547
2011-02-16,24.20487594604492
2011-02-17,24.280969619750977
2011-02-18,24.25560760498047
2011-02-22,24.22178840637207
2011-02-23,24.76286506652832
2011-02-24,24.54305458068848
2011-02-25,25.084131240844727
2011-02-28,25.12640380859375
2011-03-01,25.506851196289062
2011-03-02,25.608306884765625
2011-03-03,25.599851608276367
2011-03-04,25.72666549682617
2011-03-07,25.608306884765625
2011-03-08,25.38849258422852
2011-03-09,25.48994255065918
2011-03-10,25.07567977905273
2011-03-11,24.93195533752441
2011-03-14,24.999588012695312
2011-03-15,24.08651733398437
2011-03-16,24.230239868164062
2011-03-17,24.98267936706543
2011-03-18,25.12640380859375
2011-03-21,25.244768142700195
2011-03-22,25.43076133728028
2011-03-23,25.481491088867188
2011-03-24,25.56603240966797
2011-03-25,25.633668899536133
2011-03-28,25.287038803100582
2011-03-29,25.43076133728028
2011-03-30,25.396947860717773
2011-03-31,25.794301986694336
2011-04-01,25.971843719482425
2011-04-04,26.20856666564941
2011-04-05,26.23392868041992
2011-04-06,26.31001853942871
2011-04-07,26.360746383666992
2011-04-08,26.98637008666992
2011-04-11,26.4875602722168
2011-04-12,25.94648170471192
2011-04-13,26.149383544921875
2011-04-14,26.217018127441406
2011-04-15,26.35229110717773
2011-04-18,26.19165802001953
2011-04-19,26.20011138916016
2011-04-20,26.614376068115234
2011-04-21,26.808826446533203
2011-04-25,26.732738494873047
2011-04-26,26.72428321838379
2011-04-27,26.884916305541992
2011-04-28,26.690465927124023
2011-04-29,26.969459533691406
2011-05-02,26.69892120361328
2011-05-03,26.4199275970459
2011-05-04,25.99720573425293
2011-05-05,24.25560760498047
2011-05-06,24.17951774597168
2011-05-09,25.06722450256348
2011-05-10,25.295494079589844
2011-05-11,24.483869552612305
2011-05-12,24.50923538208008
2011-05-13,24.55150985717773
2011-05-16,24.230239868164062
2011-05-17,24.28942108154297
2011-05-18,24.779773712158203
2011-05-19,24.585325241088867
2011-05-20,24.8135929107666
2011-05-23,24.41623878479004
2011-05-24,24.745960235595703
2011-05-25,25.19403839111328
2011-05-26,25.287038803100582
2011-05-27,25.43076133728028
2011-05-31,25.574487686157227
2011-06-01,25.25322151184082
2011-06-02,25.47303581237793
2011-06-03,25.574487686157227
2011-06-06,25.278583526611328
2011-06-07,25.51530647277832
2011-06-08,25.72666549682617
2011-06-09,25.87038803100586
2011-06-10,25.599851608276367
2011-06-13,25.43076133728028
2011-06-14,25.608306884765625
2011-06-15,24.92350006103516
2011-06-16,24.82204818725586
2011-06-17,24.712141036987305
2011-06-20,24.57686996459961
2011-06-21,24.593780517578125
2011-06-22,24.70368385314941
2011-06-23,24.17951774597168
2011-06-24,23.892066955566406
2011-06-27,23.88360977172852
2011-06-28,24.306331634521484
2011-06-29,24.745960235595703
2011-06-30,24.483869552612305
2011-07-01,24.517690658569336
2011-07-05,24.847410202026367
2011-07-06,24.838956832885746
2011-07-07,25.363126754760746
2011-07-08,25.337764739990234
2011-07-11,25.14331245422364
2011-07-12,25.363126754760746
2011-07-13,25.70975685119629
2011-07-14,25.56603240966797
2011-07-15,25.794301986694336
2011-07-18,25.650577545166016
2011-07-19,25.8281192779541
2011-07-20,25.91266441345215
2011-07-21,25.785844802856445
2011-07-22,25.99720573425293
2011-07-25,25.87038803100586
2011-07-26,26.07329559326172
2011-07-27,25.895751953125
2011-07-28,25.81121063232422
2011-07-29,25.599851608276367
2011-08-01,25.599851608276367
2011-08-02,25.599851608276367
2011-08-03,25.21940422058105
2011-08-04,24.26405906677246
2011-08-05,24.36551094055176
2011-08-08,23.460893630981445
2011-08-09,23.68916130065918
2011-08-10,23.79061317443848
2011-08-11,24.306331634521484
2011-08-12,24.27251243591309
2011-08-15,24.568416595458984
2011-08-16,24.568416595458984
2011-08-17,24.779773712158203
2011-08-18,24.17106056213379
2011-08-19,24.602235794067383
2011-08-22,24.644506454467773
2011-08-23,24.89813804626465
2011-08-24,24.644506454467773
2011-08-25,24.75441551208496
2011-08-26,25.03340721130371
2011-08-29,25.117950439453125
2011-08-30,25.456127166748047
2011-08-31,25.49839782714844
2011-09-01,25.32085609436035
2011-09-02,25.18558692932129
2011-09-06,25.10104179382324
2011-09-07,25.329309463500977
2011-09-08,25.16022491455078
2011-09-09,24.76286506652832
2011-09-12,24.70368385314941
2011-09-13,24.62759780883789
2011-09-14,24.50923538208008
2011-09-15,24.61068725585937
2011-09-16,24.500782012939453
2011-09-19,24.08651733398437
2011-09-20,24.044246673583984
2011-09-21,23.68916130065918
2011-09-22,22.8521785736084
2011-09-23,22.446367263793945
2011-09-26,22.5224552154541
2011-09-27,22.902904510498047
2011-09-28,22.285734176635746
2011-09-29,22.547822952270508
2011-09-30,21.77001571655273
2011-10-03,21.66011047363281
2011-10-04,21.617839813232425
2011-10-05,21.922197341918945
2011-10-06,22.37873268127441
2011-10-07,22.27728080749512
2011-10-10,22.77608871459961
2011-10-11,22.94517517089844
2011-10-12,22.98744773864746
2011-10-13,23.038175582885746
2011-10-14,23.562345504760746
2011-10-17,23.224170684814453
2011-10-18,23.35098648071289
2011-10-19,22.894451141357425
2011-10-20,22.860633850097656
2011-10-21,22.97899436950684
2011-10-24,23.3425350189209
2011-10-25,23.418621063232425
2011-10-26,23.28335189819336
2011-10-27,23.90052032470703
2011-10-28,23.7990665435791
2011-10-31,23.435529708862305
2011-11-01,23.15653610229492
2011-11-02,23.30026054382324
2011-11-03,23.587709426879883
2011-11-04,23.663799285888672
2011-11-07,24.01042366027832
2011-11-08,24.12879180908203
2011-11-09,23.596162796020508
2011-11-10,23.57080078125
2011-11-11,23.7990665435791
2011-11-14,23.545434951782227
2011-11-15,23.71452522277832
2011-11-16,23.65534400939941
2011-11-17,23.10581016540528
2011-11-18,23.071990966796875
2011-11-21,22.902904510498047
2011-11-22,23.055084228515625
2011-11-23,22.70845413208008
2011-11-25,22.5224552154541
2011-11-28,22.80145263671875
2011-11-29,23.09735679626465
2011-11-30,23.36789321899414
2011-12-01,23.28335189819336
2011-12-02,23.486257553100582
2011-12-05,23.35943984985352
2011-12-06,23.486257553100582
2011-12-07,23.28335189819336
2011-12-08,22.98744773864746
2011-12-09,23.071990966796875
2011-12-12,22.77608871459961
2011-12-13,22.86908721923828
2011-12-14,22.05746841430664
2011-12-15,21.947559356689453
2011-12-16,22.125104904174805
2011-12-19,22.02364921569824
2011-12-20,22.530914306640625
2011-12-21,22.691547393798828
2011-12-22,22.716909408569336
2011-12-23,22.82681465148925
2011-12-27,22.928268432617188
2011-12-28,22.65772819519043
2011-12-29,22.72536277770996
2011-12-30,22.691547393798828
2012-01-03,23.36789321899414
2012-01-04,23.545434951782227
2012-01-05,23.224170684814453
2012-01-06,23.32562255859375
2012-01-09,23.35098648071289
2012-01-10,23.52007293701172
2012-01-11,23.452438354492188
2012-01-12,23.12271881103516
2012-01-13,23.071990966796875
2012-01-17,23.23262596130371
2012-01-18,23.241079330444336
2012-01-19,23.3425350189209
2012-01-20,23.17344284057617
2012-01-23,23.44398498535156
2012-01-24,23.486257553100582
2012-01-25,23.680707931518555
2012-01-26,23.74834442138672
2012-01-27,23.8328857421875
2012-01-30,23.587709426879883
2012-01-31,23.52853012084961
2012-02-01,23.604616165161133
2012-02-02,23.663799285888672
2012-02-03,23.942794799804688
2012-02-06,24.061153411865234
2012-02-07,24.044246673583984
2012-02-08,24.154151916503903
2012-02-09,24.280969619750977
2012-02-10,24.052698135375977
2012-02-13,24.11188125610352
2012-02-14,24.103424072265625
2012-02-15,24.187971115112305
2012-02-16,24.297876358032227
2012-02-17,24.25560760498047
2012-02-21,24.63605117797852
2012-02-22,24.864320755004883
2012-02-23,24.940406799316406
2012-02-24,25.092588424682617
2012-02-27,24.88968086242676
2012-02-28,24.8812313079834
2012-02-29,24.788232803344727
2012-03-01,25.1771297454834
2012-03-02,24.92350006103516
2012-03-05,24.805139541625977
2012-03-06,24.39933013916016
2012-03-07,24.50923538208008
2012-03-08,24.712141036987305
2012-03-09,24.779773712158203
2012-03-12,24.745960235595703
2012-03-13,24.855865478515625
2012-03-14,24.6867790222168
2012-03-15,24.70368385314941
2012-03-16,25.00804710388184
2012-03-19,24.96577453613281
2012-03-20,24.661415100097656
2012-03-21,24.602235794067383
2012-03-22,24.40778541564941
2012-03-23,24.644506454467773
2012-03-26,24.75441551208496
2012-03-27,24.6529598236084
2012-03-28,24.41623878479004
2012-03-29,24.07806396484375
2012-03-30,24.348602294921875
2012-04-02,24.661415100097656
2012-04-03,24.55150985717773
2012-04-04,24.17106056213379
2012-04-05,24.26405906677246
2012-04-09,24.154151916503903
2012-04-10,23.8328857421875
2012-04-11,23.892066955566406
2012-04-12,24.20487594604492
2012-04-13,23.959701538085938
2012-04-16,23.722978591918945
2012-04-17,23.8328857421875
2012-04-18,23.604616165161133
2012-04-19,23.61307144165039
2012-04-20,23.70607185363769
2012-04-23,23.663799285888672
2012-04-24,23.663799285888672
2012-04-25,23.7990665435791
2012-04-26,23.849794387817383
2012-04-27,23.92588233947754
2012-04-30,24.018882751464844
2012-05-01,24.018882751464844
2012-05-02,23.70607185363769
2012-05-03,23.44398498535156
2012-05-04,23.02971839904785
2012-05-07,22.97899436950684
2012-05-08,22.894451141357425
2012-05-09,22.716909408569336
2012-05-10,22.72536277770996
2012-05-11,22.5562744140625
2012-05-14,22.260372161865234
2012-05-15,22.302642822265625
2012-05-16,22.27728080749512
2012-05-17,22.22655487060547
2012-05-18,22.209646224975582
2012-05-21,22.50554847717285
2012-05-22,22.184282302856445
2012-05-23,21.939105987548828
2012-05-24,21.947559356689453
2012-05-25,22.02364921569824
2012-05-29,21.930652618408203
2012-05-30,21.524843215942383
2012-05-31,21.338844299316406
2012-06-01,20.89921760559082
2012-06-04,21.017578125
2012-06-05,20.941490173339844
2012-06-06,21.33039283752441
2012-06-07,21.186664581298828
2012-06-08,21.25429916381836
2012-06-11,20.86540031433105
2012-06-12,20.966854095458984
2012-06-13,20.80621910095215
2012-06-14,21.0513973236084
2012-06-15,21.017578125
2012-06-18,21.034486770629883
2012-06-19,21.2120304107666
2012-06-20,20.86540031433105
2012-06-21,20.41731643676757
2012-06-22,20.62022590637207
2012-06-25,20.831581115722656
2012-06-26,20.975305557250977
2012-06-27,21.093669891357425
2012-06-28,20.86540031433105
2012-06-29,21.77001571655273
2012-07-02,21.727746963500977
2012-07-03,22.336462020874023
2012-07-05,22.42100524902344
2012-07-06,21.905288696289062
2012-07-09,22.29419136047364
2012-07-10,22.006738662719727
2012-07-11,22.25191879272461
2012-07-12,22.302642822265625
2012-07-13,22.573184967041016
2012-07-16,22.8521785736084
2012-07-17,22.87754249572754
2012-07-18,23.0804443359375
2012-07-19,23.35943984985352
2012-07-20,23.35943984985352
2012-07-23,22.86908721923828
2012-07-24,22.73381805419922
2012-07-25,22.902904510498047
2012-07-26,22.94517517089844
2012-07-27,23.181900024414062
2012-07-30,23.317169189453125
2012-07-31,23.038175582885746
2012-08-01,23.071990966796875
2012-08-02,22.87754249572754
2012-08-03,23.266441345214844
2012-08-06,23.40171241760254
2012-08-07,23.579254150390625
2012-08-08,23.64688873291016
2012-08-09,23.84134101867676
2012-08-10,23.71452522277832
2012-08-13,23.52853012084961
2012-08-14,23.55389213562012
2012-08-15,23.75679588317871
2012-08-16,23.849794387817383
2012-08-17,23.88360977172852
2012-08-20,23.99351692199707
2012-08-21,24.21333122253418
2012-08-22,24.34014892578125
2012-08-23,24.22178840637207
2012-08-24,24.11188125610352
2012-08-27,24.00197410583496
2012-08-28,24.018882751464844
2012-08-29,24.061153411865234
2012-08-30,24.08651733398437
2012-08-31,24.34014892578125
2012-09-04,24.348602294921875
2012-09-05,24.230239868164062
2012-09-06,24.22178840637207
2012-09-07,24.492326736450195
2012-09-10,24.52614402770996
2012-09-11,24.57686996459961
2012-09-12,24.70368385314941
2012-09-13,24.872774124145508
2012-09-14,25.13486099243164
2012-09-17,24.441600799560547
2012-09-18,24.26405906677246
2012-09-19,23.90897560119629
2012-09-20,24.044246673583984
2012-09-21,24.20487594604492
2012-09-24,23.951248168945312
2012-09-25,23.97661018371582
2012-09-26,23.807525634765625
2012-09-27,24.103424072265625
2012-09-28,24.247148513793945
2012-10-01,24.280969619750977
2012-10-02,24.154151916503903
2012-10-03,23.739885330200195
2012-10-04,24.25560760498047
2012-10-05,24.12879180908203
2012-10-08,24.061153411865234
2012-10-09,24.23869705200196
2012-10-10,24.19642448425293
2012-10-11,24.475419998168945
2012-10-12,24.137243270874023
2012-10-15,24.018882751464844
2012-10-16,24.035791397094727
2012-10-17,24.044246673583984
2012-10-18,24.035791397094727
2012-10-19,23.672252655029297
2012-10-22,23.562345504760746
2012-10-23,23.27489852905273
2012-10-24,23.207263946533203
2012-10-25,23.266441345214844
2012-10-26,23.317169189453125
2012-10-31,23.30026054382324
2012-11-01,23.3425350189209
2012-11-02,22.94517517089844
2012-11-05,23.13962745666504
2012-11-06,23.55389213562012
2012-11-07,23.1142635345459
2012-11-08,23.148080825805664
2012-11-09,23.33407974243164
2012-11-12,23.224170684814453
2012-11-13,23.181900024414062
2012-11-14,23.2495346069336
2012-11-15,23.15653610229492
2012-11-16,23.25798797607422
2012-11-19,23.69761657714844
2012-11-20,23.536983489990234
2012-11-21,23.6384334564209
2012-11-23,23.722978591918945
2012-11-26,23.68916130065918
2012-11-27,23.65534400939941
2012-11-28,23.579254150390625
2012-11-29,23.739885330200195
2012-11-30,23.75679588317871
2012-12-03,23.815977096557617
2012-12-04,23.604616165161133
2012-12-05,23.579254150390625
2012-12-06,23.36789321899414
2012-12-07,23.3425350189209
2012-12-10,23.291805267333984
2012-12-11,23.2495346069336
2012-12-12,23.35943984985352
2012-12-13,23.148080825805664
2012-12-14,23.291805267333984
2012-12-17,23.27489852905273
2012-12-18,23.33407974243164
2012-12-19,23.418621063232425
2012-12-20,23.308712005615234
2012-12-21,23.266441345214844
2012-12-24,23.190353393554688
2012-12-26,23.427074432373047
2012-12-27,23.427074432373047
2012-12-28,23.35943984985352
2012-12-31,23.486257553100582
2013-01-02,23.57080078125
2013-01-03,23.37635040283203
2013-01-04,23.27489852905273
2013-01-07,23.317169189453125
2013-01-08,23.37635040283203
2013-01-09,23.3425350189209
2013-01-10,23.427074432373047
2013-01-11,23.32562255859375
2013-01-14,23.477802276611328
2013-01-15,23.37635040283203
2013-01-16,23.40171241760254
2013-01-17,23.50316429138184
2013-01-18,23.65534400939941
2013-01-22,23.722978591918945
2013-01-23,23.74834442138672
2013-01-24,23.73143196105957
2013-01-25,23.680707931518555
2013-01-28,23.672252655029297
2013-01-29,23.807525634765625
2013-01-30,24.07806396484375
2013-01-31,24.06960868835449
2013-02-01,24.162607192993164
2013-02-04,24.07806396484375
2013-02-05,24.17106056213379
2013-02-06,24.137243270874023
2013-02-07,24.044246673583984
2013-02-08,24.137243270874023
2013-02-11,24.052698135375977
2013-02-12,24.09497261047364
2013-02-13,24.103424072265625
2013-02-14,24.06960868835449
2013-02-15,23.968156814575195
2013-02-19,23.875158309936523
2013-02-20,23.604616165161133
2013-02-21,23.33407974243164
2013-02-22,23.33407974243164
2013-02-25,23.224170684814453
2013-02-26,23.181900024414062
2013-02-27,23.038175582885746
2013-02-28,22.93671989440918
2013-03-01,22.77608871459961
2013-03-04,22.691547393798828
2013-03-05,22.902904510498047
2013-03-06,22.77608871459961
2013-03-07,22.928268432617188
2013-03-08,22.99590301513672
2013-03-11,23.01280975341797
2013-03-12,23.063539505004883
2013-03-13,22.94517517089844
2013-03-14,23.1142635345459
2013-03-15,23.164989471435547
2013-03-18,23.02971839904785
2013-03-19,22.860633850097656
2013-03-20,23.02126693725586
2013-03-21,22.91981315612793
2013-03-22,22.96208572387696
2013-03-25,22.97899436950684
2013-03-26,23.190353393554688
2013-03-27,23.308712005615234
2013-03-28,23.08890151977539
2013-04-01,23.08890151977539
2013-04-02,22.97899436950684
2013-04-03,22.5900936126709
2013-04-04,22.56472969055176
2013-04-05,22.547822952270508
2013-04-08,22.615455627441406
2013-04-09,22.759178161621094
2013-04-10,22.70845413208008
2013-04-11,22.615455627441406
2013-04-12,22.336462020874023
2013-04-15,21.66856575012207
2013-04-16,21.896833419799805
2013-04-17,21.5755672454834
2013-04-18,21.80384063720703
2013-04-19,21.75310707092285
2013-04-22,21.82074546813965
2013-04-23,21.68547439575196
2013-04-24,21.922197341918945
2013-04-25,22.209646224975582
2013-04-26,22.08283233642578
2013-04-29,22.37873268127441
2013-04-30,22.209646224975582
2013-05-01,21.81228828430176
2013-05-02,22.09128189086914
2013-05-03,22.336462020874023
2013-05-06,22.361825942993164
2013-05-07,22.285734176635746
2013-05-08,22.38718605041504
2013-05-09,22.37873268127441
2013-05-10,22.27728080749512
2013-05-13,22.17582893371582
2013-05-14,22.0997371673584
2013-05-15,22.04901123046875
2013-05-16,22.02364921569824
2013-05-17,22.1335563659668
2013-05-20,22.27728080749512
2013-05-21,22.15046501159668
2013-05-22,22.04901123046875
2013-05-23,22.15046501159668
2013-05-24,22.06591987609864
2013-05-28,22.26882743835449
2013-05-29,22.125104904174805
2013-05-30,22.125104904174805
2013-05-31,21.86301612854004
2013-06-03,22.1335563659668
2013-06-04,22.218101501464844
2013-06-05,22.11664772033692
2013-06-06,22.201190948486328
2013-06-07,22.25191879272461
2013-06-10,22.16737365722656
2013-06-11,21.97292137145996
2013-06-12,21.99828720092773
2013-06-13,22.14201164245605
2013-06-14,22.23500633239746
2013-06-17,22.285734176635746
2013-06-18,22.328004837036133
2013-06-19,22.361825942993164
2013-06-20,21.634748458862305
2013-06-21,21.49947929382324
2013-06-24,21.406478881835938
2013-06-25,21.42338752746582
2013-06-26,21.364208221435547
2013-06-27,21.35575485229492
2013-06-28,21.245847702026367
2013-07-01,21.38111686706543
2013-07-02,21.465660095214844
2013-07-03,21.66011047363281
2013-07-05,21.609384536743164
2013-07-08,21.71929168701172
2013-07-09,21.85456275939941
2013-07-10,21.922197341918945
2013-07-11,22.0321044921875
2013-07-12,22.11664772033692
2013-07-15,22.05746841430664
2013-07-16,22.08283233642578
2013-07-17,22.06591987609864
2013-07-18,22.158920288085938
2013-07-19,22.17582893371582
2013-07-22,22.158920288085938
2013-07-23,22.19273567199707
2013-07-24,22.01519775390625
2013-07-25,21.98983192443848
2013-07-26,21.85456275939941
2013-07-29,21.84610748291016
2013-07-30,21.77001571655273
2013-07-31,21.922197341918945
2013-08-01,21.97292137145996
2013-08-02,21.88838005065918
2013-08-05,21.778472900390625
2013-08-06,21.600929260253903
2013-08-07,21.45720672607422
2013-08-08,21.567115783691406
2013-08-09,21.71929168701172
2013-08-12,21.98137855529785
2013-08-13,21.97292137145996
2013-08-14,22.15046501159668
2013-08-15,22.361825942993164
2013-08-16,22.37027740478516
2013-08-19,22.34491539001465
2013-08-20,22.302642822265625
2013-08-21,22.27728080749512
2013-08-22,22.285734176635746
2013-08-23,22.463275909423828
2013-08-26,22.5900936126709
2013-08-27,22.80990600585937
2013-08-28,22.84372329711914
2013-08-29,22.60700035095215
2013-08-30,22.539363861083984
2013-09-03,22.65772819519043
2013-09-04,22.463275909423828
2013-09-05,22.41255187988281
2013-09-06,22.539363861083984
2013-09-09,22.395641326904297
2013-09-10,22.19273567199707
2013-09-11,22.22655487060547
2013-09-12,22.336462020874023
2013-09-13,22.26882743835449
2013-09-16,21.98983192443848
2013-09-17,21.761564254760746
2013-09-18,22.23500633239746
2013-09-19,22.15046501159668
2013-09-20,21.947559356689453
2013-09-23,21.78692626953125
2013-09-24,21.778472900390625
2013-09-25,21.81228828430176
2013-09-26,21.98137855529785
2013-09-27,21.871471405029297
2013-09-30,21.778472900390625
2013-10-01,21.634748458862305
2013-10-02,21.84610748291016
2013-10-03,21.81228828430176
2013-10-04,21.87992286682129
2013-10-07,22.0321044921875
2013-10-08,22.108192443847656
2013-10-09,21.947559356689453
2013-10-10,22.22655487060547
2013-10-11,22.108192443847656
2013-10-14,22.0997371673584
2013-10-15,22.02364921569824
2013-10-16,22.19273567199707
2013-10-17,22.074377059936523
2013-10-18,22.201190948486328
2013-10-21,22.15046501159668
2013-10-22,22.125104904174805
2013-10-23,21.78692626953125
2013-10-24,21.795381546020508
2013-10-25,21.86301612854004
2013-10-28,21.947559356689453
2013-10-29,21.88838005065918
2013-10-30,21.95601272583008
2013-10-31,21.77001571655273
2013-11-01,21.49947929382324
2013-11-04,21.406478881835938
2013-11-05,21.347299575805664
2013-11-06,21.364208221435547
2013-11-07,21.2120304107666
2013-11-08,21.33039283752441
2013-11-11,21.42338752746582
2013-11-12,21.279664993286133
2013-11-13,21.37266540527344
2013-11-14,21.465660095214844
2013-11-15,21.43184471130371
2013-11-18,21.28812026977539
2013-11-19,21.25429916381836
2013-11-20,21.271211624145508
2013-11-21,21.541748046875
2013-11-22,21.609384536743164
2013-11-25,21.58402442932129
2013-11-26,21.5755672454834
2013-11-27,21.5755672454834
2013-11-29,21.567115783691406
2013-12-02,21.541748046875
2013-12-03,21.66856575012207
2013-12-04,21.710840225219727
2013-12-05,21.68547439575196
2013-12-06,21.761564254760746
2013-12-09,21.68547439575196
2013-12-10,21.75310707092285
2013-12-11,21.75310707092285
2013-12-12,21.55020523071289
2013-12-13,21.465660095214844
2013-12-16,21.533292770385746
2013-12-17,21.43184471130371
2013-12-18,21.4741153717041
2013-12-19,21.524843215942383
2013-12-20,21.69392967224121
2013-12-23,21.69392967224121
2013-12-24,21.761564254760746
2013-12-26,21.795381546020508
2013-12-27,21.85456275939941
2013-12-30,21.727746963500977
2013-12-31,21.69392967224121
2014-01-02,21.38111686706543
2014-01-03,21.245847702026367
2014-01-06,21.271211624145508
2014-01-07,21.25429916381836
2014-01-08,21.0513973236084
2014-01-09,20.882308959960938
2014-01-10,21.017578125
2014-01-13,21.00912475585937
2014-01-14,21.00912475585937
2014-01-15,21.06830406188965
2014-01-16,21.034486770629883
2014-01-17,21.059850692749023
2014-01-21,21.110576629638672
2014-01-22,21.2120304107666
2014-01-23,21.19512176513672
2014-01-24,21.203575134277344
2014-01-27,21.059850692749023
2014-01-28,21.16130256652832
2014-01-29,21.14439392089844
2014-01-30,21.059850692749023
2014-01-31,21.034486770629883
2014-02-03,21.034486770629883
2014-02-04,21.19512176513672
2014-02-05,21.237394332885746
2014-02-06,21.32193374633789
2014-02-07,21.567115783691406
2014-02-10,21.44875144958496
2014-02-11,21.55865859985352
2014-02-12,21.600929260253903
2014-02-13,21.71929168701172
2014-02-14,21.795381546020508
2014-02-18,22.108192443847656
2014-02-19,22.16737365722656
2014-02-20,22.209646224975582
2014-02-21,22.15046501159668
2014-02-24,22.24346160888672
2014-02-25,22.14201164245605
2014-02-26,22.08283233642578
2014-02-27,22.01519775390625
2014-02-28,22.09128189086914
2014-03-03,22.395641326904297
2014-03-04,22.31110000610352
2014-03-05,22.125104904174805
2014-03-06,22.328004837036133
2014-03-07,22.22655487060547
2014-03-10,22.04055976867676
2014-03-11,22.04901123046875
2014-03-12,21.98983192443848
2014-03-13,21.88838005065918
2014-03-14,22.006738662719727
2014-03-17,21.761564254760746
2014-03-18,21.871471405029297
2014-03-19,21.86301612854004
2014-03-20,21.761564254760746
2014-03-21,21.778472900390625
2014-03-24,21.77001571655273
2014-03-25,21.91374015808105
2014-03-26,21.896833419799805
2014-03-27,22.09128189086914
2014-03-28,22.0997371673584
2014-03-31,22.08283233642578
2014-04-01,21.81228828430176
2014-04-02,21.761564254760746
2014-04-03,21.939105987548828
2014-04-04,22.04055976867676
2014-04-07,21.98983192443848
2014-04-08,22.24346160888672
2014-04-09,22.302642822265625
2014-04-10,22.31110000610352
2014-04-11,22.209646224975582
2014-04-14,22.41255187988281
2014-04-15,22.42946052551269
2014-04-16,22.47173118591309
2014-04-17,22.5224552154541
2014-04-21,22.446367263793945
2014-04-22,22.43791580200196
2014-04-23,22.42100524902344
2014-04-24,22.5562744140625
2014-04-25,22.463275909423828
2014-04-28,22.38718605041504
2014-04-29,22.446367263793945
2014-04-30,22.328004837036133
2014-05-01,22.158920288085938
2014-05-02,22.218101501464844
2014-05-05,22.16737365722656
2014-05-06,22.184282302856445
2014-05-07,22.24346160888672
2014-05-08,22.17582893371582
2014-05-09,22.06591987609864
2014-05-12,22.11664772033692
2014-05-13,22.218101501464844
2014-05-14,22.31955337524414
2014-05-15,22.184282302856445
2014-05-16,22.209646224975582
2014-05-19,22.19273567199707
2014-05-20,22.23500633239746
2014-05-21,22.27728080749512
2014-05-22,22.29419136047364
2014-05-23,22.34491539001465
2014-05-27,22.158920288085938
2014-05-28,22.16737365722656
2014-05-29,22.17582893371582
2014-05-30,22.006738662719727
2014-06-02,21.98137855529785
2014-06-03,21.96446990966797
2014-06-04,21.905288696289062
2014-06-05,21.930652618408203
2014-06-06,22.02364921569824
2014-06-09,22.11664772033692
2014-06-10,22.05746841430664
2014-06-11,21.99828720092773
2014-06-12,22.31110000610352
2014-06-13,22.31110000610352
2014-06-16,22.37873268127441
2014-06-17,22.404098510742188
2014-06-18,22.497095108032227
2014-06-19,22.716909408569336
2014-06-20,22.759178161621094
2014-06-23,22.674636840820312
2014-06-24,22.70845413208008
2014-06-25,22.742271423339844
2014-06-26,22.64927291870117
2014-06-27,22.60700035095215
2014-06-30,22.47173118591309
2014-07-01,22.404098510742188
2014-07-02,22.361825942993164
2014-07-03,22.31955337524414
2014-07-07,22.14201164245605
2014-07-08,22.08283233642578
2014-07-09,21.930652618408203
2014-07-10,21.96446990966797
2014-07-11,21.77001571655273
2014-07-14,21.85456275939941
2014-07-15,21.65165901184082
2014-07-16,21.68547439575196
2014-07-17,21.73619842529297
2014-07-18,21.59247589111328
2014-07-21,21.69392967224121
2014-07-22,21.600929260253903
2014-07-23,21.66011047363281
2014-07-24,21.634748458862305
2014-07-25,21.71929168701172
2014-07-28,21.677021026611328
2014-07-29,21.609384536743164
2014-07-30,21.516387939453125
2014-07-31,21.406478881835938
2014-08-01,21.237394332885746
2014-08-04,21.398025512695312
2014-08-05,21.296571731567383
2014-08-06,21.43184471130371
2014-08-07,21.4741153717041
2014-08-08,21.37266540527344
2014-08-11,21.406478881835938
2014-08-12,21.271211624145508
2014-08-13,21.25429916381836
2014-08-14,21.00066947937012
2014-08-15,21.085214614868164
2014-08-18,20.90767288208008
2014-08-19,20.94994354248047
2014-08-20,21.00912475585937
2014-08-21,21.059850692749023
2014-08-22,21.02603340148925
2014-08-25,21.059850692749023
2014-08-26,21.06830406188965
2014-08-27,21.10212135314941
2014-08-28,21.11903190612793
2014-08-29,21.16130256652832
2014-09-02,20.85694694519043
2014-09-03,20.941490173339844
2014-09-04,20.85694694519043
2014-09-05,20.8231258392334
2014-09-08,20.72167587280273
2014-09-09,20.55258560180664
2014-09-10,20.40886306762696
2014-09-11,20.30741500854492
2014-09-12,20.146778106689453
2014-09-15,20.172143936157227
2014-09-16,20.358137130737305
2014-09-17,20.27359390258789
2014-09-18,20.07914352416992
2014-09-19,20.01996421813965
2014-09-22,19.850873947143555
2014-09-23,19.850873947143555
2014-09-24,19.9354190826416
2014-09-25,19.89314842224121
2014-09-26,19.85932922363281
2014-09-29,19.977689743041992
2014-09-30,19.631059646606445
2014-10-01,19.563426971435547
2014-10-02,19.48733711242676
2014-10-03,19.30134010314941
2014-10-06,19.546520233154297
2014-10-07,19.470430374145508
2014-10-08,19.39433860778809
2014-10-09,19.16607093811035
2014-10-10,19.09843635559082
2014-10-13,19.09843635559082
2014-10-14,18.81098747253418
2014-10-15,18.574264526367188
2014-10-16,18.76026153564453
2014-10-17,18.827896118164062
2014-10-20,18.69262313842773
2014-10-21,18.844804763793945
2014-10-22,18.633447647094727
2014-10-23,18.853260040283203
2014-10-24,18.73489761352539
2014-10-27,18.68416976928711
2014-10-28,18.836349487304688
2014-10-29,19.0561637878418
2014-10-30,18.895532608032227
2014-10-31,18.870166778564453
2014-11-03,18.70108222961425
2014-11-04,18.430538177490234
2014-11-05,18.48126792907715
2014-11-06,18.49817276000977
2014-11-07,18.58271789550781
2014-11-10,18.405176162719727
2014-11-11,18.49817276000977
2014-11-12,18.43899345397949
2014-11-13,18.100818634033203
2014-11-14,18.29526901245117
2014-11-17,18.21917724609375
2014-11-18,18.126184463500977
2014-11-19,18.033184051513672
2014-11-20,18.18536376953125
2014-11-21,18.37981605529785
2014-11-24,18.21917724609375
2014-11-25,18.13463592529297
2014-11-26,18.092363357543945
2014-11-28,17.263837814331055
2014-12-01,17.61891746520996
2014-12-02,17.24692726135254
2014-12-03,17.14547348022461
2014-12-04,17.09474754333496
2014-12-05,17.05247688293457
2014-12-08,16.756574630737305
2014-12-09,16.87493324279785
2014-12-10,16.61284828186035
2014-12-11,16.460668563842773
2014-12-12,16.32539939880371
2014-12-15,16.063316345214844
2014-12-16,15.970314979553224
2014-12-17,16.063316345214844
2014-12-18,16.012588500976562
2014-12-19,16.249311447143555
2014-12-22,15.953407287597656
2014-12-23,16.11404037475586
2014-12-24,15.902681350708008
2014-12-26,15.88577365875244
2014-12-29,15.733592987060549
2014-12-30,15.716684341430664
2014-12-31,15.5983247756958
2015-01-02,15.41232681274414
2015-01-05,15.192513465881348
2015-01-06,15.048789024353027
2015-01-07,14.955791473388672
2015-01-08,15.014970779418944
2015-01-09,14.98960781097412
2015-01-12,14.65988826751709
2015-01-13,14.600707054138184
2015-01-14,14.761340141296388
2015-01-15,14.558435440063477
2015-01-16,14.83742904663086
2015-01-20,14.634526252746582
2015-01-21,14.727523803710938
2015-01-22,14.710613250732422
2015-01-23,14.617616653442385
2015-01-26,14.566888809204102
2015-01-27,14.64297866821289
2015-01-28,14.431620597839355
2015-01-29,14.363984107971191
2015-01-30,14.710613250732422
2015-02-02,14.913519859313965
2015-02-03,15.327781677246094
2015-02-04,14.98960781097412
2015-02-05,15.192513465881348
2015-02-06,15.234784126281738
2015-02-09,15.386963844299316
2015-02-10,15.192513465881348
2015-02-11,15.074151039123535
2015-02-12,15.302422523498535
2015-02-13,15.471506118774414
2015-02-17,15.479961395263672
2015-02-18,15.293964385986328
2015-02-19,15.243241310119627
2015-02-20,15.18405818939209
2015-02-23,15.08260726928711
2015-02-24,15.091060638427734
2015-02-25,15.31933307647705
2015-02-26,15.192513465881348
2015-02-27,15.361599922180176
2015-03-02,15.141788482666016
2015-03-03,15.234784126281738
2015-03-04,15.099517822265623
2015-03-05,15.040335655212402
2015-03-06,14.854337692260742
2015-03-09,14.812067031860352
2015-03-10,14.617616653442385
2015-03-11,14.69370460510254
2015-03-12,14.626069068908691
2015-03-13,14.330167770385742
2015-03-16,14.313260078430176
2015-03-17,14.21180534362793
2015-03-18,14.600707054138184
2015-03-19,14.355531692504885
2015-03-20,14.549981117248535
2015-03-23,14.719067573547363
2015-03-24,14.600707054138184
2015-03-25,14.64297866821289
2015-03-26,14.820521354675291
2015-03-27,14.524618148803713
2015-03-30,14.600707054138184
2015-03-31,14.431620597839355
2015-04-01,14.69370460510254
2015-04-02,14.617616653442385
2015-04-06,14.803611755371094
2015-04-07,14.879701614379885
2015-04-08,14.592252731323242
2015-04-09,14.592252731323242
2015-04-10,14.744431495666504
2015-04-13,14.676797866821287
2015-04-14,14.744431495666504
2015-04-15,15.040335655212402
2015-04-16,15.200966835021973
2015-04-17,15.167150497436523
2015-04-20,15.099517822265623
2015-04-21,14.98960781097412
2015-04-22,15.040335655212402
2015-04-23,15.226332664489746
2015-04-24,15.217878341674805
2015-04-27,15.217878341674805
2015-04-28,15.243241310119627
2015-04-29,15.344691276550291
2015-04-30,15.463055610656738
2015-05-01,15.446147918701172
2015-05-04,15.43769073486328
2015-05-05,15.564505577087402
2015-05-06,15.564505577087402
2015-05-07,15.31933307647705
2015-05-08,15.403873443603516
2015-05-11,15.336238861083984
2015-05-12,15.496871948242188
2015-05-13,15.513781547546388
2015-05-14,15.606776237487791
2015-05-15,15.5983247756958
2015-05-18,15.556052207946776
2015-05-19,15.226332664489746
2015-05-20,15.192513465881348
2015-05-21,15.378510475158691
2015-05-22,15.20942211151123
2015-05-26,14.913519859313965
2015-05-27,14.710613250732422
2015-05-28,14.786704063415527
2015-05-29,14.972699165344238
2015-06-01,14.938881874084473
2015-06-02,15.11642360687256
2015-06-03,14.921974182128906
2015-06-04,14.786704063415527
2015-06-05,14.854337692260742
2015-06-08,14.862792015075684
2015-06-09,15.099517822265623
2015-06-10,15.158699035644531
2015-06-11,15.02342700958252
2015-06-12,14.87124729156494
2015-06-15,14.803611755371094
2015-06-16,14.845884323120115
2015-06-17,14.888157844543455
2015-06-18,14.888157844543455
2015-06-19,14.752886772155762
2015-06-22,14.803611755371094
2015-06-23,14.981154441833496
2015-06-24,14.879701614379885
2015-06-25,14.896610260009766
2015-06-26,14.96424674987793
2015-06-29,14.896610260009766
2015-06-30,15.217878341674805
2015-07-01,15.03188133239746
2015-07-02,15.006519317626951
2015-07-06,14.516164779663086
2015-07-07,14.431620597839355
2015-07-08,14.363984107971191
2015-07-09,14.533073425292969
2015-07-10,14.600707054138184
2015-07-13,14.60916233062744
2015-07-14,14.558435440063477
2015-07-15,14.389348030090332
2015-07-16,14.321714401245115
2015-07-17,14.245623588562012
2015-07-20,14.01735496520996
2015-07-21,14.076536178588867
2015-07-22,13.87363052368164
2015-07-23,13.75527000427246
2015-07-24,13.64536190032959
2015-07-27,13.38327693939209
2015-07-28,13.49318504333496
2015-07-29,13.535455703735352
2015-07-30,13.484729766845703
2015-07-31,13.298733711242676
2015-08-03,13.07891845703125
2015-08-04,13.155009269714355
2015-08-05,13.104283332824709
2015-08-06,13.095829010009766
2015-08-07,13.0451021194458
2015-08-10,13.3240966796875
2015-08-11,13.146554946899414
2015-08-12,13.104283332824709
2015-08-13,13.0451021194458
2015-08-14,12.96055793762207
2015-08-17,12.909832954406738
2015-08-18,12.842195510864258
2015-08-19,12.698473930358888
2015-08-20,12.732290267944336
2015-08-21,12.5209321975708
2015-08-24,12.20811939239502
2015-08-25,12.258845329284668
2015-08-26,12.18275547027588
2015-08-27,12.622384071350098
2015-08-28,12.952103614807127
2015-08-31,13.264915466308594
2015-09-01,12.825288772583008
2015-09-02,12.93519401550293
2015-09-03,13.019739151000977
2015-09-04,12.85910701751709
2015-09-08,12.952103614807127
2015-09-09,12.783016204833984
2015-09-10,12.892922401428224
2015-09-11,12.876014709472656
2015-09-14,12.715380668640137
2015-09-15,12.75765323638916
2015-09-16,12.969013214111328
2015-09-17,12.884469032287598
2015-09-18,12.690018653869627
2015-09-21,12.83374309539795
2015-09-22,12.75765323638916
2015-09-23,12.656201362609863
2015-09-24,12.732290267944336
2015-09-25,12.808379173278809
2015-09-28,12.630837440490724
2015-09-29,12.715380668640137
2015-09-30,12.808379173278809
2015-10-01,12.723835945129396
2015-10-02,12.808379173278809
2015-10-05,12.977468490600586
2015-10-06,13.231098175048828
2015-10-07,13.205735206604004
2015-10-08,13.264915466308594
2015-10-09,13.3240966796875
2015-10-12,13.112738609313965
2015-10-13,13.028192520141602
2015-10-14,13.062010765075684
2015-10-15,13.028192520141602
2015-10-16,13.03664779663086
2015-10-19,12.799925804138184
2015-10-20,12.825288772583008
2015-10-21,12.715380668640137
2015-10-22,12.75765323638916
2015-10-23,12.681563377380373
2015-10-26,12.647747039794922
2015-10-27,12.5885648727417
2015-10-28,12.799925804138184
2015-10-29,12.723835945129396
2015-10-30,12.850651741027832
2015-11-02,12.783016204833984
2015-11-03,13.01128387451172
2015-11-04,12.791470527648926
2015-11-05,12.690018653869627
2015-11-06,12.613929748535156
2015-11-09,12.504023551940918
2015-11-10,12.478657722473145
2015-11-11,12.351841926574709
2015-11-12,12.174301147460938
2015-11-13,12.081303596496582
2015-11-16,12.140484809875488
2015-11-17,11.954487800598145
2015-11-18,12.00521183013916
2015-11-19,12.00521183013916
2015-11-20,11.98830509185791
2015-11-23,12.081303596496582
2015-11-24,12.275754928588867
2015-11-25,12.258845329284668
2015-11-27,12.072848320007324
2015-11-30,11.996758460998535
2015-12-01,12.13202953338623
2015-12-02,11.878397941589355
2015-12-03,12.013668060302734
2015-12-04,11.996758460998535
2015-12-07,11.65013027191162
2015-12-08,11.590950012207031
2015-12-09,11.599404335021973
2015-12-10,11.55713176727295
2015-12-11,11.43877124786377
2015-12-14,11.36268138885498
2015-12-15,11.337318420410156
2015-12-16,11.286592483520508
2015-12-17,11.168231010437012
2015-12-18,11.218957901000977
2015-12-21,11.168231010437012
2015-12-22,11.11750316619873
2015-12-23,11.320409774780272
2015-12-24,11.320409774780272
2015-12-28,11.15977668762207
2015-12-29,11.345773696899414
2015-12-30,11.235865592956545
2015-12-31,11.29504680633545
2016-01-04,11.21050262451172
2016-01-05,11.100595474243164
2016-01-06,10.923053741455078
2016-01-07,10.87232780456543
2016-01-08,10.821600914001465
2016-01-11,10.5256986618042
2016-01-12,10.458063125610352
2016-01-13,10.398883819580078
2016-01-14,10.42424488067627
2016-01-15,10.204431533813477
2016-01-19,10.119888305664062
2016-01-20,10.043798446655272
2016-01-21,10.179068565368652
2016-01-22,10.483427047729492
2016-01-25,10.25515842437744
2016-01-26,10.458063125610352
2016-01-27,10.584877967834473
2016-01-28,10.703239440917969
2016-01-29,10.804692268371582
2016-02-01,10.601787567138672
2016-02-02,10.415790557861328
2016-02-03,10.67787742614746
2016-02-04,10.660966873168944
2016-02-05,10.593332290649414
2016-02-08,10.542607307434082
2016-02-09,10.27206802368164
2016-02-10,10.288975715637209
2016-02-11,10.415790557861328
2016-02-12,10.567970275878906
2016-02-16,10.44960880279541
2016-02-17,10.669422149658203
2016-02-18,10.610241889953612
2016-02-19,10.51724338531494
2016-02-22,10.67787742614746
2016-02-23,10.534152030944824
2016-02-24,10.669422149658203
2016-02-25,10.660966873168944
2016-02-26,10.644060134887695
2016-02-29,10.779329299926758
2016-03-01,10.7877836227417
2016-03-02,10.846964836120604
2016-03-03,10.90614414215088
2016-03-04,11.11750316619873
2016-03-07,11.320409774780272
2016-03-08,11.168231010437012
2016-03-09,11.337318420410156
2016-03-10,11.320409774780272
2016-03-11,11.36268138885498
2016-03-14,11.26122760772705
2016-03-15,11.168231010437012
2016-03-16,11.36268138885498
2016-03-17,11.489497184753418
2016-03-18,11.481042861938477
2016-03-21,11.514859199523926
2016-03-22,11.599404335021973
2016-03-23,11.35422706604004
2016-03-24,11.286592483520508
2016-03-28,11.320409774780272
2016-03-29,11.29504680633545
2016-03-30,11.252774238586426
2016-03-31,11.235865592956545
2016-04-01,11.04141616821289
2016-04-04,10.889236450195312
2016-04-05,10.863873481750488
2016-04-06,10.982234954833984
2016-04-07,10.948416709899902
2016-04-08,11.21050262451172
2016-04-11,11.29504680633545
2016-04-12,11.54022216796875
2016-04-13,11.599404335021973
2016-04-14,11.506404876708984
2016-04-15,11.464134216308594
2016-04-18,11.514859199523926
2016-04-19,11.76003646850586
2016-04-20,11.98830509185791
2016-04-21,11.937579154968262
2016-04-22,11.886853218078612
2016-04-25,11.878397941589355
2016-04-26,12.030576705932615
2016-04-27,12.140484809875488
2016-04-28,12.20811939239502
2016-04-29,12.3264799118042
2016-05-02,12.157393455505373
2016-05-03,11.971397399902344
2016-05-04,11.979850769042969
2016-05-05,11.861489295959473
2016-05-06,11.937579154968262
2016-05-09,11.675493240356444
2016-05-10,11.96294116973877
2016-05-11,12.241934776306152
2016-05-12,12.258845329284668
2016-05-13,12.241934776306152
2016-05-16,12.37720775604248
2016-05-17,12.470203399658203
2016-05-18,12.37720775604248
2016-05-19,12.343389511108398
2016-05-20,12.394116401672363
2016-05-23,12.3264799118042
2016-05-24,12.3264799118042
2016-05-25,12.470203399658203
2016-05-26,12.461750030517578
2016-05-27,12.51247787475586
2016-05-31,12.436387062072754
2016-06-01,12.563201904296877
2016-06-02,12.5885648727417
2016-06-03,12.673110008239746
2016-06-06,12.825288772583008
2016-06-07,12.952103614807127
2016-06-08,13.171916961669922
2016-06-09,13.146554946899414
2016-06-10,12.985921859741213
2016-06-13,12.985921859741213
2016-06-14,12.90137767791748
2016-06-15,12.83374309539795
2016-06-16,12.613929748535156
2016-06-17,12.909832954406738
2016-06-20,13.028192520141602
2016-06-21,12.926740646362305
2016-06-22,12.850651741027832
2016-06-23,12.952103614807127
2016-06-24,12.690018653869627
2016-06-27,12.664654731750488
2016-06-28,12.867560386657717
2016-06-29,13.053555488586426
2016-06-30,12.977468490600586
2016-07-01,13.138100624084473
2016-07-05,12.766108512878418
2016-07-06,12.816834449768066
2016-07-07,12.453295707702637
2016-07-08,12.58011245727539
2016-07-11,12.52938461303711
2016-07-12,12.766108512878418
2016-07-13,12.605473518371582
2016-07-14,12.656201362609863
2016-07-15,12.622384071350098
2016-07-18,12.563201904296877
2016-07-19,12.487112998962402
2016-07-20,12.402569770812988
2016-07-21,12.33493423461914
2016-07-22,12.309571266174316
2016-07-25,12.174301147460938
2016-07-26,12.123574256896973
2016-07-27,12.00521183013916
2016-07-28,11.971397399902344
2016-07-29,12.072848320007324
2016-08-01,11.861489295959473
2016-08-02,11.84458065032959
2016-08-03,12.039031982421877
2016-08-04,12.08975887298584
2016-08-05,12.140484809875488
2016-08-08,12.20811939239502
2016-08-09,12.174301147460938
2016-08-10,12.030576705932615
2016-08-11,12.21657371520996
2016-08-12,12.309571266174316
2016-08-15,12.51247787475586
2016-08-16,12.613929748535156
2016-08-17,12.664654731750488
2016-08-18,12.825288772583008
2016-08-19,12.783016204833984
2016-08-22,12.664654731750488
2016-08-23,12.715380668640137
2016-08-24,12.563201904296877
2016-08-25,12.613929748535156
2016-08-26,12.571656227111816
2016-08-29,12.5209321975708
2016-08-30,12.402569770812988
2016-08-31,12.16584587097168
2016-09-01,12.030576705932615
2016-09-02,12.16584587097168
2016-09-06,12.250391006469728
2016-09-07,12.360297203063965
2016-09-08,12.58011245727539
2016-09-09,12.385661125183104
2016-09-12,12.385661125183104
2016-09-13,12.225027084350586
2016-09-14,12.13202953338623
2016-09-15,12.191210746765137
2016-09-16,12.20811939239502
2016-09-19,12.199665069580078
2016-09-20,12.241934776306152
2016-09-21,12.394116401672363
2016-09-22,12.461750030517578
2016-09-23,12.318025588989258
2016-09-26,12.402569770812988
2016-09-27,12.284208297729492
2016-09-28,12.571656227111816
2016-09-29,12.647747039794922
2016-09-30,12.690018653869627
2016-10-03,12.799925804138184
2016-10-04,12.766108512878418
2016-10-05,12.842195510864258
2016-10-06,12.867560386657717
2016-10-07,12.83374309539795
2016-10-10,12.977468490600586
2016-10-11,12.90137767791748
2016-10-12,12.808379173278809
2016-10-13,12.892922401428224
2016-10-14,12.90137767791748
2016-10-17,12.918285369873049
2016-10-18,12.943650245666504
2016-10-19,13.028192520141602
2016-10-20,12.909832954406738
2016-10-21,12.96055793762207
2016-10-24,12.969013214111328
2016-10-25,12.909832954406738
2016-10-26,12.825288772583008
2016-10-27,12.90137767791748
2016-10-28,12.816834449768066
2016-10-31,12.647747039794922
2016-11-01,12.706927299499512
2016-11-02,12.55474853515625
2016-11-03,12.51247787475586
2016-11-04,12.427932739257812
2016-11-07,12.478657722473145
2016-11-08,12.461750030517578
2016-11-09,12.5209321975708
2016-11-10,12.419478416442873
2016-11-11,12.18275547027588
2016-11-14,12.157393455505373
2016-11-15,12.427932739257812
2016-11-16,12.275754928588867
2016-11-17,12.301117897033691
2016-11-18,12.402569770812988
2016-11-21,12.74919891357422
2016-11-22,12.732290267944336
2016-11-23,12.783016204833984
2016-11-25,12.690018653869627
2016-11-28,12.732290267944336
2016-11-29,12.478657722473145
2016-11-30,12.85910701751709
2016-12-01,13.095829010009766
2016-12-02,13.188827514648438
2016-12-05,13.256462097167969
2016-12-06,13.19727897644043
2016-12-07,13.095829010009766
2016-12-08,13.12119197845459
2016-12-09,13.188827514648438
2016-12-12,13.273370742797852
2016-12-13,13.307188034057615
2016-12-14,13.180373191833496
2016-12-15,13.163463592529297
2016-12-16,13.222644805908203
2016-12-19,13.146554946899414
2016-12-20,13.205735206604004
2016-12-21,13.129646301269531
2016-12-22,13.112738609313965
2016-12-23,13.138100624084473
2016-12-27,13.341005325317385
2016-12-28,13.34946060180664
2016-12-29,13.366369247436523
2016-12-30,13.391731262207031
2017-01-03,13.231098175048828
2017-01-04,13.33255100250244
2017-01-05,13.400186538696287
2017-01-06,13.38327693939209
2017-01-09,13.180373191833496
2017-01-10,13.12119197845459
2017-01-11,13.264915466308594
2017-01-12,13.45936679840088
2017-01-13,13.434003829956056
2017-01-17,13.425549507141112
2017-01-18,13.307188034057615
2017-01-19,13.264915466308594
2017-01-20,13.417094230651855
2017-01-23,13.417094230651855
2017-01-24,13.45091152191162
2017-01-25,13.366369247436523
2017-01-26,13.425549507141112
2017-01-27,13.315641403198242
2017-01-30,13.23955249786377
2017-01-31,13.315641403198242
2017-02-01,13.45936679840088
2017-02-02,13.45936679840088
2017-02-03,13.45091152191162
2017-02-06,13.366369247436523
2017-02-07,13.307188034057615
2017-02-08,13.357913970947266
2017-02-09,13.425549507141112
2017-02-10,13.569272994995115
2017-02-13,13.417094230651855
2017-02-14,13.434003829956056
2017-02-15,13.45091152191162
2017-02-16,13.366369247436523
2017-02-17,13.341005325317385
2017-02-21,13.3240966796875
2017-02-22,13.256462097167969
2017-02-23,13.298733711242676
2017-02-24,13.273370742797852
2017-02-27,13.23955249786377
2017-02-28,13.290279388427734
2017-03-01,13.34946060180664
2017-03-02,13.138100624084473
2017-03-03,13.205735206604004
2017-03-06,13.188827514648438
2017-03-07,13.129646301269531
2017-03-08,12.83374309539795
2017-03-09,12.723835945129396
2017-03-10,12.605473518371582
2017-03-13,12.5885648727417
2017-03-14,12.537839889526367
2017-03-15,12.647747039794922
2017-03-16,12.630837440490724
2017-03-17,12.673110008239746
2017-03-20,12.664654731750488
2017-03-21,12.59701919555664
2017-03-22,12.5885648727417
2017-03-23,12.563201904296877
2017-03-24,12.605473518371582
2017-03-27,12.5885648727417
2017-03-28,12.664654731750488
2017-03-29,12.783016204833984
2017-03-30,12.83374309539795
2017-03-31,12.85910701751709
2017-04-03,12.808379173278809
2017-04-04,12.93519401550293
2017-04-05,12.96055793762207
2017-04-06,12.994376182556152
2017-04-07,13.028192520141602
2017-04-10,13.129646301269531
2017-04-11,13.155009269714355
2017-04-12,13.155009269714355
2017-04-13,13.19727897644043
2017-04-17,13.12119197845459
2017-04-18,13.07046604156494
2017-04-19,12.842195510864258
2017-04-20,12.791470527648926
2017-04-21,12.664654731750488
2017-04-24,12.622384071350098
2017-04-25,12.681563377380373
2017-04-26,12.613929748535156
2017-04-27,12.546294212341309
2017-04-28,12.51247787475586
2017-05-01,12.537839889526367
2017-05-02,12.402569770812988
2017-05-03,12.351841926574709
2017-05-04,12.055940628051758
2017-05-05,12.225027084350586
2017-05-08,12.174301147460938
2017-05-09,12.115119934082031
2017-05-10,12.309571266174316
2017-05-11,12.360297203063965
2017-05-12,12.360297203063965
2017-05-15,12.427932739257812
2017-05-16,12.44484043121338
2017-05-17,12.52938461303711
2017-05-18,12.49556827545166
2017-05-19,12.740745544433594
2017-05-22,12.825288772583008
2017-05-23,12.783016204833984
2017-05-24,12.75765323638916
2017-05-25,12.478657722473145
2017-05-26,12.571656227111816
2017-05-30,12.470203399658203
2017-05-31,12.33493423461914
2017-06-01,12.250391006469728
2017-06-02,12.191210746765137
2017-06-05,12.123574256896973
2017-06-06,12.20811939239502
2017-06-07,12.039031982421877
2017-06-08,12.039031982421877
2017-06-09,12.10666561126709
2017-06-12,11.996758460998535
2017-06-13,12.047486305236816
2017-06-14,11.836126327514648
2017-06-15,11.886853218078612
2017-06-16,11.937579154968262
2017-06-19,11.861489295959473
2017-06-20,11.743128776550291
2017-06-21,11.616312980651855
2017-06-22,11.633220672607422
2017-06-23,11.68394660949707
2017-06-26,11.709310531616213
2017-06-27,11.84458065032959
2017-06-28,11.92067050933838
2017-06-29,11.971397399902344
2017-06-30,12.21657371520996
2017-07-03,12.343389511108398
2017-07-05,12.157393455505373
2017-07-06,12.16584587097168
2017-07-07,12.047486305236816
2017-07-10,12.098212242126465
2017-07-11,12.21657371520996
2017-07-12,12.157393455505373
2017-07-13,12.148938179016112
2017-07-14,12.284208297729492
2017-07-17,12.241934776306152
2017-07-18,12.292662620544434
2017-07-19,12.402569770812988
2017-07-20,12.385661125183104
2017-07-21,12.21657371520996
2017-07-24,12.241934776306152
2017-07-25,12.37720775604248
2017-07-26,12.49556827545166
2017-07-27,12.571656227111816
2017-07-28,12.639291763305664
2017-07-31,12.715380668640137
2017-08-01,12.571656227111816
2017-08-02,12.59701919555664
2017-08-03,12.504023551940918
2017-08-04,12.52938461303711
2017-08-07,12.55474853515625
2017-08-08,12.563201904296877
2017-08-09,12.647747039794922
2017-08-10,12.453295707702637
2017-08-11,12.49556827545166
2017-08-14,12.385661125183104
2017-08-15,12.3264799118042
2017-08-16,12.292662620544434
2017-08-17,12.3264799118042
2017-08-18,12.546294212341309
2017-08-21,12.394116401672363
2017-08-22,12.427932739257812
2017-08-23,12.537839889526367
2017-08-24,12.52938461303711
2017-08-25,12.504023551940918
2017-08-28,12.51247787475586
2017-08-29,12.51247787475586
2017-08-30,12.419478416442873
2017-08-31,12.766108512878418
2017-09-01,12.783016204833984
2017-09-05,12.808379173278809
2017-09-06,12.93519401550293
2017-09-07,12.926740646362305
2017-09-08,12.783016204833984
2017-09-11,12.808379173278809
2017-09-12,12.842195510864258
2017-09-13,12.90137767791748
2017-09-14,12.909832954406738
2017-09-15,12.969013214111328
2017-09-18,12.952103614807127
2017-09-19,12.926740646362305
2017-09-20,13.03664779663086
2017-09-21,12.985921859741213
2017-09-22,13.03664779663086
2017-09-25,13.256462097167969
2017-09-26,13.138100624084473
2017-09-27,13.087373733520508
2017-09-28,13.087373733520508
2017-09-29,13.019739151000977
2017-10-02,12.909832954406738
2017-10-03,12.918285369873049
2017-10-04,12.93519401550293
2017-10-05,13.07891845703125
2017-10-06,12.876014709472656
2017-10-09,12.884469032287598
2017-10-10,13.03664779663086
2017-10-11,13.062010765075684
2017-10-12,13.0451021194458
2017-10-13,13.171916961669922
2017-10-16,13.205735206604004
2017-10-17,13.188827514648438
2017-10-18,13.180373191833496
2017-10-19,13.12119197845459
2017-10-20,13.188827514648438
2017-10-23,13.188827514648438
2017-10-24,13.3240966796875
2017-10-25,13.341005325317385
2017-10-26,13.400186538696287
2017-10-27,13.467822074890137
2017-10-30,13.501638412475586
2017-10-31,13.535455703735352
2017-11-01,13.543910026550291
2017-11-02,13.62845516204834
2017-11-03,13.712998390197754
2017-11-06,13.97508430480957
2017-11-07,13.890539169311523
2017-11-08,13.865177154541016
2017-11-09,13.890539169311523
2017-11-10,13.865177154541016
2017-11-13,13.822904586791992
2017-11-14,13.636906623840332
2017-11-15,13.619998931884766
2017-11-16,13.57772731781006
2017-11-17,13.797541618347168
2017-11-20,13.687634468078612
2017-11-21,13.780631065368652
2017-11-22,13.856721878051758
2017-11-24,13.89899444580078
2017-11-27,13.87363052368164
2017-11-28,13.81445026397705
2017-11-29,13.721452713012695
2017-11-30,13.662271499633787
2017-12-01,13.780631065368652
2017-12-04,13.61154556274414
2017-12-05,13.61154556274414
2017-12-06,13.38327693939209
2017-12-07,13.425549507141112
2017-12-08,13.49318504333496
2017-12-11,13.527000427246094
2017-12-12,13.408639907836914
2017-12-13,13.34946060180664
2017-12-14,13.391731262207031
2017-12-15,13.391731262207031
2017-12-18,13.45091152191162
2017-12-19,13.552366256713867
2017-12-20,13.62845516204834
2017-12-21,13.636906623840332
2017-12-22,13.696089744567873
2017-12-26,13.89899444580078
2017-12-27,13.932811737060549
2017-12-28,14.000445365905762
2017-12-29,14.042719841003418
2018-01-02,14.110353469848633
2018-01-03,14.194897651672363
2018-01-04,14.17798900604248
2018-01-05,14.127260208129885
2018-01-08,14.11880874633789
2018-01-09,14.21180534362793
2018-01-10,14.262532234191896
2018-01-11,14.254076957702637
2018-01-12,14.347074508666992
2018-01-16,14.279440879821776
2018-01-17,14.29634952545166
2018-01-18,14.29634952545166
2018-01-19,14.27098560333252
2018-01-22,14.304803848266602
2018-01-23,14.406256675720217
2018-01-24,14.558435440063477
2018-01-25,14.47389316558838
2018-01-26,14.583797454833984
2018-01-29,14.54152774810791
2018-01-30,14.44007396697998
2018-01-31,14.456982612609863
2018-02-01,14.600707054138184
2018-02-02,14.363984107971191
2018-02-05,14.228714942932127
2018-02-06,14.144169807434082
2018-02-07,13.983537673950195
2018-02-08,13.839814186096191
2018-02-09,13.636906623840332
2018-02-12,13.721452713012695
2018-02-13,13.74681568145752
2018-02-14,13.958175659179688
2018-02-15,13.983537673950195
2018-02-16,14.00890064239502
2018-02-20,14.05117416381836
2018-02-21,14.034265518188477
2018-02-22,14.161081314086914
2018-02-23,14.254076957702637
2018-02-26,14.330167770385742
2018-02-27,14.186443328857422
2018-02-28,14.034265518188477
2018-03-01,14.059626579284668
2018-03-02,14.059626579284668
2018-03-05,14.144169807434082
2018-03-06,14.194897651672363
2018-03-07,14.042719841003418
2018-03-08,13.958175659179688
2018-03-09,14.09344482421875
2018-03-12,14.068081855773926
2018-03-13,14.025811195373535
2018-03-14,14.025811195373535
2018-03-15,14.01735496520996
2018-03-16,14.068081855773926
2018-03-19,13.97508430480957
2018-03-20,14.068081855773926
2018-03-21,14.321714401245115
2018-03-22,14.21180534362793
2018-03-23,14.338621139526367
2018-03-26,14.347074508666992
2018-03-27,14.287894248962402
2018-03-28,14.228714942932127
2018-03-29,14.355531692504885
2018-04-02,14.161081314086914
2018-04-03,14.237170219421388
2018-04-04,14.17798900604248
2018-04-05,14.245623588562012
2018-04-06,14.144169807434082
2018-04-09,14.321714401245115
2018-04-10,14.566888809204102
2018-04-11,14.676797866821287
2018-04-12,14.617616653442385
2018-04-13,14.626069068908691
2018-04-16,14.57534408569336
2018-04-17,14.583797454833984
2018-04-18,14.854337692260742
2018-04-19,14.795159339904783
2018-04-20,14.769795417785645
2018-04-23,14.761340141296388
2018-04-24,14.685251235961914
2018-04-25,14.710613250732422
2018-04-26,14.786704063415527
2018-04-27,14.77824878692627
2018-04-30,14.845884323120115
2018-05-01,14.761340141296388
2018-05-02,14.761340141296388
2018-05-03,14.854337692260742
2018-05-04,14.955791473388672
2018-05-07,14.94733715057373
2018-05-08,14.98960781097412
2018-05-09,15.124878883361816
2018-05-10,15.200966835021973
2018-05-11,15.107969284057615
2018-05-14,15.217878341674805
2018-05-15,15.234784126281738
2018-05-16,15.31933307647705
2018-05-17,15.336238861083984
2018-05-18,15.344691276550291
2018-05-21,15.463055610656738
2018-05-22,15.479961395263672
2018-05-23,15.564505577087402
2018-05-24,15.463055610656738
2018-05-25,15.234784126281738
2018-05-29,15.091060638427734
2018-05-30,15.285512924194336
2018-05-31,15.243241310119627
2018-06-01,15.141788482666016
2018-06-04,14.96424674987793
2018-06-05,14.98960781097412
2018-06-06,15.040335655212402
2018-06-07,15.099517822265623
2018-06-08,15.091060638427734
2018-06-11,15.08260726928711
2018-06-12,15.074151039123535
2018-06-13,15.133333206176758
2018-06-14,14.96424674987793
2018-06-15,14.600707054138184
2018-06-18,14.727523803710938
2018-06-19,14.57534408569336
2018-06-20,14.558435440063477
2018-06-21,14.448528289794922
2018-06-22,14.735976219177246
2018-06-25,14.566888809204102
2018-06-26,14.710613250732422
2018-06-27,14.786704063415527
2018-06-28,14.77824878692627
2018-06-29,14.94733715057373
2018-07-02,14.634526252746582
2018-07-03,14.617616653442385
2018-07-05,14.70215892791748
2018-07-06,14.769795417785645
2018-07-09,14.845884323120115
2018-07-10,14.812067031860352
2018-07-11,14.29634952545166
2018-07-12,14.37243938446045
2018-07-13,14.397804260253906
2018-07-16,14.09344482421875
2018-07-17,14.110353469848633
2018-07-18,14.237170219421388
2018-07-19,14.220259666442873
2018-07-20,14.321714401245115
2018-07-23,14.37243938446045
2018-07-24,14.448528289794922
2018-07-25,14.64297866821289
2018-07-26,14.64297866821289
2018-07-27,14.583797454833984
2018-07-30,14.668343544006348
2018-07-31,14.583797454833984
2018-08-01,14.37243938446045
2018-08-02,14.456982612609863
2018-08-03,14.507708549499512
2018-08-06,14.533073425292969
2018-08-07,14.64297866821289
2018-08-08,14.46543788909912
2018-08-09,14.406256675720217
2018-08-10,14.406256675720217
2018-08-13,14.330167770385742
2018-08-14,14.355531692504885
2018-08-15,14.042719841003418
2018-08-16,14.152626037597656
2018-08-17,14.21180534362793
2018-08-20,14.237170219421388
2018-08-21,14.262532234191896
2018-08-22,14.46543788909912
2018-08-23,14.44007396697998
2018-08-24,14.549981117248535
2018-08-27,14.600707054138184
2018-08-28,14.54152774810791
2018-08-29,14.70215892791748
2018-08-30,14.676797866821287
2018-08-31,14.69370460510254
2018-09-04,14.60916233062744
2018-09-05,14.549981117248535
2018-09-06,14.46543788909912
2018-09-07,14.499253273010254
2018-09-10,14.549981117248535
2018-09-11,14.69370460510254
2018-09-12,14.795159339904783
2018-09-13,14.634526252746582
2018-09-14,14.54152774810791
2018-09-17,14.524618148803713
2018-09-18,14.65988826751709
2018-09-19,14.752886772155762
2018-09-20,14.752886772155762
2018-09-21,14.786704063415527
2018-09-24,15.006519317626951
2018-09-25,15.040335655212402
2018-09-26,14.972699165344238
2018-09-27,15.040335655212402
2018-09-28,15.192513465881348
2018-10-01,15.479961395263672
2018-10-02,15.530689239501951
2018-10-03,15.674413681030272
2018-10-04,15.505324363708496
2018-10-05,15.471506118774414
2018-10-08,15.429235458374023
2018-10-09,15.539144515991213
2018-10-10,15.234784126281738
2018-10-11,15.006519317626951
2018-10-12,15.124878883361816
2018-10-15,15.158699035644531
2018-10-16,15.226332664489746
2018-10-17,15.091060638427734
2018-10-18,14.921974182128906
2018-10-19,15.006519317626951
2018-10-22,15.02342700958252
2018-10-23,14.69370460510254
2018-10-24,14.592252731323242
2018-10-25,14.651434898376465
2018-10-26,14.761340141296388
2018-10-29,14.60916233062744
2018-10-30,14.533073425292969
2018-10-31,14.338621139526367
2018-11-01,14.237170219421388
2018-11-02,14.203351020812988
2018-11-05,14.194897651672363
2018-11-06,14.13571548461914
2018-11-07,14.101899147033691
2018-11-08,14.01735496520996
2018-11-09,13.865177154541016
2018-11-12,13.83135986328125
2018-11-13,13.45091152191162
2018-11-14,13.569272994995115
2018-11-15,13.543910026550291
2018-11-16,13.62845516204834
2018-11-19,13.62845516204834
2018-11-20,13.214189529418944
2018-11-21,13.3240966796875
2018-11-23,12.93519401550293
2018-11-26,12.994376182556152
2018-11-27,12.943650245666504
2018-11-28,12.90137767791748
2018-11-29,12.985921859741213
2018-11-30,12.926740646362305
2018-12-03,13.222644805908203
2018-12-04,13.231098175048828
2018-12-06,13.12119197845459
2018-12-07,13.273370742797852
2018-12-10,13.062010765075684
2018-12-11,13.138100624084473
2018-12-12,13.095829010009766
2018-12-13,13.264915466308594
2018-12-14,13.062010765075684
2018-12-17,12.909832954406738
2018-12-18,12.639291763305664
2018-12-19,12.690018653869627
2018-12-20,12.571656227111816
2018-12-21,12.461750030517578
2018-12-24,12.323866844177246
2018-12-26,12.597920417785645
2018-12-27,12.478021621704102
2018-12-28,12.375252723693848
2018-12-31,12.40950870513916
2019-01-02,12.443765640258787
2019-01-03,12.546536445617676
2019-01-04,12.717820167541504
2019-01-07,12.812026023864746
2019-01-08,12.9404878616333
2019-01-09,13.19741439819336
2019-01-10,13.163156509399414
2019-01-11,13.120336532592772
2019-01-14,13.00900173187256
2019-01-15,13.111773490905762
2019-01-16,13.180285453796388
2019-01-17,13.188849449157717
2019-01-18,13.32587718963623
2019-01-22,13.231671333312988
2019-01-23,13.214542388916016
2019-01-24,13.248798370361328
2019-01-25,13.317313194274902
2019-01-28,13.137465476989746
2019-01-29,13.265928268432615
2019-01-30,13.36013412475586
2019-01-31,13.291621208190918
2019-02-01,13.411519050598145
2019-02-04,13.420083999633787
2019-02-05,13.36013412475586
2019-02-06,13.377262115478516
2019-02-07,13.248798370361328
2019-02-08,13.265928268432615
2019-02-11,13.188849449157717
2019-02-12,13.265928268432615
2019-02-13,13.343005180358888
2019-02-14,13.377262115478516
2019-02-15,13.62562370300293
2019-02-19,13.65988063812256
2019-02-20,13.7027006149292
2019-02-21,13.745521545410156
2019-02-22,13.779779434204102
2019-02-25,13.57423973083496
2019-02-26,13.634187698364258
2019-02-27,13.7027006149292
2019-02-28,13.668444633483888
2019-03-01,13.514288902282717
2019-03-04,13.557109832763672
2019-03-05,13.62562370300293
2019-03-06,13.548545837402344
2019-03-07,13.514288902282717
2019-03-08,13.505725860595703
2019-03-11,13.522852897644045
2019-03-12,13.608495712280272
2019-03-13,13.694136619567873
2019-03-14,13.634187698364258
2019-03-15,13.634187698364258
2019-03-18,13.7027006149292
2019-03-19,13.736958503723145
2019-03-20,13.839728355407717
2019-03-21,13.771215438842772
2019-03-22,13.65131664276123
2019-03-25,13.7027006149292
2019-03-26,13.728395462036133
2019-03-27,13.65131664276123
2019-03-28,13.608495712280272
2019-03-29,13.617059707641602
2019-04-01,13.745521545410156
2019-04-02,13.779779434204102
2019-04-03,13.796907424926758
2019-04-04,13.805472373962402
2019-04-05,13.848292350769045
2019-04-08,13.899678230285645
2019-04-09,13.87398624420166
2019-04-10,13.99388313293457
2019-04-11,13.925369262695312
2019-04-12,13.968191146850586
2019-04-15,13.942499160766602
2019-04-16,13.89111328125
2019-04-17,13.839728355407717
2019-04-18,13.882548332214355
2019-04-22,13.951064109802246
2019-04-23,13.968191146850586
2019-04-24,13.916807174682615
2019-04-25,13.89111328125
2019-04-26,13.728395462036133
2019-04-29,13.736958503723145
2019-04-30,13.779779434204102
2019-05-01,13.736958503723145
2019-05-02,13.582802772521973
2019-05-03,13.591367721557615
2019-05-06,13.634187698364258
2019-05-07,13.462904930114746
2019-05-08,13.480032920837402
2019-05-09,13.411519050598145
2019-05-10,13.437211036682127
2019-05-13,13.368697166442873
2019-05-14,13.548545837402344
2019-05-15,13.668444633483888
2019-05-16,13.745521545410156
2019-05-17,13.617059707641602
2019-05-20,13.677008628845217
2019-05-21,13.685572624206545
2019-05-22,13.488595962524414
2019-05-23,13.205978393554688
2019-05-24,13.385825157165527
2019-05-28,13.497159957885742
2019-05-29,13.445775985717772
2019-05-30,13.308748245239258
2019-05-31,12.957615852355955
2019-06-03,12.914795875549316
2019-06-04,12.991873741149902
2019-06-05,12.726384162902832
2019-06-06,12.949051856994627
2019-06-07,12.991873741149902
2019-06-10,12.957615852355955
2019-06-11,13.043258666992188
2019-06-12,12.863411903381348
2019-06-13,13.026130676269531
2019-06-14,13.077515602111816
2019-06-17,13.017566680908203
2019-06-18,13.171722412109377
2019-06-19,13.146029472351074
2019-06-20,13.411519050598145
2019-06-21,13.445775985717772
2019-06-24,13.505725860595703
2019-06-25,13.548545837402344
2019-06-26,13.617059707641602
2019-06-27,13.617059707641602
2019-06-28,13.471467971801758
2019-07-01,13.462904930114746
2019-07-02,13.240235328674316
2019-07-03,13.368697166442873
2019-07-05,13.394391059875488
2019-07-08,13.377262115478516
2019-07-09,13.420083999633787
2019-07-10,13.711265563964844
2019-07-11,13.719829559326172
2019-07-12,13.754085540771484
2019-07-15,13.608495712280272
2019-07-16,13.462904930114746
2019-07-17,13.343005180358888
2019-07-18,13.248798370361328
2019-07-19,13.32587718963623
2019-07-22,13.28305721282959
2019-07-23,13.368697166442873
2019-07-24,13.308748245239258
2019-07-25,13.257363319396973
2019-07-26,13.274491310119627
2019-07-29,13.32587718963623
2019-07-30,13.4029541015625
2019-07-31,13.317313194274902
2019-08-01,12.949051856994627
2019-08-02,12.966181755065918
2019-08-05,12.85484790802002
2019-08-06,12.786333084106444
2019-08-07,12.623612403869627
2019-08-08,12.692127227783203
2019-08-09,12.803461074829102
2019-08-12,12.70925521850586
2019-08-13,13.00900173187256
2019-08-14,12.812026023864746
2019-08-15,12.70925521850586
2019-08-16,12.700691223144531
2019-08-19,12.760640144348145
2019-08-20,12.794897079467772
2019-08-21,12.83771800994873
2019-08-22,12.777769088745115
2019-08-23,12.683564186096191
2019-08-26,12.674999237060549
2019-08-27,12.760640144348145
2019-08-28,12.871975898742676
2019-08-29,12.906231880187988
2019-08-30,12.700691223144531
2019-09-03,12.632177352905272
2019-09-04,12.931924819946287
2019-09-05,12.914795875549316
2019-09-06,12.949051856994627
2019-09-09,13.068950653076172
2019-09-10,13.086079597473145
2019-09-11,12.991873741149902
2019-09-12,12.9404878616333
2019-09-13,12.9404878616333
2019-09-16,13.514288902282717
2019-09-17,13.257363319396973
2019-09-18,13.171722412109377
2019-09-19,13.240235328674316
2019-09-20,13.257363319396973
2019-09-23,13.291621208190918
2019-09-24,13.137465476989746
2019-09-25,13.060386657714844
2019-09-26,13.060386657714844
2019-09-27,13.00900173187256
2019-09-30,12.880537986755373
2019-10-01,12.871975898742676
2019-10-02,12.760640144348145
2019-10-03,12.743513107299805
2019-10-04,12.84628200531006
2019-10-07,12.829154014587402
2019-10-08,12.820590019226074
2019-10-09,12.85484790802002
2019-10-10,12.9404878616333
2019-10-11,13.094643592834473
2019-10-14,13.03469467163086
2019-10-15,13.000438690185549
2019-10-16,13.017566680908203
2019-10-17,13.068950653076172
2019-10-18,13.060386657714844
2019-10-21,13.043258666992188
2019-10-22,13.060386657714844
2019-10-23,13.22310733795166
2019-10-24,13.291621208190918
2019-10-25,13.368697166442873
2019-10-28,13.317313194274902
2019-10-29,13.291621208190918
2019-10-30,13.205978393554688
2019-10-31,13.128900527954102
2019-11-01,13.368697166442873
2019-11-04,13.454339981079102
2019-11-05,13.488595962524414
2019-11-06,13.343005180358888
2019-11-07,13.334442138671877
2019-11-08,13.368697166442873
2019-11-11,13.28305721282959
2019-11-12,13.291621208190918
2019-11-13,13.317313194274902
2019-11-14,13.274491310119627
2019-11-15,13.343005180358888
2019-11-18,13.205978393554688
2019-11-19,13.086079597473145
2019-11-20,13.257363319396973
2019-11-21,13.377262115478516
2019-11-22,13.368697166442873
2019-11-25,13.368697166442873
2019-11-26,13.445775985717772
2019-11-27,13.377262115478516
2019-11-29,13.111773490905762
2019-12-02,13.094643592834473
2019-12-03,13.1032075881958
2019-12-04,13.308748245239258
2019-12-05,13.334442138671877
2019-12-06,13.420083999633787
2019-12-09,13.4029541015625
2019-12-10,13.462904930114746
2019-12-11,13.4029541015625
2019-12-12,13.522852897644045
2019-12-13,13.591367721557615
2019-12-16,13.685572624206545
2019-12-17,13.745521545410156
2019-12-18,13.754085540771484
2019-12-19,13.81403350830078
2019-12-20,13.796907424926758
2019-12-23,13.80038833618164
2019-12-24,13.861297607421877
2019-12-26,13.96571445465088
2019-12-27,13.99181842803955
2019-12-30,13.96571445465088
2019-12-31,13.878700256347656
2020-01-02,13.896102905273438
2020-01-03,14.061429977416992
2020-01-06,14.087532997131348
2020-01-07,14.078831672668455
2020-01-08,13.869998931884766
2020-01-09,13.809089660644531
2020-01-10,13.809089660644531
2020-01-13,13.704672813415527
2020-01-14,13.765582084655762
2020-01-15,13.695971488952637
2020-01-16,13.678569793701172
2020-01-17,13.722076416015623
2020-01-21,13.643763542175291
2020-01-22,13.461033821105955
2020-01-23,13.34791660308838
2020-01-24,13.147783279418944
2020-01-27,12.904146194458008
2020-01-28,12.965055465698242
2020-01-29,12.904146194458008
2020-01-30,12.791028022766112
2020-01-31,12.68661117553711
2020-02-03,12.451674461364746
2020-02-04,12.469076156616213
2020-02-05,12.660507202148438
2020-02-06,12.71271514892578
2020-02-07,12.643105506896973
2020-02-10,12.529986381530762
2020-02-11,12.573493957519531
2020-02-12,12.74752140045166
2020-02-13,12.756223678588867
2020-02-14,12.74752140045166
2020-02-18,12.843235969543455
2020-02-19,12.965055465698242
2020-02-20,12.912847518920898
2020-02-21,12.860639572143556
2020-02-24,12.617000579833984
2020-02-25,12.382062911987305
2020-02-26,12.260244369506836
2020-02-27,12.051410675048828
2020-02-28,11.84257698059082
2020-03-02,12.11232089996338
2020-03-03,12.13842487335205
2020-03-04,12.147125244140623
2020-03-05,12.016605377197266
2020-03-06,11.625043869018556
2020-03-09,10.720099449157717
2020-03-10,11.059453964233398
2020-03-11,10.85932159423828
2020-03-12,10.4242525100708
2020-03-13,10.537370681762695
2020-03-16,9.90217113494873
2020-03-17,9.745545387268066
2020-03-18,9.423593521118164
2020-03-19,9.623726844787598
2020-03-20,9.519309043884276
2020-03-23,9.632427215576172
2020-03-24,9.841259956359863
2020-03-25,10.006587028503418
2020-03-26,9.97178077697754
2020-03-27,9.936975479125977
2020-03-30,9.91087245941162
2020-03-31,9.789052963256836
2020-04-01,9.510608673095703
2020-04-02,9.693337440490724
2020-04-03,9.936975479125977
2020-04-06,9.98918342590332
2020-04-07,10.058795928955078
2020-04-08,10.032689094543455
2020-04-09,10.058795928955078
2020-04-13,10.232823371887209
2020-04-14,10.145807266235352
2020-04-15,9.936975479125977
2020-04-16,9.91087245941162
2020-04-17,9.954378128051758
2020-04-20,9.789052963256836
2020-04-21,9.327879905700684
2020-04-22,9.45840072631836
2020-04-23,9.432296752929688
2020-04-24,9.310476303100586
2020-04-27,9.136449813842772
2020-04-28,9.145150184631348
2020-04-29,9.310476303100586
2020-04-30,9.484502792358398
2020-05-01,9.362685203552246
2020-05-04,9.475802421569824
2020-05-05,9.719440460205078
2020-05-06,9.528010368347168
2020-05-07,9.58892059326172
2020-05-08,9.789052963256836
2020-05-11,9.65853214263916
2020-05-12,9.580219268798828
2020-05-13,9.484502792358398
2020-05-14,9.649829864501951
2020-05-15,9.745545387268066
2020-05-18,10.0239896774292
2020-05-19,9.997885704040527
2020-05-20,10.17191219329834
2020-05-21,10.128406524658203
2020-05-22,10.050092697143556
2020-05-26,10.15450954437256
2020-05-27,10.0239896774292
2020-05-28,10.07619857788086
2020-05-29,10.250225067138672
2020-06-01,10.311135292053224
2020-06-02,10.4242525100708
2020-06-03,10.4242525100708
2020-06-04,10.511266708374023
2020-06-05,10.720099449157717
2020-06-08,10.650487899780272
2020-06-09,10.685294151306152
2020-06-10,10.754905700683594
2020-06-11,10.40684986114502
2020-06-12,10.450358390808104
2020-06-15,10.546072959899902
2020-06-16,10.633086204528809
2020-06-17,10.580877304077148
2020-06-18,10.6417875289917
2020-06-19,10.728800773620604
2020-06-22,10.8419189453125
2020-06-23,10.789710998535156
2020-06-24,10.519968032836914
2020-06-25,10.615682601928713
2020-06-26,10.485161781311035
2020-06-29,10.65919017791748
2020-06-30,10.711398124694824
2020-07-01,10.79841136932373
2020-07-02,10.8419189453125
2020-07-06,10.928933143615724
2020-07-07,10.937633514404297
2020-07-08,11.07685661315918
2020-07-09,10.946335792541504
2020-07-10,11.015946388244627
2020-07-13,10.902828216552734
2020-07-14,10.955037117004396
2020-07-15,11.085556983947754
2020-07-16,10.99854564666748
2020-07-17,11.015946388244627
2020-07-20,11.007246017456056
2020-07-21,11.163869857788086
2020-07-22,11.233480453491213
2020-07-23,11.207377433776855
2020-07-24,11.224780082702637
2020-07-27,11.329197883605955
2020-07-28,11.26828670501709
2020-07-29,11.329197883605955
2020-07-30,11.198676109313965
2020-07-31,11.259584426879885
2020-08-03,11.372702598571776
2020-08-04,11.433613777160645
2020-08-05,11.52932834625244
2020-08-06,11.616342544555664
2020-08-07,11.459716796875
2020-08-10,11.520626068115234
2020-08-11,11.337897300720217
2020-08-12,11.459716796875
2020-08-13,11.520626068115234
2020-08-14,11.520626068115234
2020-08-17,11.712056159973145
2020-08-18,11.738161087036133
2020-08-19,11.70335578918457
2020-08-20,11.685953140258787
2020-08-21,11.572834968566896
2020-08-24,11.633745193481444
2020-08-25,11.729458808898926
2020-08-26,11.75556468963623
2020-08-27,11.712056159973145
2020-08-28,11.790369987487791
2020-08-31,11.781667709350586
2020-09-01,11.799071311950684
2020-09-02,11.642447471618652
2020-09-03,11.538029670715332
2020-09-04,11.433613777160645
2020-09-08,11.155168533325195
2020-09-09,11.259584426879885
2020-09-10,11.146467208862305
2020-09-11,11.224780082702637
2020-09-14,11.233480453491213
2020-09-15,11.294389724731444
2020-09-16,11.50322437286377
2020-09-17,11.633745193481444
2020-09-18,11.685953140258787
2020-09-21,11.398807525634766
2020-09-22,11.346598625183104
2020-09-23,11.216078758239746
2020-09-24,11.26828670501709
2020-09-25,11.26828670501709
2020-09-28,11.364002227783203
2020-09-29,11.233480453491213
2020-09-30,11.364002227783203
2020-10-01,11.224780082702637
2020-10-02,11.085556983947754
2020-10-05,11.372702598571776
2020-10-06,11.416210174560549
2020-10-07,11.459716796875
2020-10-08,11.572834968566896
2020-10-09,11.607640266418455
2020-10-12,11.485820770263672
2020-10-13,11.51192569732666
2020-10-14,11.59023666381836
2020-10-15,11.625043869018556
2020-10-16,11.54673194885254
2020-10-19,11.555432319641112
2020-10-20,11.685953140258787
2020-10-21,11.59023666381836
2020-10-22,11.625043869018556
2020-10-23,11.538029670715332
2020-10-26,11.372702598571776
2020-10-27,11.45101547241211
2020-10-28,11.146467208862305
2020-10-29,11.007246017456056
2020-10-30,11.007246017456056
2020-11-02,11.207377433776855
2020-11-03,11.276987075805664
2020-11-04,11.398807525634766
2020-11-05,11.45101547241211
2020-11-06,11.40750789642334
2020-11-09,11.54673194885254
2020-11-10,11.772967338562012
2020-11-11,11.76426601409912
2020-11-12,11.668549537658691
2020-11-13,11.616342544555664
2020-11-16,11.720758438110352
2020-11-17,11.75556468963623
2020-11-18,11.772967338562012
2020-11-19,11.772967338562012
2020-11-20,11.833876609802246
2020-11-23,11.868682861328123
2020-11-24,12.12102222442627
2020-11-25,12.225438117980955
2020-11-27,12.199335098266602
2020-11-30,12.129722595214844
2020-12-01,12.094918251037598
2020-12-02,12.147125244140623
2020-12-03,12.164527893066406
2020-12-04,12.216736793518066
2020-12-07,12.216736793518066
2020-12-08,12.234140396118164
2020-12-09,12.242840766906738
2020-12-10,12.425570487976074
2020-12-11,12.390765190124512
2020-12-14,12.425570487976074
2020-12-15,12.521285057067873
2020-12-16,12.590896606445312
2020-12-17,12.738821029663086
2020-12-18,12.782325744628906
2020-12-21,12.651805877685549
2020-12-22,12.512584686279297
2020-12-23,12.669208526611328
2020-12-24,12.704014778137209
2020-12-28,12.625702857971191
2020-12-29,12.660507202148438
2020-12-30,12.738821029663086
2020-12-31,12.791028022766112
2021-01-04,12.721417427062988
2021-01-05,13.078174591064451
2021-01-06,13.095576286315918
2021-01-07,13.156485557556152
2021-01-08,13.260902404785156
2021-01-11,13.165186882019045
2021-01-12,13.41752815246582
2021-01-13,13.382722854614258
2021-01-14,13.504542350769045
2021-01-15,13.3131103515625
2021-01-19,13.35661792755127
2021-01-20,13.36531925201416
2021-01-21,13.35661792755127
2021-01-22,13.13038158416748
2021-01-25,13.269603729248049
2021-01-26,13.29570770263672
2021-01-27,13.260902404785156
2021-01-28,13.199993133544922
2021-01-29,13.217394828796388
2021-02-01,13.469735145568848
2021-02-02,13.574152946472168
2021-02-03,13.669867515563965
2021-02-04,13.739479064941406
2021-02-05,13.809089660644531
2021-02-08,14.02662467956543
2021-02-09,14.078831672668455
2021-02-10,14.052727699279783
2021-02-11,14.02662467956543
2021-02-12,14.200651168823242
2021-02-16,14.392082214355469
2021-02-17,14.435589790344238
2021-02-18,14.383381843566896
2021-02-19,14.374679565429688
2021-02-22,14.696629524230955
2021-02-23,14.766240119934082
2021-02-24,14.992475509643556
2021-02-25,14.870656967163086
2021-02-26,14.55740737915039
2021-03-01,14.435589790344238
2021-03-02,14.496499061584473
2021-03-03,14.58351230621338
2021-03-04,14.809747695922852
2021-03-05,15.114296913146973
2021-03-08,14.905463218688965
2021-03-09,14.905463218688965
2021-03-10,15.001178741455078
2021-03-11,15.227415084838867
2021-03-12,15.157804489135742
2021-03-15,15.105595588684082
2021-03-16,15.044687271118164
2021-03-17,15.044687271118164
2021-03-18,14.331171035766602
2021-03-19,14.644421577453612
2021-03-22,14.61831760406494
2021-03-23,14.209352493286133
2021-03-24,14.58351230621338
2021-03-25,14.252859115600586
2021-03-26,14.592214584350586
2021-03-29,14.609617233276367
2021-03-30,14.374679565429688
2021-03-31,14.45299243927002
2021-04-01,14.696629524230955
2021-04-05,14.479095458984377
2021-04-06,14.531304359436035
2021-04-07,14.574811935424805
2021-04-08,14.65312385559082
2021-04-09,14.600915908813477
2021-04-12,14.609617233276367
2021-04-13,14.766240119934082
2021-04-14,15.105595588684082
2021-04-15,15.20131015777588
2021-04-16,15.17520523071289
2021-04-19,15.192607879638672
2021-04-20,15.166504859924316
2021-04-21,15.105595588684082
2021-04-22,15.227415084838867
2021-04-23,15.349233627319336
2021-04-26,15.453649520874023
2021-04-27,15.584172248840332
2021-04-28,15.610275268554688
2021-04-29,15.71469020843506
2021-04-30,15.584172248840332
2021-05-03,15.758198738098145
2021-05-04,16.001834869384766
2021-05-05,16.062746047973633
2021-05-06,16.14105796813965
2021-05-07,16.297683715820312
2021-05-10,16.184566497802734
2021-05-11,16.358591079711914
2021-05-12,16.341190338134766
2021-05-13,15.888720512390137
2021-05-14,16.01923942565918
2021-05-17,16.219371795654297
2021-05-18,16.14105796813965
2021-05-19,15.810406684875488
2021-05-20,15.645079612731934
2021-05-21,15.793004035949709
2021-05-24,16.01053810119629
2021-05-25,15.958330154418944
2021-05-26,15.984435081481934
2021-05-27,16.236774444580078
2021-05-28,16.184566497802734
2021-06-01,16.471712112426758
2021-06-02,16.558727264404297
2021-06-03,16.419504165649414
2021-06-04,16.602231979370117
2021-06-07,16.628337860107422
2021-06-08,16.793663024902344
2021-06-09,16.715349197387695
2021-06-10,16.776260375976562
2021-06-11,16.72405242919922
2021-06-14,16.628337860107422
2021-06-15,16.558727264404297
2021-06-16,16.463010787963867
2021-06-17,16.03664207458496
2021-06-18,16.201969146728516
2021-06-21,16.402101516723633
2021-06-22,16.428203582763672
2021-06-23,16.532623291015625
2021-06-24,16.59353256225586
2021-06-25,16.5239200592041
2021-06-28,16.51521873474121
2021-06-29,16.59353256225586
2021-06-30,16.750154495239258
2021-07-01,16.811063766479492
2021-07-02,16.967689514160156
2021-07-06,16.506515502929688
2021-07-07,16.306385040283203
2021-07-08,16.445608139038086
2021-07-09,16.637039184570312
2021-07-12,16.66314125061035
2021-07-13,16.802364349365234
2021-07-14,16.637039184570312
2021-07-15,16.55002212524414
2021-07-16,16.55002212524414
2021-07-19,15.888720512390137
2021-07-20,16.1236572265625
2021-07-21,16.445608139038086
2021-07-22,16.576129913330078
2021-07-23,16.66314125061035
2021-07-26,16.784961700439453
2021-07-27,16.689247131347656
2021-07-28,16.767559051513672
2021-07-29,17.063405990600586
2021-07-30,16.967689514160156
2021-08-02,16.784961700439453
2021-08-03,16.706649780273438
2021-08-04,16.436904907226562
2021-08-05,16.680543899536133
2021-08-06,16.541324615478516
2021-08-09,16.306385040283203
2021-08-10,16.602231979370117
2021-08-11,16.750154495239258
2021-08-12,16.689247131347656
2021-08-13,16.59353256225586
2021-08-16,16.55002212524414
2021-08-17,16.367294311523438
2021-08-18,16.175865173339844
2021-08-19,15.949629783630373
2021-08-20,15.575469970703123
2021-08-23,16.14105796813965
2021-08-24,16.48041343688965
2021-08-25,16.628337860107422
2021-08-26,16.49781608581543
2021-08-27,16.706649780273438
2021-08-30,16.767559051513672
2021-08-31,16.689247131347656
2021-09-01,16.610933303833008
2021-09-02,16.802364349365234
2021-09-03,16.819766998291016
2021-09-07,16.628337860107422
2021-09-08,16.750154495239258
2021-09-09,16.628337860107422
2021-09-10,16.845870971679688
2021-09-13,16.97639274597168
2021-09-14,16.967689514160156
2021-09-15,17.24613380432129
2021-09-16,17.124317169189453
2021-09-17,16.98509407043457
2021-09-20,16.784961700439453
2021-09-21,16.802364349365234
2021-09-22,16.99379539489746
2021-09-23,17.25483512878418
2021-09-24,17.333148956298828
2021-09-27,17.568086624145508
2021-09-28,17.428863525390625
2021-09-29,17.446266174316406
2021-09-30,17.559383392333984
2021-10-01,17.794322967529297
2021-10-04,18.081466674804688
2021-10-05,18.30770301818848
2021-10-06,18.00315284729004
2021-10-07,18.229389190673828
2021-10-08,18.29030036926269
2021-10-11,18.4121208190918
2021-10-12,18.4121208190918
2021-10-13,18.51653480529785
2021-10-14,18.70796585083008
2021-10-15,18.86459350585937
2021-10-18,18.75147247314453
2021-10-19,18.794979095458984
2021-10-20,19.003812789916992
2021-10-21,18.7166690826416
2021-10-22,18.803682327270508
2021-10-25,18.899398803710938
2021-10-26,18.925500869750977
2021-10-27,18.57744598388672
2021-10-28,18.67316055297852
2021-10-29,18.57744598388672
2021-11-01,18.7166690826416
2021-11-02,18.768877029418945
2021-11-03,18.29030036926269
2021-11-04,18.17718315124512
2021-11-05,18.429521560668945
2021-11-08,18.54264068603516
2021-11-09,18.690563201904297
2021-11-10,18.455625534057617
2021-11-11,18.58614730834961
2021-11-12,18.560043334960938
2021-11-15,18.568744659423828
2021-11-16,18.54264068603516
2021-11-17,18.377315521240234
2021-11-18,18.43822479248047
2021-11-19,18.142377853393555
2021-11-22,18.272899627685547
2021-11-23,18.60354995727539
2021-11-24,18.53393745422364
2021-11-26,17.428863525390625
2021-11-29,17.428863525390625
2021-11-30,16.950286865234375
2021-12-01,16.802364349365234
2021-12-02,16.950286865234375
2021-12-03,16.967689514160156
2021-12-06,17.26353645324707
2021-12-07,17.524578094482422
2021-12-08,17.75951385498047
2021-12-09,17.48977279663086
2021-12-10,17.689905166625977
2021-12-13,17.60289192199707
2021-12-14,17.446266174316406
2021-12-15,17.533279418945312
2021-12-16,17.637697219848633
2021-12-17,17.428863525390625
2021-12-20,17.307044982910156
2021-12-21,17.672502517700195
2021-12-22,17.88133430480957
2021-12-23,17.97705078125
2021-12-27,18.20328521728516
2021-12-28,18.1684799194336
2021-12-29,18.255495071411133
2021-12-30,18.1684799194336
2021-12-31,18.081466674804688
2022-01-03,18.151079177856445
2022-01-04,18.36861228942871
2022-01-05,18.29030036926269
2022-01-06,18.44692611694336
2022-01-07,18.48172950744629
2022-01-10,18.40341758728028
2022-01-11,18.760173797607425
2022-01-12,18.90809631347656
2022-01-13,18.70796585083008
2022-01-14,18.95160484313965
2022-01-18,19.099529266357425
2022-01-19,19.20394515991211
2022-01-20,19.13433265686035
2022-01-21,19.15173721313477
2022-01-24,19.10822868347168
2022-01-25,19.28225898742676
2022-01-26,19.32576370239257
2022-01-27,19.421476364135746
2022-01-28,19.43888092041016
2022-01-31,19.508495330810547
2022-02-01,19.58680534362793
2022-02-02,19.665117263793945
2022-02-03,19.70862579345703
2022-02-04,19.865249633789062
2022-02-07,19.90875625610352
2022-02-08,19.734729766845703
2022-02-09,19.934860229492188
2022-02-10,19.830446243286133
2022-02-11,20.12629127502441
2022-02-14,20.23070526123047
2022-02-15,19.90005683898925
2022-02-16,19.926158905029297
2022-02-17,20.091487884521484
2022-02-18,20.169797897338867
2022-02-22,20.45694351196289
2022-02-23,20.648372650146484
2022-02-24,20.735387802124023
2022-02-25,20.42213630676269
2022-02-28,20.77019500732422
2022-03-01,21.605525970458984
2022-03-02,22.31033706665039
2022-03-03,22.553974151611328
2022-03-04,23.502426147460938
2022-03-07,24.01580810546875
2022-03-08,24.42477226257324
2022-03-09,22.484363555908203
2022-03-10,22.214624404907227
2022-03-11,22.59748268127441
2022-03-14,21.936176300048828
2022-03-15,21.396692276000977
2022-03-16,21.21396255493164
2022-03-17,22.232023239135746
2022-03-18,22.33644294738769
2022-03-21,23.17177391052246
2022-03-22,23.11956596374512
2022-03-23,23.693857192993164
2022-03-24,23.45891761779785
2022-03-25,23.63294792175293
2022-03-28,22.606185913085938
2022-03-29,22.69319725036621
2022-03-30,23.102161407470703
2022-03-31,22.67579460144043
2022-04-01,22.823719024658203
2022-04-04,23.258787155151367
2022-04-05,23.067358016967773
2022-04-06,22.88462829589844
2022-04-07,22.96294212341309
2022-04-08,23.25008773803711
2022-04-11,23.058656692504883
2022-04-12,23.746065139770508
2022-04-13,24.26814651489257
2022-04-14,24.45087623596192
2022-04-18,24.729320526123047
2022-04-19,24.0941219329834
2022-04-20,24.12022399902344
2022-04-21,24.085418701171875
2022-04-22,23.624244689941406
2022-04-25,23.450220108032227
2022-04-26,23.77216911315918
2022-04-27,23.9374942779541
2022-04-28,24.13762664794922
2022-04-29,23.95489883422852
2022-05-02,24.320358276367188
2022-05-03,23.981002807617188
2022-05-04,24.729320526123047
2022-05-05,24.59879875183105
2022-05-06,24.62490463256836
2022-05-09,23.51112937927246
2022-05-10,23.37190628051757
2022-05-11,23.946197509765625
2022-05-12,24.05931663513184
2022-05-13,24.38996696472168
2022-05-16,24.79022979736328
2022-05-17,24.520488739013672
2022-05-18,23.989702224731445
2022-05-19,24.29425048828125
2022-05-20,24.32905578613281
2022-05-23,24.51178741455078
2022-05-24,24.494382858276367
2022-05-25,24.668413162231445
2022-05-26,24.938152313232425
2022-05-27,25.23400115966797
2022-05-31,25.059972763061523
2022-06-01,25.181793212890625
2022-06-02,25.756084442138672
2022-06-03,25.99972152709961
2022-06-06,26.112838745117188
2022-06-07,26.286869049072266
2022-06-08,26.521804809570312
2022-06-09,26.5653133392334
2022-06-10,26.30426979064941
2022-06-13,26.0084228515625
2022-06-14,25.72127914428711
2022-06-15,25.73868179321289
2022-06-16,25.85179710388184
2022-06-17,24.929452896118164
2022-06-21,24.86854362487793
2022-06-22,24.42477226257324
2022-06-23,23.8765869140625
2022-06-24,24.102821350097656
2022-06-27,24.05061149597168
2022-06-28,24.337759017944336
2022-06-29,23.92009162902832
2022-06-30,23.18047332763672
2022-07-01,23.29359245300293
2022-07-05,21.727344512939453
2022-07-06,21.4053955078125
2022-07-07,22.29293441772461
2022-07-08,22.68449592590332
2022-07-11,22.640993118286133
2022-07-12,21.61422538757324
2022-07-13,21.736047744750977
2022-07-14,21.53591537475586
2022-07-15,21.814359664916992
2022-07-18,22.22332572937012
2022-07-19,22.31033706665039
2022-07-20,22.29293441772461
2022-07-21,21.91877555847168
2022-07-22,21.657733917236328
2022-07-25,22.04929542541504
2022-07-26,22.092803955078125
2022-07-27,22.59748268127441
2022-07-28,22.61488342285156
2022-07-29,22.71930313110352
2022-08-01,22.25812721252441
2022-08-02,22.14501190185547
2022-08-03,21.95358085632324
2022-08-04,21.71864318847656
2022-08-05,21.64033317565918
2022-08-08,21.90137481689453
2022-08-09,22.0841007232666
2022-08-10,22.388647079467773
2022-08-11,22.823719024658203
2022-08-12,22.70190048217773
2022-08-15,22.42345428466797
2022-08-16,22.171113967895508
2022-08-17,22.25812721252441
2022-08-18,22.59748268127441
2022-08-19,22.58877944946289
2022-08-22,22.78891372680664
2022-08-23,23.163070678710938
2022-08-24,23.40671157836914
2022-08-25,23.076059341430664
2022-08-26,23.17177391052246
2022-08-29,23.51112937927246
2022-08-30,22.85852432250977
2022-08-31,22.37994956970215
2022-09-01,21.90137481689453
2022-09-02,22.04929542541504
2022-09-06,21.91877555847168
2022-09-07,21.396692276000977
2022-09-08,21.48370361328125
2022-09-09,22.092803955078125
2022-09-12,22.39735221862793
2022-09-13,22.28423500061035
2022-09-14,22.37994956970215
2022-09-15,21.727344512939453
2022-09-16,21.649030685424805
2022-09-19,21.71864318847656
2022-09-20,21.69253921508789
2022-09-21,21.56201934814453
2022-09-22,21.62292861938477
2022-09-23,20.892013549804688
2022-09-26,20.404735565185547
2022-09-27,20.622270584106445
2022-09-28,21.19655990600586
2022-09-29,21.066038131713867
2022-09-30,20.80499839782715
2022-10-03,21.274873733520508
2022-10-04,21.849164962768555
2022-10-05,22.240726470947266
2022-10-06,22.37994956970215
2022-10-07,22.61488342285156
2022-10-10,22.362546920776367
2022-10-11,22.04059410095215
2022-10-12,22.04059410095215
2022-10-13,22.345144271850582
2022-10-14,21.90137481689453
2022-10-17,21.849164962768555
2022-10-18,21.61422538757324
2022-10-19,21.605525970458984
2022-10-20,21.62292861938477
2022-10-21,21.649030685424805
2022-10-24,21.709941864013672
2022-10-25,21.831764221191406
2022-10-26,22.240726470947266
2022-10-27,22.275531768798828
2022-10-28,22.01449203491211
2022-10-31,21.857866287231445
2022-11-01,22.18851852416992
2022-11-02,22.388647079467773
2022-11-03,22.371244430541992
2022-11-04,23.128267288208008
2022-11-07,22.928136825561523
2022-11-08,22.64969062805176
2022-11-09,22.127609252929688
2022-11-10,22.32773971557617
2022-11-11,22.75410842895508
2022-11-14,22.41475486755371
2022-11-15,22.67579460144043
2022-11-16,22.42345428466797
2022-11-17,22.04929542541504
2022-11-18,21.892671585083008
2022-11-21,21.814359664916992
2022-11-22,22.04059410095215
2022-11-23,21.736047744750977
2022-11-25,21.54461669921875
2022-11-28,21.41409683227539
2022-11-29,21.69253921508789
2022-11-30,22.17981719970703
2022-12-01,22.06669807434082
2022-12-02,21.831764221191406
2022-12-05,21.266172409057617
2022-12-06,20.92681884765625
2022-12-07,20.82240104675293
2022-12-08,20.787595748901367
2022-12-09,20.81369972229004
2022-12-12,21.039936065673828
2022-12-13,21.38799095153809
2022-12-14,21.55331802368164
2022-12-15,21.292274475097656
2022-12-16,21.022533416748047
2022-12-19,20.983139038085938
2022-12-20,21.07943344116211
2022-12-21,21.350807189941406
2022-12-22,21.07943344116211
2022-12-23,21.4646053314209
2022-12-27,21.65719223022461
2022-12-28,21.41208267211914
2022-12-29,21.385820388793945
2022-12-30,21.578407287597656
2023-01-03,21.06192398071289
2023-01-04,20.68550682067871
2023-01-05,20.580461502075195
2023-01-06,20.69426155090332
2023-01-09,20.93936920166016
2023-01-10,20.93936920166016
2023-01-11,21.3157901763916
2023-01-12,21.49086570739746
2023-01-13,21.700963973999023
2023-01-17,21.849777221679688
2023-01-18,21.613422393798828
2023-01-19,21.83227157592773
2023-01-20,21.96358108520508
2023-01-23,22.016101837158203
2023-01-24,21.8935489654541
2023-01-25,21.83227157592773
2023-01-26,21.92856407165528
2023-01-27,21.683454513549805
2023-01-30,21.403329849243164
2023-01-31,21.770994186401367
2023-02-01,21.35955810546875
2023-02-02,21.201988220214844
2023-02-03,20.66800117492676
2023-02-06,20.729278564453125
2023-02-07,21.12320327758789
2023-02-08,21.16697120666504
2023-02-09,21.000646591186523
2023-02-10,21.298280715942383
2023-02-13,21.254512786865234
2023-02-14,21.32454299926757
2023-02-15,21.09694099426269
2023-02-16,21.035663604736328
2023-02-17,20.878093719482425
2023-02-21,20.904354095458984
2023-02-22,20.63298416137696
2023-02-23,20.79055404663086
2023-02-24,20.72052383422852
2023-02-27,20.73802947998047
2023-02-28,20.79930877685547
2023-03-01,21.158218383789062
2023-03-02,21.07943344116211
2023-03-03,21.41208267211914
2023-03-06,21.307035446166992
2023-03-07,20.86933898925781
2023-03-08,20.75553703308105
2023-03-09,20.50167655944824
2023-03-10,20.72052383422852
2023-03-13,20.58921432495117
2023-03-14,20.326595306396484
2023-03-15,19.85388565063477
2023-03-16,19.915163040161133
2023-03-17,19.85388565063477
2023-03-20,19.93267059326172
2023-03-21,20.002700805664062
2023-03-22,20.055225372314453
2023-03-23,20.002700805664062
2023-03-24,20.0989933013916
2023-03-27,20.475414276123047
2023-03-28,20.571706771850582
2023-03-29,20.440399169921875
2023-03-30,20.58921432495117
2023-03-31,20.781801223754883
2023-04-03,21.12320327758789
2023-04-04,21.09694099426269
2023-04-05,21.17572784423828
2023-04-06,21.11445045471192
2023-04-10,21.11445045471192
2023-04-11,21.22825050354004
2023-04-12,21.394575119018555
2023-04-13,21.394575119018555
2023-04-14,21.42083549499512
2023-04-17,21.333297729492188
2023-04-18,21.37706756591797
2023-04-19,21.07943344116211
2023-04-20,20.89560317993164
2023-04-21,20.851831436157227
2023-04-24,21.018156051635746
2023-04-25,20.72052383422852
2023-04-26,20.40538215637207
2023-04-27,20.431644439697266
2023-04-28,20.624229431152344
2023-05-01,20.44915199279785
2023-05-02,19.98519325256348
2023-05-03,19.73133087158203
2023-05-04,19.810115814208984
2023-05-05,20.25656509399414
2023-05-08,20.35285758972168
2023-05-09,20.414134979248047
2023-05-10,20.35285758972168
2023-05-11,20.002700805664062
2023-05-12,19.84513282775879
2023-05-15,20.072734832763672
2023-05-16,19.85388565063477
2023-05-17,20.09024238586425
2023-05-18,19.90641021728516
2023-05-19,19.880146026611328
2023-05-22,19.89765357971192
2023-05-23,19.9764404296875
2023-05-24,19.98519325256348
2023-05-25,19.67005157470703
2023-05-26,19.98519325256348
2023-05-30,19.52123641967773
2023-05-31,19.30238914489746
2023-06-01,19.61752891540528
2023-06-02,19.87139320373535
2023-06-05,19.81886863708496
2023-06-06,19.84513282775879
2023-06-07,19.923917770385746
2023-06-08,19.95893096923828
2023-06-09,19.836376190185547
2023-06-12,19.56500816345215
2023-06-13,19.82762336730957
2023-06-14,19.87139320373535
2023-06-15,20.291580200195312
2023-06-16,20.54544448852539
2023-06-20,20.36161231994629
2023-06-21,20.65924644470215
2023-06-22,20.27407455444336
2023-06-23,20.055225372314453
2023-06-26,20.08148765563965
2023-06-27,19.7575912475586
2023-06-28,19.69631576538086
2023-06-29,19.70506858825684
2023-06-30,19.87139320373535
2023-07-03,19.87139320373535
2023-07-05,19.99394798278809
2023-07-06,19.950180053710938
2023-07-07,20.11650276184082
2023-07-10,20.1602725982666
2023-07-11,20.39662742614746
2023-07-12,20.54544448852539
2023-07-13,20.834321975708008
2023-07-14,20.69426155090332
2023-07-17,20.527936935424805
2023-07-18,20.79930877685547
2023-07-19,20.9131088256836
2023-07-20,20.97438621520996
2023-07-21,21.08819007873535
2023-07-24,21.4646053314209
2023-07-25,21.543392181396484
2023-07-26,21.438344955444336
2023-07-27,21.385820388793945
2023-07-28,21.51712989807129
2023-07-31,21.60466957092285
2023-08-01,21.49086570739746
2023-08-02,21.16697120666504
2023-08-03,21.36831283569336
2023-08-04,21.403329849243164
2023-08-07,21.41208267211914
2023-08-08,21.385820388793945
2023-08-09,21.534639358520508
2023-08-10,21.42083549499512
2023-08-11,21.385820388793945
2023-08-14,21.2807731628418
2023-08-15,21.026912689208984
2023-08-16,20.93936920166016
2023-08-17,20.99189567565918
2023-08-18,21.14071083068848
2023-08-21,21.08819007873535
2023-08-22,21.09694099426269
2023-08-23,21.14071083068848
2023-08-24,21.158218383789062
2023-08-25,21.36831283569336
2023-08-28,21.333297729492188
2023-08-29,21.41208267211914
2023-08-30,21.438344955444336
2023-08-31,21.525882720947266
2023-09-01,21.779747009277344
2023-09-05,21.88479423522949
2023-09-06,21.93731689453125
2023-09-07,21.8935489654541
2023-09-08,21.93731689453125
2023-09-11,22.06862449645996
2023-09-12,22.147411346435547
2023-09-13,22.21744155883789
2023-09-14,22.401275634765625
2023-09-15,22.348752975463867
2023-09-18,22.33999824523925
2023-09-19,22.35750770568848
2023-09-20,22.173673629760746
2023-09-21,22.10364151000977
2023-09-22,22.12114906311035
2023-09-25,22.016101837158203
2023-09-26,21.98984146118164
2023-09-27,22.11239624023437
2023-09-28,22.08613395690918
2023-09-29,21.849777221679688
2023-10-02,21.683454513549805
2023-10-03,21.58716011047364
2023-10-04,20.983139038085938
2023-10-05,20.86058616638184
2023-10-06,20.93936920166016
2023-10-09,21.37706756591797
2023-10-10,21.32454299926757
2023-10-11,21.201988220214844
2023-10-12,21.193233489990234
2023-10-13,21.75348472595215
2023-10-16,21.683454513549805
2023-10-17,21.74473190307617
2023-10-18,21.93731689453125
2023-10-19,22.164918899536133
2023-10-20,21.998594284057617
2023-10-23,21.858531951904297
2023-10-24,21.62217712402344
2023-10-25,21.779747009277344
2023-10-26,21.59591484069824
2023-10-27,21.88479423522949
2023-10-30,21.534639358520508
2023-10-31,21.45585250854492
2023-11-01,21.49086570739746
2023-11-02,21.718469619750977
2023-11-03,21.60466957092285
2023-11-06,21.69220733642578
2023-11-07,21.22825050354004
2023-11-08,20.99189567565918
2023-11-09,20.93936920166016
2023-11-10,21.044418334960938
2023-11-13,21.350807189941406
2023-11-14,21.3157901763916
2023-11-15,21.17572784423828
2023-11-16,20.66800117492676
2023-11-17,20.965633392333984
2023-11-20,21.22825050354004
2023-11-21,21.350807189941406
2023-11-22,21.16697120666504
2023-11-24,21.026912689208984
2023-11-27,20.88684844970703
2023-11-28,21.14071083068848
2023-11-29,21.289527893066406
2023-11-30,20.93061637878418
2023-12-01,20.834321975708008
2023-12-04,20.69426155090332
2023-12-05,20.510427474975582
2023-12-06,20.011457443237305
2023-12-07,20.046470642089844
2023-12-08,20.134010314941406
2023-12-11,20.06397819519043
2023-12-12,19.7575912475586
2023-12-13,19.98519325256348
2023-12-14,20.317842483520508
2023-12-15,20.35285758972168
2023-12-18,20.498884201049805
2023-12-19,20.655014038085938
2023-12-20,20.416229248046875
2023-12-21,20.452964782714844
2023-12-22,20.416229248046875
2023-12-26,20.61827850341797
2023-12-27,20.52643775939941
2023-12-28,20.351940155029297
2023-12-29,20.24173164367676
2024-01-02,20.07641792297364
2024-01-03,20.33357048034668
2024-01-04,20.223363876342773
2024-01-05,20.324386596679688
2024-01-08,20.03049659729004
2024-01-09,20.177440643310547
2024-01-10,20.03968048095703
2024-01-11,20.18662643432617
2024-01-12,20.260099411010746
2024-01-16,20.08560371398925
2024-01-17,20.05805015563965
2024-01-18,20.18662643432617
2024-01-19,20.149890899658203
2024-01-22,20.23254776000977
2024-01-23,20.342756271362305
2024-01-24,20.517253875732425
2024-01-25,20.673383712768555
2024-01-26,20.76522445678711
2024-01-29,20.59072494506836
2024-01-30,20.72848892211914
2024-01-31,20.50806999206543
2024-02-01,20.260099411010746
2024-02-02,20.03049659729004
2024-02-05,20.11315155029297
2024-02-06,20.18662643432617
2024-02-07,20.278467178344727
2024-02-08,20.3886775970459
2024-02-09,20.44378089904785
2024-02-12,20.452964782714844
2024-02-13,20.33357048034668
2024-02-14,20.14070510864257
2024-02-15,20.18662643432617
2024-02-16,20.23254776000977
2024-02-20,20.1223373413086
2024-02-21,20.20499420166016
2024-02-22,20.260099411010746
2024-02-23,19.96620750427246
2024-02-26,20.149890899658203
2024-02-27,20.306018829345703
2024-02-28,20.223363876342773
2024-02-29,20.195810317993164
2024-03-01,20.29683494567871
2024-03-04,20.36112403869629
2024-03-05,20.20499420166016
2024-03-06,20.37030792236328
2024-03-07,20.425413131713867
2024-03-08,20.36112403869629
2024-03-11,20.53562355041504
2024-03-12,20.48051643371582
2024-03-13,20.76522445678711
2024-03-14,20.829513549804688
2024-03-15,20.90298652648925
2024-03-18,21.095849990844727
2024-03-19,21.08666610717773
2024-03-20,21.03156280517578
2024-03-21,21.004011154174805
2024-03-22,20.857065200805664
2024-03-25,21.03156280517578
2024-03-26,20.866249084472656
2024-03-27,20.847881317138672
2024-03-28,21.095849990844727
2024-04-01,21.196876525878903
2024-04-02,21.389741897583008
2024-04-03,21.646896362304688
2024-04-04,21.70200157165528
2024-04-05,21.81221008300781
2024-04-08,21.80302619934082
2024-04-09,21.68363380432129
2024-04-10,21.793842315673828
2024-04-11,21.757104873657227
2024-04-12,21.784656524658203
2024-04-15,21.81221008300781
2024-04-16,21.77547264099121
2024-04-17,21.43566131591797
2024-04-18,21.426477432250977
2024-04-19,21.52750396728516
2024-04-22,21.52750396728516
2024-04-23,21.61934471130371
2024-04-24,21.5917911529541
2024-04-25,21.71118354797364
2024-04-26,21.72955322265625
2024-04-29,21.71118354797364
2024-04-30,21.43566131591797
2024-05-01,21.123403549194336
2024-05-02,21.196876525878903
2024-05-03,21.22443008422852
2024-05-06,21.46321487426757
2024-05-07,21.4448471069336
2024-05-08,21.334636688232425
2024-05-09,21.417293548583984
2024-05-10,21.38055992126465
2024-05-13,21.518320083618164
2024-05-14,21.426477432250977
2024-05-15,21.499950408935547
2024-05-16,21.5550537109375
2024-05-17,21.77547264099121
2024-05-20,21.968339920043945
2024-05-21,21.87649726867676
2024-05-22,21.56423759460449
2024-05-23,21.454030990600582
2024-05-24,21.600976943969727
2024-05-28,21.98670959472656
2024-05-29,21.757104873657227
2024-05-30,21.47239875793457
2024-05-31,21.371374130249023
2024-06-03,21.06829833984375
2024-06-04,20.857065200805664
2024-06-05,20.930538177490234
2024-06-06,21.2060604095459
2024-06-07,20.90298652648925
2024-06-10,21.2060604095459
2024-06-11,21.17850875854492
2024-06-12,21.25197982788086
2024-06-13,21.270347595214844
2024-06-14,21.18769264221192
2024-06-17,21.26116371154785
2024-06-18,21.43566131591797
2024-06-20,21.48158264160156
2024-06-21,21.307085037231445
2024-06-24,21.48158264160156
2024-06-25,21.27953338623047
2024-06-26,21.31626892089844
2024-06-27,21.426477432250977
2024-06-28,21.334636688232425
2024-07-01,21.61016082763672
2024-07-02,21.63771247863769
2024-07-03,21.757104873657227
2024-07-05,21.839763641357425
2024-07-08,21.54587173461914
2024-07-09,21.398923873901367
2024-07-10,21.398923873901367
2024-07-11,21.47239875793457
2024-07-12,21.389741897583008
2024-07-15,21.233612060546875
2024-07-16,21.17850875854492
2024-07-17,21.17850875854492
2024-07-18,21.02237892150879
2024-07-19,20.737672805786133
2024-07-22,20.79277610778809
2024-07-23,20.599910736083984
2024-07-24,20.59072494506836
2024-07-25,20.63664627075196
2024-07-26,20.425413131713867
2024-07-29,20.33357048034668
2024-07-30,20.2692813873291
2024-07-31,20.737672805786133
2024-08-01,20.48970031738281
2024-08-02,20.11315155029297
2024-08-05,20.07641792297364
2024-08-06,19.911104202270508
2024-08-07,20.094785690307617
2024-08-08,20.278467178344727
2024-08-09,20.39785957336425
2024-08-12,20.682567596435547
2024-08-13,20.48970031738281
2024-08-14,20.36112403869629
2024-08-15,20.52643775939941
2024-08-16,20.39785957336425
2024-08-19,20.28765106201172
2024-08-20,20.20499420166016
2024-08-21,20.10396957397461
2024-08-22,20.08560371398925
2024-08-23,20.44378089904785
2024-08-26,20.655014038085938
2024-08-27,20.55398941040039
2024-08-28,20.306018829345703
2024-08-29,20.53562355041504
2024-08-30,20.306018829345703
2024-09-03,19.90192031860352
2024-09-04,19.75497436523437
2024-09-05,19.800893783569336
2024-09-06,19.534557342529297
2024-09-09,19.58966064453125
2024-09-10,19.3049545288086
2024-09-11,19.47945022583008
2024-09-12,19.85599899291992
2024-09-13,19.892736434936523
2024-09-16,20.03968048095703
2024-09-17,20.177440643310547
2024-09-18,20.048864364624023
2024-09-19,20.407045364379883
2024-09-20,20.407045364379883
2024-09-23,20.416229248046875
2024-09-24,20.756038665771484
2024-09-25,20.58154296875
2024-09-26,20.39785957336425
2024-09-27,20.498884201049805
2024-09-30,20.452964782714844
2024-10-01,20.81114387512207
2024-10-02,20.98564338684082
2024-10-03,21.28871726989746
2024-10-04,21.343822479248047
2024-10-07,21.63771247863769
2024-10-08,21.132587432861328
2024-10-09,20.948904037475582
2024-10-10,21.36219024658203
2024-10-11,21.38055992126465
2024-10-14,21.0499324798584
2024-10-15,20.645830154418945
2024-10-16,20.59072494506836
2024-10-17,20.61827850341797
2024-10-18,20.50806999206543
2024-10-21,20.572359085083008
2024-10-22,20.930538177490234
2024-10-23,20.81114387512207
2024-10-24,20.80195999145508
2024-10-25,20.948904037475582
2024-10-28,20.3886775970459
2024-10-29,20.351940155029297
2024-10-30,20.609094619750977
2024-10-31,20.74685478210449
2024-11-01,20.52643775939941
2024-11-04,20.87543296813965
2024-11-05,21.004011154174805
2024-11-06,20.7744083404541
2024-11-07,20.98564338684082
2024-11-08,20.66419982910156
2024-11-11,20.33357048034668
2024-11-12,20.223363876342773
2024-11-13,20.159074783325195
2024-11-14,20.14070510864257
2024-11-15,20.03968048095703
2024-11-18,20.498884201049805
2024-11-19,20.563173294067383
2024-11-20,20.55398941040039
2024-11-21,20.700937271118164
2024-11-22,20.71930313110352
2024-11-25,20.425413131713867
2024-11-26,20.425413131713867
2024-11-27,20.315204620361328
2024-11-29,20.33357048034668
2024-12-02,20.18662643432617
2024-12-03,20.416229248046875
2024-12-04,20.306018829345703
2024-12-05,20.278467178344727
2024-12-06,20.1223373413086
2024-12-09,20.315204620361328
2024-12-10,20.36112403869629
2024-12-11,20.61827850341797
2024-12-12,20.53562355041504
2024-12-13,20.52643775939941
2024-12-16,20.416229248046875
2024-12-17,20.278467178344727
2024-12-18,20.094785690307617
2024-12-19,20.094785690307617
2024-12-20,20.223363876342773
2024-12-23,20.238842010498047
2024-12-24,20.35493469238281
2024-12-26,20.2968864440918
2024-12-27,20.393630981445312
2024-12-30,20.57744598388672
2024-12-31,20.683862686157227
2025-01-02,20.887025833129883
2025-01-03,20.780607223510746
2025-01-06,20.819305419921875
2025-01-07,20.91604995727539
2025-01-08,20.87735176086425
2025-01-10,21.43846702575684
2025-01-13,21.5932559967041
2025-01-14,21.58358192443848
2025-01-15,21.931861877441406
2025-01-16,21.83511734008789
2025-01-17,21.73837280273437
2025-01-21,21.631956100463867
2025-01-22,21.612606048583984
2025-01-23,21.53521156311035
2025-01-24,21.544885635375977
2025-01-27,21.21595573425293
2025-01-28,21.23530578613281
2025-01-29,21.274002075195312
2025-01-30,21.29335021972656
2025-01-31,21.25465202331543
2025-02-03,21.41911697387696
2025-02-04,21.47716522216797
2025-02-05,21.34172248840332
2025-02-06,21.351396560668945
2025-02-07,21.36107063293457
2025-02-10,21.670652389526367
2025-02-11,21.83511734008789
2025-02-12,21.5932559967041
2025-02-13,21.699676513671875
2025-02-14,21.7093505859375
2025-02-18,22.02860450744629
2025-02-19,22.20274543762207
2025-02-20,22.231767654418945
2025-02-21,21.92218589782715
2025-02-24,21.84479141235352
2025-02-25,21.60293197631836
2025-02-26,21.41911697387696
2025-02-27,21.44814109802246
2025-02-28,21.283676147460938
2025-03-03,21.14823532104492
2025-03-04,21.21595573425293
2025-03-05,21.157909393310547
2025-03-06,21.051490783691406
2025-03-07,21.23530578613281
2025-03-10,21.099863052368164
2025-03-11,21.21595573425293
2025-03-12,21.21595573425293
2025-03-13,21.138561248779297
2025-03-14,21.25465202331543
2025-03-17,21.399770736694336
2025-03-18,21.351396560668945
2025-03-19,21.48683738708496
2025-03-20,21.525535583496094
2025-03-21,21.399770736694336
2025-03-24,21.47716522216797
2025-03-25,21.506187438964844
2025-03-26,21.47716522216797
2025-03-27,21.53521156311035
2025-03-28,21.467491149902344
2025-03-31,21.767396926879883
2025-04-01,21.777070999145508
2025-04-02,21.912511825561523
2025-04-03,21.03214263916016
2025-04-04,20.267866134643555
2025-04-07,19.948610305786133
2025-04-08,19.50358772277832
2025-04-09,20.20981788635254
2025-04-10,19.958282470703125
2025-04-11,20.248516082763672
2025-04-14,20.258190155029297
2025-04-15,20.20981788635254
2025-04-16,20.46135139465332
2025-04-17,20.674190521240234
2025-04-21,20.500049591064453
2025-04-22,20.59679412841797
2025-04-23,20.44200325012207
2025-04-24,20.625816345214844
2025-04-25,20.65484046936035
2025-04-28,20.538747787475582
2025-04-29,20.277538299560547
2025-04-30,19.900236129760746
2025-05-01,19.99698066711425
2025-05-02,20.08405113220215
2025-05-05,19.967958450317383
2025-05-06,20.267866134643555
2025-05-07,20.01633071899414
2025-05-08,20.277538299560547
2025-05-09,20.432329177856445
2025-05-12,20.567771911621094
2025-05-13,20.887025833129883
2025-05-14,20.780607223510746
2025-05-15,20.57744598388672
2025-05-16,20.500049591064453
2025-05-19,20.47102737426757
2025-05-20,20.732234954833984
2025-05-21,20.70321273803711
2025-05-22,20.59679412841797
2025-05-23,20.71288681030273
2025-05-27,20.529071807861328
2025-05-28,20.46135139465332
2025-05-29,20.35493469238281
2025-05-30,20.20014190673828
2025-06-02,20.625816345214844
2025-06-03,20.76125717163086
2025-06-04,20.683862686157227
2025-06-05,20.780607223510746
2025-06-06,20.945072174072266
2025-06-09,20.96442031860352
2025-06-10,20.91604995727539
2025-06-11,21.25465202331543
2025-06-12,21.25465202331543
2025-06-13,21.912511825561523
2025-06-16,21.8641414642334
2025-06-17,22.328510284423828
2025-06-18,22.38655662536621
2025-06-20,22.50265121459961
2025-06-23,21.670652389526367
2025-06-24,21.14823532104492
2025-06-25,21.11921119689941
2025-06-26,21.196605682373047
2025-06-27,21.090187072753903
2025-06-30,21.099863052368164
2025-07-01,21.21595573425293
2025-07-02,21.564233779907227
2025-07-03,21.5545597076416
2025-07-07,21.53521156311035
2025-07-08,21.60293197631836
2025-07-09,21.564233779907227
2025-07-10,21.496511459350582
2025-07-11,21.777070999145508
2025-07-14,21.5932559967041
2025-07-15,21.5545597076416
2025-07-16,21.58358192443848
2025-07-17,21.757720947265625
2025-07-18,21.79641914367676
2025-07-21,21.748046875
2025-07-22,21.7093505859375
2025-07-23,21.651302337646484
2025-07-24,21.670652389526367
2025-07-25,21.44814109802246
2025-07-28,21.670652389526367
2025-07-29,21.951210021972656
2025-07-30,21.9028377532959
2025-07-31,21.719024658203125
2025-08-01,21.370746612548828
2025-08-04,21.29335021972656
2025-08-05,21.10953712463379
2025-08-06,21.06116485595703
2025-08-07,21.12888526916504
2025-08-08,21.12888526916504
2025-08-11,21.157909393310547
2025-08-12,21.07084083557129
2025-08-13,21.04181671142578
2025-08-14,21.12888526916504
2025-08-15,21.06116485595703
2025-08-18,21.08051490783692
2025-08-19,20.91604995727539
2025-08-20,21.14823532104492
2025-08-21,21.274002075195312
2025-08-22,21.36107063293457
2025-08-25,21.467491149902344
2025-08-26,21.30302619934082
2025-08-27,21.32237434387207
2025-08-28,21.45781517028809
2025-08-29,21.48683738708496
2025-09-02,21.83511734008789
2025-09-03,21.64163017272949
2025-09-04,21.48683738708496
2025-09-05,21.312700271606445
2025-09-08,21.45781517028809
2025-09-09,21.51586151123047
2025-09-10,21.66097640991211
2025-09-11,21.496511459350582
2025-09-12,21.62228012084961
2025-09-15,21.815767288208008
2025-09-16,22.038280487060547
2025-09-17,21.806095123291016
2025-09-18,21.7093505859375
2025-09-19,21.53521156311035
2025-09-22,21.53521156311035
2025-09-23,21.757720947265625
2025-09-24,21.9028377532959
2025-09-25,22.057626724243164
2025-09-26,22.067302703857425
2025-09-29,21.88348960876465
2025-09-30,21.79641914367676
2025-10-01,21.757720947265625
2025-10-02,21.612606048583984
2025-10-03,21.680326461791992
2025-10-06,21.9028377532959
2025-10-07,21.98990631103516
2025-10-08,22.018930435180664
2025-10-09,21.815767288208008
2025-10-10,21.351396560668945
2025-10-13,21.62228012084961
2025-10-14,21.380420684814453
2025-10-15,21.45781517028809
2025-10-16,21.41911697387696
2025-10-17,21.399770736694336
2025-10-20,21.612606048583984
2025-10-21,21.39009475708008
2025-10-22,21.72869682312012
2025-10-23,22.096324920654297
2025-10-24,22.106000900268555
2025-10-27,22.057626724243164
2025-10-28,21.85446548461914
2025-10-29,21.970558166503903
2025-10-30,21.98023223876953
2025-10-31,22.13502311706543
2025-11-03,22.29948806762696
2025-11-04,22.14469718933105
2025-11-05,22.076976776123047
2025-11-06,22.106000900268555
2025-11-07,22.15437126159668
2025-11-10,22.39623260498047
2025-11-11,22.54134750366211
2025-11-12,22.289813995361328
2025-11-13,22.17372131347656
2025-11-14,22.222091674804688
2025-11-17,22.19306945800781
2025-11-18,22.376882553100582
2025-11-19,22.15437126159668
2025-11-20,21.94153594970703
2025-11-21,21.79641914367676
2025-11-24,21.9028377532959
2025-11-25,21.786745071411133
2025-11-26,22.018930435180664
2025-11-28,22.30916213989257
2025-12-01,22.3672103881836
2025-12-02,22.27046585083008
2025-12-03,22.376882553100582
2025-12-04,22.4349308013916
2025-12-05,22.570371627807617
2025-12-08,22.289813995361328
2025-12-09,22.24144172668457
2025-12-10,22.376882553100582
2025-12-11,22.357534408569336
2025-12-12,22.17372131347656
2025-12-15,22.067302703857425
2025-12-16,21.84479141235352
2025-12-17,22.106000900268555
2025-12-18,21.951210021972656
2025-12-19,22.106000900268555
2025-12-22,22.38999938964844
2025-12-23,22.63999938964844
2025-12-24,22.6299991607666
2025-12-26,22.700000762939453
2025-12-29,22.489999771118164
2025-12-30,22.63999938964844
2025-12-31,22.36000061035156
2026-01-02,22.38999938964844
2026-01-05,22.809999465942383
2026-01-06,22.799999237060547
2026-01-07,22.59000015258789
2026-01-08,22.8799991607666
2026-01-09,22.89999961853028
2026-01-12,23.190000534057617
2026-01-13,23.3700008392334
2026-01-14,23.38999938964844
2026-01-15,23.200000762939453
2026-01-16,23.15999984741211
2026-01-20,23.479999542236328
2026-01-21,23.75
2026-01-22,23.739999771118164
