date,value
2005-01-03,33.69538116455078
2005-01-04,33.0811767578125
2005-01-05,32.876441955566406
2005-01-06,32.7143669128418
2005-01-07,32.88499069213867
2005-01-10,32.8679313659668
2005-01-11,32.637603759765625
2005-01-12,32.91059494018555
2005-01-13,32.47550201416016
2005-01-14,32.782615661621094
2005-01-18,33.02999496459961
2005-01-19,32.48405456542969
2005-01-20,31.861326217651367
2005-01-21,31.60541343688965
2005-01-24,31.16182518005371
2005-01-25,31.315385818481445
2005-01-26,31.690719604492188
2005-01-27,31.64805221557617
2005-01-28,31.4945011138916
2005-01-31,31.903993606567383
2005-02-01,32.006351470947266
2005-02-02,32.05752182006836
2005-02-03,31.690719604492188
2005-02-04,32.20255661010742
2005-02-07,32.13429641723633
2005-02-08,32.19401931762695
2005-02-09,31.65658569335937
2005-02-10,31.690719604492188
2005-02-11,32.159908294677734
2005-02-14,32.304901123046875
2005-02-15,32.51815414428711
2005-02-16,32.39874649047852
2005-02-17,31.96368408203125
2005-02-18,31.861326217651367
2005-02-22,31.46893119812012
2005-02-23,31.51158905029297
2005-02-24,31.912504196166992
2005-02-25,32.09162139892578
2005-02-28,31.75042152404785
2005-03-01,32.100189208984375
2005-03-02,32.08312225341797
2005-03-03,31.81867027282715
2005-03-04,32.006351470947266
2005-03-07,32.46697998046875
2005-03-08,32.142845153808594
2005-03-09,32.04899597167969
2005-03-10,32.006351470947266
2005-03-11,31.707773208618164
2005-03-14,31.85281181335449
2005-03-15,31.596893310546875
2005-03-16,31.23859214782715
2005-03-17,31.315385818481445
2005-03-18,31.14476203918457
2005-03-21,31.204498291015625
2005-03-22,30.82062530517578
2005-03-23,30.93150329589844
2005-03-24,30.94002723693848
2005-03-28,30.99974632263184
2005-03-29,30.75236320495605
2005-03-30,31.332439422607425
2005-03-31,31.195941925048828
2005-04-01,30.88032341003418
2005-04-04,31.10211753845215
2005-04-05,31.187414169311523
2005-04-06,31.13623809814453
2005-04-07,31.51158905029297
2005-04-08,31.25566291809082
2005-04-11,31.119186401367188
2005-04-12,31.27271842956543
2005-04-13,30.760892868041992
2005-04-14,30.32584571838379
2005-04-15,29.6348876953125
2005-04-18,29.64340209960937
2005-04-19,29.84814453125
2005-04-20,29.60074234008789
2005-04-21,30.385560989379883
2005-04-22,29.93342971801757
2005-04-25,30.18081855773925
2005-04-26,29.899309158325195
2005-04-27,29.941970825195312
2005-04-28,29.64340209960937
2005-04-29,29.8396053314209
2005-05-02,29.95903968811035
2005-05-03,30.11258316040039
2005-05-04,30.479398727416992
2005-05-05,30.50498008728028
2005-05-06,30.590282440185547
2005-05-09,30.73529624938965
2005-05-10,30.51353073120117
2005-05-11,30.66705894470215
2005-05-12,30.581750869750977
2005-05-13,30.914445877075195
2005-05-16,31.119186401367188
2005-05-17,31.30682182312012
2005-05-18,31.73338890075684
2005-05-19,31.99782943725586
2005-05-20,32.125762939453125
2005-05-23,32.28786087036133
2005-05-24,32.390228271484375
2005-05-25,32.25370788574219
2005-05-26,32.57789993286133
2005-05-27,32.59494400024414
2005-05-31,32.48405456542969
2005-06-01,32.74848175048828
2005-06-02,32.978816986083984
2005-06-03,32.501129150390625
2005-06-06,32.5096549987793
2005-06-07,32.23666763305664
2005-06-08,32.168426513671875
2005-06-09,32.37316131591797
2005-06-10,32.031944274902344
2005-06-13,32.185482025146484
2005-06-14,32.05752182006836
2005-06-15,32.159908294677734
2005-06-16,32.33050537109375
2005-06-17,32.33476638793945
2005-06-20,32.33476638793945
2005-06-21,32.31770324707031
2005-06-22,32.28352355957031
2005-06-23,31.9249267578125
2005-06-24,31.56631660461425
2005-06-27,31.42117118835449
2005-06-28,31.72001075744629
2005-06-29,31.651687622070312
2005-06-30,31.404096603393555
2005-07-01,31.36139678955078
2005-07-05,31.685850143432617
2005-07-06,31.53215789794922
2005-07-07,31.64316177368164
2005-07-08,32.249385833740234
2005-07-11,32.54821014404297
2005-07-12,32.701927185058594
2005-07-13,32.77875518798828
2005-07-14,33.103214263916016
2005-07-15,33.20569610595703
2005-07-18,33.06906509399414
2005-07-19,33.45330810546875
2005-07-20,33.6923713684082
2005-07-21,33.700904846191406
2005-07-22,33.658206939697266
2005-07-25,33.5301513671875
2005-07-26,33.658206939697266
2005-07-27,33.91437530517578
2005-07-28,34.07658767700195
2005-07-29,33.794830322265625
2005-08-01,33.854610443115234
2005-08-02,34.22174835205078
2005-08-03,34.20467758178711
2005-08-04,33.871673583984375
2005-08-05,33.709449768066406
2005-08-08,33.46183395385742
2005-08-09,33.683834075927734
2005-08-10,33.39353561401367
2005-08-11,33.66676330566406
2005-08-12,33.47892379760742
2005-08-15,33.683834075927734
2005-08-16,33.13737869262695
2005-08-17,33.33375930786133
2005-08-18,33.162994384765625
2005-08-19,33.145904541015625
2005-08-22,33.162994384765625
2005-08-23,33.06906509399414
2005-08-24,32.87270736694336
2005-08-25,32.94955062866211
2005-08-26,32.83853530883789
2005-08-29,33.094688415527344
2005-08-30,32.97515106201172
2005-08-31,33.282527923583984
2005-09-01,33.23128890991211
2005-09-02,33.103214263916016
2005-09-06,33.58990859985352
2005-09-07,33.649681091308594
2005-09-08,33.64114761352539
2005-09-09,33.8289909362793
2005-09-12,33.92290496826172
2005-09-13,33.8375358581543
2005-09-14,33.45330810546875
2005-09-15,33.436214447021484
2005-09-16,33.64114761352539
2005-09-19,33.3764533996582
2005-09-20,33.23984146118164
2005-09-21,32.87270736694336
2005-09-22,32.99222946166992
2005-09-23,33.086151123046875
2005-09-26,33.094688415527344
2005-09-27,33.01785659790039
2005-09-28,33.02638626098633
2005-09-29,33.47037887573242
2005-09-30,33.6923713684082
2005-10-03,33.777740478515625
2005-10-04,33.55575180053711
2005-10-05,33.094688415527344
2005-10-06,32.65925598144531
2005-10-07,32.73607635498047
2005-10-10,32.55677795410156
2005-10-11,32.39453887939453
2005-10-12,32.01033401489258
2005-10-13,32.25792694091797
2005-10-14,32.49699401855469
2005-10-17,32.59946823120117
2005-10-18,32.3689079284668
2005-10-19,33.01785659790039
2005-10-20,32.71045684814453
2005-10-21,32.91538619995117
2005-10-24,33.436214447021484
2005-10-25,33.308143615722656
2005-10-26,33.13737869262695
2005-10-27,32.471370697021484
2005-10-28,32.718990325927734
2005-10-31,33.1886100769043
2005-11-01,33.162994384765625
2005-11-02,33.59843826293945
2005-11-03,34.10222625732422
2005-11-04,34.22174835205078
2005-11-07,34.26443862915039
2005-11-08,34.272987365722656
2005-11-09,34.290061950683594
2005-11-10,34.66573715209961
2005-11-11,34.759666442871094
2005-11-14,34.759666442871094
2005-11-15,34.597442626953125
2005-11-16,34.81089401245117
2005-11-17,35.27197265625
2005-11-18,35.391502380371094
2005-11-21,35.47688293457031
2005-11-22,35.60496520996094
2005-11-23,35.690330505371094
2005-11-25,35.76719665527344
2005-11-28,35.468353271484375
2005-11-29,35.297569274902344
2005-11-30,35.21220397949219
2005-12-01,35.86965560913086
2005-12-02,35.95503234863281
2005-12-05,35.690330505371094
2005-12-06,35.809871673583984
2005-12-07,35.741580963134766
2005-12-08,35.48543167114258
2005-12-09,35.62203598022461
2005-12-12,35.7501106262207
2005-12-13,35.89528274536133
2005-12-14,35.775718688964844
2005-12-15,35.83549880981445
2005-12-16,35.588130950927734
2005-12-19,35.023250579833984
2005-12-20,35.048927307128906
2005-12-21,35.2029914855957
2005-12-22,35.43409729003906
2005-12-23,35.43409729003906
2005-12-27,35.1259880065918
2005-12-28,35.08318328857422
2005-12-29,34.85207748413086
2005-12-30,34.58674240112305
2006-01-03,35.3570671081543
2006-01-04,35.725101470947266
2006-01-05,35.879146575927734
2006-01-06,36.52962112426758
2006-01-09,36.67512512207031
2006-01-10,36.70081329345703
2006-01-11,36.98325729370117
2006-01-12,36.80352783203125
2006-01-13,36.78639602661133
2006-01-17,36.54677200317383
2006-01-18,36.12735748291016
2006-01-19,36.39268112182617
2006-01-20,35.305686950683594
2006-01-23,35.31425476074219
2006-01-24,35.46832275390625
2006-01-25,35.31425476074219
2006-01-26,35.562461853027344
2006-01-27,36.0417594909668
2006-01-30,36.1102409362793
2006-01-31,35.947608947753906
2006-02-01,36.07600402832031
2006-02-02,35.45976638793945
2006-02-03,35.023250579833984
2006-02-06,34.92909240722656
2006-02-07,34.77504348754883
2006-02-08,35.177303314208984
2006-02-09,34.843509674072266
2006-02-10,35.05748748779297
2006-02-13,34.65522003173828
2006-02-14,35.006134033203125
2006-02-15,35.2286491394043
2006-02-16,35.55391311645508
2006-02-17,35.2714729309082
2006-02-21,34.87775802612305
2006-02-22,35.31425476074219
2006-02-23,35.2201042175293
2006-02-24,35.31425476074219
2006-02-27,35.70796203613281
2006-02-28,35.177303314208984
2006-03-01,35.65663146972656
2006-03-02,35.68227005004883
2006-03-03,35.47688674926758
2006-03-06,35.168758392333984
2006-03-07,34.96332931518555
2006-03-08,34.98046112060547
2006-03-09,34.6808967590332
2006-03-10,34.71512222290039
2006-03-13,34.817832946777344
2006-03-14,35.40842056274414
2006-03-15,35.70796203613281
2006-03-16,35.40842056274414
2006-03-17,35.50177764892578
2006-03-20,35.5874137878418
2006-03-21,35.21055603027344
2006-03-22,35.29622268676758
2006-03-23,35.19340515136719
2006-03-24,35.37330627441406
2006-03-27,35.381866455078125
2006-03-28,35.236263275146484
2006-03-29,35.9043083190918
2006-03-30,36.01567840576172
2006-03-31,35.91288757324219
2006-04-03,35.95570373535156
2006-04-04,36.15270233154297
2006-04-05,36.49529647827149
2006-04-06,36.598087310791016
2006-04-07,36.24692153930664
2006-04-10,36.19552230834961
2006-04-11,35.9043083190918
2006-04-12,35.91288757324219
2006-04-13,36.05847930908203
2006-04-17,35.68164825439453
2006-04-18,36.366825103759766
2006-04-19,36.529544830322266
2006-04-20,36.40108108520508
2006-04-21,35.97283172607422
2006-04-24,35.9385871887207
2006-04-25,35.86149215698242
2006-04-26,35.85295486450195
2006-04-27,36.19552230834961
2006-04-28,35.8443717956543
2006-05-01,35.49320602416992
2006-05-02,35.5874137878418
2006-05-03,35.53602600097656
2006-05-04,35.82723617553711
2006-05-05,36.10988998413086
2006-05-08,36.14411926269531
2006-05-09,36.007102966308594
2006-05-10,35.69019317626953
2006-05-11,34.8936653137207
2006-05-12,34.42258834838867
2006-05-15,34.39690017700195
2006-05-16,34.13994216918945
2006-05-17,33.67744445800781
2006-05-18,33.44617462158203
2006-05-19,33.7031135559082
2006-05-22,33.37765884399414
2006-05-23,33.052215576171875
2006-05-24,33.274864196777344
2006-05-25,33.71169662475586
2006-05-26,33.823036193847656
2006-05-30,33.09502410888672
2006-05-31,33.24918746948242
2006-06-01,34.03715133666992
2006-06-02,33.951499938964844
2006-06-05,33.21491241455078
2006-06-06,33.18922424316406
2006-06-07,32.94084930419922
2006-06-08,32.88945007324219
2006-06-09,32.675323486328125
2006-06-12,32.032958984375
2006-06-13,31.904476165771484
2006-06-14,32.229942321777344
2006-06-15,33.10358428955078
2006-06-16,32.86016845703125
2006-06-19,32.594451904296875
2006-06-20,32.63734436035156
2006-06-21,33.15156173706055
2006-06-22,32.73160552978516
2006-06-23,32.69732666015625
2006-06-26,32.783042907714844
2006-06-27,32.16593170166016
2006-06-28,32.405906677246094
2006-06-29,33.39155578613281
2006-06-30,33.22869873046875
2006-07-03,33.425838470458984
2006-07-05,32.69732666015625
2006-07-06,32.66305923461914
2006-07-07,32.30308151245117
2006-07-10,32.02023696899414
2006-07-11,32.26021957397461
2006-07-12,31.651687622070312
2006-07-13,31.12029838562012
2006-07-14,30.803184509277344
2006-07-17,30.880327224731445
2006-07-18,30.98316764831543
2006-07-19,31.38598251342773
2006-07-20,30.923185348510746
2006-07-21,30.59749412536621
2006-07-24,31.20602035522461
2006-07-25,31.38598251342773
2006-07-26,31.36028480529785
2006-07-27,31.154598236083984
2006-07-28,31.805967330932617
2006-07-31,31.797382354736328
2006-08-01,31.26602554321289
2006-08-02,31.61741065979004
2006-08-03,31.81453514099121
2006-08-04,31.668840408325195
2006-08-07,31.463132858276367
2006-08-08,31.26602554321289
2006-08-09,31.3088607788086
2006-08-10,31.531721115112305
2006-08-11,31.3088607788086
2006-08-14,31.51457405090332
2006-08-15,32.31165313720703
2006-08-16,33.074466705322266
2006-08-17,33.19443130493164
2006-08-18,33.2458381652832
2006-08-21,32.928733825683594
2006-08-22,32.93730545043945
2006-08-23,32.688758850097656
2006-08-24,32.783042907714844
2006-08-25,32.843013763427734
2006-08-28,33.091575622558594
2006-08-29,33.19443130493164
2006-08-30,33.34870910644531
2006-08-31,33.31440734863281
2006-09-01,33.494407653808594
2006-09-05,33.82008361816406
2006-09-06,33.14301300048828
2006-09-07,32.98874282836914
2006-09-08,33.18583679199219
2006-09-11,33.39155578613281
2006-09-12,34.008636474609375
2006-09-13,34.24005126953125
2006-09-14,34.27433776855469
2006-09-15,34.3969841003418
2006-09-18,34.40553665161133
2006-09-19,34.17399597167969
2006-09-20,34.67139434814453
2006-09-21,34.456993103027344
2006-09-22,34.1911506652832
2006-09-25,34.79146194458008
2006-09-26,34.96296691894531
2006-09-27,34.92008972167969
2006-09-28,35.01441192626953
2006-09-29,34.86006546020508
2006-10-02,34.42270278930664
2006-10-03,34.568477630615234
2006-10-04,35.417476654052734
2006-10-05,35.58898162841797
2006-10-06,35.511802673339844
2006-10-09,35.63186264038086
2006-10-10,35.6919059753418
2006-10-11,35.62329864501953
2006-10-12,36.18928146362305
2006-10-13,36.386531829833984
2006-10-16,36.42083358764648
2006-10-17,36.017765045166016
2006-10-18,35.84626388549805
2006-10-19,35.93201446533203
2006-10-20,36.017765045166016
2006-10-23,36.386531829833984
2006-10-24,36.13783264160156
2006-10-25,36.386531829833984
2006-10-26,36.720970153808594
2006-10-27,36.19785690307617
2006-10-30,36.42939758300781
2006-10-31,36.51517105102539
2006-11-01,36.017765045166016
2006-11-02,36.05207061767578
2006-11-03,35.957740783691406
2006-11-06,36.4808464050293
2006-11-07,36.72955703735352
2006-11-08,36.90106964111328
2006-11-09,36.72955703735352
2006-11-10,36.90106964111328
2006-11-13,37.27840042114258
2006-11-14,37.67286682128906
2006-11-15,37.827239990234375
2006-11-16,37.99017333984375
2006-11-17,37.99017333984375
2006-11-20,38.06735229492188
2006-11-21,38.11880874633789
2006-11-22,38.35891342163086
2006-11-24,38.290321350097656
2006-11-27,37.42416763305664
2006-11-28,37.53566360473633
2006-11-29,37.79292297363281
2006-11-30,37.76719665527344
2006-12-01,37.44133758544922
2006-12-04,37.95586395263672
2006-12-05,38.09308242797852
2006-12-06,37.95586395263672
2006-12-07,37.47565460205078
2006-12-08,37.64714431762695
2006-12-11,37.78437423706055
2006-12-12,37.5614013671875
2006-12-13,37.62997817993164
2006-12-14,38.05019378662109
2006-12-15,38.14809036254883
2006-12-18,37.770294189453125
2006-12-19,37.650089263916016
2006-12-20,37.5127182006836
2006-12-21,37.246559143066406
2006-12-22,36.860164642333984
2006-12-26,37.01471328735352
2006-12-27,37.20361328125
2006-12-28,37.02329254150391
2006-12-29,37.05765151977539
2007-01-03,37.12633514404297
2007-01-04,37.83041763305664
2007-01-05,37.650089263916016
2007-01-08,37.67584609985352
2007-01-09,37.8647346496582
2007-01-10,38.31121826171875
2007-01-11,38.70616149902344
2007-01-12,38.90367126464844
2007-01-16,38.87791061401367
2007-01-17,38.56023406982422
2007-01-18,37.84756088256836
2007-01-19,37.92484664916992
2007-01-22,37.5127182006836
2007-01-23,37.41826248168945
2007-01-24,38.03645324707031
2007-01-25,37.54705429077149
2007-01-26,37.40967178344727
2007-01-29,37.44401931762695
2007-01-30,37.46120071411133
2007-01-31,37.8389778137207
2007-02-01,37.77888870239258
2007-02-02,37.91626739501953
2007-02-05,37.88191986083984
2007-02-06,37.83041763305664
2007-02-07,38.173828125
2007-02-08,38.16524124145508
2007-02-09,37.67584609985352
2007-02-12,37.52987289428711
2007-02-13,37.658668518066406
2007-02-14,38.2940559387207
2007-02-15,38.51728820800781
2007-02-16,38.388484954833984
2007-02-20,38.68042755126953
2007-02-21,38.80062484741211
2007-02-22,38.99811172485352
2007-02-23,38.86072540283203
2007-02-26,38.671852111816406
2007-02-27,37.08341217041016
2007-02-28,37.20361328125
2007-03-01,37.03188705444336
2007-03-02,36.47378921508789
2007-03-05,36.19046401977539
2007-03-06,36.79146957397461
2007-03-07,36.64551162719727
2007-03-08,36.89449691772461
2007-03-09,36.860164642333984
2007-03-12,37.10059356689453
2007-03-13,36.37934112548828
2007-03-14,36.91168975830078
2007-03-15,36.82582092285156
2007-03-16,36.7974739074707
2007-03-19,37.17549133300781
2007-03-20,37.44183349609375
2007-03-21,38.16350555419922
2007-03-22,38.02607345581055
2007-03-23,37.90578079223633
2007-03-26,38.06041717529297
2007-03-27,37.794090270996094
2007-03-28,37.390281677246094
2007-03-29,37.4332389831543
2007-03-30,37.398868560791016
2007-04-02,37.45042419433594
2007-04-03,37.94015121459961
2007-04-04,38.09479141235352
2007-04-05,38.2838134765625
2007-04-09,38.18928527832031
2007-04-10,38.386905670166016
2007-04-11,37.98310852050781
2007-04-12,38.2838134765625
2007-04-13,38.36112976074219
2007-04-16,38.71338272094727
2007-04-17,38.79928588867188
2007-04-18,38.67041397094727
2007-04-19,38.79070663452149
2007-04-20,39.0054931640625
2007-04-23,39.06563949584961
2007-04-24,39.26323318481445
2007-04-25,39.78731536865234
2007-04-26,39.99351119995117
2007-04-27,40.010704040527344
2007-04-30,39.486610412597656
2007-05-01,39.45225524902344
2007-05-02,39.881813049316406
2007-05-03,40.02787399291992
2007-05-04,40.062255859375
2007-05-07,40.062255859375
2007-05-08,40.14814758300781
2007-05-09,40.23409271240234
2007-05-10,39.68421936035156
2007-05-11,40.19112014770508
2007-05-14,39.91618728637695
2007-05-15,39.60689163208008
2007-05-16,39.99351119995117
2007-05-17,39.80451583862305
2007-05-18,40.130985260009766
2007-05-21,40.38872528076172
2007-05-22,40.42308044433594
2007-05-23,40.23409271240234
2007-05-24,39.6584358215332
2007-05-25,39.9075927734375
2007-05-29,40.21691131591797
2007-05-30,40.54336929321289
2007-05-31,40.732398986816406
2007-06-01,40.758148193359375
2007-06-04,40.87844467163086
2007-06-05,40.87844467163086
2007-06-06,40.440277099609375
2007-06-07,39.81310272216797
2007-06-08,40.30280685424805
2007-06-11,40.225494384765625
2007-06-12,39.98492050170898
2007-06-13,40.42308044433594
2007-06-14,40.68942642211914
2007-06-15,41.06515884399414
2007-06-18,41.07377243041992
2007-06-19,41.06515884399414
2007-06-20,40.6782455444336
2007-06-21,41.0479850769043
2007-06-22,40.66104507446289
2007-06-25,40.48909378051758
2007-06-26,40.256935119628906
2007-06-27,40.87600326538086
2007-06-28,40.85881805419922
2007-06-29,40.92760848999024
2007-07-02,41.29731369018555
2007-07-03,41.53807830810547
2007-07-05,41.83901596069336
2007-07-06,42.01096725463867
2007-07-09,42.03678131103516
2007-07-10,41.68423843383789
2007-07-11,41.967994689941406
2007-07-12,42.61285400390625
2007-07-13,42.90520858764648
2007-07-16,42.86219024658203
2007-07-17,43.18891906738281
2007-07-18,43.13735580444336
2007-07-19,43.26631546020508
2007-07-20,43.034175872802734
2007-07-23,43.05135726928711
2007-07-24,42.41511154174805
2007-07-25,42.47527313232422
2007-07-26,42.114166259765625
2007-07-27,41.26292419433594
2007-07-30,41.74443054199219
2007-07-31,40.8674201965332
2007-08-01,41.185546875
2007-08-02,41.56388092041016
2007-08-03,40.7728271484375
2007-08-06,41.24573516845703
2007-08-07,41.53807830810547
2007-08-08,41.99379348754883
2007-08-09,41.02217102050781
2007-08-10,40.65244674682617
2007-08-13,40.92760848999024
2007-08-14,40.23115539550781
2007-08-15,39.46590042114258
2007-08-16,39.0789794921875
2007-08-17,39.81843948364258
2007-08-20,40.007591247558594
2007-08-21,40.42890167236328
2007-08-22,40.97917175292969
2007-08-23,40.8674201965332
2007-08-24,41.44349670410156
2007-08-27,41.168365478515625
2007-08-28,40.18814468383789
2007-08-29,41.340309143066406
2007-08-30,41.55526351928711
2007-08-31,42.01957702636719
2007-09-04,42.71603775024414
2007-09-05,42.28612518310547
2007-09-06,42.2517204284668
2007-09-07,41.46929168701172
2007-09-10,41.44349670410156
2007-09-11,42.0711555480957
2007-09-12,42.07975387573242
2007-09-13,42.28612518310547
2007-09-14,42.32051467895508
2007-09-17,41.967994689941406
2007-09-18,43.02556991577149
2007-09-19,43.13735580444336
2007-09-20,43.0169677734375
2007-09-21,43.32322311401367
2007-09-24,43.521087646484375
2007-09-25,43.93401336669922
2007-09-26,44.14909744262695
2007-09-27,44.37275314331055
2007-09-28,44.226505279541016
2007-10-01,44.73408126831055
2007-10-02,44.74267578125
2007-10-03,44.4329719543457
2007-10-04,44.53621292114258
2007-10-05,45.439483642578125
2007-10-08,45.7233772277832
2007-10-09,45.92124557495117
2007-10-10,46.033084869384766
2007-10-11,45.30184555053711
2007-10-12,46.050289154052734
2007-10-15,45.69757843017578
2007-10-16,45.48252868652344
2007-10-17,46.06748580932617
2007-10-18,46.26535415649414
2007-10-19,45.112586975097656
2007-10-22,45.65456771850586
2007-10-23,46.60945892333984
2007-10-24,46.256744384765625
2007-10-25,45.63735580444336
2007-10-26,46.394378662109375
2007-10-29,46.58365631103516
2007-10-30,46.67827606201172
2007-10-31,47.3406867980957
2007-11-01,46.4546127319336
2007-11-02,46.81592559814453
2007-11-05,46.514835357666016
2007-11-06,47.03959274291992
2007-11-07,45.89543533325195
2007-11-08,44.50180435180664
2007-11-09,43.01354598999024
2007-11-12,41.92099380493164
2007-11-13,43.65012741088867
2007-11-14,43.09095001220703
2007-11-15,42.85868453979492
2007-11-16,43.25440216064453
2007-11-19,42.75543975830078
2007-11-20,42.927520751953125
2007-11-21,42.419952392578125
2007-11-23,42.87590026855469
2007-11-26,42.13606262207031
2007-11-27,42.979103088378906
2007-11-28,44.28672790527344
2007-11-29,44.47597885131836
2007-11-30,44.14048385620117
2007-12-03,43.77057266235352
2007-12-04,43.58992004394531
2007-12-05,44.37275314331055
2007-12-06,45.009368896484375
2007-12-07,45.01796722412109
2007-12-10,45.19863128662109
2007-12-11,44.14909744262695
2007-12-12,44.54481887817383
2007-12-13,44.3039436340332
2007-12-14,43.84799957275391
2007-12-17,42.78125381469727
2007-12-18,42.91890335083008
2007-12-19,42.91029739379883
2007-12-20,43.78777694702149
2007-12-21,44.65153121948242
2007-12-24,44.98737335205078
2007-12-26,45.21126937866211
2007-12-27,44.668739318847656
2007-12-28,44.62567901611328
2007-12-31,44.10898971557617
2008-01-02,43.41145324707031
2008-01-03,43.592281341552734
2008-01-04,41.68050003051758
2008-01-07,41.48241424560547
2008-01-08,40.40596389770508
2008-01-09,41.267127990722656
2008-01-10,41.32741928100586
2008-01-11,40.51792907714844
2008-01-14,41.22407150268555
2008-01-15,40.08732604980469
2008-01-16,39.65675354003906
2008-01-17,39.10560607910156
2008-01-18,39.05392837524414
2008-01-22,38.04636764526367
2008-01-23,37.89995574951172
2008-01-24,38.67502975463867
2008-01-25,37.88274383544922
2008-01-28,38.17555236816406
2008-01-29,38.24444961547852
2008-01-30,38.20998764038086
2008-01-31,38.864479064941406
2008-02-01,39.26061630249024
2008-02-04,38.7094612121582
2008-02-05,37.60717391967773
2008-02-06,36.86657333374024
2008-02-07,37.12491989135742
2008-02-08,37.54690170288086
2008-02-11,37.95162963867188
2008-02-12,37.73633575439453
2008-02-13,38.56306838989258
2008-02-14,37.86551284790039
2008-02-15,37.73633575439453
2008-02-19,37.66746139526367
2008-02-20,37.83968353271485
2008-02-21,37.47798538208008
2008-02-22,37.61577987670898
2008-02-25,37.80524826049805
2008-02-26,37.95162963867188
2008-02-27,38.14109420776367
2008-02-28,37.99470138549805
2008-02-29,36.98713684082031
2008-03-03,36.746002197265625
2008-03-04,36.95267105102539
2008-03-05,37.1335334777832
2008-03-06,36.31542205810547
2008-03-07,36.229305267333984
2008-03-10,35.531761169433594
2008-03-11,36.88379669189453
2008-03-12,36.780460357666016
2008-03-13,37.064640045166016
2008-03-14,36.38431167602539
2008-03-17,35.72121810913086
2008-03-18,37.31438446044922
2008-03-19,36.3929328918457
2008-03-20,37.13670349121094
2008-03-24,38.42084503173828
2008-03-25,38.63629531860352
2008-03-26,38.52426910400391
2008-03-27,37.67103576660156
2008-03-28,37.48141479492188
2008-03-31,37.67966079711914
2008-04-01,39.29130172729492
2008-04-02,39.20511245727539
2008-04-03,39.29130172729492
2008-04-04,39.52400588989258
2008-04-07,39.437801361083984
2008-04-08,39.136173248291016
2008-04-09,38.69662857055664
2008-04-10,39.248233795166016
2008-04-11,38.16230392456055
2008-04-14,37.98992919921875
2008-04-15,38.041629791259766
2008-04-16,39.101688385009766
2008-04-17,39.01549530029297
2008-04-18,40.25656127929688
2008-04-21,40.540958404541016
2008-04-22,39.93767929077149
2008-04-23,40.37721633911133
2008-04-24,40.73919296264648
2008-04-25,40.63576126098633
2008-04-28,40.71332931518555
2008-04-29,41.02360153198242
2008-04-30,40.687477111816406
2008-05-01,41.97163391113281
2008-05-02,42.03194046020508
2008-05-05,41.91128921508789
2008-05-06,42.16983413696289
2008-05-07,41.40281677246094
2008-05-08,41.71307373046875
2008-05-09,41.54931640625
2008-05-12,42.30774688720703
2008-05-13,42.41977691650391
2008-05-14,42.32497024536133
2008-05-15,43.06615447998047
2008-05-16,43.10062026977539
2008-05-19,42.790374755859375
2008-05-20,42.46287536621094
2008-05-21,41.523468017578125
2008-05-22,41.66998291015625
2008-05-23,41.54070663452149
2008-05-27,42.27326583862305
2008-05-28,42.44562530517578
2008-05-29,42.824832916259766
2008-05-30,43.10062026977539
2008-06-02,42.57490539550781
2008-06-03,42.34222030639648
2008-06-04,42.88516998291016
2008-06-05,43.56602096557617
2008-06-06,42.25602340698242
2008-06-09,42.03194046020508
2008-06-10,41.8337287902832
2008-06-11,40.82536697387695
2008-06-12,40.868465423583984
2008-06-13,41.68722534179688
2008-06-16,42.05780792236328
2008-06-17,41.8337287902832
2008-06-18,41.38556671142578
2008-06-19,42.03194046020508
2008-06-20,40.896968841552734
2008-06-23,40.577880859375
2008-06-24,40.370887756347656
2008-06-25,41.026344299316406
2008-06-26,39.37045669555664
2008-06-27,39.37045669555664
2008-06-30,38.95646667480469
2008-07-01,39.50843811035156
2008-07-02,38.55976486206055
2008-07-03,38.490760803222656
2008-07-07,38.72362518310547
2008-07-08,39.64643478393555
2008-07-09,38.5942611694336
2008-07-10,39.05134582519531
2008-07-11,38.43040084838867
2008-07-14,38.14579391479492
2008-07-15,38.15440368652344
2008-07-16,39.10311508178711
2008-07-17,39.36183547973633
2008-07-18,38.45626831054688
2008-07-21,38.62012481689453
2008-07-22,38.62012481689453
2008-07-23,39.12897491455078
2008-07-24,38.542510986328125
2008-07-25,39.04269790649414
2008-07-28,38.30963897705078
2008-07-29,39.10311508178711
2008-07-30,39.30146408081055
2008-07-31,39.20660400390625
2008-08-01,38.706390380859375
2008-08-04,38.31828689575195
2008-08-05,39.6119384765625
2008-08-06,40.21565246582031
2008-08-07,39.905155181884766
2008-08-08,40.81073760986328
2008-08-11,41.18156814575195
2008-08-12,41.224708557128906
2008-08-13,41.13846206665039
2008-08-14,41.61281204223633
2008-08-15,41.5351791381836
2008-08-18,41.05221176147461
2008-08-19,40.54338073730469
2008-08-20,40.61238479614258
2008-08-21,40.42266082763672
2008-08-22,40.95734405517578
2008-08-25,40.09491729736328
2008-08-26,40.043155670166016
2008-08-27,40.30189895629883
2008-08-28,40.62962341308594
2008-08-29,39.77580642700195
2008-09-02,39.28419876098633
2008-09-03,38.913368225097656
2008-09-04,37.65420913696289
2008-09-05,37.473087310791016
2008-09-08,37.404083251953125
2008-09-09,36.61064529418945
2008-09-10,36.91249465942383
2008-09-11,37.60245513916016
2008-09-12,37.45582962036133
2008-09-15,36.291534423828125
2008-09-16,36.57615280151367
2008-09-17,34.678768157958984
2008-09-18,35.8516960144043
2008-09-19,37.02368927001953
2008-09-22,35.280372619628906
2008-09-23,35.012840270996094
2008-09-24,35.25448226928711
2008-09-25,35.815452575683594
2008-09-26,35.45298385620117
2008-09-29,32.63951873779297
2008-09-30,33.580223083496094
2008-10-01,33.22636795043945
2008-10-02,31.71609687805176
2008-10-03,31.22416114807129
2008-10-06,30.08498191833496
2008-10-07,28.177698135375977
2008-10-08,27.95330619812012
2008-10-09,27.202482223510746
2008-10-10,27.029878616333008
2008-10-13,30.317983627319336
2008-10-14,29.006208419799805
2008-10-15,26.40849494934082
2008-10-16,27.84111785888672
2008-10-17,27.875635147094727
2008-10-20,28.652347564697266
2008-10-21,27.16795921325684
2008-10-22,26.417123794555664
2008-10-23,26.31355857849121
2008-10-24,25.46780586242676
2008-10-27,24.760122299194336
2008-10-28,27.495908737182617
2008-10-29,27.426862716674805
2008-10-30,28.341670989990234
2008-10-31,28.38481712341309
2008-11-03,28.32441520690918
2008-11-04,29.12701797485352
2008-11-05,27.60810089111328
2008-11-06,26.37398147583008
2008-11-07,26.91767883300781
2008-11-10,26.555213928222656
2008-11-11,25.976980209350582
2008-11-12,24.77737808227539
2008-11-13,26.287673950195312
2008-11-14,25.010406494140625
2008-11-17,24.48395729064941
2008-11-18,24.45807266235352
2008-11-19,23.180797576904297
2008-11-20,22.05886459350586
2008-11-21,23.016817092895508
2008-11-24,24.423545837402344
2008-11-25,24.311351776123047
2008-11-26,25.329721450805664
2008-11-28,25.13121795654297
2008-12-01,23.241209030151367
2008-12-02,24.01793098449707
2008-12-03,24.69970321655273
2008-12-04,24.00066375732422
2008-12-05,24.97588348388672
2008-12-08,25.959732055664062
2008-12-09,25.899316787719727
2008-12-10,25.81300926208496
2008-12-11,25.1053409576416
2008-12-12,25.61451911926269
2008-12-15,25.165740966796875
2008-12-16,26.37398147583008
2008-12-17,26.05465507507324
2008-12-18,25.59725952148437
2008-12-19,25.807279586791992
2008-12-22,25.24549674987793
2008-12-23,25.115867614746094
2008-12-24,25.18500328063965
2008-12-26,25.17635536193848
2008-12-29,24.968935012817383
2008-12-30,25.487489700317383
2008-12-31,25.70356750488281
2009-01-02,26.8184757232666
2009-01-05,26.8098373413086
2009-01-06,27.0777645111084
2009-01-07,26.308563232421875
2009-01-08,26.58512687683105
2009-01-09,25.98877143859864
2009-01-12,25.51341819763184
2009-01-13,25.52206993103028
2009-01-14,24.74421501159668
2009-01-15,25.15042495727539
2009-01-16,25.4269962310791
2009-01-20,24.16515350341797
2009-01-21,25.19364356994629
2009-01-22,24.85657501220703
2009-01-23,24.977569580078125
2009-01-26,25.159067153930664
2009-01-27,25.340560913085938
2009-01-28,26.230770111083984
2009-01-29,25.56528663635254
2009-01-30,25.115867614746094
2009-02-02,25.41835021972656
2009-02-03,25.815921783447266
2009-02-04,25.850486755371094
2009-02-05,26.420902252197266
2009-02-06,27.112340927124023
2009-02-09,27.22469139099121
2009-02-10,26.222131729125977
2009-02-11,26.10113525390625
2009-02-12,26.420902252197266
2009-02-13,26.29991149902344
2009-02-17,25.25414085388184
2009-02-18,25.27142143249512
2009-02-19,24.88249588012696
2009-02-20,24.951642990112305
2009-02-23,24.078725814819336
2009-02-24,24.87385368347168
2009-02-25,24.70965003967285
2009-02-26,24.01822662353516
2009-02-27,23.793516159057617
2009-03-02,23.02430725097656
2009-03-03,23.00701713562012
2009-03-04,23.620649337768555
2009-03-05,22.911958694458008
2009-03-06,22.73046493530273
2009-03-09,22.246461868286133
2009-03-10,23.620649337768555
2009-03-11,23.983667373657227
2009-03-12,24.778783798217773
2009-03-13,24.83928298950196
2009-03-16,24.42444229125977
2009-03-17,25.34920883178711
2009-03-18,25.66899681091309
2009-03-19,25.65170669555664
2009-03-20,25.26127243041992
2009-03-23,26.75028419494629
2009-03-24,26.2568359375
2009-03-25,26.378034591674805
2009-03-26,27.191795349121094
2009-03-27,26.681026458740234
2009-03-30,26.02309799194336
2009-03-31,26.24817657470703
2009-04-01,26.637741088867188
2009-04-02,27.49478912353516
2009-04-03,28.00556373596192
2009-04-06,27.9363021850586
2009-04-07,27.20044708251953
2009-04-08,27.65928268432617
2009-04-09,28.516321182250977
2009-04-13,28.47303581237793
2009-04-14,28.12674903869629
2009-04-15,28.04884529113769
2009-04-16,28.776037216186523
2009-04-17,28.836647033691406
2009-04-20,27.91032791137696
2009-04-21,28.29990768432617
2009-04-22,28.386463165283203
2009-04-23,28.663488388061523
2009-04-24,29.16560745239257
2009-04-27,29.20021629333496
2009-04-28,28.983806610107425
2009-04-29,29.382036209106445
2009-04-30,29.67636108398437
2009-05-01,29.75427627563477
2009-05-04,30.342952728271484
2009-05-05,30.31699180603028
2009-05-06,30.325647354125977
2009-05-07,29.61577033996582
2009-05-08,29.633081436157227
2009-05-11,29.73696517944336
2009-05-12,29.37337875366211
2009-05-13,28.585580825805664
2009-05-14,28.905893325805664
2009-05-15,28.888572692871094
2009-05-18,29.64175033569336
2009-05-19,29.78026390075684
2009-05-20,29.67636108398437
2009-05-21,29.1309757232666
2009-05-22,29.03574562072754
2009-05-26,30.11787986755371
2009-05-27,29.91011619567871
2009-05-28,30.256406784057617
2009-05-29,30.62864112854004
2009-06-01,31.50301170349121
2009-06-02,31.54629135131836
2009-06-03,31.451080322265625
2009-06-04,31.80600929260254
2009-06-05,31.84063720703125
2009-06-08,31.74537849426269
2009-06-09,31.987802505493164
2009-06-10,31.875263214111328
2009-06-11,31.875263214111328
2009-06-12,31.72808074951172
2009-06-15,31.07882308959961
2009-06-16,30.775808334350582
2009-06-17,31.07015419006348
2009-06-18,31.009552001953125
2009-06-19,31.342409133911133
2009-06-22,30.406288146972656
2009-06-23,30.336938858032227
2009-06-24,30.848339080810547
2009-06-25,31.45507431030273
2009-06-26,31.52442169189453
2009-06-29,31.593753814697266
2009-06-30,31.5330867767334
2009-07-01,31.550437927246094
2009-07-02,30.85698890686035
2009-07-06,30.692323684692383
2009-07-07,29.92955207824707
2009-07-08,30.085582733154297
2009-07-09,30.137582778930664
2009-07-10,30.2675895690918
2009-07-13,30.848339080810547
2009-07-14,30.96101760864257
2009-07-15,32.00114822387695
2009-07-16,32.38251876831055
2009-07-17,32.55587387084961
2009-07-20,32.86790466308594
2009-07-21,33.093292236328125
2009-07-22,33.370643615722656
2009-07-23,34.107391357421875
2009-07-24,33.84735107421875
2009-07-27,34.107391357421875
2009-07-28,33.873374938964844
2009-07-29,34.09873580932617
2009-07-30,34.298095703125
2009-07-31,34.19405746459961
2009-08-03,34.70546340942383
2009-08-04,34.70546340942383
2009-08-05,34.436763763427734
2009-08-06,34.133392333984375
2009-08-07,34.5667610168457
2009-08-10,34.324073791503906
2009-08-11,34.02935028076172
2009-08-12,34.55810546875
2009-08-13,34.748809814453125
2009-08-14,34.350093841552734
2009-08-17,33.353302001953125
2009-08-18,33.83002471923828
2009-08-19,34.064064025878906
2009-08-20,34.46277618408203
2009-08-21,34.92215347290039
2009-08-24,34.88747787475586
2009-08-25,34.99149703979492
2009-08-26,34.93083572387695
2009-08-27,35.01749420166016
2009-08-28,35.05218505859375
2009-08-31,34.696773529052734
2009-09-01,34.04670333862305
2009-09-02,34.020713806152344
2009-09-03,34.246070861816406
2009-09-04,34.982818603515625
2009-09-08,35.31220626831055
2009-09-09,35.61557388305664
2009-09-10,35.953617095947266
2009-09-11,35.98826599121094
2009-09-14,36.12696838378906
2009-09-15,36.23964309692383
2009-09-16,36.76836013793945
2009-09-17,36.75968933105469
2009-09-18,36.8213119506836
2009-09-21,36.93410110473633
2009-09-22,37.00349426269531
2009-09-23,36.82997894287109
2009-09-24,36.50029754638672
2009-09-25,36.17928695678711
2009-09-28,36.79526901245117
2009-09-29,36.63044357299805
2009-09-30,36.65645599365234
2009-10-01,35.57193756103516
2009-10-02,35.46783447265625
2009-10-05,35.7541389465332
2009-10-06,36.38751602172852
2009-10-07,36.491607666015625
2009-10-08,36.647796630859375
2009-10-09,36.85602188110352
2009-10-12,36.93410110473633
2009-10-13,36.94276428222656
2009-10-14,37.44599533081055
2009-10-15,37.35920333862305
2009-10-16,37.11629486083984
2009-10-19,37.489376068115234
2009-10-20,37.498043060302734
2009-10-21,37.42862319946289
2009-10-22,37.57611846923828
2009-10-23,37.41997528076172
2009-10-26,37.298484802246094
2009-10-27,36.73454284667969
2009-10-28,35.910308837890625
2009-10-29,36.51764297485352
2009-10-30,35.5372428894043
2009-11-02,35.68475341796875
2009-11-03,35.79753494262695
2009-11-04,35.858253479003906
2009-11-05,36.74323272705078
2009-11-06,36.96013259887695
2009-11-09,37.74965286254883
2009-11-10,37.84508895874024
2009-11-11,38.08802795410156
2009-11-12,37.87111282348633
2009-11-13,38.183441162109375
2009-11-16,38.57387161254883
2009-11-17,38.69534683227539
2009-11-18,38.47843551635742
2009-11-19,37.879791259765625
2009-11-20,37.68891525268555
2009-11-23,38.29624938964844
2009-11-24,38.16609573364258
2009-11-25,38.330936431884766
2009-11-27,37.74965286254883
2009-11-30,37.79304122924805
2009-12-01,38.183441162109375
2009-12-02,38.23549270629883
2009-12-03,38.0793342590332
2009-12-04,38.27888107299805
2009-12-07,38.0966911315918
2009-12-08,37.862430572509766
2009-12-09,38.24419021606445
2009-12-10,38.43506622314453
2009-12-11,38.28755187988281
2009-12-14,38.6519775390625
2009-12-15,38.43506622314453
2009-12-16,38.48711013793945
2009-12-17,38.01860427856445
2009-12-18,38.63824462890625
2009-12-21,39.07275772094727
2009-12-22,39.307411193847656
2009-12-23,39.59420776367188
2009-12-24,39.95921325683594
2009-12-28,40.16777420043945
2009-12-29,40.00265121459961
2009-12-30,40.12432861328125
2009-12-31,39.759315490722656
2010-01-04,40.341590881347656
2010-01-05,40.341590881347656
2010-01-06,40.09824752807617
2010-01-07,40.12432861328125
2010-01-08,40.454566955566406
2010-01-11,40.28944778442383
2010-01-12,39.785404205322266
2010-01-13,40.2807731628418
2010-01-14,40.315521240234375
2010-01-15,39.84622573852539
2010-01-19,40.48933029174805
2010-01-20,39.90705490112305
2010-01-21,39.53337478637695
2010-01-22,38.37752532958984
2010-01-25,38.50786590576172
2010-01-26,38.54264450073242
2010-01-27,38.84680938720703
2010-01-28,37.84740829467773
2010-01-29,37.18691635131836
2010-02-01,37.59537506103516
2010-02-02,37.934303283691406
2010-02-03,38.14288330078125
2010-02-04,37.0391731262207
2010-02-05,37.35202407836914
2010-02-08,37.08263397216797
2010-02-09,37.46502304077149
2010-02-10,37.38679885864258
2010-02-11,37.951690673828125
2010-02-12,38.029903411865234
2010-02-16,38.51657104492188
2010-02-17,38.73384094238281
2010-02-18,38.9771728515625
2010-02-19,38.95979309082031
2010-02-22,38.88158416748047
2010-02-23,38.37752532958984
2010-02-24,38.768585205078125
2010-02-25,38.75991821289063
2010-02-26,38.89896011352539
2010-03-01,39.4638557434082
2010-03-02,39.58551788330078
2010-03-03,39.62896728515625
2010-03-04,39.759315490722656
2010-03-05,40.35897445678711
2010-03-08,40.43717193603516
2010-03-09,40.66314697265625
2010-03-10,40.99337768554688
2010-03-11,41.14982604980469
2010-03-12,41.15849685668945
2010-03-15,41.05420684814453
2010-03-16,41.31494522094727
2010-03-17,41.42790603637695
2010-03-18,41.56696319580078
2010-03-19,41.315547943115234
2010-03-22,41.68962097167969
2010-03-23,41.97673034667969
2010-03-24,41.77661895751953
2010-03-25,41.71573638916016
2010-03-26,41.75923538208008
2010-03-29,41.95930862426758
2010-03-30,42.098514556884766
2010-03-31,41.8984260559082
2010-04-01,41.8984260559082
2010-04-05,42.289920806884766
2010-04-06,42.41172409057617
2010-04-07,42.30731201171875
2010-04-08,42.40301513671875
2010-04-09,42.65530776977539
2010-04-12,42.69010543823242
2010-04-13,42.907596588134766
2010-04-14,43.420894622802734
2010-04-15,43.612300872802734
2010-04-16,43.09029006958008
2010-04-19,43.06418991088867
2010-04-20,43.28170776367188
2010-04-21,43.52529144287109
2010-04-22,43.768890380859375
2010-04-23,43.95159912109375
2010-04-26,43.85589218139648
2010-04-27,42.92500686645508
2010-04-28,42.95110321044922
2010-04-29,43.69929885864258
2010-04-30,42.838008880615234
2010-05-03,43.43830108642578
2010-05-04,42.13331604003906
2010-05-05,41.91582107543945
2010-05-06,40.5151596069336
2010-05-07,39.50598907470703
2010-05-10,41.55913543701172
2010-05-11,41.5156364440918
2010-05-12,42.29861831665039
2010-05-13,41.62874984741211
2010-05-14,40.82833099365234
2010-05-17,40.95883560180664
2010-05-18,40.39336013793945
2010-05-19,40.07146835327149
2010-05-20,38.58378219604492
2010-05-21,39.01008987426758
2010-05-24,38.853492736816406
2010-05-25,38.88827133178711
2010-05-26,38.45329666137695
2010-05-27,39.90615463256836
2010-05-28,39.67125701904297
2010-06-01,39.30585479736328
2010-06-02,40.23677062988281
2010-06-03,40.61955261230469
2010-06-04,39.227569580078125
2010-06-07,38.51418685913086
2010-06-08,38.4445915222168
2010-06-09,38.12268829345703
2010-06-10,39.2101936340332
2010-06-11,39.58426284790039
2010-06-14,39.575565338134766
2010-06-15,40.636940002441406
2010-06-16,40.802242279052734
2010-06-17,40.93274688720703
2010-06-18,40.96672439575195
2010-06-21,40.61808013916016
2010-06-22,40.30429458618164
2010-06-23,40.13867568969727
2010-06-24,39.528541564941406
2010-06-25,39.53640365600586
2010-06-28,39.39667892456055
2010-06-29,37.877044677734375
2010-06-30,37.30064392089844
2010-07-01,37.195838928222656
2010-07-02,37.09103775024414
2010-07-06,37.20455551147461
2010-07-07,38.39230728149414
2010-07-08,38.60192108154297
2010-07-09,38.968746185302734
2010-07-12,39.08227157592773
2010-07-13,39.58881378173828
2010-07-14,39.7896728515625
2010-07-15,39.8245964050293
2010-07-16,38.72418212890625
2010-07-19,39.05606460571289
2010-07-20,39.52767562866211
2010-07-21,38.98618316650391
2010-07-22,39.97307586669922
2010-07-23,40.22634506225586
2010-07-26,40.5582160949707
2010-07-27,40.540748596191406
2010-07-28,40.21760177612305
2010-07-29,39.920684814453125
2010-07-30,40.00801086425781
2010-08-02,40.75910186767578
2010-08-03,40.58442306518555
2010-08-04,40.99489212036133
2010-08-05,40.89882278442383
2010-08-06,40.83769607543945
2010-08-09,41.1171760559082
2010-08-10,40.75910186767578
2010-08-11,39.64994430541992
2010-08-12,39.33553695678711
2010-08-13,39.05606460571289
2010-08-16,39.12594223022461
2010-08-17,39.62373733520508
2010-08-18,39.78094100952149
2010-08-19,39.178340911865234
2010-08-20,39.23073196411133
2010-08-23,38.84646224975586
2010-08-24,38.1215934753418
2010-08-25,38.48838424682617
2010-08-26,38.025508880615234
2010-08-27,38.48838424682617
2010-08-30,38.08663940429688
2010-08-31,37.95564651489258
2010-09-01,39.09099197387695
2010-09-02,39.52767562866211
2010-09-03,40.18268203735352
2010-09-07,39.91194915771485
2010-09-08,40.39228439331055
2010-09-09,40.54948425292969
2010-09-10,40.69795608520508
2010-09-13,41.26563262939453
2010-09-14,41.44029998779297
2010-09-15,41.70230865478516
2010-09-16,41.86824417114258
2010-09-17,42.010047912597656
2010-09-20,42.745391845703125
2010-09-21,42.73662567138672
2010-09-22,42.622825622558594
2010-09-23,42.60532760620117
2010-09-24,43.47195053100586
2010-09-27,43.2356071472168
2010-09-28,43.21808624267578
2010-09-29,43.1480712890625
2010-09-30,42.9554557800293
2010-10-01,42.90294647216797
2010-10-04,42.438995361328125
2010-10-05,43.47195053100586
2010-10-06,43.09552764892578
2010-10-07,43.253116607666016
2010-10-08,43.55073928833008
2010-10-11,43.56825256347656
2010-10-12,43.86590194702149
2010-10-13,44.22478866577149
2010-10-14,44.137245178222656
2010-10-15,45.07390975952149
2010-10-18,44.9075927734375
2010-10-19,44.48740005493164
2010-10-20,44.8112907409668
2010-10-21,44.89883041381836
2010-10-22,45.20522689819336
2010-10-25,45.424076080322266
2010-10-26,45.546634674072266
2010-10-27,45.68669891357422
2010-10-28,45.78300094604492
2010-10-29,45.67794418334961
2010-11-01,45.71295928955078
2010-11-02,46.203163146972656
2010-11-03,46.41326904296875
2010-11-04,46.98228454589844
2010-11-05,46.98228454589844
2010-11-08,47.04356002807617
2010-11-09,46.78969955444336
2010-11-10,47.02604675292969
2010-11-11,46.72842025756836
2010-11-12,45.966827392578125
2010-11-15,45.791751861572266
2010-11-16,45.0389289855957
2010-11-17,45.17021179199219
2010-11-18,45.89679336547852
2010-11-19,45.93180847167969
2010-11-22,46.31699752807617
2010-11-23,45.5816535949707
2010-11-24,46.50081634521485
2010-11-26,46.194435119628906
2010-11-29,46.15940856933594
2010-11-30,45.59917068481445
2010-12-01,46.56209945678711
2010-12-02,47.03480911254883
2010-12-03,47.15736770629883
2010-12-06,47.13984680175781
2010-12-07,47.16612243652344
2010-12-08,47.3411865234375
2010-12-09,47.38496398925781
2010-12-10,47.70009613037109
2010-12-13,47.533782958984375
2010-12-14,47.62133026123047
2010-12-15,47.411231994628906
2010-12-16,47.77888107299805
2010-12-17,47.820987701416016
2010-12-20,47.8560791015625
2010-12-21,48.14551544189453
2010-12-22,48.13674545288086
2010-12-23,48.01397705078125
2010-12-27,48.04026412963867
2010-12-28,47.95255661010742
2010-12-29,48.05781936645508
2010-12-30,47.94377899169922
2010-12-31,47.768348693847656
2011-01-03,48.513919830322266
2011-01-04,48.47883224487305
2011-01-05,48.89107894897461
2011-01-06,49.04897689819336
2011-01-07,49.00511169433594
2011-01-10,49.18930816650391
2011-01-11,49.25947189331055
2011-01-12,49.61033630371094
2011-01-13,49.62786865234375
2011-01-14,49.99624633789063
2011-01-18,50.13661193847656
2011-01-19,49.56647491455078
2011-01-20,49.21561813354492
2011-01-21,48.83845901489258
2011-01-24,49.51384353637695
2011-01-25,49.58399963378906
2011-01-26,49.847145080566406
2011-01-27,50.15415191650391
2011-01-28,48.88232421875
2011-01-31,49.11912536621094
2011-02-01,50.04011154174805
2011-02-02,49.96118927001953
2011-02-03,50.04890441894531
2011-02-04,50.32956314086914
2011-02-07,50.566402435302734
2011-02-08,50.89970779418945
2011-02-09,50.8120002746582
2011-02-10,50.89093017578125
2011-02-11,51.25931930541992
2011-02-14,51.38212966918945
2011-02-15,51.311954498291016
2011-02-16,51.64527130126953
2011-02-17,51.62772750854492
2011-02-18,51.51369094848633
2011-02-22,50.0225830078125
2011-02-23,49.61033630371094
2011-02-24,49.87347412109375
2011-02-25,50.566402435302734
2011-02-28,50.67164993286133
2011-03-01,49.85591125488281
2011-03-02,50.119049072265625
2011-03-03,51.1102180480957
2011-03-04,50.84708786010742
2011-03-07,50.16292190551758
2011-03-08,50.36466598510742
2011-03-09,50.0225830078125
2011-03-10,49.2419319152832
2011-03-11,49.548927307128906
2011-03-14,49.37350463867188
2011-03-15,48.67180633544922
2011-03-16,47.4964599609375
2011-03-17,47.93500518798828
2011-03-18,47.82698822021485
2011-03-21,48.749267578125
2011-03-22,48.661415100097656
2011-03-23,48.933719635009766
2011-03-24,49.80330657958984
2011-03-25,49.92626190185547
2011-03-28,49.65397644042969
2011-03-29,50.1370735168457
2011-03-30,50.37424850463867
2011-03-31,50.44450378417969
2011-04-01,50.470848083496094
2011-04-04,50.3039665222168
2011-04-05,50.17221832275391
2011-04-06,50.29518127441406
2011-04-07,50.26006317138672
2011-04-08,50.022891998291016
2011-04-11,49.85599899291992
2011-04-12,49.513431549072266
2011-04-13,49.93505859375
2011-04-14,49.84721374511719
2011-04-15,49.759376525878906
2011-04-18,49.40803146362305
2011-04-19,49.715450286865234
2011-04-20,50.83977127075195
2011-04-21,51.24381256103516
2011-04-25,51.375579833984375
2011-04-26,51.66543197631836
2011-04-27,52.01678085327149
2011-04-28,51.937721252441406
2011-04-29,51.89380645751953
2011-05-02,51.79717254638672
2011-05-03,51.55123901367188
2011-05-04,51.47219467163086
2011-05-05,51.19112014770508
2011-05-06,51.35800552368164
2011-05-09,51.55123901367188
2011-05-10,51.99044036865234
2011-05-11,51.61273193359375
2011-05-12,51.92015075683594
2011-05-13,51.305320739746094
2011-05-16,50.41814804077149
2011-05-17,50.558692932128906
2011-05-18,50.98030471801758
2011-05-19,51.12963485717773
2011-05-20,50.74314498901367
2011-05-23,49.99654769897461
2011-05-24,49.68910217285156
2011-05-25,49.8823471069336
2011-05-26,50.18976974487305
2011-05-27,50.44450378417969
2011-05-31,51.26138305664063
2011-06-01,50.14587020874024
2011-06-02,50.251258850097656
2011-06-03,49.4958610534668
2011-06-06,49.09182357788086
2011-06-07,49.00400161743164
2011-06-08,48.65265274047852
2011-06-09,48.74048614501953
2011-06-10,47.99386215209961
2011-06-13,47.99386215209961
2011-06-14,48.60871124267578
2011-06-15,47.68642425537109
2011-06-16,47.50198745727539
2011-06-17,47.35319900512695
2011-06-20,47.59970474243164
2011-06-21,48.62088394165039
2011-06-22,48.268741607666016
2011-06-23,48.71771240234375
2011-06-24,47.872596740722656
2011-06-27,48.63849258422852
2011-06-28,49.360382080078125
2011-06-29,49.56285095214844
2011-06-30,50.22309494018555
2011-07-01,50.98020553588867
2011-07-05,51.235469818115234
2011-07-06,51.40275573730469
2011-07-07,52.10702133178711
2011-07-08,51.96615982055664
2011-07-11,51.02419662475586
2011-07-12,50.63685989379883
2011-07-13,50.84813690185547
2011-07-14,50.25831604003906
2011-07-15,50.92736053466797
2011-07-18,50.65446090698242
2011-07-19,51.80770492553711
2011-07-20,51.58761596679688
2011-07-21,51.93095397949219
2011-07-22,52.46794509887695
2011-07-25,52.36230850219727
2011-07-26,52.49436950683594
2011-07-27,51.138633728027344
2011-07-28,51.226680755615234
2011-07-29,51.05942153930664
2011-08-01,50.82172775268555
2011-08-02,49.536434173583984
2011-08-03,50.01182174682617
2011-08-04,47.68774032592773
2011-08-05,47.38841247558594
2011-08-08,44.5361328125
2011-08-09,46.68416595458984
2011-08-10,44.77381896972656
2011-08-11,46.74576187133789
2011-08-12,47.15954208374024
2011-08-15,47.85498428344727
2011-08-16,47.45005416870117
2011-08-17,47.16833114624024
2011-08-18,44.85306167602539
2011-08-19,44.04314804077149
2011-08-22,44.20159530639648
2011-08-23,46.02389526367188
2011-08-24,46.38483810424805
2011-08-25,45.62776947021485
2011-08-26,46.77219009399414
2011-08-29,48.07508850097656
2011-08-30,48.39200592041016
2011-08-31,48.47121810913086
2011-09-01,48.03107833862305
2011-09-02,46.904239654541016
2011-09-06,46.91302490234375
2011-09-07,48.10149002075195
2011-09-08,47.88139724731445
2011-09-09,46.81620407104492
2011-09-12,47.41481399536133
2011-09-13,48.04866027832031
2011-09-14,48.73531723022461
2011-09-15,49.45720672607422
2011-09-16,49.91054534912109
2011-09-19,49.92817687988281
2011-09-20,49.70769119262695
2011-09-21,48.84334182739258
2011-09-22,47.255802154541016
2011-09-23,47.75854110717773
2011-09-26,48.31418228149414
2011-09-27,48.8169059753418
2011-09-28,48.09367752075195
2011-09-29,47.52039337158203
2011-09-30,46.294464111328125
2011-10-03,45.10382080078125
2011-10-04,46.02986907958984
2011-10-05,47.211700439453125
2011-10-06,48.0054931640625
2011-10-07,47.68798828125
2011-10-10,49.33726119995117
2011-10-11,49.67241287231445
2011-10-12,49.91934585571289
2011-10-13,50.37799072265625
2011-10-14,51.31287384033203
2011-10-17,50.519081115722656
2011-10-18,51.14529800415039
2011-10-19,50.15748596191406
2011-10-20,49.91054534912109
2011-10-21,50.53672409057617
2011-10-24,51.58627700805664
2011-10-25,50.57200622558594
2011-10-26,50.510284423828125
2011-10-27,51.90378952026367
2011-10-28,51.9831657409668
2011-10-31,51.11001586914063
2011-11-01,49.77824020385742
2011-11-02,50.20158386230469
2011-11-03,51.2423095703125
2011-11-04,50.97770309448242
2011-11-07,51.33932495117188
2011-11-08,51.93025588989258
2011-11-09,50.10457611083984
2011-11-10,50.07809829711914
2011-11-11,51.02181625366211
2011-11-14,50.70431518554688
2011-11-15,51.268775939941406
2011-11-16,50.42209243774414
2011-11-17,49.24024200439453
2011-11-18,48.86099243164063
2011-11-21,47.92610549926758
2011-11-22,48.08486175537109
2011-11-23,47.00003433227539
2011-11-25,46.63845443725586
2011-11-28,48.261268615722656
2011-11-29,47.961387634277344
2011-11-30,49.73414611816406
2011-12-01,50.07809829711914
2011-12-02,49.9370002746582
2011-12-05,50.48382186889648
2011-12-06,50.34269714355469
2011-12-07,50.34269714355469
2011-12-08,49.49600982666016
2011-12-09,50.28977966308594
2011-12-12,49.72532653808594
2011-12-13,49.17850112915039
2011-12-14,48.41119384765625
2011-12-15,48.27890396118164
2011-12-16,48.52747344970703
2011-12-19,48.049800872802734
2011-12-20,49.47396087646485
2011-12-21,48.76629257202149
2011-12-22,49.18204498291016
2011-12-23,49.60662460327149
2011-12-27,49.79166793823242
2011-12-28,49.21620941162109
2011-12-29,49.57033920288086
2011-12-30,49.42869186401367
2012-01-03,50.37599182128906
2012-01-04,50.58846664428711
2012-01-05,51.00460433959961
2012-01-06,51.181678771972656
2012-01-09,51.01345443725586
2012-01-10,51.385284423828125
2012-01-11,51.49152374267578
2012-01-12,51.69515609741211
2012-01-13,51.50924301147461
2012-01-17,51.97847366333008
2012-01-18,52.669036865234375
2012-01-19,52.99662780761719
2012-01-20,52.91693878173828
2012-01-23,52.93463134765625
2012-01-24,52.83726119995117
2012-01-25,53.50127029418945
2012-01-26,53.315338134765625
2012-01-27,53.47471237182617
2012-01-30,53.51896667480469
2012-01-31,53.58979415893555
2012-02-01,54.02360916137695
2012-02-02,54.19181823730469
2012-02-03,54.935508728027344
2012-02-06,54.891258239746094
2012-02-07,55.00634765625
2012-02-08,55.29850387573242
2012-02-09,55.696903228759766
2012-02-10,55.30735397338867
2012-02-13,55.82086944580078
2012-02-14,55.9625129699707
2012-02-15,55.57294845581055
2012-02-16,56.33434295654297
2012-02-17,56.15729141235352
2012-02-21,56.316654205322266
2012-02-22,56.05991363525391
2012-02-23,56.43174362182617
2012-02-24,56.62651443481445
2012-02-27,56.706199645996094
2012-02-28,57.28167343139648
2012-02-29,57.02491760253906
2012-03-01,57.47646713256836
2012-03-02,57.43218994140625
2012-03-05,56.8390007019043
2012-03-06,56.28123474121094
2012-03-07,56.71504592895508
2012-03-08,57.32593536376953
2012-03-09,57.56497573852539
2012-03-12,57.5915412902832
2012-03-13,58.66280746459961
2012-03-14,58.86642456054688
2012-03-15,59.03466796875
2012-03-16,58.99297332763672
2012-03-19,59.40977478027344
2012-03-20,59.516204833984375
2012-03-21,59.52506637573242
2012-03-22,59.40093231201172
2012-03-23,59.36544799804688
2012-03-26,60.40304946899414
2012-03-27,60.49175262451172
2012-03-28,60.25229644775391
2012-03-29,60.021728515625
2012-03-30,59.90642166137695
2012-04-02,60.52720260620117
2012-04-03,60.50947952270508
2012-04-04,59.68471908569336
2012-04-05,60.05718994140625
2012-04-09,59.60490036010742
2012-04-10,58.6470947265625
2012-04-11,58.930908203125
2012-04-12,59.60490036010742
2012-04-13,58.70030212402344
2012-04-16,58.044044494628906
2012-04-17,59.22353363037109
2012-04-18,59.07278060913086
2012-04-19,58.40764999389648
2012-04-20,58.248008728027344
2012-04-23,57.71590042114258
2012-04-24,57.40553283691406
2012-04-25,58.930908203125
2012-04-26,59.27675628662109
2012-04-27,59.63151168823242
2012-04-30,59.20580291748047
2012-05-01,59.30338287353516
2012-05-02,59.47188949584961
2012-05-03,58.84222412109375
2012-05-04,57.37889862060547
2012-05-07,57.43213272094727
2012-05-08,57.21925735473633
2012-05-09,57.04191207885742
2012-05-10,56.92662811279297
2012-05-11,56.917747497558594
2012-05-14,56.38566207885742
2012-05-15,56.19939804077149
2012-05-16,55.81806182861328
2012-05-17,54.63857269287109
2012-05-18,53.9290885925293
2012-05-21,55.43671417236328
2012-05-22,55.374629974365234
2012-05-23,55.4810676574707
2012-05-24,55.11744689941406
2012-05-25,55.04651641845703
2012-05-29,55.74711227416992
2012-05-30,55.27709197998047
2012-05-31,55.037635803222656
2012-06-01,53.5743522644043
2012-06-04,53.98229217529297
2012-06-05,54.204010009765625
2012-06-06,55.44559097290039
2012-06-07,55.223876953125
2012-06-08,55.755977630615234
2012-06-11,54.8159294128418
2012-06-12,55.4810676574707
2012-06-13,55.099735260009766
2012-06-14,55.303707122802734
2012-06-15,55.99079895019531
2012-06-18,56.5152587890625
2012-06-19,57.1019172668457
2012-06-20,57.14633941650391
2012-06-21,55.7241325378418
2012-06-22,56.3108024597168
2012-06-25,55.22636413574219
2012-06-26,55.57301712036133
2012-06-27,55.91078567504883
2012-06-28,55.28857803344727
2012-06-29,57.03078842163086
2012-07-02,57.199684143066406
2012-07-03,57.67967224121094
2012-07-05,57.715240478515625
2012-07-06,56.99523162841797
2012-07-09,56.88857650756836
2012-07-10,56.32857131958008
2012-07-11,56.017459869384766
2012-07-12,55.49302673339844
2012-07-13,56.33747863769531
2012-07-16,56.17744827270508
2012-07-17,56.47079086303711
2012-07-18,57.2352409362793
2012-07-19,57.86635208129883
2012-07-20,57.1019172668457
2012-07-23,56.40856170654297
2012-07-24,55.96413803100586
2012-07-25,55.59079360961914
2012-07-26,56.32857131958008
2012-07-27,57.66188430786133
2012-07-30,57.61745834350586
2012-07-31,57.59967422485352
2012-08-01,57.43080139160156
2012-08-02,57.226341247558594
2012-08-03,58.31078720092773
2012-08-06,58.75521087646485
2012-08-07,59.24409866333008
2012-08-08,59.21745681762695
2012-08-09,59.39522171020508
2012-08-10,59.4307746887207
2012-08-13,59.57299423217773
2012-08-14,59.59969711303711
2012-08-15,59.75078582763672
2012-08-16,60.461875915527344
2012-08-17,60.728553771972656
2012-08-20,60.81744003295898
2012-08-21,60.577449798583984
2012-08-22,60.82632064819336
2012-08-23,60.32855224609375
2012-08-24,60.70186614990234
2012-08-27,60.79964447021485
2012-08-28,60.79964447021485
2012-08-29,60.79964447021485
2012-08-30,60.18632888793945
2012-08-31,60.58631896972656
2012-09-04,60.52409744262695
2012-09-05,60.461875915527344
2012-09-06,61.80410385131836
2012-09-07,61.71522903442383
2012-09-10,60.924110412597656
2012-09-11,60.82632064819336
2012-09-12,61.00410079956055
2012-09-13,61.83077621459961
2012-09-14,62.381866455078125
2012-09-17,62.408538818359375
2012-09-18,62.46186065673828
2012-09-19,62.577430725097656
2012-09-20,62.51520919799805
2012-09-21,62.53305435180664
2012-09-24,62.16752243041992
2012-09-25,61.29396438598633
2012-09-26,60.79475021362305
2012-09-27,61.63270950317383
2012-09-28,61.12459945678711
2012-10-01,61.03545379638672
2012-10-02,61.213748931884766
2012-10-03,61.60596084594727
2012-10-04,61.81990432739258
2012-10-05,61.4901008605957
2012-10-08,60.92846298217773
2012-10-09,59.95684051513672
2012-10-10,59.65378189086914
2012-10-11,59.46654891967773
2012-10-12,59.4398078918457
2012-10-15,59.87661361694336
2012-10-16,60.72346496582031
2012-10-17,60.687801361083984
2012-10-18,59.98359298706055
2012-10-19,58.54838562011719
2012-10-22,58.85147476196289
2012-10-23,58.28989410400391
2012-10-24,58.08485412597656
2012-10-25,58.08485412597656
2012-10-26,58.25423049926758
2012-10-31,57.897647857666016
2012-11-01,58.71776580810547
2012-11-02,58.093780517578125
2012-11-05,58.477088928222656
2012-11-06,58.58404922485352
2012-11-07,57.20234298706055
2012-11-08,56.30202102661133
2012-11-09,56.5427131652832
2012-11-12,56.53378677368164
2012-11-13,56.14155960083008
2012-11-14,55.4819221496582
2012-11-15,55.29470443725586
2012-11-16,55.53539657592773
2012-11-19,56.85471725463867
2012-11-20,56.87250518798828
2012-11-21,56.9884033203125
2012-11-23,57.85307312011719
2012-11-26,58.102684020996094
2012-11-27,57.90656280517578
2012-11-28,58.40576934814453
2012-11-29,58.753414154052734
2012-11-30,58.655364990234375
2012-12-03,58.53947448730469
2012-12-04,58.503814697265625
2012-12-05,57.85307312011719
2012-12-06,58.22747039794922
2012-12-07,57.87982940673828
2012-12-10,58.04920959472656
2012-12-11,58.80691146850586
2012-12-12,58.6821174621582
2012-12-13,58.21856689453125
2012-12-14,57.66588973999024
2012-12-17,58.43253326416016
2012-12-18,59.32392501831055
2012-12-19,59.06542205810547
2012-12-20,59.06542205810547
2012-12-21,58.44419860839844
2012-12-24,58.327674865722656
2012-12-26,57.81674575805664
2012-12-27,57.72711181640625
2012-12-28,57.171363830566406
2012-12-31,58.3814582824707
2013-01-02,60.23697662353516
2013-01-03,59.923248291015625
2013-01-04,59.72603988647461
2013-01-07,59.74396514892578
2013-01-08,59.62744522094727
2013-01-09,59.85153579711914
2013-01-10,60.21010208129883
2013-01-11,60.29077911376953
2013-01-14,60.0218505859375
2013-01-15,59.72603988647461
2013-01-16,59.968074798583984
2013-01-17,60.25490951538086
2013-01-18,60.1204719543457
2013-01-22,60.219051361083984
2013-01-23,60.586570739746094
2013-01-24,59.7529411315918
2013-01-25,60.05769729614258
2013-01-28,60.19217300415039
2013-01-29,60.20113754272461
2013-01-30,60.075626373291016
2013-01-31,59.94119644165039
2013-02-01,60.64934539794922
2013-02-04,59.591583251953125
2013-02-05,60.47004699707031
2013-02-06,60.27285003662109
2013-02-07,60.32663345336914
2013-02-08,60.94512176513672
2013-02-11,60.96306610107422
2013-02-12,60.71207046508789
2013-02-13,60.92721939086914
2013-02-14,60.909278869628906
2013-02-15,60.72999572753906
2013-02-19,61.16923522949219
2013-02-20,60.228023529052734
2013-02-21,59.5826301574707
2013-02-22,60.18318939208984
2013-02-25,59.43920135498047
2013-02-26,59.66330337524414
2013-02-27,60.27285003662109
2013-02-28,60.1473503112793
2013-03-01,60.39833831787109
2013-03-04,60.667259216308594
2013-03-05,61.56361770629883
2013-03-06,61.4112548828125
2013-03-07,61.57259368896485
2013-03-08,61.64430618286133
2013-03-11,61.82359313964844
2013-03-12,61.59949493408203
2013-03-13,61.5188102722168
2013-03-14,61.724979400634766
2013-03-15,61.55339813232422
2013-03-18,61.41861343383789
2013-03-19,61.30183029174805
2013-03-20,61.73308181762695
2013-03-21,61.03228378295898
2013-03-22,61.625244140625
2013-03-25,61.400611877441406
2013-03-26,61.73308181762695
2013-03-27,61.813941955566406
2013-03-28,61.9666633605957
2013-04-01,61.54439926147461
2013-04-02,62.02958297729492
2013-04-03,61.46353530883789
2013-04-04,61.48151779174805
2013-04-05,60.969364166259766
2013-04-08,61.29281997680664
2013-04-09,61.70613861083984
2013-04-10,62.91008377075195
2013-04-11,62.883079528808594
2013-04-12,62.83818054199219
2013-04-15,61.59829711914063
2013-04-16,62.41590881347656
2013-04-17,61.19398498535156
2013-04-18,60.34944534301758
2013-04-19,61.1760139465332
2013-04-22,61.804962158203125
2013-04-23,62.39792251586914
2013-04-24,62.37095260620117
2013-04-25,62.70342254638672
2013-04-26,62.50576019287109
2013-04-29,63.08074951171875
2013-04-30,63.53896331787109
2013-05-01,63.242469787597656
2013-05-02,64.04214477539062
2013-05-03,64.79684448242188
2013-05-06,65.0483627319336
2013-05-07,65.01244354248047
2013-05-08,65.326904296875
2013-05-09,65.2370376586914
2013-05-10,65.63236236572266
2013-05-13,65.7132339477539
2013-05-14,66.05462646484375
2013-05-15,66.18944549560547
2013-05-16,66.11753845214844
2013-05-17,66.75546264648438
2013-05-20,66.6565933227539
2013-05-21,66.7284927368164
2013-05-22,66.14450073242188
2013-05-23,65.99175262451172
2013-05-24,65.95585632324219
2013-05-28,66.3870849609375
2013-05-29,66.07264709472656
2013-05-30,66.42301177978516
2013-05-31,65.81208038330078
2013-06-03,65.92887878417969
2013-06-04,65.5874252319336
2013-06-05,64.73392486572266
2013-06-06,65.0483627319336
2013-06-07,65.93785095214844
2013-06-10,65.96481323242188
2013-06-11,65.30892944335938
2013-06-12,64.55419921875
2013-06-13,65.37181091308594
2013-06-14,64.9405517578125
2013-06-17,65.56948852539062
2013-06-18,66.10857391357422
2013-06-19,65.37181091308594
2013-06-20,63.81749725341797
2013-06-21,63.478607177734375
2013-06-24,62.84768295288086
2013-06-25,63.30736541748047
2013-06-26,63.87519454956055
2013-06-27,64.14558410644531
2013-06-28,64.2356948852539
2013-07-01,64.63225555419922
2013-07-02,64.6593017578125
2013-07-03,64.9206771850586
2013-07-05,65.41637420654297
2013-07-08,65.4795150756836
2013-07-09,65.8760757446289
2013-07-10,66.25463104248047
2013-07-11,67.57051086425781
2013-07-12,67.86792755126953
2013-07-15,68.02115631103516
2013-07-16,67.93104553222656
2013-07-17,68.10226440429688
2013-07-18,67.93104553222656
2013-07-19,67.22801971435547
2013-07-22,67.4262924194336
2013-07-23,66.93058776855469
2013-07-24,67.14688110351562
2013-07-25,67.57051086425781
2013-07-26,67.93104553222656
2013-07-29,67.80486297607422
2013-07-30,68.16535949707031
2013-07-31,68.29154968261719
2013-08-01,68.9855728149414
2013-08-02,69.37313079833984
2013-08-05,69.41817474365234
2013-08-06,69.00357818603516
2013-08-07,68.87739562988281
2013-08-08,69.21990966796875
2013-08-09,68.94049835205078
2013-08-12,69.10270690917969
2013-08-13,69.49027252197266
2013-08-14,69.22894287109375
2013-08-15,68.05722045898438
2013-08-16,68.03018951416016
2013-08-19,67.91299438476562
2013-08-20,68.21043395996094
2013-08-21,67.97608947753906
2013-08-22,68.64305877685547
2013-08-23,69.10270690917969
2013-08-26,69.13877868652344
2013-08-27,67.72374725341797
2013-08-28,67.98512268066406
2013-08-29,68.4627685546875
2013-08-30,68.02115631103516
2013-09-03,68.40872955322266
2013-09-04,69.13877868652344
2013-09-05,69.25592803955078
2013-09-06,69.33704376220703
2013-09-09,70.14823913574219
2013-09-10,70.49071502685547
2013-09-11,70.35551452636719
2013-09-12,70.31048583984375
2013-09-13,70.35551452636719
2013-09-16,70.16627502441406
2013-09-17,70.63493347167969
2013-09-18,71.48213195800781
2013-09-19,71.65339660644531
2013-09-20,71.40750885009766
2013-09-23,71.26287078857422
2013-09-24,71.26287078857422
2013-09-25,71.01881408691406
2013-09-26,71.57019805908203
2013-09-27,71.47982788085938
2013-09-30,71.3080825805664
2013-10-01,72.03130340576172
2013-10-02,72.004150390625
2013-10-03,71.16342163085938
2013-10-04,71.77815246582031
2013-10-07,71.18151092529297
2013-10-08,69.80744934082031
2013-10-09,69.59046936035156
2013-10-10,71.06400299072266
2013-10-11,71.62445831298828
2013-10-14,72.13069915771484
2013-10-15,71.8504638671875
2013-10-16,72.66407775878906
2013-10-17,73.07992553710938
2013-10-18,74.26417541503906
2013-10-21,74.42689514160156
2013-10-22,74.53538513183594
2013-10-23,74.08340454101562
2013-10-24,74.40880584716797
2013-10-25,74.94217681884766
2013-10-28,74.96025848388672
2013-10-29,75.08682250976562
2013-10-30,75.0145034790039
2013-10-31,74.84274291992188
2013-11-01,74.86080932617188
2013-11-04,74.96927642822266
2013-11-05,75.05065155029297
2013-11-06,75.0325698852539
2013-11-07,73.62232208251953
2013-11-08,74.61672973632812
2013-11-11,74.49922943115234
2013-11-12,74.61672973632812
2013-11-13,75.52074432373047
2013-11-14,75.75579833984375
2013-11-15,75.9004135131836
2013-11-18,75.15914154052734
2013-11-19,74.94217681884766
2013-11-20,74.76141357421875
2013-11-21,75.52074432373047
2013-11-22,75.92753601074219
2013-11-25,76.10835266113281
2013-11-26,76.50608825683594
2013-11-27,77.03946685791016
2013-11-29,77.50051879882812
2013-12-02,77.27450561523438
2013-12-03,77.21125030517578
2013-12-04,77.28353118896484
2013-12-05,77.1841049194336
2013-12-06,77.74461364746094
2013-12-09,78.06100463867188
2013-12-10,78.00678253173828
2013-12-11,77.0032958984375
2013-12-12,76.80443572998047
2013-12-13,76.70498657226562
2013-12-16,77.1298828125
2013-12-17,76.97616577148438
2013-12-18,77.87116241455078
2013-12-19,77.6541976928711
2013-12-20,78.44502258300781
2013-12-23,79.270263671875
2013-12-24,79.30653381347656
2013-12-26,79.56952667236328
2013-12-27,79.37002563476562
2013-12-30,79.25210571289062
2013-12-31,79.7690658569336
2014-01-02,79.143310546875
2014-01-03,78.57197570800781
2014-01-06,78.28176879882812
2014-01-07,79.00729370117188
2014-01-08,79.17955780029297
2014-01-09,78.9166030883789
2014-01-10,79.1705093383789
2014-01-13,78.00064086914062
2014-01-14,79.48790740966797
2014-01-15,80.140869140625
2014-01-16,80.14994049072266
2014-01-17,79.69650268554688
2014-01-21,80.30412292480469
2014-01-22,80.51266479492188
2014-01-23,80.24066925048828
2014-01-24,78.66261291503906
2014-01-27,77.90088653564453
2014-01-28,77.85552978515625
2014-01-29,77.0212173461914
2014-01-30,78.44502258300781
2014-01-31,78.2364273071289
2014-02-03,76.44081115722656
2014-02-04,77.0030517578125
2014-02-05,76.80355072021484
2014-02-06,77.78297424316406
2014-02-07,79.1705093383789
2014-02-10,79.62393951416016
2014-02-11,80.53083801269531
2014-02-12,80.68498992919922
2014-02-13,81.2835464477539
2014-02-14,81.44677734375
2014-02-18,81.84577941894531
2014-02-19,81.2835464477539
2014-02-20,81.66443634033203
2014-02-21,81.55558013916016
2014-02-24,81.99088287353516
2014-02-25,81.90021514892578
2014-02-26,81.8276596069336
2014-02-27,82.3585433959961
2014-02-28,82.26750183105469
2014-03-03,81.65737915039062
2014-03-04,82.69551086425781
2014-03-05,82.92315673828125
2014-03-06,82.85032653808594
2014-03-07,82.4405288696289
2014-03-10,82.51335906982422
2014-03-11,82.15824127197266
2014-03-12,82.46783447265625
2014-03-13,81.30220794677734
2014-03-14,80.7467269897461
2014-03-17,81.45699310302734
2014-03-18,82.4405288696289
2014-03-19,81.9942855834961
2014-03-20,82.22196197509766
2014-03-21,81.2325668334961
2014-03-24,80.5206527709961
2014-03-25,80.78532409667969
2014-03-26,79.74483489990234
2014-03-27,79.29759979248047
2014-03-28,79.45276641845703
2014-03-31,80.01863861083984
2014-04-01,81.42422485351562
2014-04-02,81.63417053222656
2014-04-03,80.98615264892578
2014-04-04,78.83212280273438
2014-04-07,78.08366394042969
2014-04-08,78.80469512939453
2014-04-09,80.15557098388672
2014-04-10,77.67296600341797
2014-04-11,76.76933288574219
2014-04-14,77.3717269897461
2014-04-15,77.62731170654297
2014-04-16,78.6586685180664
2014-04-17,78.67693328857422
2014-04-21,79.26106262207031
2014-04-22,79.89087677001953
2014-04-23,79.1880874633789
2014-04-24,79.94561004638672
2014-04-25,78.66780853271484
2014-04-28,78.92337799072266
2014-04-29,79.55316162109375
2014-04-30,79.76309967041016
2014-05-01,80.00041198730469
2014-05-02,79.8543472290039
2014-05-05,80.27421569824219
2014-05-06,79.23371124267578
2014-05-07,79.00552368164062
2014-05-08,78.93250274658203
2014-05-09,79.2245864868164
2014-05-12,80.52976989746094
2014-05-13,80.58456420898438
2014-05-14,80.1646957397461
2014-05-15,79.53490447998047
2014-05-16,80.05514526367188
2014-05-19,80.61190032958984
2014-05-20,80.31982421875
2014-05-21,81.08651733398438
2014-05-22,81.44251251220703
2014-05-23,82.03578186035156
2014-05-27,83.05802154541016
2014-05-28,82.80244445800781
2014-05-29,83.33183288574219
2014-05-30,83.3409652709961
2014-06-02,83.25880432128906
2014-06-03,83.22229766845703
2014-06-04,83.53264617919922
2014-06-05,84.23544311523438
2014-06-06,84.71917724609375
2014-06-09,84.65531158447266
2014-06-10,84.80133056640625
2014-06-11,84.78305053710938
2014-06-12,84.01638793945312
2014-06-13,84.26282501220703
2014-06-16,84.33583068847656
2014-06-17,84.38148498535156
2014-06-18,84.8561019897461
2014-06-19,84.80133056640625
2014-06-20,84.9011001586914
2014-06-23,84.91938018798828
2014-06-24,84.83702850341797
2014-06-25,85.37696075439453
2014-06-26,85.42276763916016
2014-06-27,85.79798126220703
2014-06-30,85.94438934326172
2014-07-01,86.88699340820312
2014-07-02,87.033447265625
2014-07-03,87.58255004882812
2014-07-07,87.31715393066406
2014-07-08,86.26468658447266
2014-07-09,86.90534210205078
2014-07-10,86.63077545166016
2014-07-11,87.18900299072266
2014-07-14,87.71067810058594
2014-07-15,87.40868377685547
2014-07-16,87.75643920898438
2014-07-17,86.59416198730469
2014-07-18,87.96693420410156
2014-07-21,87.85710144042969
2014-07-22,88.41537475585938
2014-07-23,88.98279571533203
2014-07-24,88.88211059570312
2014-07-25,88.53435516357422
2014-07-28,88.56179809570312
2014-07-29,88.40621948242188
2014-07-30,88.75398254394531
2014-07-31,86.96021270751953
2014-08-01,86.63992309570312
2014-08-04,87.23479461669922
2014-08-05,86.56671905517578
2014-08-06,86.5026626586914
2014-08-07,86.22809600830078
2014-08-08,86.85041809082031
2014-08-11,87.36293029785156
2014-08-12,87.3262939453125
2014-08-13,88.25065612792969
2014-08-14,88.70821380615234
2014-08-15,89.13836669921875
2014-08-18,89.82475280761719
2014-08-19,90.32810974121094
2014-08-20,90.32810974121094
2014-08-21,90.5111312866211
2014-08-22,90.64838409423828
2014-08-25,90.96871948242188
2014-08-26,91.06023406982422
2014-08-27,91.0785140991211
2014-08-28,90.97789764404295
2014-08-29,91.31648254394533
2014-09-02,91.5818862915039
2014-09-03,91.04191589355467
2014-09-04,90.95954895019533
2014-09-05,91.41717529296876
2014-09-08,91.5910415649414
2014-09-09,90.8314437866211
2014-09-10,91.5818862915039
2014-09-11,91.50868225097656
2014-09-12,91.04191589355467
2014-09-15,90.1633529663086
2014-09-16,90.95042419433594
2014-09-17,91.08768463134766
2014-09-18,91.77405548095705
2014-09-19,91.71720123291016
2014-09-22,90.8640594482422
2014-09-23,90.61638641357422
2014-09-24,91.58875274658205
2014-09-25,89.66231536865234
2014-09-26,90.61638641357422
2014-09-29,90.49710083007812
2014-09-30,90.62554931640624
2014-10-01,89.17611694335938
2014-10-02,89.17611694335938
2014-10-03,90.05677032470703
2014-10-06,89.86416625976562
2014-10-07,88.58901977539062
2014-10-08,90.31363677978516
2014-10-09,88.85504913330078
2014-10-10,86.63505554199219
2014-10-13,85.2773666381836
2014-10-14,85.2865219116211
2014-10-15,84.73609161376953
2014-10-16,84.20405578613281
2014-10-17,85.3140640258789
2014-10-20,86.58919525146484
2014-10-21,88.86420440673828
2014-10-22,88.4055404663086
2014-10-23,89.73571014404297
2014-10-24,90.46959686279295
2014-10-27,90.53382110595705
2014-10-28,91.90066528320312
2014-10-29,91.5612564086914
2014-10-30,91.7538833618164
2014-10-31,93.01983642578124
2014-11-03,93.29502868652344
2014-11-04,92.983154296875
2014-11-05,92.9923324584961
2014-11-06,93.28588104248048
2014-11-07,93.20330810546876
2014-11-10,93.53353118896484
2014-11-11,93.82711791992188
2014-11-12,93.99226379394533
2014-11-13,94.39585876464844
2014-11-14,94.68939971923828
2014-11-17,94.40503692626952
2014-11-18,95.11140441894533
2014-11-19,94.68026733398438
2014-11-20,95.10220336914062
2014-11-21,95.28571319580078
2014-11-24,96.0287857055664
2014-11-25,96.17550659179688
2014-11-26,96.7993392944336
2014-11-28,97.24884033203124
2014-12-01,96.14803314208984
2014-12-02,96.53330993652344
2014-12-03,96.70761108398438
2014-12-04,96.66175079345705
2014-12-05,96.6709213256836
2014-12-08,95.98287963867188
2014-12-09,96.28561401367188
2014-12-10,94.77196502685548
2014-12-11,95.22149658203124
2014-12-12,94.18487548828124
2014-12-15,93.21248626708984
2014-12-16,91.71720123291016
2014-12-17,93.38680267333984
2014-12-18,95.63430786132812
2014-12-19,96.0550765991211
2014-12-22,96.29449462890624
2014-12-23,95.95381927490234
2014-12-24,96.03667449951172
2014-12-26,96.71808624267578
2014-12-29,96.69963836669922
2014-12-30,96.0550765991211
2014-12-31,95.0698699951172
2015-01-02,94.784423828125
2015-01-05,93.3940200805664
2015-01-06,92.1417999267578
2015-01-07,93.3296127319336
2015-01-08,95.11591339111328
2015-01-09,94.48974609375
2015-01-12,93.50456237792967
2015-01-13,93.47692108154295
2015-01-14,92.9613265991211
2015-01-15,91.75509643554688
2015-01-16,92.83238983154295
2015-01-20,93.56901550292967
2015-01-21,94.04778289794922
2015-01-22,95.78807067871094
2015-01-23,95.9998550415039
2015-01-26,95.88935089111328
2015-01-27,93.40328216552734
2015-01-28,92.92447662353516
2015-01-29,93.81761169433594
2015-01-30,93.09019470214844
2015-02-02,93.90045928955078
2015-02-03,94.80286407470705
2015-02-04,94.71997833251952
2015-02-05,95.53944396972656
2015-02-06,94.95938110351562
2015-02-09,94.65552520751952
2015-02-10,96.1287612915039
2015-02-11,96.4786376953125
2015-02-12,97.60199737548828
2015-02-13,98.43990325927734
2015-02-17,98.53197479248048
2015-02-18,98.67008209228516
2015-02-19,99.15811157226562
2015-02-20,99.82106018066406
2015-02-23,99.92230987548828
2015-02-24,99.99601745605467
2015-02-25,99.74739074707033
2015-02-26,100.25382995605467
2015-02-27,99.81184387207033
2015-03-02,100.71421813964844
2015-03-03,100.24462127685548
2015-03-04,99.85790252685548
2015-03-05,100.0328598022461
2015-03-06,98.90029907226562
2015-03-09,99.18573760986328
2015-03-10,97.34416961669922
2015-03-11,96.78247833251952
2015-03-12,97.41783905029295
2015-03-13,96.99430847167967
2015-03-16,98.24652862548828
2015-03-17,98.40309143066406
2015-03-18,99.36988830566406
2015-03-19,99.51719665527344
2015-03-20,100.16139221191406
2015-03-23,99.96756744384766
2015-03-24,99.6076431274414
2015-03-25,97.3281021118164
2015-03-26,96.99586486816406
2015-03-27,97.38346862792967
2015-03-30,98.50019073486328
2015-03-31,97.45730590820312
2015-04-01,96.94970703125
2015-04-02,97.01435089111328
2015-04-06,97.80801391601562
2015-04-07,97.64189910888672
2015-04-08,98.41710662841795
2015-04-09,99.03546142578124
2015-04-10,99.4415054321289
2015-04-13,99.1923599243164
2015-04-14,98.90626525878906
2015-04-15,99.52460479736328
2015-04-16,99.38616943359376
2015-04-17,97.83570098876952
2015-04-20,99.30307006835938
2015-04-21,99.7276382446289
2015-04-22,100.27212524414062
2015-04-23,100.65052032470705
2015-04-24,102.01638793945312
2015-04-27,101.75796508789062
2015-04-28,101.55492401123048
2015-04-29,100.91815948486328
2015-04-30,99.33078002929688
2015-05-01,100.64129638671876
2015-05-04,100.8074188232422
2015-05-05,99.1646499633789
2015-05-06,98.4817123413086
2015-05-07,99.0723876953125
2015-05-08,100.3090362548828
2015-05-11,99.9214096069336
2015-05-12,99.46922302246094
2015-05-13,99.67225646972656
2015-05-14,101.13043212890624
2015-05-15,101.13043212890624
2015-05-18,101.57341003417967
2015-05-19,101.46266174316406
2015-05-20,101.52728271484376
2015-05-21,102.05332946777344
2015-05-22,101.95179748535156
2015-05-26,100.77970123291016
2015-05-27,102.40399169921876
2015-05-28,102.17330169677734
2015-05-29,101.56417083740234
2015-06-01,101.90564727783205
2015-06-02,101.58263397216795
2015-06-03,101.8871841430664
2015-06-04,101.1119384765625
2015-06-05,100.8720245361328
2015-06-08,99.8476104736328
2015-06-09,99.68148040771484
2015-06-10,101.04737091064452
2015-06-11,101.1950225830078
2015-06-12,100.36441802978516
2015-06-15,99.86607360839844
2015-06-16,100.41056060791016
2015-06-17,100.68741607666016
2015-06-18,102.15481567382812
2015-06-19,101.6497802734375
2015-06-22,102.3990249633789
2015-06-23,102.4822998046875
2015-06-24,101.95501708984376
2015-06-25,101.75152587890624
2015-06-26,101.07626342773438
2015-06-29,98.68973541259766
2015-06-30,99.04122161865234
2015-07-01,99.8275146484375
2015-07-02,99.85523986816406
2015-07-06,99.6239776611328
2015-07-07,99.87374114990234
2015-07-08,98.1347198486328
2015-07-09,98.0792236328125
2015-07-10,99.57774353027344
2015-07-13,101.32600402832033
2015-07-14,101.99201202392578
2015-07-15,102.10299682617188
2015-07-16,103.54605102539062
2015-07-17,105.0723114013672
2015-07-20,105.43309020996094
2015-07-21,105.36833190917967
2015-07-22,104.17506408691406
2015-07-23,103.78656005859376
2015-07-24,102.76904296875
2015-07-27,101.91800689697266
2015-07-28,102.79679870605467
2015-07-29,103.1852798461914
2015-07-30,103.67556762695312
2015-07-31,103.5552978515625
2015-08-03,103.23155212402344
2015-08-04,103.03729248046876
2015-08-05,103.8328094482422
2015-08-06,102.16779327392578
2015-08-07,102.03826904296876
2015-08-10,103.2038116455078
2015-08-11,101.88102722167967
2015-08-12,102.23255157470705
2015-08-13,102.06603240966795
2015-08-14,102.2232666015625
2015-08-17,103.07430267333984
2015-08-18,102.54704284667967
2015-08-19,101.87174987792967
2015-08-20,99.05046844482422
2015-08-21,94.721435546875
2015-08-24,91.0768814086914
2015-08-25,90.73460388183594
2015-08-26,95.3041763305664
2015-08-27,97.7184829711914
2015-08-28,97.69998931884766
2015-08-31,96.48820495605467
2015-09-01,93.47264862060548
2015-09-02,96.10895538330078
2015-09-03,95.63716888427734
2015-09-04,94.4994125366211
2015-09-08,97.1634521484375
2015-09-09,96.07196044921876
2015-09-10,97.11717224121094
2015-09-11,97.6537094116211
2015-09-14,97.35770416259766
2015-09-15,98.50472259521484
2015-09-16,99.05974578857422
2015-09-17,99.0967254638672
2015-09-18,97.68728637695312
2015-09-21,97.99329376220705
2015-09-22,96.52822875976562
2015-09-23,96.60240173339844
2015-09-24,96.2500228881836
2015-09-25,95.43402862548828
2015-09-28,92.71717834472656
2015-09-29,92.2349853515625
2015-09-30,94.35841369628906
2015-10-01,94.7849578857422
2015-10-02,96.44476318359376
2015-10-05,97.82642364501952
2015-10-06,97.36277770996094
2015-10-07,97.94696044921876
2015-10-08,98.33638763427734
2015-10-09,98.78146362304688
2015-10-12,99.0225601196289
2015-10-13,98.38274383544922
2015-10-14,98.22511291503906
2015-10-15,99.83854675292967
2015-10-16,100.25582885742188
2015-10-19,100.83072662353516
2015-10-20,100.31144714355467
2015-10-21,99.6994400024414
2015-10-22,101.73015594482422
2015-10-23,104.5768585205078
2015-10-26,104.64177703857422
2015-10-27,104.85505676269533
2015-10-28,105.7266616821289
2015-10-29,105.55977630615234
2015-10-30,105.08686065673828
2015-11-02,106.27376556396484
2015-11-03,106.6446762084961
2015-11-04,106.65393829345705
2015-11-05,106.3665008544922
2015-11-06,106.44066619873048
2015-11-09,105.30941772460938
2015-11-10,105.04049682617188
2015-11-11,104.91069793701172
2015-11-12,103.8907241821289
2015-11-13,101.85071563720705
2015-11-16,103.31578063964844
2015-11-17,103.38069915771484
2015-11-18,105.36502838134766
2015-11-19,105.43924713134766
2015-11-20,106.15323638916016
2015-11-23,105.84724426269533
2015-11-24,105.75450134277344
2015-11-25,105.84724426269533
2015-11-27,105.9955825805664
2015-11-30,105.7266616821289
2015-12-01,106.78376770019533
2015-12-02,106.12541961669922
2015-12-03,104.32650756835938
2015-12-04,106.76520538330078
2015-12-07,106.28303527832033
2015-12-08,106.29231262207033
2015-12-09,104.67886352539062
2015-12-10,105.15179443359376
2015-12-11,102.73162841796876
2015-12-14,103.51055145263672
2015-12-15,104.14105987548828
2015-12-16,105.68959045410156
2015-12-17,104.15032958984376
2015-12-18,102.15250396728516
2015-12-21,103.28720092773438
2015-12-22,103.96614837646484
2015-12-23,104.73812866210938
2015-12-24,104.71954345703124
2015-12-28,104.6637191772461
2015-12-29,106.3100357055664
2015-12-30,105.35201263427734
2015-12-31,104.04059600830078
2016-01-04,101.84554290771484
2016-01-05,101.66883850097656
2016-01-06,100.6922378540039
2016-01-07,97.53921508789062
2016-01-08,96.73933410644533
2016-01-11,97.03694915771484
2016-01-12,98.16239166259766
2016-01-13,94.77684783935548
2016-01-14,96.7951431274414
2016-01-15,93.79090118408205
2016-01-19,93.99552154541016
2016-01-20,93.70720672607422
2016-01-21,93.80018615722656
2016-01-22,96.51609802246094
2016-01-25,95.08375549316406
2016-01-26,95.93942260742188
2016-01-27,93.54908752441406
2016-01-28,94.86981201171876
2016-01-29,96.85092163085938
2016-02-01,97.1113510131836
2016-02-02,95.00934600830078
2016-02-03,94.55360412597656
2016-02-04,94.54426574707033
2016-02-05,91.26107788085938
2016-02-08,89.86588287353516
2016-02-09,89.58686828613281
2016-02-10,89.93102264404297
2016-02-11,89.80078887939453
2016-02-12,91.16802978515624
2016-02-16,93.22355651855467
2016-02-17,95.3348617553711
2016-02-18,94.24666595458984
2016-02-19,94.5256805419922
2016-02-22,96.0603485107422
2016-02-23,94.47917938232422
2016-02-24,95.38137817382812
2016-02-25,96.32077026367188
2016-02-26,96.19988250732422
2016-02-29,95.3348617553711
2016-03-01,98.3948974609375
2016-03-02,98.43209838867188
2016-03-03,98.24609375
2016-03-04,98.28328704833984
2016-03-07,97.6787338256836
2016-03-08,96.8695297241211
2016-03-09,97.4926986694336
2016-03-10,97.34391021728516
2016-03-11,99.04595947265624
2016-03-14,99.21334838867188
2016-03-15,99.1761703491211
2016-03-16,100.05974578857422
2016-03-17,100.00392150878906
2016-03-18,100.16068267822266
2016-03-21,100.5524673461914
2016-03-22,100.86031341552734
2016-03-23,100.03008270263672
2016-03-24,100.0580825805664
2016-03-28,99.91815185546876
2016-03-29,101.52261352539062
2016-03-30,102.0170669555664
2016-03-31,101.8678207397461
2016-04-01,102.94991302490234
2016-04-04,102.55812072753906
2016-04-05,101.56929779052734
2016-04-06,103.23906707763672
2016-04-07,101.75584411621094
2016-04-08,101.68122100830078
2016-04-11,101.30809020996094
2016-04-12,102.1570053100586
2016-04-13,103.4629898071289
2016-04-14,103.4723129272461
2016-04-15,103.21115112304688
2016-04-18,103.7615203857422
2016-04-19,103.1271743774414
2016-04-20,103.21115112304688
2016-04-21,103.22045135498048
2016-04-22,101.66255950927734
2016-04-25,101.66255950927734
2016-04-26,101.16815948486328
2016-04-27,100.35657501220705
2016-04-28,99.14385223388672
2016-04-29,98.62147521972656
2016-05-02,99.55435180664062
2016-05-03,98.63076782226562
2016-05-04,97.9964370727539
2016-05-05,97.96846771240234
2016-05-06,98.49087524414062
2016-05-09,98.77071380615234
2016-05-10,100.12335968017578
2016-05-11,99.2184829711914
2016-05-12,98.7800521850586
2016-05-13,98.41624450683594
2016-05-16,99.6476058959961
2016-05-17,98.39759063720705
2016-05-18,98.75208282470705
2016-05-19,98.23900604248048
2016-05-20,99.32112884521484
2016-05-23,99.19050598144533
2016-05-24,101.1775131225586
2016-05-25,101.90510559082033
2016-05-26,102.20362091064452
2016-05-27,102.73536682128906
2016-05-31,102.9312744140625
2016-06-01,102.9405746459961
2016-06-02,103.15513610839844
2016-06-03,102.67005920410156
2016-06-06,103.043212890625
2016-06-07,102.781982421875
2016-06-08,102.95923614501952
2016-06-09,102.79132843017578
2016-06-10,101.625244140625
2016-06-13,100.7763671875
2016-06-14,100.7763671875
2016-06-15,100.4871826171875
2016-06-16,100.78568267822266
2016-06-17,99.6043472290039
2016-06-20,100.23101806640624
2016-06-21,100.54907989501952
2016-06-22,100.3058624267578
2016-06-23,101.7369384765625
2016-06-24,97.54660034179688
2016-06-27,95.6104507446289
2016-06-28,97.70561981201172
2016-06-29,99.43597412109376
2016-06-30,100.58643341064452
2016-07-01,101.09152221679688
2016-07-05,100.47420501708984
2016-07-06,101.29730987548828
2016-07-07,101.59661102294922
2016-07-08,103.16796875
2016-07-11,103.75727081298828
2016-07-12,104.2810516357422
2016-07-13,104.02852630615234
2016-07-14,104.73934936523438
2016-07-15,104.5710220336914
2016-07-18,105.26315307617188
2016-07-19,104.87965393066406
2016-07-20,106.10498809814452
2016-07-21,105.8617706298828
2016-07-22,106.30139923095705
2016-07-25,106.31072998046876
2016-07-26,106.43234252929688
2016-07-27,107.17125701904295
2016-07-28,107.54541015625
2016-07-29,107.77921295166016
2016-08-01,108.3497543334961
2016-08-02,107.52669525146484
2016-08-03,107.88214874267578
2016-08-04,108.19074249267578
2016-08-05,109.22901153564452
2016-08-08,109.10739135742188
2016-08-09,109.35997772216795
2016-08-10,109.07936096191406
2016-08-11,109.54700469970705
2016-08-12,109.62185668945312
2016-08-15,110.08951568603516
2016-08-16,109.48155212402344
2016-08-17,109.6779556274414
2016-08-18,109.7060317993164
2016-08-19,109.6779556274414
2016-08-22,109.76215362548828
2016-08-23,109.95854949951172
2016-08-24,109.2477035522461
2016-08-25,109.06998443603516
2016-08-26,109.22901153564452
2016-08-29,109.378662109375
2016-08-30,109.02323150634766
2016-08-31,108.9109878540039
2016-09-01,109.19158172607422
2016-09-02,109.54700469970705
2016-09-06,110.22982025146484
2016-09-07,110.29527282714844
2016-09-08,109.64990997314452
2016-09-09,106.89066314697266
2016-09-12,108.80809020996094
2016-09-13,107.83536529541016
2016-09-14,108.3497543334961
2016-09-15,110.03339385986328
2016-09-16,109.98088073730467
2016-09-19,109.502685546875
2016-09-20,109.70895385742188
2016-09-21,110.78729248046876
2016-09-22,111.668701171875
2016-09-23,110.95606994628906
2016-09-26,110.02774810791016
2016-09-27,111.11549377441406
2016-09-28,111.30298614501952
2016-09-29,110.49662017822266
2016-09-30,111.32177734375
2016-10-03,111.16238403320312
2016-10-04,110.99359130859376
2016-10-05,111.3874053955078
2016-10-06,111.3311538696289
2016-10-07,111.08734130859376
2016-10-10,111.79061126708984
2016-10-11,110.1965560913086
2016-10-12,110.10276794433594
2016-10-13,109.70895385742188
2016-10-14,109.84024810791016
2016-10-17,109.54015350341795
2016-10-18,110.51536560058594
2016-10-19,110.50598907470705
2016-10-20,110.37470245361328
2016-10-21,110.78729248046876
2016-10-24,112.11878967285156
2016-10-25,111.7624740600586
2016-10-26,111.00294494628906
2016-10-27,110.49662017822266
2016-10-28,109.80270385742188
2016-10-31,109.6995849609375
2016-11-01,108.8744125366211
2016-11-02,108.00237274169922
2016-11-03,106.9427719116211
2016-11-04,106.56771087646484
2016-11-07,109.0994644165039
2016-11-08,109.81209564208984
2016-11-09,110.31845092773438
2016-11-10,108.53684997558594
2016-11-11,108.583740234375
2016-11-14,107.48664093017578
2016-11-15,108.97756958007812
2016-11-16,109.62454986572266
2016-11-17,110.42159271240234
2016-11-18,110.00902557373048
2016-11-21,111.15298461914062
2016-11-22,111.49054718017578
2016-11-23,111.04047393798828
2016-11-25,111.39679718017578
2016-11-28,111.14361572265624
2016-11-29,111.52806854248048
2016-11-30,110.17778778076172
2016-12-01,108.2742919921875
2016-12-02,108.48992919921876
2016-12-05,109.3338851928711
2016-12-06,109.5964126586914
2016-12-07,110.98420715332033
2016-12-08,111.1811294555664
2016-12-09,112.05319213867188
2016-12-12,111.54680633544922
2016-12-13,112.95333862304688
2016-12-14,112.71893310546876
2016-12-15,112.89708709716795
2016-12-16,112.47857666015624
2016-12-19,112.93942260742188
2016-12-20,113.37201690673828
2016-12-21,113.28736877441406
2016-12-22,112.96762084960938
2016-12-23,113.04283905029295
2016-12-27,113.62590789794922
2016-12-28,112.74191284179688
2016-12-29,112.58201599121094
2016-12-30,111.42525482177734
2017-01-03,112.4221420288086
2017-01-04,113.03346252441406
2017-01-05,113.67294311523438
2017-01-06,114.66983032226562
2017-01-09,115.04605102539062
2017-01-10,115.29995727539062
2017-01-11,115.61031341552734
2017-01-12,115.43160247802734
2017-01-13,115.8266143798828
2017-01-17,115.4786376953125
2017-01-18,115.71371459960938
2017-01-19,115.65731811523438
2017-01-20,115.91124725341795
2017-01-23,116.00527954101562
2017-01-24,116.7858657836914
2017-01-25,117.96144104003906
2017-01-26,118.08368682861328
2017-01-27,118.30940246582033
2017-01-30,117.3877410888672
2017-01-31,117.15264129638672
2017-02-01,117.96144104003906
2017-02-02,117.85798645019533
2017-02-03,118.19657135009766
2017-02-06,118.33761596679688
2017-02-07,118.77023315429688
2017-02-08,118.96770477294922
2017-02-09,119.40033721923828
2017-02-10,119.79532623291016
2017-02-13,120.4724349975586
2017-02-14,120.87686157226562
2017-02-15,121.5915985107422
2017-02-16,121.5539779663086
2017-02-17,122.08063507080078
2017-02-21,122.68252563476562
2017-02-22,122.72955322265624
2017-02-23,122.26870727539062
2017-02-24,122.50383758544922
2017-02-27,122.65428924560548
2017-02-28,122.27815246582033
2017-03-01,123.61358642578124
2017-03-02,122.99288177490234
2017-03-03,123.21858978271484
2017-03-06,122.94586181640624
2017-03-07,122.7389678955078
2017-03-08,122.95524597167967
2017-03-09,123.04930877685548
2017-03-10,123.5665512084961
2017-03-13,123.77347564697266
2017-03-14,123.47251892089844
2017-03-15,124.23426055908205
2017-03-16,124.14959716796876
2017-03-17,124.10627746582033
2017-03-20,124.2193603515625
2017-03-21,122.33456420898438
2017-03-22,123.1638641357422
2017-03-23,122.85289764404295
2017-03-24,123.10734558105467
2017-03-27,123.30524444580078
2017-03-28,124.05917358398438
2017-03-29,124.63404083251952
2017-03-30,124.84136962890624
2017-03-31,124.75650787353516
2017-04-03,124.6811752319336
2017-04-04,124.87908172607422
2017-04-05,124.37017059326172
2017-04-06,124.43612670898438
2017-04-07,124.37017059326172
2017-04-10,124.417236328125
2017-04-11,123.88013458251952
2017-04-12,123.38059997558594
2017-04-13,122.890625
2017-04-17,123.90839385986328
2017-04-18,123.71989440917967
2017-04-19,123.91781616210938
2017-04-20,124.95443725585938
2017-04-21,124.92620086669922
2017-04-24,126.43406677246094
2017-04-25,127.34819793701172
2017-04-26,127.16912078857422
2017-04-27,127.93247985839844
2017-04-28,128.15863037109375
2017-05-01,129.29898071289062
2017-05-02,129.51568603515625
2017-05-03,129.10104370117188
2017-05-04,129.148193359375
2017-05-05,129.61941528320312
2017-05-08,129.90211486816406
2017-05-09,130.3545379638672
2017-05-10,130.4298858642578
2017-05-11,130.32618713378906
2017-05-12,130.61834716796875
2017-05-15,131.03302001953125
2017-05-16,131.57962036132812
2017-05-17,128.23406982421875
2017-05-18,129.3555145263672
2017-05-19,129.90211486816406
2017-05-22,130.9952850341797
2017-05-23,131.1272430419922
2017-05-24,131.73043823242188
2017-05-25,132.8518524169922
2017-05-26,133.08746337890625
2017-05-30,133.2005157470703
2017-05-31,133.1534423828125
2017-06-01,133.67172241210938
2017-06-02,135.198486328125
2017-06-05,135.1702423095703
2017-06-06,134.6329803466797
2017-06-07,135.16078186035156
2017-06-08,135.30215454101562
2017-06-09,131.91888427734375
2017-06-12,131.2120819091797
2017-06-13,132.2769775390625
2017-06-14,131.70211791992188
2017-06-15,131.11781311035156
2017-06-16,130.54898071289062
2017-06-19,132.73187255859375
2017-06-20,131.69241333007812
2017-06-21,132.99644470214844
2017-06-22,132.9586944580078
2017-06-23,133.46893310546875
2017-06-26,132.84527587890625
2017-06-27,130.43556213378906
2017-06-28,132.31607055664062
2017-06-29,130.019775390625
2017-06-30,130.06703186035156
2017-07-03,128.6968536376953
2017-07-05,129.9630584716797
2017-07-06,128.791259765625
2017-07-07,130.18043518066406
2017-07-10,131.03091430664062
2017-07-11,131.39942932128906
2017-07-12,132.9586944580078
2017-07-13,133.25160217285156
2017-07-14,134.30055236816406
2017-07-17,134.36666870117188
2017-07-18,135.26441955566406
2017-07-19,136.05821228027344
2017-07-20,136.23770141601562
2017-07-21,136.18106079101562
2017-07-24,136.80474853515625
2017-07-25,136.455078125
2017-07-26,136.89923095703125
2017-07-27,136.03929138183594
2017-07-28,135.9259033203125
2017-07-31,135.3494415283203
2017-08-01,135.66136169433594
2017-08-02,136.02981567382812
2017-08-03,135.5006866455078
2017-08-04,135.746337890625
2017-08-07,136.60626220703125
2017-08-08,136.3700408935547
2017-08-09,136.19046020507812
2017-08-10,133.27047729492188
2017-08-11,134.28163146972656
2017-08-14,136.01100158691406
2017-08-15,136.1054229736328
2017-08-16,136.3416748046875
2017-08-17,133.5540008544922
2017-08-18,133.45948791503906
2017-08-21,133.2893829345703
2017-08-22,135.3210906982422
2017-08-23,134.83917236328125
2017-08-24,134.44229125976562
2017-08-25,134.1587371826172
2017-08-28,134.5745849609375
2017-08-29,135.103759765625
2017-08-30,136.69131469726562
2017-08-31,138.1560516357422
2017-09-01,137.96702575683594
2017-09-05,136.72914123535156
2017-09-06,137.14491271972656
2017-09-07,137.46624755859375
2017-09-08,136.2755584716797
2017-09-11,137.8441925048828
2017-09-12,138.1749267578125
2017-09-13,138.3639373779297
2017-09-14,137.55130004882812
2017-09-15,138.0237579345703
2017-09-18,137.84283447265625
2017-09-19,138.07965087890625
2017-09-20,137.65342712402344
2017-09-21,136.81056213378906
2017-09-22,136.67799377441406
2017-09-25,135.2384796142578
2017-09-26,135.5889129638672
2017-09-27,136.81056213378906
2017-09-28,136.76327514648438
2017-09-29,137.74815368652344
2017-10-02,137.87123107910156
2017-10-03,138.16482543945312
2017-10-04,138.29747009277344
2017-10-05,139.6517333984375
2017-10-06,139.84117126464844
2017-10-09,139.68016052246094
2017-10-10,139.78428649902344
2017-10-11,140.20101928710938
2017-10-12,139.94534301757812
2017-10-13,140.485107421875
2017-10-16,140.96812438964844
2017-10-17,141.1480712890625
2017-10-18,140.9776153564453
2017-10-19,140.4567413330078
2017-10-20,140.83555603027344
2017-10-23,139.91690063476562
2017-10-24,140.1536865234375
2017-10-25,139.6233367919922
2017-10-26,139.17820739746094
2017-10-27,143.2315673828125
2017-10-30,143.55355834960938
2017-10-31,144.0934295654297
2017-11-01,144.0460662841797
2017-11-02,143.77137756347656
2017-11-03,145.15411376953125
2017-11-06,145.64651489257812
2017-11-07,145.7317657470703
2017-11-08,146.31898498535156
2017-11-09,145.5518341064453
2017-11-10,145.54232788085938
2017-11-13,145.72227478027344
2017-11-14,145.19195556640625
2017-11-15,144.5100860595703
2017-11-16,146.3568115234375
2017-11-17,145.7980499267578
2017-11-20,145.68443298339844
2017-11-21,147.26602172851562
2017-11-22,147.44595336914062
2017-11-24,147.98574829101562
2017-11-27,147.91944885253906
2017-11-28,148.29827880859375
2017-11-29,145.71286010742188
2017-11-30,146.9345245361328
2017-12-01,146.3095245361328
2017-12-04,144.62374877929688
2017-12-05,144.71844482421875
2017-12-06,145.37191772460938
2017-12-07,145.86436462402344
2017-12-08,146.5083465576172
2017-12-11,147.64479064941406
2017-12-12,147.44595336914062
2017-12-13,147.73007202148438
2017-12-14,147.62588500976562
2017-12-15,149.30210876464844
2017-12-18,150.55392456054688
2017-12-19,149.66188049316406
2017-12-20,149.50050354003906
2017-12-21,149.51943969726562
2017-12-22,149.3486785888672
2017-12-26,148.54197692871094
2017-12-27,148.5609588623047
2017-12-28,148.7412872314453
2017-12-29,147.82069396972656
2018-01-02,150.41159057617188
2018-01-03,151.873046875
2018-01-04,152.1387939453125
2018-01-05,153.666748046875
2018-01-08,154.2646026611328
2018-01-09,154.2740936279297
2018-01-10,153.91346740722656
2018-01-11,154.96685791015625
2018-01-12,156.10572814941406
2018-01-16,155.6597137451172
2018-01-17,157.3394775390625
2018-01-18,157.36793518066406
2018-01-19,157.8614501953125
2018-01-22,159.5507049560547
2018-01-23,160.869873046875
2018-01-24,159.8258819580078
2018-01-25,159.76898193359375
2018-01-26,162.21749877929688
2018-01-29,161.42977905273438
2018-01-30,160.10116577148438
2018-01-31,160.7654571533203
2018-02-01,159.3988800048828
2018-02-02,156.21961975097656
2018-02-05,150.06039428710938
2018-02-06,154.03688049316406
2018-02-07,152.04388427734375
2018-02-08,145.6284942626953
2018-02-09,148.14334106445312
2018-02-12,150.77218627929688
2018-02-13,151.5504150390625
2018-02-14,154.38800048828125
2018-02-15,157.25405883789062
2018-02-16,156.55178833007812
2018-02-20,156.86497497558594
2018-02-21,156.41888427734375
2018-02-22,156.39999389648438
2018-02-23,159.59812927246094
2018-02-26,161.71449279785156
2018-02-27,159.7120361328125
2018-02-28,158.6870880126953
2018-03-01,156.09625244140625
2018-03-02,157.52932739257812
2018-03-05,159.27548217773438
2018-03-06,159.9492645263672
2018-03-07,160.31944274902344
2018-03-08,161.20201110839844
2018-03-09,164.33380126953125
2018-03-12,165.2069091796875
2018-03-13,162.957763671875
2018-03-14,162.9292755126953
2018-03-15,162.7869110107422
2018-03-16,162.3029022216797
2018-03-19,158.83998107910156
2018-03-20,159.36279296875
2018-03-21,158.66888427734375
2018-03-22,154.75257873535156
2018-03-23,150.67462158203125
2018-03-26,156.2734375
2018-03-27,151.21640014648438
2018-03-28,149.4768524169922
2018-03-29,152.21456909179688
2018-04-02,147.82286071777344
2018-04-03,149.4864044189453
2018-04-04,151.84378051757812
2018-04-05,152.7087860107422
2018-04-06,148.88754272460938
2018-04-09,149.93312072753906
2018-04-10,153.2411346435547
2018-04-11,152.35708618164062
2018-04-12,154.1916961669922
2018-04-13,153.3931884765625
2018-04-16,154.56243896484375
2018-04-17,157.8893585205078
2018-04-18,158.21258544921875
2018-04-19,156.75827026367188
2018-04-20,154.27723693847656
2018-04-23,153.88754272460938
2018-04-24,150.6270751953125
2018-04-25,150.8076171875
2018-04-26,153.9825897216797
2018-04-27,154.07762145996094
2018-04-30,152.9844512939453
2018-05-01,154.73348999023438
2018-05-02,153.82098388671875
2018-05-03,153.80189514160156
2018-05-04,156.72023010253906
2018-05-07,158.02247619628906
2018-05-08,157.86090087890625
2018-05-09,159.58140563964844
2018-05-10,161.23536682128906
2018-05-11,161.08334350585938
2018-05-14,161.35899353027344
2018-05-15,159.5718536376953
2018-05-16,160.6270751953125
2018-05-17,160.0091552734375
2018-05-18,159.18222045898438
2018-05-21,160.07568359375
2018-05-22,159.86660766601562
2018-05-23,161.21640014648438
2018-05-24,161.16883850097656
2018-05-25,161.3304443359375
2018-05-29,160.61753845214844
2018-05-30,161.76768493652344
2018-05-31,161.6631622314453
2018-06-01,164.20115661621094
2018-06-04,165.6840362548828
2018-06-05,166.1973876953125
2018-06-06,167.1669158935547
2018-06-07,165.80760192871094
2018-06-08,165.817138671875
2018-06-11,166.26394653320312
2018-06-12,167.13845825195312
2018-06-13,167.12893676757812
2018-06-14,168.82098388671875
2018-06-15,168.2315673828125
2018-06-18,168.13442993164062
2018-06-19,167.65811157226562
2018-06-20,168.84886169433594
2018-06-21,167.3818817138672
2018-06-22,167.01034545898438
2018-06-25,163.24755859375
2018-06-26,163.9143829345703
2018-06-27,161.68527221679688
2018-06-28,163.07608032226562
2018-06-29,163.5142822265625
2018-07-02,164.60980224609375
2018-07-03,162.70452880859375
2018-07-05,164.72406005859375
2018-07-06,167.28659057617188
2018-07-09,168.79173278808594
2018-07-10,168.91555786132812
2018-07-11,168.05824279785156
2018-07-12,170.95411682128906
2018-07-13,171.09701538085938
2018-07-16,170.6873779296875
2018-07-17,171.72573852539062
2018-07-18,171.40184020996094
2018-07-19,170.5445098876953
2018-07-20,170.50637817382812
2018-07-23,171.04937744140625
2018-07-24,171.75430297851562
2018-07-25,174.1549072265625
2018-07-26,171.51614379882812
2018-07-27,169.20132446289062
2018-07-30,166.81028747558594
2018-07-31,168.0867919921875
2018-08-01,168.72503662109375
2018-08-02,171.0207977294922
2018-08-03,171.5447540283203
2018-08-06,172.5545196533203
2018-08-07,173.18319702148438
2018-08-08,173.3927764892578
2018-08-09,173.28802490234375
2018-08-10,171.96383666992188
2018-08-13,171.77333068847656
2018-08-14,172.84982299804688
2018-08-15,170.7350311279297
2018-08-16,171.29702758789062
2018-08-17,171.33514404296875
2018-08-20,171.1827850341797
2018-08-21,171.8114471435547
2018-08-22,172.478271484375
2018-08-23,172.23068237304688
2018-08-24,173.83096313476562
2018-08-27,175.6028594970703
2018-08-28,175.8600311279297
2018-08-29,177.88906860351562
2018-08-30,177.5747833251953
2018-08-31,177.8032989501953
2018-09-04,177.041259765625
2018-09-05,174.7550048828125
2018-09-06,173.19271850585938
2018-09-07,172.5259552001953
2018-09-10,173.1070098876953
2018-09-11,174.44065856933594
2018-09-12,173.92623901367188
2018-09-13,175.78379821777344
2018-09-14,175.2694091796875
2018-09-17,172.74497985839844
2018-09-18,174.17393493652344
2018-09-19,174.04051208496094
2018-09-20,175.96481323242188
2018-09-21,175.00270080566406
2018-09-24,175.48941040039062
2018-09-25,175.72796630859375
2018-09-26,175.8520050048828
2018-09-27,177.34075927734375
2018-09-28,177.30258178710938
2018-10-01,177.6652374267578
2018-10-02,177.26438903808594
2018-10-03,177.4552459716797
2018-10-04,174.04837036132812
2018-10-05,171.9202117919922
2018-10-08,170.8704833984375
2018-10-09,171.42404174804688
2018-10-10,163.88482666015625
2018-10-11,161.85215759277344
2018-10-12,166.3566131591797
2018-10-15,164.34300231933594
2018-10-16,169.12411499023438
2018-10-17,169.19091796875
2018-10-18,165.26866149902344
2018-10-19,165.11598205566406
2018-10-22,165.96530151367188
2018-10-23,165.3545379638672
2018-10-24,157.78680419921875
2018-10-25,163.24549865722656
2018-10-26,159.0465087890625
2018-10-29,155.773193359375
2018-10-30,158.3402557373047
2018-10-31,162.06216430664062
2018-11-01,164.19981384277344
2018-11-02,161.6422576904297
2018-11-05,161.24148559570312
2018-11-06,162.46295166015625
2018-11-07,167.55905151367188
2018-11-08,166.49020385742188
2018-11-09,163.6844940185547
2018-11-12,158.73162841796875
2018-11-13,158.8651123046875
2018-11-14,157.65318298339844
2018-11-15,160.41116333007812
2018-11-16,159.84814453125
2018-11-19,154.6566619873047
2018-11-20,151.88912963867188
2018-11-21,153.04385375976562
2018-11-23,151.93685913085938
2018-11-26,155.44874572753906
2018-11-27,155.9735565185547
2018-11-28,160.99327087402344
2018-11-29,160.4684295654297
2018-11-30,161.63270568847656
2018-12-03,164.45748901367188
2018-12-04,158.1494140625
2018-12-06,159.26597595214844
2018-12-07,154.0076904296875
2018-12-10,155.6205596923828
2018-12-11,156.13584899902344
2018-12-12,157.51004028320312
2018-12-13,157.55776977539062
2018-12-14,153.72142028808594
2018-12-17,150.23812866210938
2018-12-18,151.18292236328125
2018-12-19,147.47064208984375
2018-12-20,145.3329315185547
2018-12-21,140.8285369873047
2018-12-24,137.33631896972656
2018-12-26,145.91146850585938
2018-12-27,146.47613525390625
2018-12-28,146.3995361328125
2018-12-31,147.63417053222656
2019-01-02,148.22752380371094
2019-01-03,143.38490295410156
2019-01-04,149.51953125
2019-01-07,151.29962158203125
2019-01-08,152.66822814941406
2019-01-09,153.9123992919922
2019-01-10,154.35260009765625
2019-01-11,153.7880096435547
2019-01-14,152.42897033691406
2019-01-15,155.40542602539062
2019-01-16,155.3766326904297
2019-01-17,156.6016845703125
2019-01-18,158.15213012695312
2019-01-22,154.98428344726562
2019-01-23,155.1852264404297
2019-01-24,156.19015502929688
2019-01-25,158.05641174316406
2019-01-28,156.1040496826172
2019-01-29,154.6301727294922
2019-01-30,158.56369018554688
2019-01-31,160.93710327148438
2019-02-01,160.2576141357422
2019-02-04,162.24822998046875
2019-02-05,163.683837890625
2019-02-06,163.19577026367188
2019-02-07,161.00408935546875
2019-02-08,161.31991577148438
2019-02-11,161.1668243408203
2019-02-12,163.5498504638672
2019-02-13,163.6646270751953
2019-02-14,163.86563110351562
2019-02-15,164.55471801757812
2019-02-19,164.88014221191406
2019-02-20,164.85140991210938
2019-02-21,164.2484893798828
2019-02-22,165.4639434814453
2019-02-25,166.0668487548828
2019-02-26,166.23915100097656
2019-02-27,166.13385009765625
2019-02-28,165.75108337402344
2019-03-01,166.8994903564453
2019-03-04,166.92823791503906
2019-03-05,167.05264282226562
2019-03-06,166.10516357421875
2019-03-07,164.066650390625
2019-03-08,163.81784057617188
2019-03-11,167.22491455078125
2019-03-12,168.1436309814453
2019-03-13,169.40695190429688
2019-03-14,169.11985778808594
2019-03-15,170.68942260742188
2019-03-18,171.09591674804688
2019-03-19,171.6712188720703
2019-03-20,172.35194396972656
2019-03-21,175.04620361328125
2019-03-22,171.20140075683594
2019-03-25,170.87545776367188
2019-03-26,171.6712188720703
2019-03-27,170.56863403320312
2019-03-28,170.9617156982422
2019-03-29,172.25611877441406
2019-04-01,174.53797912597656
2019-04-02,175.19956970214844
2019-04-03,176.20626831054688
2019-04-04,176.13919067382812
2019-04-05,177.05001831054688
2019-04-08,177.5006866455078
2019-04-09,176.8774871826172
2019-04-10,177.82662963867188
2019-04-11,177.4047393798828
2019-04-12,178.17176818847656
2019-04-15,178.2005615234375
2019-04-16,178.81417846679688
2019-04-17,179.43740844726562
2019-04-18,179.6675567626953
2019-04-22,180.1756896972656
2019-04-23,182.46717834472656
2019-04-24,181.8919219970703
2019-04-25,182.6302185058593
2019-04-26,182.7931671142578
2019-04-29,183.14794921875
2019-04-30,181.72889709472656
2019-05-01,181.1440277099609
2019-05-02,180.3578338623047
2019-05-03,183.2342071533203
2019-05-06,182.1124267578125
2019-05-07,178.56494140625
2019-05-08,178.11428833007812
2019-05-09,177.155517578125
2019-05-10,177.3760223388672
2019-05-13,171.22055053710938
2019-05-14,173.09982299804688
2019-05-15,175.5447235107422
2019-05-16,177.30885314941406
2019-05-17,175.49673461914062
2019-05-20,172.5341339111328
2019-05-21,174.33663940429688
2019-05-22,173.56002807617188
2019-05-23,170.9041748046875
2019-05-24,170.81790161132812
2019-05-28,170.17550659179688
2019-05-29,168.77565002441406
2019-05-30,169.48513793945312
2019-05-31,166.78138732910156
2019-06-03,163.10926818847656
2019-06-04,167.70184326171875
2019-06-05,168.9482421875
2019-06-06,170.2905731201172
2019-06-07,173.57920837402344
2019-06-10,175.60226440429688
2019-06-11,175.84194946289062
2019-06-12,174.8256378173828
2019-06-13,175.86114501953125
2019-06-14,175.11328125
2019-06-17,176.16793823242188
2019-06-18,178.7279052734375
2019-06-19,179.39907836914062
2019-06-20,181.0673675537109
2019-06-21,180.7989044189453
2019-06-24,180.80465698242188
2019-06-25,177.70086669921875
2019-06-26,178.52728271484375
2019-06-27,179.20953369140625
2019-06-28,179.44015502929688
2019-07-01,181.8616638183593
2019-07-02,182.5823211669922
2019-07-03,183.9564514160156
2019-07-05,183.58169555664065
2019-07-08,182.2940826416016
2019-07-09,183.20689392089844
2019-07-10,185.03268432617188
2019-07-11,184.89813232421875
2019-07-12,185.96470642089844
2019-07-15,186.56051635742188
2019-07-16,185.59963989257807
2019-07-17,184.68673706054688
2019-07-18,184.89813232421875
2019-07-19,183.5432281494141
2019-07-22,185.0038299560547
2019-07-23,186.214584350586
2019-07-24,187.5214233398437
2019-07-25,185.74375915527344
2019-07-26,187.65594482421875
2019-07-29,187.01210021972656
2019-07-30,186.2049560546875
2019-07-31,183.6297302246093
2019-08-01,182.7168884277344
2019-08-02,180.02638244628906
2019-08-05,173.6650848388672
2019-08-06,176.09616088867188
2019-08-07,177.04754638671875
2019-08-08,180.9007110595703
2019-08-09,179.19996643066406
2019-08-12,177.1436309814453
2019-08-13,181.02566528320312
2019-08-14,175.61573791503906
2019-08-15,175.4139404296875
2019-08-16,178.22938537597656
2019-08-19,181.06411743164065
2019-08-20,179.66116333007812
2019-08-21,181.2563018798828
2019-08-22,180.670150756836
2019-08-23,174.95269775390625
2019-08-26,177.59521484375
2019-08-27,177.220458984375
2019-08-28,177.8546905517578
2019-08-29,180.57403564453125
2019-08-30,180.14161682128906
2019-09-03,178.39276123046875
2019-09-04,180.96798706054688
2019-09-05,184.2831878662109
2019-09-06,184.10055541992188
2019-09-09,183.7162170410156
2019-09-10,183.18771362304688
2019-09-11,184.9077606201172
2019-09-12,185.67648315429688
2019-09-13,185.0134429931641
2019-09-16,184.1870880126953
2019-09-17,185.07107543945312
2019-09-18,184.9942169189453
2019-09-19,185.3016967773437
2019-09-20,183.34146118164065
2019-09-23,183.4223480224609
2019-09-24,180.986328125
2019-09-25,183.0179138183593
2019-09-26,182.34393310546875
2019-09-27,180.0812530517578
2019-09-30,181.79513549804688
2019-10-01,180.3123321533203
2019-10-02,177.21197509765625
2019-10-03,179.1569366455078
2019-10-04,181.79513549804688
2019-10-07,181.24630737304688
2019-10-08,178.5310516357422
2019-10-09,180.27378845214844
2019-10-10,181.669921875
2019-10-11,184.0096893310547
2019-10-14,183.9904022216797
2019-10-15,186.33010864257807
2019-10-16,185.8679656982422
2019-10-17,186.3590087890625
2019-10-18,184.568115234375
2019-10-21,186.20497131347656
2019-10-22,184.72218322753903
2019-10-23,185.0784454345703
2019-10-24,186.8789825439453
2019-10-25,188.3713531494141
2019-10-28,190.22967529296875
2019-10-29,188.7564697265625
2019-10-30,189.6711883544922
2019-10-31,189.7579040527344
2019-11-01,191.48133850097656
2019-11-04,192.66567993164065
2019-11-05,192.7716064453125
2019-11-06,192.33827209472656
2019-11-07,192.9834442138672
2019-11-08,193.7537078857422
2019-11-11,193.49371337890625
2019-11-12,194.0521850585937
2019-11-13,194.10031127929688
2019-11-14,193.9462280273437
2019-11-15,195.37127685546875
2019-11-18,195.5253143310547
2019-11-19,195.81414794921875
2019-11-20,194.6395263671875
2019-11-21,194.20620727539065
2019-11-22,194.3313751220703
2019-11-25,196.6326141357422
2019-11-26,197.00808715820312
2019-11-27,198.3849334716797
2019-11-29,197.4799041748047
2019-12-02,195.4579315185547
2019-12-03,193.926986694336
2019-12-04,194.90907287597656
2019-12-05,195.2942352294922
2019-12-06,197.3836364746093
2019-12-09,196.4881286621093
2019-12-10,196.32452392578125
2019-12-11,197.36436462402344
2019-12-12,198.83750915527344
2019-12-13,199.4922332763672
2019-12-16,201.4949645996093
2019-12-17,201.61050415039065
2019-12-18,201.7645568847656
2019-12-19,203.02589416503903
2019-12-20,203.8443145751953
2019-12-23,204.3827514648437
2019-12-24,204.4889068603516
2019-12-26,206.29331970214844
2019-12-27,206.11968994140625
2019-12-30,204.768783569336
2019-12-31,205.1546630859375
2020-01-02,208.5802459716797
2020-01-03,206.6696014404297
2020-01-06,208.0013122558593
2020-01-07,207.9722900390625
2020-01-08,209.53550720214844
2020-01-09,211.31103515625
2020-01-10,210.7706298828125
2020-01-13,213.2022399902344
2020-01-14,212.3627471923828
2020-01-15,212.44960021972656
2020-01-16,214.48562622070312
2020-01-17,215.5470428466797
2020-01-21,215.45054626464844
2020-01-22,216.0198669433593
2020-01-23,216.714599609375
2020-01-24,214.8909149169922
2020-01-27,210.4521942138672
2020-01-28,213.68472290039065
2020-01-29,214.0321044921875
2020-01-30,214.7943878173828
2020-01-31,211.38819885253903
2020-02-03,214.5821228027344
2020-02-04,219.4936370849609
2020-02-05,220.21734619140625
2020-02-06,222.1182403564453
2020-02-07,221.16294860839844
2020-02-10,223.8358612060547
2020-02-11,223.8744659423828
2020-02-12,226.05517578125
2020-02-13,225.7657470703125
2020-02-14,226.4122314453125
2020-02-18,226.4990692138672
2020-02-19,228.6701202392578
2020-02-20,226.5473175048828
2020-02-21,222.1954498291016
2020-02-24,213.62681579589844
2020-02-25,207.81790161132807
2020-02-26,208.8890075683593
2020-02-27,198.42909240722656
2020-02-28,198.58351135253903
2020-03-02,208.8311004638672
2020-03-03,202.134521484375
2020-03-04,210.5679626464844
2020-03-05,204.1704559326172
2020-03-06,200.7256774902344
2020-03-09,186.78233337402344
2020-03-10,196.95278930664065
2020-03-11,188.37448120117188
2020-03-12,171.10215759277344
2020-03-13,185.5955047607422
2020-03-16,163.36343383789062
2020-03-17,175.7531280517578
2020-03-18,170.40744018554688
2020-03-19,171.4302520751953
2020-03-20,164.7142791748047
2020-03-23,164.83326721191406
2020-03-24,177.59750366210938
2020-03-25,176.28237915039062
2020-03-26,185.56553649902344
2020-03-27,179.183349609375
2020-03-30,185.7008819580078
2020-03-31,184.1150360107422
2020-04-01,176.2920684814453
2020-04-02,179.86996459960938
2020-04-03,177.3170928955078
2020-04-06,189.994369506836
2020-04-07,189.91696166992188
2020-04-08,193.94932556152344
2020-04-09,194.22979736328125
2020-04-13,196.32815551757807
2020-04-14,204.8666229248047
2020-04-15,202.516830444336
2020-04-16,206.2107696533203
2020-04-17,208.1834259033203
2020-04-20,205.71763610839844
2020-04-21,198.126708984375
2020-04-22,204.00601196289065
2020-04-23,203.5708923339844
2020-04-24,206.78125
2020-04-27,208.44451904296875
2020-04-28,204.51852416992188
2020-04-29,211.77099609375
2020-04-30,211.6839599609375
2020-05-01,205.71763610839844
2020-05-04,208.11572265625
2020-05-05,210.47520446777344
2020-05-06,211.77099609375
2020-05-07,214.4978790283203
2020-05-08,217.4375457763672
2020-05-11,219.3811950683593
2020-05-12,214.78797912597656
2020-05-13,212.09976196289065
2020-05-14,214.507553100586
2020-05-15,215.90005493164065
2020-05-18,219.9226837158203
2020-05-19,219.3715057373047
2020-05-20,223.75196838378903
2020-05-21,221.31515502929688
2020-05-22,222.0791015625
2020-05-26,221.4795684814453
2020-05-27,222.6882476806641
2020-05-28,222.3982086181641
2020-05-29,225.65695190429688
2020-06-01,226.3338623046875
2020-06-02,227.8520355224609
2020-06-03,228.8770294189453
2020-06-04,227.2718505859375
2020-06-05,231.7780303955078
2020-06-08,233.5766143798828
2020-06-09,235.2688446044922
2020-06-10,238.0924835205078
2020-06-11,226.295166015625
2020-06-12,228.09375
2020-06-15,230.8690490722656
2020-06-16,234.8336944580078
2020-06-17,235.57827758789065
2020-06-18,236.2165069580078
2020-06-19,236.1778106689453
2020-06-22,239.0101928710937
2020-06-23,241.04444885253903
2020-06-24,236.07516479492188
2020-06-25,238.32241821289065
2020-06-26,232.6944274902344
2020-06-29,235.2323455810547
2020-06-30,239.8432464599609
2020-07-01,242.6427459716797
2020-07-02,244.2894744873047
2020-07-06,250.29527282714844
2020-07-07,248.5709686279297
2020-07-08,251.8451232910156
2020-07-09,253.96649169921875
2020-07-10,255.70046997070312
2020-07-13,250.4405212402344
2020-07-14,252.21324157714844
2020-07-15,252.7266540527344
2020-07-16,251.0023803710937
2020-07-17,251.29296875
2020-07-20,258.42242431640625
2020-07-21,255.7294464111328
2020-07-22,256.6304016113281
2020-07-23,249.92713928222656
2020-07-24,247.55392456054688
2020-07-27,251.9710235595703
2020-07-28,248.7647705078125
2020-07-29,251.63198852539065
2020-07-30,252.9493865966797
2020-07-31,257.46337890625
2020-08-03,260.9410400390625
2020-08-04,261.9096069335937
2020-08-05,262.5585632324219
2020-08-06,266.0361633300781
2020-08-07,262.965576171875
2020-08-10,261.841796875
2020-08-11,256.8822021484375
2020-08-12,263.34326171875
2020-08-13,263.94390869140625
2020-08-14,263.63385009765625
2020-08-17,266.6949157714844
2020-08-18,269.26190185546875
2020-08-19,267.45037841796875
2020-08-20,271.16046142578125
2020-08-21,273.0396423339844
2020-08-24,274.7445068359375
2020-08-25,276.9046325683594
2020-08-26,282.8135986328125
2020-08-27,281.9320678710937
2020-08-28,283.36572265625
2020-08-31,285.6421203613281
2020-09-01,290.52423095703125
2020-09-02,293.2751770019531
2020-09-03,278.4061279296875
2020-09-04,274.69610595703125
2020-09-08,261.4931030273437
2020-09-09,269.1746826171875
2020-09-10,263.8082580566406
2020-09-11,261.9774169921875
2020-09-14,266.5398864746094
2020-09-15,270.3177490234375
2020-09-16,266.0071105957031
2020-09-17,261.8515625
2020-09-18,258.50958251953125
2020-09-21,259.1295166015625
2020-09-22,263.94390869140625
2020-09-23,255.884506225586
2020-09-24,257.075927734375
2020-09-25,263.0527038574219
2020-09-28,268.5159912109375
2020-09-29,267.30517578125
2020-09-30,269.1358642578125
2020-10-01,273.4078369140625
2020-10-02,265.7165222167969
2020-10-05,271.3832702636719
2020-10-06,266.5398864746094
2020-10-07,271.1507568359375
2020-10-08,272.59405517578125
2020-10-09,276.7593994140625
2020-10-12,285.3030090332031
2020-10-13,285.2933349609375
2020-10-14,282.9104309082031
2020-10-15,281.0118408203125
2020-10-16,279.4716491699219
2020-10-19,274.9092102050781
2020-10-20,275.5001220703125
2020-10-21,275.2869567871094
2020-10-22,275.2772216796875
2020-10-23,275.8197326660156
2020-10-26,271.6835021972656
2020-10-27,273.80487060546875
2020-10-28,263.1302185058594
2020-10-29,267.7313232421875
2020-10-30,260.9410400390625
2020-11-02,261.52215576171875
2020-11-03,266.0458984375
2020-11-04,277.9217529296875
2020-11-05,285.16748046875
2020-11-06,285.3805236816406
2020-11-09,279.54913330078125
2020-11-10,274.5411071777344
2020-11-11,280.68243408203125
2020-11-12,279.3650817871094
2020-11-13,281.81573486328125
2020-11-16,284.0146789550781
2020-11-17,283.11383056640625
2020-11-18,281.021484375
2020-11-19,283.220458984375
2020-11-20,281.2830505371094
2020-11-23,281.2928466796875
2020-11-24,285.24493408203125
2020-11-25,286.9982604980469
2020-11-27,289.6427307128906
2020-11-30,290.233642578125
2020-12-01,293.9532775878906
2020-12-02,294.3311767578125
2020-12-03,294.74755859375
2020-12-04,295.9488220214844
2020-12-07,297.6244812011719
2020-12-08,298.63201904296875
2020-12-09,291.8705749511719
2020-12-10,293.0427551269531
2020-12-11,292.3936767578125
2020-12-14,294.51513671875
2020-12-15,297.6633605957031
2020-12-16,299.3003845214844
2020-12-17,301.25714111328125
2020-12-18,300.3465270996094
2020-12-21,299.7846984863281
2020-12-22,300.59979248046875
2020-12-23,299.08599853515625
2020-12-24,300.4057312011719
2020-12-28,303.4335021972656
2020-12-29,303.70513916015625
2020-12-30,303.7148742675781
2020-12-31,304.4620666503906
2021-01-04,300.1630554199219
2021-01-05,302.6377258300781
2021-01-06,298.4454345703125
2021-01-07,305.6654357910156
2021-01-08,309.595703125
2021-01-11,305.1220397949219
2021-01-12,304.63677978515625
2021-01-13,306.6940612792969
2021-01-14,305.0540771484375
2021-01-15,302.6377258300781
2021-01-19,307.0531616210937
2021-01-20,314.19549560546875
2021-01-21,316.7088623046875
2021-01-22,315.7967529296875
2021-01-25,318.4071655273437
2021-01-26,318.8729858398437
2021-01-27,309.9837951660156
2021-01-28,311.8179626464844
2021-01-29,305.2578125
2021-02-01,312.88543701171875
2021-02-02,317.9898376464844
2021-02-03,316.7283630371094
2021-02-04,320.47412109375
2021-02-05,321.5610656738281
2021-02-08,323.7154235839844
2021-02-09,323.64752197265625
2021-02-10,322.9099426269531
2021-02-11,324.68585205078125
2021-02-12,326.5005798339844
2021-02-16,325.61749267578125
2021-02-17,324.0550537109375
2021-02-18,322.63824462890625
2021-02-19,321.23101806640625
2021-02-22,312.9048156738281
2021-02-23,311.9732971191406
2021-02-24,314.5448608398437
2021-02-25,303.5789794921875
2021-02-26,304.8503112792969
2021-03-01,314.0208435058594
2021-03-02,308.9842529296875
2021-03-03,300.0175476074219
2021-03-04,295.10723876953125
2021-03-05,299.5516967773437
2021-03-08,291.0701904296875
2021-03-09,302.55029296875
2021-03-10,301.6866760253906
2021-03-11,308.6349182128906
2021-03-12,306.1312255859375
2021-03-15,309.4015197753906
2021-03-16,311.0998229980469
2021-03-17,312.3807983398437
2021-03-18,302.8124084472656
2021-03-19,303.8798522949219
2021-03-22,309.5785827636719
2021-03-23,308.22802734375
2021-03-24,303.0296630859375
2021-03-25,302.5050048828125
2021-03-26,307.0426330566406
2021-03-29,306.9551086425781
2021-03-30,305.41021728515625
2021-03-31,310.0838623046875
2021-04-01,315.3696594238281
2021-04-05,321.6659851074219
2021-04-06,321.44256591796875
2021-04-07,322.21978759765625
2021-04-08,325.5817565917969
2021-04-09,327.5541687011719
2021-04-12,327.12677001953125
2021-04-13,330.9452819824219
2021-04-14,326.97119140625
2021-04-15,331.9266967773437
2021-04-16,332.3153381347656
2021-04-19,329.2740478515625
2021-04-20,326.8739929199219
2021-04-21,329.6723937988281
2021-04-22,325.69830322265625
2021-04-23,329.7987365722656
2021-04-26,331.9460754394531
2021-04-27,330.5080261230469
2021-04-28,329.3906555175781
2021-04-29,330.5760498046875
2021-04-30,328.4092712402344
2021-05-03,326.6602478027344
2021-05-04,320.78173828125
2021-05-05,319.7032470703125
2021-05-06,322.1129455566406
2021-05-07,324.7266540527344
2021-05-10,316.5259094238281
2021-05-11,316.088623046875
2021-05-12,307.90740966796875
2021-05-13,310.2879638671875
2021-05-14,317.1380615234375
2021-05-17,315.21417236328125
2021-05-18,313.0863037109375
2021-05-19,313.44586181640625
2021-05-20,319.5089111328125
2021-05-21,317.74053955078125
2021-05-24,323.08465576171875
2021-05-25,323.53155517578125
2021-05-26,324.65869140625
2021-05-27,323.444091796875
2021-05-28,324.46435546875
2021-06-01,323.3858337402344
2021-06-02,324.0174255371094
2021-06-03,320.6457214355469
2021-06-04,326.0870056152344
2021-06-07,327.0586853027344
2021-06-08,327.214111328125
2021-06-09,327.2919006347656
2021-06-10,330.7023010253906
2021-06-11,331.567138671875
2021-06-14,334.7444763183594
2021-06-15,332.5581970214844
2021-06-16,331.3436584472656
2021-06-17,335.5509033203125
2021-06-18,332.91766357421875
2021-06-21,334.9867858886719
2021-06-22,338.1094055175781
2021-06-23,338.2748413085937
2021-06-24,340.36639404296875
2021-06-25,339.947998046875
2021-06-28,344.0823059082031
2021-06-29,345.3275146484375
2021-06-30,344.78271484375
2021-07-01,344.9189453125
2021-07-02,348.87811279296875
2021-07-06,350.385986328125
2021-07-07,351.125244140625
2021-07-08,349.00457763671875
2021-07-09,351.1836242675781
2021-07-12,352.55523681640625
2021-07-13,352.55523681640625
2021-07-14,353.1875305175781
2021-07-15,350.70703125
2021-07-16,347.866455078125
2021-07-19,345.01617431640625
2021-07-20,349.0240478515625
2021-07-21,351.7186584472656
2021-07-22,354.0436096191406
2021-07-23,358.1779479980469
2021-07-26,358.46002197265625
2021-07-27,354.5105285644531
2021-07-28,355.8724365234375
2021-07-29,356.5047607421875
2021-07-30,354.6467590332031
2021-08-02,354.6759338378906
2021-08-03,356.8258056640625
2021-08-04,357.3413391113281
2021-08-05,359.60797119140625
2021-08-06,358.031982421875
2021-08-09,358.6934814453125
2021-08-10,356.85498046875
2021-08-11,356.2420349121094
2021-08-12,357.52618408203125
2021-08-13,358.7810363769531
2021-08-16,358.93670654296875
2021-08-17,355.7751770019531
2021-08-18,352.3509521484375
2021-08-19,354.0533142089844
2021-08-20,357.72076416015625
2021-08-23,363.0710144042969
2021-08-24,364.1799926757813
2021-08-25,364.5982055664063
2021-08-26,362.2830505371094
2021-08-27,365.8045349121094
2021-08-30,369.9097900390625
2021-08-31,369.6081237792969
2021-09-01,370.2209777832031
2021-09-02,370.04595947265625
2021-09-03,371.1839904785156
2021-09-07,371.7092895507813
2021-09-08,370.4154357910156
2021-09-09,369.1411743164063
2021-09-10,366.3395080566406
2021-09-13,366.0866394042969
2021-09-14,365.0457153320313
2021-09-15,367.7597961425781
2021-09-16,368.01275634765625
2021-09-17,363.65472412109375
2021-09-20,356.140380859375
2021-09-21,356.5785522460937
2021-09-22,359.9091796875
2021-09-23,363.2301025390625
2021-09-24,363.5708923339844
2021-09-27,360.6688232421875
2021-09-28,350.4627990722656
2021-09-29,349.88818359375
2021-09-30,348.60272216796875
2021-10-01,350.7646484375
2021-10-04,343.4023132324219
2021-10-05,348.037841796875
2021-10-06,350.2680053710937
2021-10-07,353.4817199707031
2021-10-08,351.71905517578125
2021-10-11,349.021484375
2021-10-12,347.80419921875
2021-10-13,350.5893859863281
2021-10-14,357.0460510253906
2021-10-15,359.2956848144531
2021-10-18,362.9087219238281
2021-10-19,365.6549682617188
2021-10-20,365.1778259277344
2021-10-21,367.407958984375
2021-10-22,364.3208312988281
2021-10-25,368.0506286621094
2021-10-26,369.2095336914063
2021-10-27,370.0665893554688
2021-10-28,374.1763305664063
2021-10-29,376.016845703125
2021-11-01,377.3023376464844
2021-11-02,378.8799133300781
2021-11-03,382.9020080566406
2021-11-04,387.8102722167969
2021-11-05,388.1802978515625
2021-11-08,387.6544799804688
2021-11-09,384.9861145019531
2021-11-10,379.3280334472656
2021-11-11,380.3796691894531
2021-11-12,384.3822937011719
2021-11-15,384.2946472167969
2021-11-16,387.03118896484375
2021-11-17,387.2357177734375
2021-11-18,391.2480163574219
2021-11-19,393.4293823242188
2021-11-22,388.862060546875
2021-11-23,387.089599609375
2021-11-24,388.3361511230469
2021-11-26,380.9738464355469
2021-11-29,389.2418212890625
2021-11-30,383.5252990722656
2021-12-01,377.0004577636719
2021-12-02,379.7175598144531
2021-12-03,373.11468505859375
2021-12-06,376.1045227050781
2021-12-07,387.430419921875
2021-12-08,389.16400146484375
2021-12-09,383.4377136230469
2021-12-10,387.6057434082031
2021-12-13,382.006103515625
2021-12-14,378.05224609375
2021-12-15,386.67083740234375
2021-12-16,376.727783203125
2021-12-17,374.8482055664063
2021-12-20,371.2120361328125
2021-12-21,379.5199279785156
2021-12-22,384.1419372558594
2021-12-23,387.0379333496094
2021-12-27,393.4346923828125
2021-12-28,391.6112060546875
2021-12-29,391.5526428222656
2021-12-30,390.382568359375
2021-12-31,387.9448852539063
2022-01-03,391.6795043945313
2022-01-04,386.59912109375
2022-01-05,374.7224426269531
2022-01-06,374.4591064453125
2022-01-07,370.4027099609375
2022-01-10,370.6465148925781
2022-01-11,376.2143859863281
2022-01-12,377.7062683105469
2022-01-13,368.2574462890625
2022-01-14,370.5489501953125
2022-01-18,361.3244323730469
2022-01-19,357.3558349609375
2022-01-20,352.7143249511719
2022-01-21,342.93408203125
2022-01-24,344.50390625
2022-01-25,336.51788330078125
2022-01-26,335.9913024902344
2022-01-27,332.60772705078125
2022-01-28,343.04119873046875
2022-01-31,354.0111999511719
2022-02-01,356.4197692871094
2022-02-02,359.3157653808594
2022-02-03,344.74774169921875
2022-02-04,349.09674072265625
2022-02-07,346.2884521484375
2022-02-08,350.1789855957031
2022-02-09,357.599609375
2022-02-10,349.5062561035156
2022-02-11,338.4193420410156
2022-02-14,338.8386535644531
2022-02-15,347.2635192871094
2022-02-16,347.1756896972656
2022-02-17,336.849365234375
2022-02-18,333.0075378417969
2022-02-22,329.66290283203125
2022-02-23,321.21856689453125
2022-02-24,332.0129089355469
2022-02-25,337.1614074707031
2022-02-28,338.1658630371094
2022-03-01,332.9880065917969
2022-03-02,338.5754089355469
2022-03-03,333.7388000488281
2022-03-04,328.9022827148437
2022-03-07,316.77203369140625
2022-03-08,315.2996826171875
2022-03-09,326.6498718261719
2022-03-10,323.0223693847656
2022-03-11,316.32354736328125
2022-03-14,310.2486572265625
2022-03-15,319.98016357421875
2022-03-16,331.8471069335937
2022-03-17,335.8646240234375
2022-03-18,342.7390441894531
2022-03-21,341.7861328125
2022-03-22,348.5032043457031
2022-03-23,343.49468994140625
2022-03-24,351.1294250488281
2022-03-25,350.8365478515625
2022-03-28,356.2648620605469
2022-03-29,362.3960266113281
2022-03-30,358.3931579589844
2022-03-31,353.9509582519531
2022-04-01,353.2773132324219
2022-04-04,360.5508117675781
2022-04-05,352.5450744628906
2022-04-06,344.8908996582031
2022-04-07,345.7109375
2022-04-08,340.87823486328125
2022-04-11,332.8139038085937
2022-04-12,331.407958984375
2022-04-13,338.14453125
2022-04-14,330.412109375
2022-04-18,330.666015625
2022-04-19,338.0567321777344
2022-04-20,333.1262512207031
2022-04-21,326.23358154296875
2022-04-22,317.6908569335937
2022-04-25,321.7718811035156
2022-04-26,309.6265563964844
2022-04-27,309.2555847167969
2022-04-28,320.2390441894531
2022-04-29,305.8287353515625
2022-05-02,310.934814453125
2022-05-03,311.2667541503906
2022-05-04,321.7914123535156
2022-05-05,305.5846252441406
2022-05-06,301.9234924316406
2022-05-09,290.11016845703125
2022-05-10,293.6346130371094
2022-05-11,284.9259338378906
2022-05-12,284.2523498535156
2022-05-13,294.78662109375
2022-05-16,291.3695983886719
2022-05-17,298.9164733886719
2022-05-18,284.2425537109375
2022-05-19,282.7195129394531
2022-05-20,281.8408508300781
2022-05-23,286.5270690917969
2022-05-24,280.4349060058594
2022-05-25,284.3597106933594
2022-05-26,292.2384948730469
2022-05-27,301.7770080566406
2022-05-31,300.9764404296875
2022-06-01,298.7504577636719
2022-06-02,306.93194580078125
2022-06-03,298.9457702636719
2022-06-06,299.9415283203125
2022-06-07,302.5288391113281
2022-06-08,300.3515930175781
2022-06-09,292.30682373046875
2022-06-10,281.9970397949219
2022-06-13,268.88525390625
2022-06-14,269.37335205078125
2022-06-15,276.10009765625
2022-06-16,264.9604187011719
2022-06-17,268.18231201171875
2022-06-21,274.9483642578125
2022-06-22,274.5472717285156
2022-06-23,278.6361389160156
2022-06-24,288.18316650390625
2022-06-27,286.0702819824219
2022-06-28,277.3547058105469
2022-06-29,277.6090087890625
2022-06-30,274.1658020019531
2022-07-01,275.9754333496094
2022-07-05,280.7000732421875
2022-07-06,282.4999694824219
2022-07-07,288.5451354980469
2022-07-08,288.90704345703125
2022-07-11,282.7347412109375
2022-07-12,279.99578857421875
2022-07-13,279.4186096191406
2022-07-14,280.41650390625
2022-07-15,285.50299072265625
2022-07-18,283.0868835449219
2022-07-19,291.792724609375
2022-07-20,296.41949462890625
2022-07-21,300.6746520996094
2022-07-22,295.4021911621094
2022-07-25,293.7196960449219
2022-07-26,287.948486328125
2022-07-27,300.1170959472656
2022-07-28,303.0516967773437
2022-07-29,308.5783996582031
2022-08-01,308.392578125
2022-08-02,307.4730529785156
2022-08-03,315.8463134765625
2022-08-04,317.32342529296875
2022-08-05,314.7311096191406
2022-08-08,313.7138366699219
2022-08-09,310.1630859375
2022-08-10,318.8199768066406
2022-08-11,317.01031494140625
2022-08-12,323.18267822265625
2022-08-15,325.79443359375
2022-08-16,325.031494140625
2022-08-17,321.3241577148437
2022-08-18,322.09686279296875
2022-08-19,315.81695556640625
2022-08-22,307.5023498535156
2022-08-23,307.2479858398437
2022-08-24,308.1382751464844
2022-08-25,313.5867004394531
2022-08-26,300.7333068847656
2022-08-29,297.7694091796875
2022-08-30,294.4533386230469
2022-08-31,292.74151611328125
2022-09-01,292.8686828613281
2022-09-02,288.7310485839844
2022-09-06,286.6572570800781
2022-09-07,292.4480285644531
2022-09-08,293.9642639160156
2022-09-09,300.3909606933594
2022-09-12,303.9613342285156
2022-09-13,287.2931213378906
2022-09-14,289.5722351074219
2022-09-15,284.7497863769531
2022-09-16,283.00860595703125
2022-09-19,285.2124938964844
2022-09-20,282.93902587890625
2022-09-21,277.87274169921875
2022-09-22,274.4527893066406
2022-09-23,269.9841613769531
2022-09-26,268.8670654296875
2022-09-27,268.974853515625
2022-09-28,274.3253479003906
2022-09-29,266.4171142578125
2022-09-30,261.8996887207031
2022-10-03,268.0438842773437
2022-10-04,276.4714050292969
2022-10-05,276.3244934082031
2022-10-06,274.14898681640625
2022-10-07,263.7027893066406
2022-10-10,261.06671142578125
2022-10-11,257.4801025390625
2022-10-12,257.3919372558594
2022-10-13,263.4283142089844
2022-10-14,255.5103302001953
2022-10-17,263.9477233886719
2022-10-18,266.03497314453125
2022-10-19,265.0648498535156
2022-10-20,263.7125549316406
2022-10-21,269.89599609375
2022-10-24,272.8652038574219
2022-10-25,278.5097351074219
2022-10-26,272.35565185546875
2022-10-27,267.3970642089844
2022-10-28,275.5796203613281
2022-10-31,272.375244140625
2022-11-01,269.5921936035156
2022-11-02,260.351318359375
2022-11-03,255.2654724121093
2022-11-04,259.371337890625
2022-11-07,262.2230224609375
2022-11-08,264.13385009765625
2022-11-09,258.0386962890625
2022-11-10,277.07891845703125
2022-11-11,282.1844787597656
2022-11-14,279.7150573730469
2022-11-15,283.58575439453125
2022-11-16,279.7150573730469
2022-11-17,279.0976867675781
2022-11-18,279.107421875
2022-11-21,276.2362365722656
2022-11-22,280.2148132324219
2022-11-23,283.0272521972656
2022-11-25,281.1653747558594
2022-11-28,277.03973388671875
2022-11-29,274.9426574707031
2022-11-30,287.4761657714844
2022-12-01,287.8289489746094
2022-12-02,286.6824645996094
2022-12-05,281.870849609375
2022-12-06,276.0303955078125
2022-12-07,274.90350341796875
2022-12-08,278.15692138671875
2022-12-09,276.3831787109375
2022-12-12,279.8522033691406
2022-12-13,282.8606262207031
2022-12-14,280.7635192871094
2022-12-15,271.33648681640625
2022-12-16,268.7494506835937
2022-12-19,264.9725646972656
2022-12-20,264.7663269042969
2022-12-21,268.6070556640625
2022-12-22,262.0355529785156
2022-12-23,262.6248779296875
2022-12-27,258.9118347167969
2022-12-28,255.49346923828125
2022-12-29,261.7212219238281
2022-12-30,261.5639953613281
2023-01-03,259.7958984375
2023-01-04,261.0335998535156
2023-01-05,256.9472351074219
2023-01-06,264.03936767578125
2023-01-09,265.7485656738281
2023-01-10,267.9979858398437
2023-01-11,272.6344299316406
2023-01-12,274.10791015625
2023-01-13,275.9938659667969
2023-01-17,276.55377197265625
2023-01-18,272.95855712890625
2023-01-19,270.27691650390625
2023-01-20,277.6734924316406
2023-01-23,283.8424377441406
2023-01-24,283.2627868652344
2023-01-25,282.63409423828125
2023-01-26,288.144775390625
2023-01-27,291.0130310058594
2023-01-30,285.129150390625
2023-01-31,289.402099609375
2023-02-01,295.59051513671875
2023-02-02,306.19921875
2023-02-03,300.7573547363281
2023-02-06,298.2132263183594
2023-02-07,304.391845703125
2023-02-08,298.9794006347656
2023-02-09,296.3370666503906
2023-02-10,294.39215087890625
2023-02-13,299.107177734375
2023-02-14,301.3172607421875
2023-02-15,303.62567138671875
2023-02-16,297.9283447265625
2023-02-17,295.8263244628906
2023-02-21,288.8225402832031
2023-02-22,289.03863525390625
2023-02-23,291.56317138671875
2023-02-24,286.6811828613281
2023-02-27,288.7341003417969
2023-02-28,288.3608703613281
2023-03-01,286.04266357421875
2023-03-02,288.4099426269531
2023-03-03,294.3724670410156
2023-03-06,294.7064514160156
2023-03-07,291.09161376953125
2023-03-08,292.5453796386719
2023-03-09,287.4768371582031
2023-03-10,283.43963623046875
2023-03-13,285.5416564941406
2023-03-14,292.1033630371094
2023-03-15,293.6357727050781
2023-03-16,301.3761901855469
2023-03-17,299.95184326171875
2023-03-20,301.0163879394531
2023-03-21,305.3156433105469
2023-03-22,301.1639099121094
2023-03-23,304.7351989746094
2023-03-24,305.85675048828125
2023-03-27,303.7611999511719
2023-03-28,302.14776611328125
2023-03-29,307.6571044921875
2023-03-30,310.56915283203125
2023-03-31,315.73419189453125
2023-04-03,314.9668273925781
2023-04-04,313.904296875
2023-04-05,310.8052978515625
2023-04-06,312.9007568359375
2023-04-10,312.7236633300781
2023-04-11,310.7167358398437
2023-04-12,307.971923828125
2023-04-13,314.002685546875
2023-04-14,313.412353515625
2023-04-17,313.677978515625
2023-04-18,313.6976318359375
2023-04-19,313.55010986328125
2023-04-20,311.159423828125
2023-04-21,311.48406982421875
2023-04-24,310.8348083496094
2023-04-25,304.97125244140625
2023-04-26,306.8209228515625
2023-04-27,315.16357421875
2023-04-28,317.3377380371094
2023-05-01,316.9737548828125
2023-05-02,314.2093505859375
2023-05-03,312.153076171875
2023-05-04,311.0512390136719
2023-05-05,317.6625061035156
2023-05-08,318.44952392578125
2023-05-09,316.4326477050781
2023-05-10,319.8760681152344
2023-05-11,320.9189147949219
2023-05-12,319.76776123046875
2023-05-15,321.4992980957031
2023-05-16,321.86334228515625
2023-05-17,325.7592163085937
2023-05-18,331.8096618652344
2023-05-19,331.0619812011719
2023-05-22,332.1737060546875
2023-05-23,327.9628295898437
2023-05-24,326.2806091308594
2023-05-25,334.219970703125
2023-05-26,342.7594299316406
2023-05-30,344.3138427734375
2023-05-31,342.3560485839844
2023-06-01,346.3110046386719
2023-06-02,348.9082336425781
2023-06-05,349.1541748046875
2023-06-06,349.0951538085937
2023-06-07,343.1726379394531
2023-06-08,347.4324951171875
2023-06-09,348.7606811523437
2023-06-12,354.6536865234375
2023-06-13,357.3788146972656
2023-06-14,359.9761657714844
2023-06-15,364.26556396484375
2023-06-16,361.9732360839844
2023-06-20,361.4550476074219
2023-06-21,356.5292358398437
2023-06-22,360.7358703613281
2023-06-23,357.1597595214844
2023-06-26,352.3718566894531
2023-06-27,358.4305419921875
2023-06-28,359.130126953125
2023-06-29,358.4109191894531
2023-06-30,363.9376525878906
2023-07-03,364.7947387695313
2023-07-05,364.784912109375
2023-07-06,362.00677490234375
2023-07-07,360.8047790527344
2023-07-10,360.9230346679688
2023-07-11,362.7062683105469
2023-07-12,367.2872009277344
2023-07-13,373.5232543945313
2023-07-14,373.4444274902344
2023-07-17,376.931884765625
2023-07-18,380.0154724121094
2023-07-19,379.92681884765625
2023-07-20,371.1687622070313
2023-07-21,370.0555114746094
2023-07-24,370.6466674804688
2023-07-25,373.1587219238281
2023-07-26,371.91748046875
2023-07-27,371.0307922363281
2023-07-28,377.7890319824219
2023-07-31,377.9859924316406
2023-08-01,377.10931396484375
2023-08-02,368.8338317871094
2023-08-03,368.2428283691406
2023-08-04,366.5187683105469
2023-08-07,369.62200927734375
2023-08-08,366.4793701171875
2023-08-09,362.4500427246094
2023-08-10,363.1199645996094
2023-08-11,360.8047790527344
2023-08-14,364.8538818359375
2023-08-15,360.982177734375
2023-08-16,357.1597595214844
2023-08-17,353.2585144042969
2023-08-18,352.81524658203125
2023-08-21,358.49957275390625
2023-08-22,357.9873046875
2023-08-23,363.6322937011719
2023-08-24,355.8593444824219
2023-08-25,358.61773681640625
2023-08-28,361.3171691894531
2023-08-29,369.2082824707031
2023-08-30,371.2672424316406
2023-08-31,372.3804321289063
2023-09-01,371.9863586425781
2023-09-05,372.4592590332031
2023-09-06,369.1786804199219
2023-09-07,366.5384826660156
2023-09-08,367.05072021484375
2023-09-11,371.3756408691406
2023-09-12,367.2576599121094
2023-09-13,368.6565856933594
2023-09-14,371.6711120605469
2023-09-15,365.3070068359375
2023-09-18,365.6878662109375
2023-09-19,364.9084167480469
2023-09-20,359.6499938964844
2023-09-21,353.0595397949219
2023-09-22,353.10888671875
2023-09-25,354.7861022949219
2023-09-26,349.4585266113281
2023-09-27,350.2774658203125
2023-09-28,353.2075500488281
2023-09-29,353.4640197753906
2023-10-02,356.4139404296875
2023-10-03,350.15899658203125
2023-10-04,354.9242248535156
2023-10-05,353.8783874511719
2023-10-06,359.80780029296875
2023-10-09,361.6428527832031
2023-10-10,363.6455993652344
2023-10-11,366.2403869628906
2023-10-12,364.9676208496094
2023-10-13,360.3800354003906
2023-10-16,364.4546508789063
2023-10-17,363.2608337402344
2023-10-18,358.4956359863281
2023-10-19,355.1412658691406
2023-10-20,349.8432922363281
2023-10-23,350.89898681640625
2023-10-24,354.3125305175781
2023-10-25,345.6404113769531
2023-10-26,339.0500183105469
2023-10-27,340.6778564453125
2023-10-30,344.5157165527344
2023-10-31,346.1632995605469
2023-11-01,352.171630859375
2023-11-02,358.56475830078125
2023-11-03,362.7773742675781
2023-11-06,364.25726318359375
2023-11-07,367.7005004882813
2023-11-08,367.9372253417969
2023-11-09,365.1057739257813
2023-11-10,373.3141784667969
2023-11-13,372.1499938964844
2023-11-14,380.1611022949219
2023-11-15,380.44720458984375
2023-11-16,380.7727661132813
2023-11-17,380.861572265625
2023-11-20,385.4985046386719
2023-11-21,383.2589416503906
2023-11-22,384.8276062011719
2023-11-24,384.2849731445313
2023-11-27,383.9495544433594
2023-11-28,384.9558715820313
2023-11-29,384.5809631347656
2023-11-30,383.6140747070313
2023-12-01,384.7091979980469
2023-12-04,381.1377868652344
2023-12-05,382.0947570800781
2023-12-06,379.8847961425781
2023-12-07,385.1926574707031
2023-12-08,386.9093017578125
2023-12-11,390.21429443359375
2023-12-12,393.3221130371094
2023-12-13,398.3240966796875
2023-12-14,397.9788208007813
2023-12-15,399.9025573730469
2023-12-18,402.4214477539063
2023-12-19,404.4777221679688
2023-12-20,398.46728515625
2023-12-21,403.1036376953125
2023-12-22,403.7066040039063
2023-12-26,406.1780090332031
2023-12-27,407.0048522949219
2023-12-28,406.80706787109375
2023-12-29,405.0464477539063
2024-01-02,398.1922302246094
2024-01-03,393.9786987304688
2024-01-04,391.9511413574219
2024-01-05,392.4159851074219
2024-01-08,400.52642822265625
2024-01-09,401.3176879882813
2024-01-10,404.0376586914063
2024-01-11,404.87835693359375
2024-01-12,405.0860290527344
2024-01-16,405.0464477539063
2024-01-17,402.7617492675781
2024-01-18,408.4786071777344
2024-01-19,416.5791015625
2024-01-22,417.1231384277344
2024-01-23,418.8540344238281
2024-01-24,421.1782531738281
2024-01-25,421.6926574707031
2024-01-26,419.1803894042969
2024-01-29,423.4729919433594
2024-01-30,420.6540832519531
2024-01-31,412.41510009765625
2024-02-01,417.271484375
2024-02-02,424.3235473632813
2024-02-05,423.7697448730469
2024-02-06,422.9191589355469
2024-02-07,427.2710571289063
2024-02-08,428.0623168945313
2024-02-09,432.2757568359375
2024-02-12,430.58441162109375
2024-02-13,423.86859130859375
2024-02-14,428.4876098632813
2024-02-15,429.7635498046875
2024-02-16,425.8665771484375
2024-02-20,422.6520690917969
2024-02-21,420.9607543945313
2024-02-22,433.2846374511719
2024-02-23,432.0087585449219
2024-02-26,431.78118896484375
2024-02-27,432.81976318359375
2024-02-28,430.5151977539063
2024-02-29,434.2044982910156
2024-03-01,440.7422180175781
2024-03-04,439.1696166992188
2024-03-05,431.2866821289063
2024-03-06,433.9967651367188
2024-03-07,440.58404541015625
2024-03-08,434.2242431640625
2024-03-11,432.612060546875
2024-03-12,438.8136291503906
2024-03-13,435.4408264160156
2024-03-14,434.3429870605469
2024-03-15,429.1800231933594
2024-03-18,433.2732849121094
2024-03-19,434.3527526855469
2024-03-20,439.5027770996094
2024-03-21,441.58251953125
2024-03-22,442.0876770019531
2024-03-25,440.4832458496094
2024-03-26,439.05706787109375
2024-03-27,440.552490234375
2024-03-28,439.7403869628906
2024-04-01,440.6714477539063
2024-04-02,436.8683166503906
2024-04-03,437.8488464355469
2024-04-04,431.1537780761719
2024-04-05,436.23443603515625
2024-04-08,436.36322021484375
2024-04-09,437.9775390625
2024-04-10,434.15472412109375
2024-04-11,441.08734130859375
2024-04-12,434.0556335449219
2024-04-15,426.9149169921875
2024-04-16,426.95458984375
2024-04-17,421.7451477050781
2024-04-18,419.3385620117188
2024-04-19,410.6627502441406
2024-04-22,414.7926635742188
2024-04-23,420.9825744628906
2024-04-24,422.4087219238281
2024-04-25,420.3685607910156
2024-04-26,426.85552978515625
2024-04-29,428.5887145996094
2024-04-30,420.5071716308594
2024-05-01,417.4666748046875
2024-05-02,422.7949523925781
2024-05-03,431.29248046875
2024-05-06,436.0166015625
2024-05-07,436.0859069824219
2024-05-08,435.8283996582031
2024-05-09,436.7792053222656
2024-05-10,437.8091735839844
2024-05-13,438.8193359375
2024-05-14,441.6419982910156
2024-05-15,448.5449523925781
2024-05-16,447.63385009765625
2024-05-17,447.4159240722656
2024-05-20,450.53564453125
2024-05-21,451.4170227050781
2024-05-22,451.3279724121094
2024-05-23,449.2976379394531
2024-05-24,453.5464172363281
2024-05-28,455.2597351074219
2024-05-29,452.0509033203125
2024-05-30,447.2079162597656
2024-05-31,446.3760070800781
2024-06-03,448.772705078125
2024-06-04,450.0007934570313
2024-06-05,459.07275390625
2024-06-06,458.9142761230469
2024-06-07,458.50823974609375
2024-06-10,460.3602600097656
2024-06-11,463.5195617675781
2024-06-12,469.5906372070313
2024-06-13,472.1358947753906
2024-06-14,474.5821533203125
2024-06-17,480.3956909179688
2024-06-18,480.5442504882813
2024-06-20,476.8402404785156
2024-06-21,475.5626525878906
2024-06-24,470.1485290527344
2024-06-25,475.5249633789063
2024-06-26,476.5069580078125
2024-06-27,477.7369995117188
2024-06-28,475.257080078125
2024-07-01,478.0445251464844
2024-07-02,483.0638732910156
2024-07-03,487.0911865234375
2024-07-05,492.16998291015625
2024-07-08,493.3405151367188
2024-07-09,493.7670593261719
2024-07-10,498.915283203125
2024-07-11,487.9739990234375
2024-07-12,490.8407897949219
2024-07-15,492.1600646972656
2024-07-16,492.3485412597656
2024-07-17,477.8957214355469
2024-07-18,475.634033203125
2024-07-19,471.4182434082031
2024-07-22,478.4413146972656
2024-07-23,476.7549743652344
2024-07-24,459.6535949707031
2024-07-25,454.584716796875
2024-07-26,459.2468872070313
2024-07-29,460.16943359375
2024-07-30,453.8506774902344
2024-07-31,467.2817993164063
2024-08-01,455.9635009765625
2024-08-02,445.1412353515625
2024-08-05,431.8688354492188
2024-08-06,435.9953918457031
2024-08-07,431.273681640625
2024-08-08,444.4667053222656
2024-08-09,446.7879028320313
2024-08-12,447.7500915527344
2024-08-13,458.8600158691406
2024-08-14,459.00885009765625
2024-08-15,470.6048889160156
2024-08-16,471.2099304199219
2024-08-19,477.3997192382813
2024-08-20,476.39788818359375
2024-08-21,478.6198425292969
2024-08-22,471.0314025878906
2024-08-23,476.1399841308594
2024-08-26,471.5174255371094
2024-08-27,472.9259948730469
2024-08-28,467.5594787597656
2024-08-29,466.87506103515625
2024-08-30,472.4399719238281
2024-09-03,458.0962219238281
2024-09-04,456.9058532714844
2024-09-05,457.3324279785156
2024-09-06,445.0817565917969
2024-09-09,450.8053283691406
2024-09-10,454.9715881347656
2024-09-11,464.8514709472656
2024-09-12,469.41448974609375
2024-09-13,471.5174255371094
2024-09-16,469.434326171875
2024-09-17,469.6823120117188
2024-09-18,467.6487731933594
2024-09-19,479.4729309082031
2024-09-20,478.560302734375
2024-09-23,479.828857421875
2024-09-24,482.1433715820313
2024-09-25,482.5903625488281
2024-09-26,486.2161254882813
2024-09-27,483.5141906738281
2024-09-30,484.825439453125
2024-10-01,478.0705871582031
2024-10-02,478.74609375
2024-10-03,478.3884887695313
2024-10-04,484.0803833007813
2024-10-07,478.8951110839844
2024-10-08,486.0472412109375
2024-10-09,489.8716125488281
2024-10-10,489.31536865234375
2024-10-11,490.0802307128906
2024-10-14,494.1926879882813
2024-10-15,487.5869140625
2024-10-16,487.6465148925781
2024-10-17,487.9842529296875
2024-10-18,491.182861328125
2024-10-21,492.1265563964844
2024-10-22,492.6629333496094
2024-10-23,485.1134338378906
2024-10-24,489.0471801757813
2024-10-25,492.0272216796875
2024-10-28,492.106689453125
2024-10-29,496.8350524902344
2024-10-30,493.0801696777344
2024-10-31,480.6334838867188
2024-11-01,484.1896362304688
2024-11-04,482.7791137695313
2024-11-05,488.93792724609375
2024-11-06,502.2189636230469
2024-11-07,510.12603759765625
2024-11-08,510.72210693359375
2024-11-11,510.4241333007813
2024-11-12,509.5002746582031
2024-11-13,508.8446350097656
2024-11-14,505.308349609375
2024-11-15,493.2689208984375
2024-11-18,496.6959838867188
2024-11-19,500.1130676269531
2024-11-20,499.8250122070313
2024-11-21,501.623046875
2024-11-22,502.4275817871094
2024-11-25,503.2222900390625
2024-11-26,505.9241943359375
2024-11-27,501.94085693359375
2024-11-29,506.3513488769531
2024-12-02,511.8644714355469
2024-12-03,513.4340209960938
2024-12-04,519.7815551757812
2024-12-05,518.3411254882812
2024-12-06,522.9801025390625
2024-12-09,518.9073486328125
2024-12-10,517.1390380859375
2024-12-11,526.3971557617188
2024-12-12,522.9998779296875
2024-12-13,527.003173828125
2024-12-16,534.5923461914062
2024-12-17,532.2380981445312
2024-12-18,513.0365600585938
2024-12-19,510.75189208984375
2024-12-20,515.2120971679688
2024-12-23,520.2315673828125
2024-12-24,527.285888671875
2024-12-26,526.9276123046875
2024-12-27,519.9231567382812
2024-12-30,513.0082397460938
2024-12-31,508.65032958984375
2025-01-02,507.6553955078125
2025-01-03,515.9631958007812
2025-01-06,521.8931274414062
2025-01-07,512.5803833007812
2025-01-08,512.6699829101562
2025-01-10,504.6307067871094
2025-01-13,503.0089416503906
2025-01-14,502.5313415527344
2025-01-15,514.0927124023438
2025-01-16,510.4910278320313
2025-01-17,519.1072387695312
2025-01-21,522.1517944335938
2025-01-22,528.8279418945312
2025-01-23,529.9523315429688
2025-01-24,526.95751953125
2025-01-27,511.61529541015625
2025-01-28,519.1769409179688
2025-01-29,518.2019653320312
2025-01-30,520.41064453125
2025-01-31,519.6544799804688
2025-02-03,515.49560546875
2025-02-04,521.823486328125
2025-02-05,524.1915283203125
2025-02-06,526.9276123046875
2025-02-07,520.2813720703125
2025-02-10,526.5794067382812
2025-02-11,525.3257446289062
2025-02-12,525.6341552734375
2025-02-13,533.1958618164062
2025-02-14,535.4345703125
2025-02-18,536.6482543945312
2025-02-19,536.7976684570312
2025-02-20,534.5191040039062
2025-02-21,523.4254150390625
2025-02-24,517.2467041015625
2025-02-25,510.7298278808594
2025-02-26,511.9635314941406
2025-02-27,497.7455749511719
2025-02-28,505.6057739257813
2025-03-03,494.5418395996094
2025-03-04,493.0494384765625
2025-03-05,499.4768371582031
2025-03-06,485.7365417480469
2025-03-07,489.3084411621094
2025-03-10,470.3446350097656
2025-03-11,469.2203063964844
2025-03-12,474.5134582519531
2025-03-13,465.9767456054688
2025-03-14,477.2396240234375
2025-03-17,480.3338928222656
2025-03-18,472.1454772949219
2025-03-19,478.4634399414063
2025-03-20,476.8416442871094
2025-03-21,478.4136352539063
2025-03-24,488.91217041015625
2025-03-25,491.7021484375
2025-03-26,482.6545104980469
2025-03-27,479.9043273925781
2025-03-28,467.2695007324219
2025-03-31,467.2496032714844
2025-04-01,471.01611328125
2025-04-02,474.4538269042969
2025-04-03,449.0545959472656
2025-04-04,421.1643371582031
2025-04-07,422.1806945800781
2025-04-08,414.577880859375
2025-04-09,464.3399658203125
2025-04-10,444.590576171875
2025-04-11,452.78131103515625
2025-04-14,455.850341796875
2025-04-15,456.3585205078125
2025-04-16,442.5976867675781
2025-04-17,442.51800537109375
2025-04-21,431.5671081542969
2025-04-22,442.8966674804688
2025-04-23,452.9407043457031
2025-04-24,465.6851501464844
2025-04-25,470.8765869140625
2025-04-28,470.7271423339844
2025-04-29,473.8360290527344
2025-04-30,473.7762451171875
2025-05-01,479.964111328125
2025-05-02,487.0886535644531
2025-05-05,484.198974609375
2025-05-06,479.6950988769531
2025-05-07,481.5783386230469
2025-05-08,486.5505981445313
2025-05-09,486.2317199707031
2025-05-12,506.0408935546875
2025-05-13,513.7533569335938
2025-05-14,516.8323364257812
2025-05-15,517.4003295898438
2025-05-16,519.6522216796875
2025-05-19,520.1505126953125
2025-05-20,518.4166870117188
2025-05-21,511.21240234375
2025-05-22,512.1690063476562
2025-05-23,507.4259338378906
2025-05-27,519.3632202148438
2025-05-28,517.0614624023438
2025-05-29,518.077880859375
2025-05-30,517.2608032226562
2025-06-02,521.34619140625
2025-06-03,525.4215698242188
2025-06-04,526.8863525390625
2025-06-05,522.9205322265625
2025-06-06,528.0322875976562
2025-06-09,528.8095703125
2025-06-10,532.3070068359375
2025-06-11,530.5133666992188
2025-06-12,531.7589111328125
2025-06-13,525.0828247070312
2025-06-16,532.38671875
2025-06-17,527.1952514648438
2025-06-18,527.1055908203125
2025-06-20,524.9533081054688
2025-06-23,530.3511352539062
2025-06-24,538.4612426757812
2025-06-25,539.8377685546875
2025-06-26,544.8854370117188
2025-06-27,546.7509765625
2025-06-30,550.292236328125
2025-07-01,545.6536254882812
2025-07-02,549.4542236328125
2025-07-03,554.8610229492188
2025-07-07,550.6813354492188
2025-07-08,550.9905395507812
2025-07-09,554.8909912109375
2025-07-10,554.0929565429688
2025-07-11,552.8460083007812
2025-07-14,554.8511352539062
2025-07-15,555.3598022460938
2025-07-16,555.9284057617188
2025-07-17,560.4274291992188
2025-07-18,559.8887329101562
2025-07-21,562.7916259765625
2025-07-22,559.8787231445312
2025-07-23,562.4325561523438
2025-07-24,563.6295776367188
2025-07-25,564.9862670898438
2025-07-28,566.7518920898438
2025-07-29,565.8740844726562
2025-07-30,566.6322631835938
2025-07-31,563.6295776367188
2025-08-01,552.5267944335938
2025-08-04,562.7217407226562
2025-08-05,558.9011840820312
2025-08-06,565.9339599609375
2025-08-07,567.8492431640625
2025-08-08,573.146240234375
2025-08-11,571.4503784179688
2025-08-12,578.6328125
2025-08-13,578.922119140625
2025-08-14,578.4732666015625
2025-08-15,575.9295043945312
2025-08-18,575.699951171875
2025-08-19,567.88916015625
2025-08-20,564.5173950195312
2025-08-21,561.9038696289062
2025-08-22,570.5725708007812
2025-08-25,568.9265747070312
2025-08-26,571.2109985351562
2025-08-27,572.0888671875
2025-08-28,575.6701049804688
2025-08-29,569.0064697265625
2025-09-02,564.238037109375
2025-09-03,568.67724609375
2025-09-04,573.8245849609375
2025-09-05,574.652587890625
2025-09-08,577.4556884765625
2025-09-09,579.0917358398438
2025-09-10,579.28125
2025-09-11,582.6530151367188
2025-09-12,585.2266235351562
2025-09-15,590.2344360351562
2025-09-16,589.735595703125
2025-09-17,588.5585327148438
2025-09-18,593.8655395507812
2025-09-19,597.8856201171875
2025-09-22,601.4251098632812
2025-09-23,597.4302978515625
2025-09-24,595.3329467773438
2025-09-25,592.7662963867188
2025-09-26,595.203125
2025-09-29,597.9595947265625
2025-09-30,599.5974731445312
2025-10-01,602.4737548828125
2025-10-02,604.9505615234375
2025-10-03,602.4038696289062
2025-10-06,606.9280395507812
2025-10-07,603.732177734375
2025-10-08,610.6532592773438
2025-10-09,609.9141845703125
2025-10-10,588.741455078125
2025-10-13,601.2353515625
2025-10-14,597.2305297851562
2025-10-15,601.445068359375
2025-10-16,599.2179565429688
2025-10-17,603.1528930664062
2025-10-20,610.7530517578125
2025-10-21,610.5933227539062
2025-10-22,604.7108764648438
2025-10-23,609.7943725585938
2025-10-24,616.305908203125
2025-10-27,627.2818603515625
2025-10-28,632.1055908203125
2025-10-29,634.9519653320312
2025-10-30,625.2444458007812
2025-10-31,628.2605590820312
2025-11-03,631.2666625976562
2025-11-04,618.4531860351562
2025-11-05,622.47802734375
2025-11-06,610.8829345703125
2025-11-07,608.9553833007812
2025-11-10,622.4280395507812
2025-11-11,620.7702026367188
2025-11-12,620.2808227539062
2025-11-13,607.6171875
2025-11-14,608.0765380859375
2025-11-17,602.8832397460938
2025-11-18,595.542724609375
2025-11-19,599.09814453125
2025-11-20,584.9163818359375
2025-11-21,589.3107299804688
2025-11-24,604.3812866210938
2025-11-25,608.1065063476562
2025-11-26,613.4796142578125
2025-11-28,618.4531860351562
2025-12-01,616.3758544921875
2025-12-02,621.1996459960938
2025-12-03,622.7177124023438
2025-12-04,622.138427734375
2025-12-05,624.6751708984375
2025-12-08,623.4767456054688
2025-12-09,624.2457275390625
2025-12-10,626.8024291992188
2025-12-11,624.7750854492188
2025-12-12,612.8304443359375
2025-12-15,609.75439453125
2025-12-16,610.9628295898438
2025-12-17,599.6373901367188
2025-12-18,608.3262329101562
2025-12-19,616.2559814453125
2025-12-22,619.2100219726562
2025-12-23,622.1099853515625
2025-12-24,623.9299926757812
2025-12-26,623.8900146484375
2025-12-29,620.8699951171875
2025-12-30,619.4299926757812
2025-12-31,614.3099975585938
2026-01-02,613.1199951171875
2026-01-05,617.989990234375
2026-01-06,623.4199829101562
2026-01-07,624.02001953125
2026-01-08,620.469970703125
2026-01-09,626.6500244140625
2026-01-12,627.1699829101562
2026-01-13,626.239990234375
2026-01-14,619.5499877929688
2026-01-15,621.780029296875
2026-01-16,621.260009765625
2026-01-20,608.0599975585938
2026-01-21,616.280029296875
2026-01-22,620.760009765625
