date,value
2005-01-03,48.2402229309082
2005-01-04,47.96942901611328
2005-01-05,48.00809097290039
2005-01-06,48.042518615722656
2005-01-07,48.02103042602539
2005-01-10,47.939361572265625
2005-01-11,48.05110549926758
2005-01-12,48.09834671020508
2005-01-13,48.22732162475586
2005-01-14,48.283199310302734
2005-01-18,48.30895614624024
2005-01-19,48.38201141357422
2005-01-20,48.29607009887695
2005-01-21,48.403507232666016
2005-01-24,48.489444732666016
2005-01-25,48.3261604309082
2005-01-26,48.34332275390625
2005-01-27,48.2402229309082
2005-01-28,48.51953125
2005-01-31,48.51953125
2005-02-01,48.50960922241211
2005-02-02,48.466495513916016
2005-02-03,48.52685928344727
2005-02-04,48.68218231201172
2005-02-07,48.69940185546875
2005-02-08,48.87627029418945
2005-02-09,49.04887390136719
2005-02-10,48.87627029418945
2005-02-11,48.73394012451172
2005-02-14,48.81593322753906
2005-02-15,48.74256896972656
2005-02-16,48.50960922241211
2005-02-17,48.40176773071289
2005-02-18,48.319786071777344
2005-02-22,48.276649475097656
2005-02-23,48.34567642211914
2005-02-24,48.25078201293945
2005-02-25,48.33704376220703
2005-02-28,48.06528472900391
2005-03-01,48.0561752319336
2005-03-02,48.07351303100586
2005-03-03,48.06919097900391
2005-03-04,48.22508239746094
2005-03-07,48.36363983154297
2005-03-08,48.14710998535156
2005-03-09,47.68809127807617
2005-03-10,47.75304412841797
2005-03-11,47.67075729370117
2005-03-14,47.66641616821289
2005-03-15,47.47154998779297
2005-03-16,47.63609313964844
2005-03-17,47.52783584594727
2005-03-18,47.38494873046875
2005-03-21,47.328651428222656
2005-03-22,46.92160415649414
2005-03-23,47.06012344360352
2005-03-24,47.15974807739258
2005-03-28,47.09048461914063
2005-03-29,47.1727409362793
2005-03-30,47.29396057128906
2005-03-31,47.45856475830078
2005-04-01,47.50204849243164
2005-04-04,47.21071243286133
2005-04-05,47.35420989990234
2005-04-06,47.328102111816406
2005-04-07,47.08896255493164
2005-04-08,47.24117660522461
2005-04-11,47.371612548828125
2005-04-12,47.56294250488281
2005-04-13,47.67598342895508
2005-04-14,47.50204849243164
2005-04-15,47.71944427490234
2005-04-18,47.728118896484375
2005-04-19,47.92813491821289
2005-04-20,47.95425796508789
2005-04-21,47.70207977294922
2005-04-22,47.92813491821289
2005-04-25,48.04554748535156
2005-04-26,47.96728515625
2005-04-27,48.202091217041016
2005-04-28,48.402099609375
2005-04-29,48.22817611694336
2005-05-02,48.24478912353516
2005-05-03,48.27092361450195
2005-05-04,48.16180038452149
2005-05-05,48.23162841796875
2005-05-06,47.96977615356445
2005-05-09,47.80389022827149
2005-05-10,47.79515075683594
2005-05-11,47.83880615234375
2005-05-12,47.686031341552734
2005-05-13,47.952293395996094
2005-05-16,47.878116607666016
2005-05-17,47.90427017211914
2005-05-18,48.07449722290039
2005-05-19,48.00464630126953
2005-05-20,47.9915657043457
2005-05-23,48.192344665527344
2005-05-24,48.29712677001953
2005-05-25,48.29277801513672
2005-05-26,48.32331848144531
2005-05-27,48.31893539428711
2005-05-31,48.528465270996094
2005-06-01,48.861915588378906
2005-06-02,49.05035018920898
2005-06-03,48.79177474975586
2005-06-06,48.9276237487793
2005-06-07,49.028419494628906
2005-06-08,48.9276237487793
2005-06-09,48.835636138916016
2005-06-10,48.61652755737305
2005-06-13,48.50260543823242
2005-06-14,48.45003890991211
2005-06-15,48.35800552368164
2005-06-16,48.40620422363281
2005-06-17,48.39744186401367
2005-06-20,48.34050750732422
2005-06-21,48.50260543823242
2005-06-22,48.84877014160156
2005-06-23,48.87944793701172
2005-06-24,49.00212478637695
2005-06-27,49.07224655151367
2005-06-28,48.91886901855469
2005-06-29,48.94516754150391
2005-06-30,49.12044525146485
2005-07-01,48.89480972290039
2005-07-05,48.73647689819336
2005-07-06,48.84201431274414
2005-07-07,48.969573974609375
2005-07-08,48.872825622558594
2005-07-11,48.6045036315918
2005-07-12,48.49452590942383
2005-07-13,48.6045036315918
2005-07-14,48.64845275878906
2005-07-15,48.67047119140625
2005-07-18,48.63086318969727
2005-07-19,48.67047119140625
2005-07-20,48.723289489746094
2005-07-21,48.47250747680664
2005-07-22,48.69685363769531
2005-07-25,48.69247055053711
2005-07-26,48.701263427734375
2005-07-27,48.63968276977539
2005-07-28,48.82443618774414
2005-07-29,48.714454650878906
2005-08-01,48.59878540039063
2005-08-02,48.5103874206543
2005-08-03,48.62521362304688
2005-08-04,48.62521362304688
2005-08-05,48.54134750366211
2005-08-08,48.32054138183594
2005-08-09,48.399993896484375
2005-08-10,48.43976211547852
2005-08-11,48.58992004394531
2005-08-12,48.823974609375
2005-08-15,48.75334167480469
2005-08-16,48.88141632080078
2005-08-17,48.75334167480469
2005-08-18,48.89022445678711
2005-08-19,48.84604644775391
2005-08-22,48.823974609375
2005-08-23,48.86375427246094
2005-08-24,48.84604644775391
2005-08-25,48.93881607055664
2005-08-26,49.01830291748047
2005-08-29,49.02275466918945
2005-08-30,49.10221862792969
2005-08-31,49.44670104980469
2005-09-01,49.30702209472656
2005-09-02,49.32033157348633
2005-09-06,49.21833419799805
2005-09-07,49.04095077514648
2005-09-08,49.05426025390625
2005-09-09,49.07644271850586
2005-09-12,48.95225143432617
2005-09-13,49.036529541015625
2005-09-14,48.916778564453125
2005-09-15,48.74383163452149
2005-09-16,48.610816955566406
2005-09-19,48.74383163452149
2005-09-20,48.668453216552734
2005-09-21,48.8857536315918
2005-09-22,48.85913848876953
2005-09-23,48.717227935791016
2005-09-26,48.56205368041992
2005-09-27,48.60634231567383
2005-09-28,48.70837020874024
2005-09-29,48.69060897827149
2005-09-30,48.52656936645508
2005-10-03,48.37785339355469
2005-10-04,48.440162658691406
2005-10-05,48.50696563720703
2005-10-06,48.40007019042969
2005-10-07,48.480228424072266
2005-10-10,48.44905853271485
2005-10-11,48.36893081665039
2005-10-12,48.16412734985352
2005-10-13,48.08399963378906
2005-10-14,47.98603820800781
2005-10-17,48.05284118652344
2005-10-18,48.11513519287109
2005-10-19,48.16412734985352
2005-10-20,48.04391860961914
2005-10-21,48.29771041870117
2005-10-24,48.11513519287109
2005-10-25,47.87919998168945
2005-10-26,47.73675537109375
2005-10-27,47.77233123779297
2005-10-28,47.77233123779297
2005-10-31,47.75897979736328
2005-11-01,47.74200820922852
2005-11-02,47.64818572998047
2005-11-03,47.48276519775391
2005-11-04,47.51852416992188
2005-11-07,47.56770324707031
2005-11-08,47.853702545166016
2005-11-09,47.59896469116211
2005-11-10,47.84929275512695
2005-11-11,47.88950347900391
2005-11-14,47.64818572998047
2005-11-15,47.77329254150391
2005-11-16,47.974395751953125
2005-11-17,48.054874420166016
2005-11-18,47.96100234985352
2005-11-21,48.11747360229492
2005-11-22,48.20685195922852
2005-11-23,48.16211700439453
2005-11-25,48.224700927734375
2005-11-28,48.38557815551758
2005-11-29,48.16211700439453
2005-11-30,48.07271957397461
2005-12-01,47.97542572021485
2005-12-02,47.98883438110352
2005-12-05,47.86325073242188
2005-12-06,47.96195983886719
2005-12-07,47.90365982055664
2005-12-08,48.00230026245117
2005-12-09,47.91707992553711
2005-12-12,47.813907623291016
2005-12-13,47.854278564453125
2005-12-14,48.10101318359375
2005-12-15,48.06068420410156
2005-12-16,48.262489318847656
2005-12-19,48.18175506591797
2005-12-20,48.22211837768555
2005-12-21,48.24006271362305
2005-12-22,48.24456787109375
2005-12-23,48.43292999267578
2005-12-27,48.65274810791016
2005-12-28,48.67572784423828
2005-12-29,48.54512405395508
2005-12-30,48.486595153808594
2006-01-03,48.75226974487305
2006-01-04,48.75226974487305
2006-01-05,48.79279327392578
2006-01-06,48.71623611450195
2006-01-09,48.7252197265625
2006-01-10,48.594688415527344
2006-01-11,48.51362228393555
2006-01-12,48.66669845581055
2006-01-13,48.810791015625
2006-01-17,48.810791015625
2006-01-18,48.79727935791016
2006-01-19,48.78828048706055
2006-01-20,48.82881546020508
2006-01-23,48.941349029541016
2006-01-24,48.83329772949219
2006-01-25,48.56314086914063
2006-01-26,48.49111557006836
2006-01-27,48.56314086914063
2006-01-30,48.38307189941406
2006-01-31,48.274993896484375
2006-02-01,48.28805923461914
2006-02-02,48.2474250793457
2006-02-03,48.32425308227539
2006-02-06,48.40559387207031
2006-02-07,48.28355026245117
2006-02-08,48.28355026245117
2006-02-09,48.36043930053711
2006-02-10,48.27002716064453
2006-02-13,48.34235763549805
2006-02-14,48.2925910949707
2006-02-15,48.32425308227539
2006-02-16,48.392051696777344
2006-02-17,48.55020904541016
2006-02-21,48.52762222290039
2006-02-22,48.70844650268555
2006-02-23,48.5999641418457
2006-02-24,48.57736206054688
2006-02-27,48.55476760864258
2006-02-28,48.6044921875
2006-03-01,48.41707992553711
2006-03-02,48.19468307495117
2006-03-03,48.103912353515625
2006-03-06,47.85436248779297
2006-03-07,47.831661224365234
2006-03-08,47.85436248779297
2006-03-09,47.845252990722656
2006-03-10,47.96778106689453
2006-03-13,47.90424728393555
2006-03-14,48.21280288696289
2006-03-15,48.1402587890625
2006-03-16,48.40346145629883
2006-03-17,48.35806655883789
2006-03-20,48.41248321533203
2006-03-21,48.23099899291992
2006-03-22,48.22190856933594
2006-03-23,48.19468307495117
2006-03-24,48.31266784667969
2006-03-27,48.31266784667969
2006-03-28,48.08576202392578
2006-03-29,48.04041290283203
2006-03-30,47.895145416259766
2006-03-31,47.786251068115234
2006-04-03,47.82638549804688
2006-04-04,47.87194442749024
2006-04-05,48.03145217895508
2006-04-06,47.85823440551758
2006-04-07,47.67144012451172
2006-04-10,47.56659698486328
2006-04-11,47.70334243774414
2006-04-12,47.55290222167969
2006-04-13,47.46179962158203
2006-04-17,47.45265197753906
2006-04-18,47.644073486328125
2006-04-19,47.6121826171875
2006-04-20,47.58941268920898
2006-04-21,47.6805305480957
2006-04-24,47.77624130249024
2006-04-25,47.54837417602539
2006-04-26,47.49369812011719
2006-04-27,47.580299377441406
2006-04-28,47.68963623046875
2006-05-01,47.44797897338867
2006-05-02,47.52120208740234
2006-05-03,47.52120208740234
2006-05-04,47.502925872802734
2006-05-05,47.55783081054688
2006-05-08,47.61732864379883
2006-05-09,47.63566970825195
2006-05-10,47.66769027709961
2006-05-11,47.58528137207031
2006-05-12,47.466285705566406
2006-05-15,47.50748443603516
2006-05-16,47.68144989013672
2006-05-17,47.53036880493164
2006-05-18,47.83246994018555
2006-05-19,47.80958938598633
2006-05-22,47.83705520629883
2006-05-23,47.80498504638672
2006-05-24,47.85533905029297
2006-05-25,47.79127502441406
2006-05-26,47.79583740234375
2006-05-30,47.6905517578125
2006-05-31,47.5989990234375
2006-06-01,47.68218994140625
2006-06-02,47.98097229003906
2006-06-05,47.83393859863281
2006-06-06,47.93960952758789
2006-06-07,47.81090545654297
2006-06-08,47.9671745300293
2006-06-09,48.01775741577149
2006-06-12,47.889041900634766
2006-06-13,47.93960952758789
2006-06-14,47.73277282714844
2006-06-15,47.63624572753906
2006-06-16,47.571895599365234
2006-06-19,47.51216506958008
2006-06-20,47.475364685058594
2006-06-21,47.41558074951172
2006-06-22,47.30531311035156
2006-06-23,47.227195739746094
2006-06-26,47.227195739746094
2006-06-27,47.15361785888672
2006-06-28,47.04792404174805
2006-06-29,47.29609298706055
2006-06-30,47.55810928344727
2006-07-03,47.49946212768555
2006-07-05,47.19939804077149
2006-07-06,47.43485641479492
2006-07-07,47.614933013916016
2006-07-10,47.67491912841797
2006-07-11,47.74877548217773
2006-07-12,47.82725143432617
2006-07-13,47.82265090942383
2006-07-14,47.864219665527344
2006-07-17,47.914981842041016
2006-07-18,47.66566467285156
2006-07-19,47.88264083862305
2006-07-20,48.09043502807617
2006-07-21,48.05346298217773
2006-07-24,48.06730651855469
2006-07-25,48.03037643432617
2006-07-26,48.1319580078125
2006-07-27,48.0580940246582
2006-07-28,48.24274063110352
2006-07-31,48.251991271972656
2006-08-01,48.31965637207031
2006-08-02,48.40315246582031
2006-08-03,48.40777206420898
2006-08-04,48.59786224365234
2006-08-07,48.55611801147461
2006-08-08,48.5839729309082
2006-08-09,48.56078338623047
2006-08-10,48.55611801147461
2006-08-11,48.458763122558594
2006-08-14,48.39851379394531
2006-08-15,48.64892578125
2006-08-16,48.8529167175293
2006-08-17,48.82969665527344
2006-08-18,48.92708969116211
2006-08-21,48.99665451049805
2006-08-22,49.02909469604492
2006-08-23,49.01055908203125
2006-08-24,49.01055908203125
2006-08-25,49.08014297485352
2006-08-28,49.09399032592773
2006-08-29,49.12643432617188
2006-08-30,49.15890884399414
2006-08-31,49.32583999633789
2006-09-01,49.26714324951172
2006-09-05,49.11809158325195
2006-09-06,49.11809158325195
2006-09-07,49.16935729980469
2006-09-08,49.22060394287109
2006-09-11,49.20195007324219
2006-09-12,49.27647399902344
2006-09-13,49.40689086914063
2006-09-14,49.281131744384766
2006-09-15,49.248531341552734
2006-09-18,49.2578353881836
2006-09-19,49.44874954223633
2006-09-20,49.52801513671875
2006-09-21,49.826053619384766
2006-09-22,49.85399627685547
2006-09-25,49.92854309082031
2006-09-26,49.78882598876953
2006-09-27,49.7655029296875
2006-09-28,49.779518127441406
2006-09-29,49.756229400634766
2006-10-02,49.83804321289063
2006-10-03,49.87081909179688
2006-10-04,50.10942077636719
2006-10-05,49.9456901550293
2006-10-06,49.66498565673828
2006-10-09,49.70240783691406
2006-10-10,49.482521057128906
2006-10-11,49.37025451660156
2006-10-12,49.4871711730957
2006-10-13,49.30472946166992
2006-10-16,49.42639923095703
2006-10-17,49.51998901367188
2006-10-18,49.622859954833984
2006-10-19,49.46383666992188
2006-10-20,49.482521057128906
2006-10-23,49.37025451660156
2006-10-24,49.45446395874024
2006-10-25,49.66498565673828
2006-10-26,49.82401657104492
2006-10-27,49.983097076416016
2006-10-30,50.029876708984375
2006-10-31,50.25444412231445
2006-11-01,50.42028045654297
2006-11-02,50.359188079833984
2006-11-03,50.00682830810547
2006-11-06,50.06321716308594
2006-11-07,50.241729736328125
2006-11-08,50.3028564453125
2006-11-09,50.35449981689453
2006-11-10,50.49080276489258
2006-11-13,50.45792770385742
2006-11-14,50.53778076171875
2006-11-15,50.40622329711914
2006-11-16,50.33576583862305
2006-11-17,50.50019073486328
2006-11-20,50.53778076171875
2006-11-21,50.608245849609375
2006-11-22,50.66461944580078
2006-11-24,50.7444953918457
2006-11-27,50.749244689941406
2006-11-28,50.84319305419922
2006-11-29,50.796180725097656
2006-11-30,50.98883438110352
2006-12-01,51.04876708984375
2006-12-04,51.16669845581055
2006-12-05,51.143096923828125
2006-12-06,51.0157470703125
2006-12-07,51.03926467895508
2006-12-08,50.85055160522461
2006-12-11,50.96382522583008
2006-12-12,51.07234191894531
2006-12-13,50.81759643554688
2006-12-14,50.77042388916016
2006-12-15,50.76097869873047
2006-12-18,50.76568984985352
2006-12-19,50.75621032714844
2006-12-20,50.79398727416992
2006-12-21,50.926082611083984
2006-12-22,50.76568984985352
2006-12-26,50.82227325439453
2006-12-27,50.659793853759766
2006-12-28,50.555572509765625
2006-12-29,50.53191375732422
2007-01-03,50.422969818115234
2007-01-04,50.80196762084961
2007-01-05,50.76878356933594
2007-01-08,50.75457763671875
2007-01-09,50.76403045654297
2007-01-10,50.69771957397461
2007-01-11,50.54140090942383
2007-01-12,50.48926544189453
2007-01-16,50.54613876342773
2007-01-17,50.47507095336914
2007-01-18,50.621952056884766
2007-01-19,50.59353256225586
2007-01-22,50.62664794921875
2007-01-23,50.48926544189453
2007-01-24,50.512977600097656
2007-01-25,50.35194396972656
2007-01-26,50.31880187988281
2007-01-29,50.29508972167969
2007-01-30,50.36610794067383
2007-01-31,50.57930374145508
2007-02-01,50.55884552001953
2007-02-02,50.60640335083008
2007-02-05,50.67302322387695
2007-02-06,50.80620956420898
2007-02-07,50.87754440307617
2007-02-08,50.934661865234375
2007-02-09,50.720584869384766
2007-02-12,50.730079650878906
2007-02-13,50.69678115844727
2007-02-14,50.98698043823242
2007-02-15,51.08213806152344
2007-02-16,51.134464263916016
2007-02-20,51.21532440185547
2007-02-21,51.18202972412109
2007-02-22,51.110687255859375
2007-02-23,51.27716445922852
2007-02-26,51.48649215698242
2007-02-27,51.6862907409668
2007-02-28,51.59117126464844
2007-03-01,51.60115814208984
2007-03-02,51.74449157714844
2007-03-05,51.66805648803711
2007-03-06,51.47219467163086
2007-03-07,51.519962310791016
2007-03-08,51.58679962158203
2007-03-09,51.45306396484375
2007-03-12,51.56293869018555
2007-03-13,51.59160232543945
2007-03-14,51.54387283325195
2007-03-15,51.55337524414063
2007-03-16,51.352787017822266
2007-03-19,51.25722503662109
2007-03-20,51.39574813842773
2007-03-21,51.54864883422852
2007-03-22,51.40533065795898
2007-03-23,51.271583557128906
2007-03-26,51.367095947265625
2007-03-27,51.35751724243164
2007-03-28,51.32407760620117
2007-03-29,51.26199722290039
2007-03-30,51.24288177490234
2007-04-02,51.272647857666016
2007-04-03,51.243839263916016
2007-04-04,51.28704071044922
2007-04-05,51.18149185180664
2007-04-09,51.013519287109375
2007-04-10,51.119102478027344
2007-04-11,51.02312088012695
2007-04-12,51.099884033203125
2007-04-13,51.013519287109375
2007-04-16,51.05669021606445
2007-04-17,51.33504867553711
2007-04-18,51.34944152832031
2007-04-19,51.3830451965332
2007-04-20,51.36865234375
2007-04-23,51.51741409301758
2007-04-24,51.646968841552734
2007-04-25,51.574981689453125
2007-04-26,51.46460723876953
2007-04-27,51.45021438598633
2007-04-30,51.69974899291992
2007-05-01,51.67082595825195
2007-05-02,51.65639114379883
2007-05-03,51.58409881591797
2007-05-04,51.70936965942383
2007-05-07,51.77211380004883
2007-05-08,51.74313354492188
2007-05-09,51.66114807128906
2007-05-10,51.68529510498047
2007-05-11,51.632266998291016
2007-05-14,51.57923126220703
2007-05-15,51.46355056762695
2007-05-16,51.58409881591797
2007-05-17,51.42983627319336
2007-05-18,51.285194396972656
2007-05-21,51.3526611328125
2007-05-22,51.188777923583984
2007-05-23,51.140586853027344
2007-05-24,51.203224182128906
2007-05-25,51.16950225830078
2007-05-29,51.068267822265625
2007-05-30,51.106815338134766
2007-05-31,51.06343078613281
2007-06-01,50.86777877807617
2007-06-04,50.95013046264648
2007-06-05,50.785457611083984
2007-06-06,50.82903671264648
2007-06-07,50.28660202026367
2007-06-08,50.31084060668945
2007-06-11,50.1558723449707
2007-06-12,49.88462448120117
2007-06-13,50.10254669189453
2007-06-14,50.08803939819336
2007-06-15,50.28660202026367
2007-06-18,50.28176498413086
2007-06-19,50.60625457763672
2007-06-20,50.36408996582031
2007-06-21,50.23333358764648
2007-06-22,50.36896896362305
2007-06-25,50.42705535888672
2007-06-26,50.41737747192383
2007-06-27,50.41737747192383
2007-06-28,50.36408996582031
2007-06-29,50.64983367919922
2007-07-02,50.524322509765625
2007-07-03,50.53407669067383
2007-07-05,50.20808792114258
2007-07-06,50.11079788208008
2007-07-09,50.21295928955078
2007-07-10,50.55839538574219
2007-07-11,50.32974243164063
2007-07-12,50.13027191162109
2007-07-13,50.34917068481445
2007-07-16,50.48053741455078
2007-07-17,50.37350845336914
2007-07-18,50.51948165893555
2007-07-19,50.412445068359375
2007-07-20,50.553524017333984
2007-07-23,50.495155334472656
2007-07-24,50.43190002441406
2007-07-25,50.470821380615234
2007-07-26,50.36376190185547
2007-07-27,50.17888259887695
2007-07-30,50.25673675537109
2007-07-31,50.23239135742188
2007-08-01,50.39470672607422
2007-08-02,50.3262825012207
2007-08-03,50.575592041015625
2007-08-06,50.399600982666016
2007-08-07,50.53650665283203
2007-08-08,50.59023666381836
2007-08-09,50.5462646484375
2007-08-10,50.32135391235352
2007-08-13,50.49737548828125
2007-08-14,50.81512451171875
2007-08-15,50.67824935913086
2007-08-16,50.184513092041016
2007-08-17,50.27253341674805
2007-08-20,50.63428497314453
2007-08-21,50.73691940307617
2007-08-22,50.83957290649414
2007-08-23,50.8640022277832
2007-08-24,50.9764289855957
2007-08-27,50.83957290649414
2007-08-28,51.27464294433594
2007-08-29,51.03999710083008
2007-08-30,51.1915397644043
2007-08-31,51.43106460571289
2007-09-04,51.3171272277832
2007-09-05,51.51842498779297
2007-09-06,51.40063095092773
2007-09-07,51.68057632446289
2007-09-10,51.832801818847656
2007-09-11,51.53321838378906
2007-09-12,51.32200241088867
2007-09-13,51.24837112426758
2007-09-14,51.39079284667969
2007-09-17,51.3711051940918
2007-09-18,51.49391555786133
2007-09-19,51.20908737182617
2007-09-20,51.11581039428711
2007-09-21,51.35638046264648
2007-09-24,51.61183166503906
2007-09-25,51.58230209350586
2007-09-26,51.71001815795898
2007-09-27,51.842620849609375
2007-09-28,51.808231353759766
2007-10-01,51.47427368164063
2007-10-02,51.424922943115234
2007-10-03,51.65675354003906
2007-10-04,52.066253662109375
2007-10-05,51.85414123535156
2007-10-08,52.03667449951172
2007-10-09,51.80975341796875
2007-10-10,51.99229431152344
2007-10-11,52.10081100463867
2007-10-12,51.81465530395508
2007-10-15,51.97748565673828
2007-10-16,52.066253662109375
2007-10-17,52.312965393066406
2007-10-18,52.31791305541992
2007-10-19,52.65831756591797
2007-10-22,52.65831756591797
2007-10-23,52.34750747680664
2007-10-24,52.668212890625
2007-10-25,52.54487228393555
2007-10-26,52.46098327636719
2007-10-29,52.58430862426758
2007-10-30,52.57940673828125
2007-10-31,52.30802536010742
2007-11-01,52.70748901367188
2007-11-02,52.38039779663086
2007-11-05,52.50925827026367
2007-11-06,52.18711471557617
2007-11-07,52.15242385864258
2007-11-08,52.23664474487305
2007-11-09,52.4696159362793
2007-11-12,52.44974136352539
2007-11-13,52.18711471557617
2007-11-14,51.96407318115234
2007-11-15,52.16232681274414
2007-11-16,52.16727828979492
2007-11-19,52.56872177124024
2007-11-20,52.23664474487305
2007-11-21,52.60341262817383
2007-11-23,52.34075927734375
2007-11-26,53.20806121826172
2007-11-27,52.75213241577149
2007-11-28,52.3853645324707
2007-11-29,52.583595275878906
2007-11-30,52.84126281738281
2007-12-03,52.85971832275391
2007-12-04,52.88460159301758
2007-12-05,52.685489654541016
2007-12-06,52.2972526550293
2007-12-07,51.84934616088867
2007-12-10,51.884159088134766
2007-12-11,52.38691329956055
2007-12-12,52.22263717651367
2007-12-13,51.92400741577149
2007-12-14,51.3366584777832
2007-12-17,51.83440399169922
2007-12-18,51.99365234375
2007-12-19,52.40180587768555
2007-12-20,52.14794158935547
2007-12-21,52.09319686889648
2007-12-24,51.82943344116211
2007-12-26,51.844337463378906
2007-12-27,52.15182876586914
2007-12-28,52.31678771972656
2007-12-31,52.41677474975586
2008-01-02,53.03676986694336
2008-01-03,52.86178588867188
2008-01-04,53.29674530029297
2008-01-07,53.23173904418945
2008-01-08,53.13175582885742
2008-01-09,53.02179336547852
2008-01-10,52.86675643920898
2008-01-11,53.251739501953125
2008-01-14,53.03176498413086
2008-01-15,53.31674575805664
2008-01-16,53.23678207397461
2008-01-17,53.48678207397461
2008-01-18,53.396751403808594
2008-01-22,53.51170349121094
2008-01-23,53.581729888916016
2008-01-24,53.12673568725586
2008-01-25,53.70170211791992
2008-01-28,53.68673706054688
2008-01-29,53.59676361083984
2008-01-30,53.58673095703125
2008-01-31,53.76172256469727
2008-02-01,53.989784240722656
2008-02-04,53.844120025634766
2008-02-05,54.02995300292969
2008-02-06,53.73860931396485
2008-02-07,53.12082290649414
2008-02-08,53.32173156738281
2008-02-11,53.48246765136719
2008-02-12,53.4071159362793
2008-02-13,52.86970138549805
2008-02-14,52.75414657592773
2008-02-15,52.924930572509766
2008-02-19,52.4025764465332
2008-02-20,52.51808547973633
2008-02-21,52.87969970703125
2008-02-22,52.67377471923828
2008-02-25,52.33726501464844
2008-02-26,52.71395492553711
2008-02-27,52.66376876831055
2008-02-28,53.04546737670898
2008-02-29,53.38199234008789
2008-03-03,53.381004333496094
2008-03-04,53.068302154541016
2008-03-05,52.69502258300781
2008-03-06,52.624420166015625
2008-03-07,52.51341247558594
2008-03-10,52.50333786010742
2008-03-11,51.90306854248047
2008-03-12,52.528564453125
2008-03-13,51.95858383178711
2008-03-14,51.92833709716797
2008-03-17,52.35204315185547
2008-03-18,52.25614929199219
2008-03-19,52.48314666748047
2008-03-20,52.76054763793945
2008-03-24,52.65967559814453
2008-03-25,52.89674377441406
2008-03-26,52.96235656738281
2008-03-27,52.63949966430664
2008-03-28,52.92198181152344
2008-03-31,53.06322860717773
2008-04-01,52.97856903076172
2008-04-02,53.06978988647461
2008-04-03,53.09517288208008
2008-04-04,53.73887634277344
2008-04-07,53.79973983764648
2008-04-08,53.60709762573242
2008-04-09,53.44992446899414
2008-04-10,53.50065612792969
2008-04-11,53.55134201049805
2008-04-14,53.22188568115234
2008-04-15,53.11037063598633
2008-04-16,52.8062629699707
2008-04-17,52.94314193725586
2008-04-18,53.17622756958008
2008-04-21,53.003944396972656
2008-04-22,52.88736724853516
2008-04-23,53.04951477050781
2008-04-24,52.97856903076172
2008-04-25,53.003944396972656
2008-04-28,53.257301330566406
2008-04-29,53.42463302612305
2008-04-30,53.72370910644531
2008-05-01,54.04083633422852
2008-05-02,53.725215911865234
2008-05-05,53.80156707763672
2008-05-06,53.45538330078125
2008-05-07,53.59791564941406
2008-05-08,53.83719253540039
2008-05-09,53.83719253540039
2008-05-12,53.78630065917969
2008-05-13,53.48085021972656
2008-05-14,53.51139068603516
2008-05-15,53.86775970458984
2008-05-16,53.79650115966797
2008-05-19,53.80665588378906
2008-05-20,53.82699966430664
2008-05-21,53.59281539916992
2008-05-22,53.00229644775391
2008-05-23,53.24663162231445
2008-05-27,52.9259147644043
2008-05-28,52.58482360839844
2008-05-29,52.33025360107422
2008-05-30,52.53899002075195
2008-06-02,52.71955108642578
2008-06-03,52.92414474487305
2008-06-04,52.76046752929688
2008-06-05,52.47916412353516
2008-06-06,52.74000549316406
2008-06-09,52.6939811706543
2008-06-10,52.39225769042969
2008-06-11,52.37174987792969
2008-06-12,51.92679214477539
2008-06-13,51.65569686889648
2008-06-16,51.83987045288086
2008-06-17,52.00866317749024
2008-06-18,52.269474029541016
2008-06-19,51.99843215942383
2008-06-20,52.02909469604492
2008-06-23,52.00866317749024
2008-06-24,51.97792434692383
2008-06-25,52.01889419555664
2008-06-26,52.05980682373047
2008-06-27,52.00866317749024
2008-06-30,51.86032485961914
2008-07-01,51.836692810058594
2008-07-02,51.80075454711914
2008-07-03,51.73396301269531
2008-07-07,51.97538757324219
2008-07-08,52.25783157348633
2008-07-09,52.29384994506836
2008-07-10,51.995941162109375
2008-07-11,51.595245361328125
2008-07-14,51.620941162109375
2008-07-15,51.61069869995117
2008-07-16,51.20492172241211
2008-07-17,51.03026580810547
2008-07-18,50.93785095214844
2008-07-21,50.99433898925781
2008-07-22,51.32305145263672
2008-07-23,51.14328002929688
2008-07-24,51.595245361328125
2008-07-25,51.32305145263672
2008-07-28,51.620941162109375
2008-07-29,51.49251937866211
2008-07-30,51.73907852172852
2008-07-31,52.06270217895508
2008-08-01,51.87487030029297
2008-08-04,51.88004302978516
2008-08-05,51.65296936035156
2008-08-06,51.730350494384766
2008-08-07,52.15867614746094
2008-08-08,52.21028137207031
2008-08-11,51.972904205322266
2008-08-12,52.287689208984375
2008-08-13,52.01419448852539
2008-08-14,52.163841247558594
2008-08-15,52.28250503540039
2008-08-18,52.30314254760742
2008-08-19,52.220611572265625
2008-08-20,52.225711822509766
2008-08-21,51.9161491394043
2008-08-22,51.93678283691406
2008-08-25,52.27216339111328
2008-08-26,52.33415222167969
2008-08-27,52.251556396484375
2008-08-28,52.241249084472656
2008-08-29,52.13801574707031
2008-09-02,52.34385681152344
2008-09-03,52.44747924804688
2008-09-04,52.46306228637695
2008-09-05,52.41121292114258
2008-09-08,52.49931716918945
2008-09-09,52.68074417114258
2008-09-10,52.66000747680664
2008-09-11,52.2505111694336
2008-09-12,51.85136795043945
2008-09-15,51.46781539916992
2008-09-16,48.20215225219727
2008-09-17,45.993927001953125
2008-09-18,46.62114334106445
2008-09-19,48.07773208618164
2008-09-22,48.3628158569336
2008-09-23,47.86518859863281
2008-09-24,47.740821838378906
2008-09-25,47.9481201171875
2008-09-26,46.652252197265625
2008-09-29,42.401702880859375
2008-09-30,46.54341506958008
2008-10-01,46.97298812866211
2008-10-02,46.29087066650391
2008-10-03,46.270015716552734
2008-10-06,45.73371887207031
2008-10-07,46.5876579284668
2008-10-08,46.25439834594727
2008-10-09,45.02033233642578
2008-10-10,42.5417366027832
2008-10-13,44.88496780395508
2008-10-14,44.18196487426758
2008-10-15,44.18196487426758
2008-10-16,44.64543151855469
2008-10-17,44.26531219482422
2008-10-20,45.61394119262695
2008-10-21,46.06692886352539
2008-10-22,45.53583526611328
2008-10-23,45.82223892211914
2008-10-24,46.00446701049805
2008-10-27,45.70762634277344
2008-10-28,45.4056396484375
2008-10-29,46.17109680175781
2008-10-30,45.8274040222168
2008-10-31,45.6400032043457
2008-11-03,46.01414108276367
2008-11-04,46.32809066772461
2008-11-05,47.22819519042969
2008-11-06,47.55262756347656
2008-11-07,47.21775436401367
2008-11-10,47.23866271972656
2008-11-11,47.39042663574219
2008-11-12,47.37997055053711
2008-11-13,47.05548858642578
2008-11-14,47.0450325012207
2008-11-17,47.38515472412109
2008-11-18,47.44274139404297
2008-11-19,47.516021728515625
2008-11-20,46.997928619384766
2008-11-21,47.542179107666016
2008-11-24,47.33282852172852
2008-11-25,47.557865142822266
2008-11-26,47.30670928955078
2008-11-28,47.17061233520508
2008-12-01,47.90799331665039
2008-12-02,48.27091598510742
2008-12-03,48.60750198364258
2008-12-04,48.65484237670898
2008-12-05,48.323516845703125
2008-12-08,48.8231201171875
2008-12-09,49.15451049804688
2008-12-10,49.27017593383789
2008-12-11,49.43848419189453
2008-12-12,49.70674133300781
2008-12-15,49.69091796875
2008-12-16,50.71128082275391
2008-12-17,51.463340759277344
2008-12-18,52.70985412597656
2008-12-19,51.92618179321289
2008-12-22,52.55208206176758
2008-12-23,52.72563552856445
2008-12-24,52.85707473754883
2008-12-26,52.95704650878906
2008-12-29,53.12179946899414
2008-12-30,53.58658599853516
2008-12-31,53.68693542480469
2009-01-02,53.13766860961914
2009-01-05,53.50211334228516
2009-01-06,53.59186935424805
2009-01-07,53.14293670654297
2009-01-08,53.52323913574219
2009-01-09,54.18870544433594
2009-01-12,53.908782958984375
2009-01-13,53.79259490966797
2009-01-14,53.5549201965332
2009-01-15,53.6605110168457
2009-01-16,53.6605110168457
2009-01-20,52.8682975769043
2009-01-21,52.60420608520508
2009-01-22,52.40880584716797
2009-01-23,52.06021499633789
2009-01-26,51.59545135498047
2009-01-27,52.5672607421875
2009-01-28,52.98451614379883
2009-01-29,52.35068130493164
2009-01-30,52.72040557861328
2009-02-02,52.46620941162109
2009-02-03,52.29106140136719
2009-02-04,52.312278747558594
2009-02-05,51.85579681396485
2009-02-06,52.16371154785156
2009-02-09,52.25921249389648
2009-02-10,52.51394271850586
2009-02-11,52.694435119628906
2009-02-12,52.73687744140625
2009-02-13,52.333534240722656
2009-02-17,52.62012481689453
2009-02-18,52.36003875732422
2009-02-19,51.93009948730469
2009-02-20,51.7125129699707
2009-02-23,51.537391662597656
2009-02-24,51.35160827636719
2009-02-25,50.65096282958984
2009-02-26,50.32719802856445
2009-02-27,49.97689437866211
2009-03-02,49.98333740234375
2009-03-03,49.71122741699219
2009-03-04,49.69522476196289
2009-03-05,49.56184005737305
2009-03-06,49.66851043701172
2009-03-09,48.302825927734375
2009-03-10,49.00164413452149
2009-03-11,49.01767349243164
2009-03-12,48.97498321533203
2009-03-13,49.4284553527832
2009-03-16,49.497833251953125
2009-03-17,49.36445999145508
2009-03-18,50.415435791015625
2009-03-19,50.52213668823242
2009-03-20,50.009952545166016
2009-03-23,50.164676666259766
2009-03-24,49.66851043701172
2009-03-25,49.4284553527832
2009-03-26,49.68453979492188
2009-03-27,49.83925628662109
2009-03-30,49.80189895629883
2009-03-31,50.21271514892578
2009-04-01,50.137054443359375
2009-04-02,50.153133392333984
2009-04-03,49.84198760986328
2009-04-06,49.81521224975586
2009-04-07,49.79372024536133
2009-04-08,50.29262924194336
2009-04-09,50.630615234375
2009-04-13,51.11876678466797
2009-04-14,51.252906799316406
2009-04-15,51.649898529052734
2009-04-16,51.86980819702149
2009-04-17,51.80543518066406
2009-04-20,51.52114868164063
2009-04-21,51.68206405639648
2009-04-22,51.553340911865234
2009-04-23,51.51041030883789
2009-04-24,51.62302017211914
2009-04-27,51.55867385864258
2009-04-28,51.392364501953125
2009-04-29,51.63911819458008
2009-04-30,51.60697937011719
2009-05-01,51.73524856567383
2009-05-04,51.8592414855957
2009-05-05,52.02635955810547
2009-05-06,52.2581787109375
2009-05-07,51.756832122802734
2009-05-08,52.08564758300781
2009-05-11,52.241981506347656
2009-05-12,52.38755798339844
2009-05-13,52.29047775268555
2009-05-14,52.40908432006836
2009-05-15,52.39826202392578
2009-05-18,52.32283401489258
2009-05-19,52.5330810546875
2009-05-20,52.83498001098633
2009-05-21,52.2958984375
2009-05-22,52.22582244873047
2009-05-26,52.20426177978516
2009-05-27,51.84305953979492
2009-05-28,52.037139892578125
2009-05-29,52.8026008605957
2009-06-01,52.785301208496094
2009-06-02,53.17535400390625
2009-06-03,53.446231842041016
2009-06-04,53.21327972412109
2009-06-05,52.93157577514648
2009-06-08,52.82321166992188
2009-06-09,53.22411346435547
2009-06-10,53.0670051574707
2009-06-11,53.25120162963867
2009-06-12,53.64670181274414
2009-06-15,53.66292190551758
2009-06-16,53.63044738769531
2009-06-17,53.695457458496094
2009-06-18,53.0128173828125
2009-06-19,53.41375732421875
2009-06-22,53.60879898071289
2009-06-23,54.04223251342773
2009-06-24,53.95551300048828
2009-06-25,54.37809753417969
2009-06-26,54.40522003173828
2009-06-29,54.3455810546875
2009-06-30,54.32930755615234
2009-07-01,54.2558822631836
2009-07-02,54.26131820678711
2009-07-06,54.39194869995117
2009-07-07,54.17427062988281
2009-07-08,54.66944122314453
2009-07-09,54.691253662109375
2009-07-10,54.90890121459961
2009-07-13,54.87625503540039
2009-07-14,54.75655746459961
2009-07-15,54.250450134277344
2009-07-16,54.62593460083008
2009-07-17,54.45723724365234
2009-07-20,54.68038558959961
2009-07-21,55.45311737060547
2009-07-22,55.30615615844727
2009-07-23,55.213661193847656
2009-07-24,55.36603927612305
2009-07-27,55.24090576171875
2009-07-28,55.45311737060547
2009-07-29,55.80137634277344
2009-07-30,56.10615539550781
2009-07-31,56.84624099731445
2009-08-03,56.31693649291992
2009-08-04,56.03263473510742
2009-08-05,56.04357147216797
2009-08-06,55.89046478271485
2009-08-07,55.87953567504883
2009-08-10,56.05449676513672
2009-08-11,56.34430313110352
2009-08-12,55.85221862792969
2009-08-13,56.393497467041016
2009-08-14,56.3825569152832
2009-08-17,56.47550582885742
2009-08-18,56.33336639404297
2009-08-19,56.51382446289063
2009-08-20,56.78170394897461
2009-08-21,56.5247688293457
2009-08-24,56.81452178955078
2009-08-25,56.9129638671875
2009-08-26,57.29020309448242
2009-08-27,57.027774810791016
2009-08-28,57.31206893920898
2009-08-31,57.5909423828125
2009-09-01,57.3020133972168
2009-09-02,57.47230529785156
2009-09-03,57.57121276855469
2009-09-04,57.60960006713867
2009-09-08,57.46126556396485
2009-09-09,57.444801330566406
2009-09-10,57.82381057739258
2009-09-11,58.345703125
2009-09-14,58.04911422729492
2009-09-15,58.01617050170898
2009-09-16,58.197383880615234
2009-09-17,58.48308944702149
2009-09-18,58.115020751953125
2009-09-21,58.252323150634766
2009-09-22,58.38970565795898
2009-09-23,58.41714096069336
2009-09-24,58.510536193847656
2009-09-25,58.735721588134766
2009-09-28,58.884090423583984
2009-09-29,58.65335464477539
2009-09-30,58.60392379760742
2009-10-01,58.00359344482422
2009-10-02,57.62836837768555
2009-10-05,57.93735885620117
2009-10-06,57.81598663330078
2009-10-07,58.18570327758789
2009-10-08,57.86006164550781
2009-10-09,57.35249328613281
2009-10-12,57.55113983154297
2009-10-13,57.66144180297852
2009-10-14,57.38559722900391
2009-10-15,57.37457275390625
2009-10-16,57.418724060058594
2009-10-19,57.7111701965332
2009-10-20,58.08078002929688
2009-10-21,57.83800506591797
2009-10-22,58.18013000488281
2009-10-23,57.86006164550781
2009-10-26,57.61731719970703
2009-10-27,58.11393737792969
2009-10-28,57.72218322753906
2009-10-29,57.79389953613281
2009-10-30,58.31256103515625
2009-11-02,58.2260856628418
2009-11-03,57.96003723144531
2009-11-04,58.18733596801758
2009-11-05,58.2260856628418
2009-11-06,58.38133239746094
2009-11-09,58.41458511352539
2009-11-10,58.37577819824219
2009-11-11,58.59194564819336
2009-11-12,58.59194564819336
2009-11-13,58.763771057128906
2009-11-16,59.04100036621094
2009-11-17,59.12961959838867
2009-11-18,58.935672760009766
2009-11-19,59.007694244384766
2009-11-20,58.73048400878906
2009-11-23,58.73048400878906
2009-11-24,58.95783996582031
2009-11-25,59.17401885986328
2009-11-27,59.15737915039063
2009-11-30,59.45115661621094
2009-12-01,59.15386962890625
2009-12-02,59.1650505065918
2009-12-03,59.14831161499024
2009-12-04,58.90336990356445
2009-12-07,58.87555313110352
2009-12-08,59.12599182128906
2009-12-09,58.78647613525391
2009-12-10,58.83658599853516
2009-12-11,58.55824279785156
2009-12-14,58.8811149597168
2009-12-15,58.4580078125
2009-12-16,58.68072509765625
2009-12-17,58.93123626708984
2009-12-18,58.83658599853516
2009-12-21,58.55265045166016
2009-12-22,58.30769348144531
2009-12-23,58.49142837524414
2009-12-24,58.21862411499024
2009-12-28,58.062782287597656
2009-12-29,58.23888397216797
2009-12-30,58.30595779418945
2009-12-31,58.22209930419922
2010-01-04,58.5295295715332
2010-01-05,58.8090705871582
2010-01-06,58.63576889038086
2010-01-07,58.70841598510742
2010-01-08,58.83700942993164
2010-01-11,58.898468017578125
2010-01-12,59.01030731201172
2010-01-13,58.76437759399414
2010-01-14,58.97679901123047
2010-01-15,58.95440673828125
2010-01-19,59.00471115112305
2010-01-20,58.96556091308594
2010-01-21,59.12211608886719
2010-01-22,59.032691955566406
2010-01-25,59.02709197998047
2010-01-26,58.87055206298828
2010-01-27,58.65813064575195
2010-01-28,58.57423400878906
2010-01-29,58.9488410949707
2010-02-01,58.68603897094727
2010-02-02,58.87137222290039
2010-02-03,58.80956268310547
2010-02-04,58.80399703979492
2010-02-05,58.62430191040039
2010-02-08,58.680450439453125
2010-02-09,58.54570770263672
2010-02-10,58.090946197509766
2010-02-11,58.22572708129883
2010-02-12,58.29305648803711
2010-02-16,58.52328872680664
2010-02-17,58.32672882080078
2010-02-18,58.287479400634766
2010-02-19,58.49518585205078
2010-02-22,58.528900146484375
2010-02-23,58.66919708251953
2010-02-24,58.92184066772461
2010-02-25,58.86009979248047
2010-02-26,59.24749374389648
2010-03-01,59.323577880859375
2010-03-02,59.44765090942383
2010-03-03,59.57167816162109
2010-03-04,59.59987258911133
2010-03-05,59.52656555175781
2010-03-08,59.62243270874024
2010-03-09,59.566009521484375
2010-03-10,59.62243270874024
2010-03-11,59.59987258911133
2010-03-12,59.72391891479492
2010-03-15,59.71266555786133
2010-03-16,59.98892211914063
2010-03-17,60.20879364013672
2010-03-18,60.09039306640625
2010-03-19,60.045291900634766
2010-03-22,60.1411247253418
2010-03-23,60.10163497924805
2010-03-24,59.656246185302734
2010-03-25,59.44203186035156
2010-03-26,59.62243270874024
2010-03-29,59.57167816162109
2010-03-30,59.60554122924805
2010-03-31,59.63372039794922
2010-04-01,59.763404846191406
2010-04-05,59.21407699584961
2010-04-06,59.35566329956055
2010-04-07,59.65579605102539
2010-04-08,59.54249572753906
2010-04-09,59.58219146728516
2010-04-12,59.752052307128906
2010-04-13,59.967281341552734
2010-04-14,59.91630554199219
2010-04-15,60.01824188232422
2010-04-16,60.15983581542969
2010-04-19,60.00692367553711
2010-04-20,60.137184143066406
2010-04-21,60.34668350219727
2010-04-22,60.210784912109375
2010-04-23,60.19948196411133
2010-04-26,60.22777557373047
2010-04-27,60.267459869384766
2010-04-28,60.369361877441406
2010-04-29,60.522239685058594
2010-04-30,60.77146530151367
2010-05-03,60.78964614868164
2010-05-04,60.86355972290039
2010-05-05,60.60196685791016
2010-05-06,59.601036071777344
2010-05-07,59.79441833496094
2010-05-10,60.16976547241211
2010-05-11,60.2322998046875
2010-05-12,60.20953369140625
2010-05-13,60.385868072509766
2010-05-14,60.36880493164063
2010-05-17,60.47115707397461
2010-05-18,60.664512634277344
2010-05-19,60.69865417480469
2010-05-20,60.56215286254883
2010-05-21,60.45980072021485
2010-05-24,60.61905670166016
2010-05-25,60.3289680480957
2010-05-26,60.36880493164063
2010-05-27,60.05598068237305
2010-05-28,59.97636032104492
2010-06-01,59.926666259765625
2010-06-02,60.13800811767578
2010-06-03,59.94386291503906
2010-06-04,60.30931854248047
2010-06-07,60.5606689453125
2010-06-08,60.5606689453125
2010-06-09,60.58345031738281
2010-06-10,60.33219146728516
2010-06-11,60.55489349365234
2010-06-14,60.44069290161133
2010-06-15,60.36648178100586
2010-06-16,60.42925643920898
2010-06-17,60.82907485961914
2010-06-18,60.82332611083984
2010-06-21,60.97754669189453
2010-06-22,61.274505615234375
2010-06-23,61.53152084350586
2010-06-24,61.28595733642578
2010-06-25,61.388710021972656
2010-06-28,61.725685119628906
2010-06-29,61.69717025756836
2010-06-30,61.942684173583984
2010-07-01,62.01152038574219
2010-07-02,61.83378219604492
2010-07-06,62.09178924560547
2010-07-07,62.13196563720703
2010-07-08,61.97715759277344
2010-07-09,61.902587890625
2010-07-12,61.97715759277344
2010-07-13,62.01152038574219
2010-07-14,62.28673553466797
2010-07-15,62.39579772949219
2010-07-16,62.50470352172852
2010-07-19,62.49325942993164
2010-07-20,62.562007904052734
2010-07-21,62.86595153808594
2010-07-22,62.78565216064453
2010-07-23,62.86595153808594
2010-07-26,62.92327499389648
2010-07-27,62.71113204956055
2010-07-28,62.93474960327149
2010-07-29,62.95768737792969
2010-07-30,63.25014114379883
2010-08-02,63.11601638793945
2010-08-03,63.27151870727539
2010-08-04,63.07575225830078
2010-08-05,63.19086837768555
2010-08-06,63.55358123779297
2010-08-09,63.76082229614258
2010-08-10,63.68021011352539
2010-08-11,63.674461364746094
2010-08-12,63.44991302490234
2010-08-13,63.69750595092773
2010-08-16,64.39990234375
2010-08-17,64.29624938964844
2010-08-18,64.35380554199219
2010-08-19,64.42290496826172
2010-08-20,64.53802490234375
2010-08-23,64.67621612548828
2010-08-24,64.82588195800781
2010-08-25,64.94680786132812
2010-08-26,65.00439453125
2010-08-27,64.41715240478516
2010-08-30,64.83738708496094
2010-08-31,65.05616760253906
2010-09-01,64.56733703613281
2010-09-02,64.48638916015625
2010-09-03,64.0009994506836
2010-09-07,64.47482299804688
2010-09-08,64.34771728515625
2010-09-09,64.01254272460938
2010-09-10,64.0587387084961
2010-09-13,64.1454086303711
2010-09-14,64.44591522216797
2010-09-15,64.34192657470703
2010-09-16,64.1396713256836
2010-09-17,64.34771728515625
2010-09-20,64.42859649658203
2010-09-21,64.91983795166016
2010-09-22,64.87936401367188
2010-09-23,64.92555236816406
2010-09-24,64.78113555908203
2010-09-27,65.11627960205078
2010-09-28,65.23184204101562
2010-09-29,65.16831970214844
2010-09-30,65.35322570800781
2010-10-01,65.03646087646484
2010-10-04,65.14088439941406
2010-10-05,65.2743148803711
2010-10-06,65.69782257080078
2010-10-07,65.680419921875
2010-10-08,65.61656951904297
2010-10-11,65.67459106445312
2010-10-12,65.57594299316406
2010-10-13,65.54116821289062
2010-10-14,65.0132827758789
2010-10-15,64.60143280029297
2010-10-18,65.04805755615234
2010-10-19,65.05388641357422
2010-10-20,65.16993713378906
2010-10-21,64.9958724975586
2010-10-22,65.07707977294922
2010-10-25,65.30916595458984
2010-10-26,64.96106719970703
2010-10-27,64.79280090332031
2010-10-28,65.05388641357422
2010-10-29,65.18150329589844
2010-11-01,65.15936279296875
2010-11-02,65.46218872070312
2010-11-03,65.24671936035156
2010-11-04,65.86400604248047
2010-11-05,65.65436553955078
2010-11-08,65.6893081665039
2010-11-09,65.2001724243164
2010-11-10,65.06037902832031
2010-11-11,64.77501678466797
2010-11-12,64.32078552246094
2010-11-15,63.61616516113281
2010-11-16,63.95391845703125
2010-11-17,63.95391845703125
2010-11-18,64.00051879882812
2010-11-19,64.22179412841797
2010-11-22,64.5770492553711
2010-11-23,64.61197662353516
2010-11-24,64.08203125
2010-11-26,64.16358947753906
2010-11-29,64.22759246826172
2010-11-30,64.12859344482422
2010-12-01,63.98599624633789
2010-12-02,63.84564208984375
2010-12-03,63.66446685791016
2010-12-06,64.10873413085938
2010-12-07,63.51241302490234
2010-12-08,63.10319137573242
2010-12-09,63.25518798828125
2010-12-10,62.9629135131836
2010-12-13,63.19673538208008
2010-12-14,62.8109016418457
2010-12-15,62.41924285888672
2010-12-16,62.72320556640625
2010-12-17,63.29613494873047
2010-12-20,63.25518798828125
2010-12-21,63.38966751098633
2010-12-22,63.33702087402344
2010-12-23,63.36624526977539
2010-12-27,63.48906326293945
2010-12-28,62.98307037353516
2010-12-29,63.45847702026367
2010-12-30,63.48784637451172
2010-12-31,63.64633941650391
2011-01-03,63.89284133911133
2011-01-04,63.97503662109375
2011-01-05,63.50551986694336
2011-01-06,63.59941864013672
2011-01-07,63.92219161987305
2011-01-10,64.03372192382812
2011-01-11,64.00433349609375
2011-01-12,63.963260650634766
2011-01-13,64.2391586303711
2011-01-14,63.93396759033203
2011-01-18,63.89875411987305
2011-01-19,63.85174179077149
2011-01-20,63.57590103149414
2011-01-21,63.66978073120117
2011-01-24,63.699180603027344
2011-01-25,64.01609802246094
2011-01-26,63.65805816650391
2011-01-27,63.76374816894531
2011-01-28,63.845924377441406
2011-01-31,63.66978073120117
2011-02-01,63.58554458618164
2011-02-02,63.461822509765625
2011-02-03,63.30865097045898
2011-02-04,63.11417388916016
2011-02-07,63.18488693237305
2011-02-08,62.95505142211914
2011-02-09,63.36163330078125
2011-02-10,63.04935073852539
2011-02-11,63.39704513549805
2011-02-14,63.4382209777832
2011-02-15,63.579689025878906
2011-02-16,63.50308609008789
2011-02-17,63.620887756347656
2011-02-18,63.71519470214844
2011-02-22,63.89194488525391
2011-02-23,63.81533050537109
2011-02-24,63.88607406616211
2011-02-25,64.18660736083984
2011-02-28,64.35746002197266
2011-03-01,64.3586654663086
2011-03-02,64.01557159423828
2011-03-03,63.743408203125
2011-03-04,63.985965728759766
2011-03-07,63.82623672485352
2011-03-08,63.743408203125
2011-03-09,64.07467651367188
2011-03-10,64.33496856689453
2011-03-11,64.27587127685547
2011-03-14,64.34680938720703
2011-03-15,64.34088897705078
2011-03-16,64.7254409790039
2011-03-17,64.68399810791016
2011-03-18,64.7254409790039
2011-03-21,64.51837158203125
2011-03-22,64.63673400878906
2011-03-23,64.59526062011719
2011-03-24,64.38231658935547
2011-03-25,64.28764343261719
2011-03-28,64.31132507324219
2011-03-29,63.99776458740234
2011-03-30,64.21668243408203
2011-03-31,64.00965881347656
2011-04-01,64.31192779541016
2011-04-04,64.4604263305664
2011-04-05,64.49607849121094
2011-04-06,64.28815460205078
2011-04-07,64.193115234375
2011-04-08,64.15750122070312
2011-04-11,64.16345977783203
2011-04-12,64.3891830444336
2011-04-13,64.50201416015625
2011-04-14,64.34163665771484
2011-04-15,64.68019104003906
2011-04-18,64.76923370361328
2011-04-19,64.9058837890625
2011-04-20,64.935546875
2011-04-21,64.99494934082031
2011-04-25,65.060302734375
2011-04-26,65.36320495605469
2011-04-27,65.2800064086914
2011-04-28,65.48794555664062
2011-04-29,65.61266326904297
2011-05-02,65.76587677001953
2011-05-03,65.73604583740234
2011-05-04,65.83148956298828
2011-05-05,66.05805206298828
2011-05-06,66.05805206298828
2011-05-09,66.12364959716797
2011-05-10,65.8553466796875
2011-05-11,65.96268463134766
2011-05-12,65.80764770507812
2011-05-13,66.00436401367188
2011-05-16,66.1951904296875
2011-05-17,66.28462982177734
2011-05-18,66.11766815185547
2011-05-19,66.2309799194336
2011-05-20,66.18325805664062
2011-05-23,66.14154052734375
2011-05-24,66.22502136230469
2011-05-25,66.09381103515625
2011-05-26,66.37999725341797
2011-05-27,66.45159149169922
2011-05-31,66.44564056396484
2011-06-01,66.77779388427734
2011-06-02,66.17332458496094
2011-06-03,66.31692504882812
2011-06-06,66.20321655273438
2011-06-07,66.4306411743164
2011-06-08,66.47254943847656
2011-06-09,66.29295349121094
2011-06-10,66.21519470214844
2011-06-13,66.28702545166016
2011-06-14,66.08951568603516
2011-06-15,66.4545669555664
2011-06-16,66.32892608642578
2011-06-17,66.35282135009766
2011-06-20,66.36483001708984
2011-06-21,66.34683227539062
2011-06-22,66.43663024902344
2011-06-23,66.61024475097656
2011-06-24,66.6460952758789
2011-06-27,66.4306411743164
2011-06-28,65.96979522705078
2011-06-29,65.82014465332031
2011-06-30,65.91590118408203
2011-07-01,65.91950225830078
2011-07-05,66.15385437011719
2011-07-06,66.2921142578125
2011-07-07,66.31009674072266
2011-07-08,66.73668670654297
2011-07-11,66.9590072631836
2011-07-12,67.01307678222656
2011-07-13,67.18132781982422
2011-07-14,66.76676940917969
2011-07-15,66.91694641113281
2011-07-18,66.6585464477539
2011-07-19,66.98300170898438
2011-07-20,66.8268051147461
2011-07-21,66.72467803955078
2011-07-22,66.99504852294922
2011-07-25,66.67658996582031
2011-07-26,66.97099304199219
2011-07-27,66.77273559570312
2011-07-28,66.91694641113281
2011-07-29,67.5177993774414
2011-08-01,67.71739959716797
2011-08-02,68.28433990478516
2011-08-03,68.26023864746094
2011-08-04,68.75473022460938
2011-08-05,67.90438842773438
2011-08-08,67.25907135009766
2011-08-09,67.86216735839844
2011-08-10,68.4713134765625
2011-08-11,67.06607055664062
2011-08-12,67.83203887939453
2011-08-15,67.95865631103516
2011-08-16,68.20596313476562
2011-08-17,68.3929214477539
2011-08-18,68.48341369628906
2011-08-19,68.3989486694336
2011-08-22,68.14566040039062
2011-08-23,67.36763000488281
2011-08-24,66.5715560913086
2011-08-25,66.93943786621094
2011-08-26,66.96957397460938
2011-08-29,67.1866683959961
2011-08-30,67.54251098632812
2011-08-31,67.74755859375
2011-09-01,67.7978515625
2011-09-02,68.21550750732422
2011-09-06,68.61502838134766
2011-09-07,68.74822998046875
2011-09-08,68.68769073486328
2011-09-09,68.76030731201172
2011-09-12,68.3426513671875
2011-09-13,68.33052825927734
2011-09-14,68.30027770996094
2011-09-15,68.06419372558594
2011-09-16,68.06419372558594
2011-09-19,68.4394760131836
2011-09-20,68.46971893310547
2011-09-21,68.6271743774414
2011-09-22,68.76030731201172
2011-09-23,68.33659362792969
2011-09-26,68.20945739746094
2011-09-27,67.99153137207031
2011-09-28,67.7191390991211
2011-09-29,67.64649963378906
2011-09-30,67.9854736328125
2011-10-03,68.11184692382812
2011-10-04,67.51644134521484
2011-10-05,67.7958984375
2011-10-06,67.52252197265625
2011-10-07,67.46176147460938
2011-10-10,67.58934020996094
2011-10-11,67.7716064453125
2011-10-12,67.8748779296875
2011-10-13,67.93567657470703
2011-10-14,67.89315795898438
2011-10-17,67.8445053100586
2011-10-18,68.08146667480469
2011-10-19,68.25769805908203
2011-10-20,68.4095687866211
2011-10-21,68.63439178466797
2011-10-24,68.98680114746094
2011-10-25,69.3270034790039
2011-10-26,69.2784652709961
2011-10-27,69.26625061035156
2011-10-28,69.53365325927734
2011-10-31,69.69166564941406
2011-11-01,70.0403823852539
2011-11-02,70.29650115966797
2011-11-03,70.33306884765625
2011-11-04,70.47332000732422
2011-11-07,70.19281005859375
2011-11-08,69.75994873046875
2011-11-09,69.57701110839844
2011-11-10,69.22941589355469
2011-11-11,69.1075210571289
2011-11-14,69.10140991210938
2011-11-15,69.03434753417969
2011-11-16,68.81480407714844
2011-11-17,68.27217102050781
2011-11-18,68.38191223144531
2011-11-21,68.10145568847656
2011-11-22,67.92459869384766
2011-11-23,67.57706451416016
2011-11-25,67.30876159667969
2011-11-28,67.33930206298828
2011-11-29,67.18683624267578
2011-11-30,67.49173736572266
2011-12-01,67.64836120605469
2011-12-02,68.22349548339844
2011-12-05,68.73135375976562
2011-12-06,68.3642807006836
2011-12-07,68.79254913330078
2011-12-08,68.56002044677734
2011-12-09,68.29686737060547
2011-12-12,68.30303955078125
2011-12-13,68.53556060791016
2011-12-14,68.65181732177734
2011-12-15,68.76195526123047
2011-12-16,69.14742279052734
2011-12-19,69.39216613769531
2011-12-20,69.34323120117188
2011-12-21,69.04952239990234
2011-12-22,69.41050720214844
2011-12-23,69.19634246826172
2011-12-27,69.45916748046875
2011-12-28,69.58806610107422
2011-12-29,69.55121612548828
2011-12-30,69.84593200683594
2012-01-03,69.79067993164062
2012-01-04,69.84593200683594
2012-01-05,69.5450668334961
2012-01-06,69.81523895263672
2012-01-09,69.71086120605469
2012-01-10,69.90731811523438
2012-01-11,69.89508056640625
2012-01-12,70.05464172363281
2012-01-13,70.30642700195312
2012-01-17,70.52135467529297
2012-01-18,70.3801040649414
2012-01-19,70.36174011230469
2012-01-20,70.18365478515625
2012-01-23,70.07929229736328
2012-01-24,70.33102416992188
2012-01-25,70.57042694091797
2012-01-26,71.12297058105469
2012-01-27,71.22743225097656
2012-01-30,71.1352767944336
2012-01-31,71.34406280517578
2012-02-01,71.62804412841797
2012-02-02,71.77589416503906
2012-02-03,71.67121887207031
2012-02-06,71.85597229003906
2012-02-07,71.720458984375
2012-02-08,71.79444122314453
2012-02-09,71.56641387939453
2012-02-10,71.4986572265625
2012-02-13,71.74510192871094
2012-02-14,71.80050659179688
2012-02-15,71.70195770263672
2012-02-16,71.57878875732422
2012-02-17,71.4678955078125
2012-02-21,71.35082244873047
2012-02-22,71.79444122314453
2012-02-23,71.89292907714844
2012-02-24,71.9483871459961
2012-02-27,72.21330261230469
2012-02-28,72.44122314453125
2012-02-29,72.50900268554688
2012-03-01,72.33777618408203
2012-03-02,72.36246490478516
2012-03-05,72.23268127441406
2012-03-06,72.12145233154297
2012-03-07,72.09049987792969
2012-03-08,72.10286712646484
2012-03-09,72.0657730102539
2012-03-12,71.92355346679688
2012-03-13,71.72581481933594
2012-03-14,70.87271881103516
2012-03-15,70.71818542480469
2012-03-16,70.82321166992188
2012-03-19,70.72433471679688
2012-03-20,70.6810531616211
2012-03-21,71.0025863647461
2012-03-22,70.88505554199219
2012-03-23,70.94071197509766
2012-03-26,71.09522247314453
2012-03-27,71.64540100097656
2012-03-28,71.50944519042969
2012-03-29,71.65155792236328
2012-03-30,71.478515625
2012-04-02,71.6627197265625
2012-04-03,70.9804916381836
2012-04-04,71.11687469482422
2012-04-05,71.2347412109375
2012-04-09,71.6999740600586
2012-04-10,71.65657043457031
2012-04-11,71.58206939697266
2012-04-12,71.6131362915039
2012-04-13,71.95425415039062
2012-04-16,71.95425415039062
2012-04-17,72.04733276367188
2012-04-18,72.0348892211914
2012-04-19,72.08451080322266
2012-04-20,72.06591033935547
2012-04-23,72.07831573486328
2012-04-24,71.9480972290039
2012-04-25,72.0721664428711
2012-04-26,72.19000244140625
2012-04-27,72.2953872680664
2012-04-30,72.25199890136719
2012-05-01,72.1144790649414
2012-05-02,72.3509750366211
2012-05-03,72.39454650878906
2012-05-04,72.47543334960938
2012-05-07,72.59991455078125
2012-05-08,72.78041076660156
2012-05-09,72.65596771240234
2012-05-10,72.506591796875
2012-05-11,72.72440338134766
2012-05-14,72.74308013916016
2012-05-15,72.64968872070312
2012-05-16,72.68705749511719
2012-05-17,72.14559173583984
2012-05-18,71.86554718017578
2012-05-21,71.94647216796875
2012-05-22,71.75352478027344
2012-05-23,71.92774200439453
2012-05-24,71.94022369384766
2012-05-25,72.12071228027344
2012-05-29,72.22650146484375
2012-05-30,72.28873443603516
2012-05-31,72.799072265625
2012-06-01,73.24623107910156
2012-06-04,72.69043731689453
2012-06-05,72.53431701660156
2012-06-06,72.32199096679688
2012-06-07,72.47185516357422
2012-06-08,72.74040222167969
2012-06-11,72.72791290283203
2012-06-12,72.51558685302734
2012-06-13,72.77789306640625
2012-06-14,72.69043731689453
2012-06-15,72.99022674560547
2012-06-18,72.95899200439453
2012-06-19,72.89022827148438
2012-06-20,72.92145538330078
2012-06-21,73.03388214111328
2012-06-22,72.97770690917969
2012-06-25,73.16504669189453
2012-06-26,73.23997497558594
2012-06-27,73.33987426757812
2012-06-28,73.45233917236328
2012-06-29,73.4335708618164
2012-07-02,73.82332611083984
2012-07-03,73.8859634399414
2012-07-05,74.07392883300781
2012-07-06,74.26190948486328
2012-07-09,74.31201934814453
2012-07-10,74.29327392578125
2012-07-11,74.41853332519531
2012-07-12,74.79451751708984
2012-07-13,74.819580078125
2012-07-16,75.02638244628906
2012-07-17,75.02638244628906
2012-07-18,75.43987274169922
2012-07-19,75.57149505615234
2012-07-20,75.6278305053711
2012-07-23,75.38346862792969
2012-07-24,75.5025634765625
2012-07-25,75.64669036865234
2012-07-26,75.76568603515625
2012-07-27,75.40849304199219
2012-07-30,75.60279846191406
2012-07-31,75.99124145507812
2012-08-01,75.90637969970703
2012-08-02,75.95665740966797
2012-08-03,75.77440643310547
2012-08-06,75.87498474121094
2012-08-07,75.47898864746094
2012-08-08,75.2652587890625
2012-08-09,75.21500396728516
2012-08-10,75.42870330810547
2012-08-13,75.27156066894531
2012-08-14,74.9321517944336
2012-08-15,74.58013916015625
2012-08-16,74.36014556884766
2012-08-17,74.46067810058594
2012-08-20,74.6680908203125
2012-08-21,74.79383087158203
2012-08-22,75.22129821777344
2012-08-23,75.27783203125
2012-08-24,75.35951232910156
2012-08-27,75.45380401611328
2012-08-28,75.5606689453125
2012-08-29,75.403564453125
2012-08-30,75.42870330810547
2012-08-31,75.95040893554688
2012-09-04,75.77073669433594
2012-09-05,75.80225372314453
2012-09-06,75.46800994873047
2012-09-07,75.62567138671875
2012-09-10,75.61933135986328
2012-09-11,75.682373046875
2012-09-12,75.53105163574219
2012-09-13,75.93461608886719
2012-09-14,75.4805908203125
2012-09-17,75.73914337158203
2012-09-18,75.97248077392578
2012-09-19,76.09859466552734
2012-09-20,76.0355453491211
2012-09-21,76.17428588867188
2012-09-24,76.2878189086914
2012-09-25,76.43914031982422
2012-09-26,76.65354919433594
2012-09-27,76.6156234741211
2012-09-28,76.78594970703125
2012-10-01,76.99089813232422
2012-10-02,77.0162124633789
2012-10-03,77.06680297851562
2012-10-04,77.00354766845703
2012-10-05,76.8833236694336
2012-10-08,77.08576202392578
2012-10-09,77.16796112060547
2012-10-10,77.30718994140625
2012-10-11,77.56019592285156
2012-10-12,77.64871215820312
2012-10-15,77.88912963867188
2012-10-16,77.83853912353516
2012-10-17,77.6866683959961
2012-10-18,77.54120635986328
2012-10-19,77.68042755126953
2012-10-22,77.49691772460938
2012-10-23,77.62979125976562
2012-10-24,77.42100524902344
2012-10-25,77.19964599609375
2012-10-26,77.57920837402344
2012-10-31,77.81956481933594
2012-11-01,77.47795867919922
2012-11-02,77.3261489868164
2012-11-05,77.36405181884766
2012-11-06,76.99089813232422
2012-11-07,77.14904022216797
2012-11-08,77.07311248779297
2012-11-09,76.8833236694336
2012-11-12,76.89600372314453
2012-11-13,76.92764282226562
2012-11-14,77.08576202392578
2012-11-15,76.93396759033203
2012-11-16,76.95928955078125
2012-11-19,77.19964599609375
2012-11-20,76.95928955078125
2012-11-21,77.0162124633789
2012-11-23,77.04782104492188
2012-11-26,77.17434692382812
2012-11-27,77.21864318847656
2012-11-28,77.20598602294922
2012-11-29,77.26283264160156
2012-11-30,77.25657653808594
2012-12-03,77.3421859741211
2012-12-04,77.41203308105469
2012-12-05,77.57064819335938
2012-12-06,77.5579605102539
2012-12-07,77.37393951416016
2012-12-10,77.44378662109375
2012-12-11,77.15826416015625
2012-12-12,76.92340087890625
2012-12-13,76.80291748046875
2012-12-14,76.8599853515625
2012-12-17,76.61254119873047
2012-12-18,76.42214965820312
2012-12-19,76.72039794921875
2012-12-20,76.79656982421875
2012-12-21,76.92979431152344
2012-12-24,76.8790054321289
2012-12-26,76.9885025024414
2012-12-27,77.2366714477539
2012-12-28,77.40855407714844
2012-12-31,77.00119018554688
2013-01-02,77.17940521240234
2013-01-03,76.75938415527344
2013-01-04,76.72122192382812
2013-01-07,76.8485107421875
2013-01-08,76.9184799194336
2013-01-09,76.89305114746094
2013-01-10,76.93119812011719
2013-01-11,77.07124328613281
2013-01-14,76.9184799194336
2013-01-15,76.85486602783203
2013-01-16,76.85486602783203
2013-01-17,76.72122192382812
2013-01-18,76.79756927490234
2013-01-22,76.79756927490234
2013-01-23,76.89305114746094
2013-01-24,76.78484344482422
2013-01-25,76.4347915649414
2013-01-28,76.37117767333984
2013-01-29,76.19934844970703
2013-01-30,75.94475555419922
2013-01-31,76.00202178955078
2013-02-01,75.80473327636719
2013-02-04,76.06009674072266
2013-02-05,75.90692138671875
2013-02-06,76.10480499267578
2013-02-07,76.1303482055664
2013-02-08,76.29632568359375
2013-02-11,76.25799560546875
2013-02-12,76.181396484375
2013-02-13,76.00265502929688
2013-02-14,76.21330261230469
2013-02-15,76.181396484375
2013-02-19,76.1622543334961
2013-02-20,76.28996276855469
2013-02-21,76.41123962402344
2013-02-22,76.46231079101562
2013-02-25,76.91555786132812
2013-02-26,76.81985473632812
2013-02-27,76.79431915283203
2013-02-28,76.81985473632812
2013-03-01,76.99525451660156
2013-03-04,76.93766784667969
2013-03-05,76.80955505371094
2013-03-06,76.58543395996094
2013-03-07,76.33566284179688
2013-03-08,76.06673431396484
2013-03-11,76.11795806884766
2013-03-12,76.2716293334961
2013-03-13,76.20118713378906
2013-03-14,76.23322296142578
2013-03-15,76.33566284179688
2013-03-18,76.52142333984375
2013-03-19,76.64949798583984
2013-03-20,76.42529296875
2013-03-21,76.50218200683594
2013-03-22,76.5085678100586
2013-03-25,76.5085678100586
2013-03-26,76.5598373413086
2013-03-27,76.82877349853516
2013-03-28,76.7839584350586
2013-04-01,76.67349243164062
2013-04-02,76.66707611083984
2013-04-03,76.97538757324219
2013-04-04,77.38652801513672
2013-04-05,77.62417602539062
2013-04-08,77.69483184814453
2013-04-09,77.77193450927734
2013-04-10,77.56634521484375
2013-04-11,77.61776733398438
2013-04-12,78.0031967163086
2013-04-15,78.02887725830078
2013-04-16,77.8875961303711
2013-04-17,77.99674987792969
2013-04-18,78.06739044189453
2013-04-19,78.18301391601562
2013-04-22,78.20874786376953
2013-04-23,78.3115463256836
2013-04-24,78.34361267089844
2013-04-25,78.29865264892578
2013-04-26,78.58133697509766
2013-04-29,78.58768463134766
2013-04-30,78.45281982421875
2013-05-01,78.80204772949219
2013-05-02,78.80204772949219
2013-05-03,78.06114196777344
2013-05-06,78.04821014404297
2013-05-07,77.99024963378906
2013-05-08,78.06114196777344
2013-05-09,77.89360046386719
2013-05-10,77.48767852783203
2013-05-13,77.2879638671875
2013-05-14,77.08180236816406
2013-05-15,77.3524169921875
2013-05-16,77.70674133300781
2013-05-17,77.37177276611328
2013-05-20,77.28153991699219
2013-05-21,77.57145690917969
2013-05-22,76.95939636230469
2013-05-23,77.03669738769531
2013-05-24,76.98519897460938
2013-05-28,76.2442398071289
2013-05-29,76.21202087402344
2013-05-30,76.30866241455078
2013-05-31,75.9285659790039
2013-06-03,75.72891998291016
2013-06-04,75.4315414428711
2013-06-05,75.32172393798828
2013-06-06,75.64482116699219
2013-06-07,75.34757995605469
2013-06-10,75.11490631103516
2013-06-11,74.97272491455078
2013-06-12,74.71421813964844
2013-06-13,75.51558685302734
2013-06-14,75.46385955810547
2013-06-17,75.35403442382812
2013-06-18,75.20539855957031
2013-06-19,74.13908386230469
2013-06-20,73.11795043945312
2013-06-21,72.5169448852539
2013-06-24,72.04515838623047
2013-06-25,72.28427124023438
2013-06-26,72.83360290527344
2013-06-27,73.4927978515625
2013-06-28,73.44754791259766
2013-07-01,73.63751220703125
2013-07-02,73.87092590332031
2013-07-03,73.65697479248047
2013-07-05,72.72337341308594
2013-07-08,73.31982421875
2013-07-09,73.38465118408203
2013-07-10,73.17070007324219
2013-07-11,74.03296661376953
2013-07-12,73.82551574707031
2013-07-15,74.29885864257812
2013-07-16,74.18856811523438
2013-07-17,74.46736907958984
2013-07-18,74.27290344238281
2013-07-19,74.68131256103516
2013-07-22,74.8498764038086
2013-07-23,74.73320770263672
2013-07-24,74.37008666992188
2013-07-25,74.27934265136719
2013-07-26,74.3571548461914
2013-07-29,74.23394775390625
2013-07-30,74.25342559814453
2013-07-31,74.2598876953125
2013-08-01,73.66812133789062
2013-08-02,74.03227233886719
2013-08-05,73.75262451171875
2013-08-06,73.79820251464844
2013-08-07,73.96076965332031
2013-08-08,74.11682891845703
2013-08-09,74.11682891845703
2013-08-12,74.07785034179688
2013-08-13,73.5510482788086
2013-08-14,73.42755126953125
2013-08-15,72.90724182128906
2013-08-16,72.54309844970703
2013-08-19,72.14636993408203
2013-08-20,72.58858489990234
2013-08-21,72.15290832519531
2013-08-22,72.48454284667969
2013-08-23,72.97224426269531
2013-08-26,73.12184143066406
2013-08-27,73.43401336669922
2013-08-28,73.44701385498047
2013-08-29,73.51859283447266
2013-08-30,73.51859283447266
2013-09-03,73.22884368896484
2013-09-04,72.96141052246094
2013-09-05,72.36111450195312
2013-09-06,72.46554565429688
2013-09-09,72.65473937988281
2013-09-10,72.33502197265625
2013-09-11,72.67430114746094
2013-09-12,72.62212371826172
2013-09-13,72.66779327392578
2013-09-16,72.75261688232422
2013-09-17,72.94831085205078
2013-09-18,74.0183334350586
2013-09-19,73.54856872558594
2013-09-20,73.61383056640625
2013-09-23,74.05097198486328
2013-09-24,74.24012756347656
2013-09-25,74.46851348876953
2013-09-26,74.28583526611328
2013-09-27,74.22710418701172
2013-09-30,74.06398010253906
2013-10-01,73.98936462402344
2013-10-02,74.21189880371094
2013-10-03,74.25115203857422
2013-10-04,74.17919158935547
2013-10-07,74.31006622314453
2013-10-08,74.2970199584961
2013-10-09,74.13988494873047
2013-10-10,74.2446060180664
2013-10-11,74.34280395507812
2013-10-14,74.11371612548828
2013-10-15,74.1268081665039
2013-10-16,74.6766357421875
2013-10-17,75.22643280029297
2013-10-18,75.32463073730469
2013-10-21,75.12824249267578
2013-10-22,75.58645629882812
2013-10-23,75.56681823730469
2013-10-24,75.48829650878906
2013-10-25,75.48171997070312
2013-10-28,75.55371856689453
2013-10-29,75.65845489501953
2013-10-30,75.50791931152344
2013-10-31,75.40318298339844
2013-11-01,75.19956970214844
2013-11-04,75.21928405761719
2013-11-05,74.89750671386719
2013-11-06,74.98292541503906
2013-11-07,75.1339340209961
2013-11-08,74.39844512939453
2013-11-11,74.27361297607422
2013-11-12,74.32618713378906
2013-11-13,74.49689483642578
2013-11-14,74.9040756225586
2013-11-15,74.9040756225586
2013-11-18,75.23897552490234
2013-11-19,74.97632598876953
2013-11-20,74.65454864501953
2013-11-21,74.79900360107422
2013-11-22,75.06169891357422
2013-11-25,75.19300842285156
2013-11-26,75.34404754638672
2013-11-27,75.35723114013672
2013-11-29,75.29814910888672
2013-12-02,74.94100952148438
2013-12-03,75.13209533691406
2013-12-04,74.8883056640625
2013-12-05,74.7236099243164
2013-12-06,74.88169860839844
2013-12-09,74.99371337890625
2013-12-10,75.29679870605469
2013-12-11,75.08594512939453
2013-12-12,74.96080780029297
2013-12-13,75.1650619506836
2013-12-16,75.22435760498047
2013-12-17,75.44832611083984
2013-12-18,75.44832611083984
2013-12-19,75.33634948730469
2013-12-20,75.68548583984375
2013-12-23,75.56690216064453
2013-12-24,75.54714965820312
2013-12-26,75.49295043945312
2013-12-27,75.42687225341797
2013-12-30,75.65154266357422
2013-12-31,75.45989227294922
2014-01-02,75.60527801513672
2014-01-03,75.71763610839844
2014-01-06,75.88284301757812
2014-01-07,75.82335662841797
2014-01-08,75.4995346069336
2014-01-09,75.67135620117188
2014-01-10,76.0810775756836
2014-01-13,76.22647094726562
2014-01-14,76.00176239013672
2014-01-15,76.0216293334961
2014-01-16,76.20002746582031
2014-01-17,76.28593444824219
2014-01-21,76.18022155761719
2014-01-22,75.99520111083984
2014-01-23,76.28593444824219
2014-01-24,76.23308563232422
2014-01-27,76.08771514892578
2014-01-28,76.4577407836914
2014-01-29,76.60973358154297
2014-01-30,76.64939880371094
2014-01-31,76.88069915771484
2014-02-03,77.3764419555664
2014-02-04,77.00526428222656
2014-02-05,76.76004791259766
2014-02-06,76.68708801269531
2014-02-07,76.92577362060547
2014-02-10,76.95893096923828
2014-02-11,76.79985809326172
2014-02-12,76.5678482055664
2014-02-13,76.885986328125
2014-02-14,77.03182220458984
2014-02-18,77.19087219238281
2014-02-19,77.10472869873047
2014-02-20,77.00526428222656
2014-02-21,77.0848159790039
2014-02-24,77.12462615966797
2014-02-25,77.42285919189453
2014-02-26,77.67473602294922
2014-02-27,77.80726623535156
2014-02-28,77.7608871459961
2014-03-03,77.96430969238281
2014-03-04,77.54553985595703
2014-03-05,77.505615234375
2014-03-06,77.27295684814453
2014-03-07,76.99376678466797
2014-03-10,76.87409210205078
2014-03-11,76.90071105957031
2014-03-12,77.1732406616211
2014-03-13,77.44578552246094
2014-03-14,77.35934448242188
2014-03-17,77.2596664428711
2014-03-18,77.49894714355469
2014-03-19,76.94054412841797
2014-03-20,77.04693603515625
2014-03-21,77.31282043457031
2014-03-24,77.45912170410156
2014-03-25,77.48564910888672
2014-03-26,77.78485107421875
2014-03-27,77.80475616455078
2014-03-28,77.74496459960938
2014-03-31,77.73828887939453
2014-04-01,77.544921875
2014-04-02,77.438232421875
2014-04-03,77.58492279052734
2014-04-04,77.89160919189453
2014-04-07,78.07832336425781
2014-04-08,78.28504943847656
2014-04-09,78.35165405273438
2014-04-10,78.45830535888672
2014-04-11,78.51168823242188
2014-04-14,78.56501007080078
2014-04-15,78.73167419433594
2014-04-16,78.7650375366211
2014-04-17,78.31163787841797
2014-04-21,78.41836547851562
2014-04-22,78.45830535888672
2014-04-23,78.63168334960938
2014-04-24,78.64501190185547
2014-04-25,78.63168334960938
2014-04-28,78.53836059570312
2014-04-29,78.5516586303711
2014-04-30,78.77166748046875
2014-05-01,79.10197448730469
2014-05-02,79.26918029785156
2014-05-05,79.06859588623047
2014-05-06,79.20232391357422
2014-05-07,79.21570587158203
2014-05-08,79.23579406738281
2014-05-09,79.14878845214844
2014-05-12,78.94824981689453
2014-05-13,79.24242401123047
2014-05-14,79.63695526123047
2014-05-15,79.7773666381836
2014-05-16,79.68376922607422
2014-05-19,79.61021423339844
2014-05-20,79.61021423339844
2014-05-21,79.46308135986328
2014-05-22,79.43632507324219
2014-05-23,79.52324676513672
2014-05-27,79.8040771484375
2014-05-28,80.18521118164062
2014-05-29,79.951171875
2014-05-30,79.96456909179688
2014-06-02,79.5206527709961
2014-06-03,79.15860748291016
2014-06-04,79.11836242675781
2014-06-05,79.28594207763672
2014-06-06,79.45360565185547
2014-06-09,79.29268646240234
2014-06-10,79.14514923095703
2014-06-11,79.20552825927734
2014-06-12,79.46036529541016
2014-06-13,79.44692993164062
2014-06-16,79.44019317626953
2014-06-17,79.1719970703125
2014-06-18,79.62794494628906
2014-06-19,79.34629821777344
2014-06-20,79.50055694580078
2014-06-23,79.49383544921875
2014-06-24,79.82910919189453
2014-06-25,79.90961456298828
2014-06-26,80.05706787109375
2014-06-27,80.04368591308594
2014-06-30,79.96996307373047
2014-07-01,79.66064453125
2014-07-02,79.37821197509766
2014-07-03,79.29752349853516
2014-07-07,79.43873596191406
2014-07-08,79.7346420288086
2014-07-09,79.86233520507812
2014-07-10,79.80184936523438
2014-07-11,80.05061340332031
2014-07-14,79.88253021240234
2014-07-15,79.79509735107422
2014-07-16,79.9833984375
2014-07-17,80.28599548339844
2014-07-18,80.17839050292969
2014-07-21,80.17839050292969
2014-07-22,80.2388916015625
2014-07-23,80.3330307006836
2014-07-24,80.01700592041016
2014-07-25,80.32630157470703
2014-07-28,80.232177734375
2014-07-29,80.30614471435547
2014-07-30,79.9362564086914
2014-07-31,79.71442413330078
2014-08-01,80.12510681152344
2014-08-04,80.14530181884766
2014-08-05,80.22624206542969
2014-08-06,80.08466339111328
2014-08-07,80.29367065429688
2014-08-08,80.27347564697266
2014-08-11,80.30716705322266
2014-08-12,80.26669311523438
2014-08-13,80.42855834960938
2014-08-14,80.51624298095703
2014-08-15,80.79944610595703
2014-08-18,80.61737060546875
2014-08-19,80.56336975097656
2014-08-20,80.38136291503906
2014-08-21,80.6578369140625
2014-08-22,80.75897979736328
2014-08-25,80.88707733154297
2014-08-26,80.9410400390625
2014-08-27,81.0759048461914
2014-08-28,81.25123596191406
2014-08-29,81.31195831298828
2014-09-02,80.92514038085938
2014-09-03,81.03331756591797
2014-09-04,80.45854949951172
2014-09-05,80.4720458984375
2014-09-08,80.3367919921875
2014-09-09,80.12044525146484
2014-09-10,79.99189758300781
2014-09-11,79.93104553222656
2014-09-12,79.54561614990234
2014-09-15,79.56595611572266
2014-09-16,79.5523452758789
2014-09-17,79.33598327636719
2014-09-18,79.47795867919922
2014-09-19,79.7890853881836
2014-09-22,79.8634262084961
2014-09-23,79.99189758300781
2014-09-24,79.80257415771484
2014-09-25,80.03927612304688
2014-09-26,79.8634262084961
2014-09-29,79.8296127319336
2014-09-30,79.944580078125
2014-10-01,80.42948150634766
2014-10-02,80.42267608642578
2014-10-03,80.65324401855469
2014-10-06,80.69393920898438
2014-10-07,80.98553466796875
2014-10-08,81.39923858642578
2014-10-09,81.06016540527344
2014-10-10,81.12799072265625
2014-10-13,81.33821105957031
2014-10-14,81.52129364013672
2014-10-15,81.58235931396484
2014-10-16,81.39923858642578
2014-10-17,81.36532592773438
2014-10-20,81.5145263671875
2014-10-21,81.46704864501953
2014-10-22,81.3313980102539
2014-10-23,81.17545318603516
2014-10-24,81.20936584472656
2014-10-27,81.31109619140625
2014-10-28,81.03982543945312
2014-10-29,80.89061737060547
2014-10-30,80.94486236572266
2014-10-31,80.93130493164062
2014-11-03,80.77147674560547
2014-11-04,80.88711547851562
2014-11-05,80.73751068115234
2014-11-06,80.49262237548828
2014-11-07,81.00272369384766
2014-11-10,80.59467315673828
2014-11-11,80.5878677368164
2014-11-12,80.58109283447266
2014-11-13,80.49262237548828
2014-11-14,80.59467315673828
2014-11-17,80.40425109863281
2014-11-18,80.47225189208984
2014-11-19,80.04379272460938
2014-11-20,80.349853515625
2014-11-21,80.69670867919922
2014-11-24,80.82589721679688
2014-11-25,81.17273712158203
2014-11-26,81.4515380859375
2014-11-28,81.66917419433594
2014-12-01,81.38616943359375
2014-12-02,80.84056091308594
2014-12-03,80.92243194580078
2014-12-04,81.052001953125
2014-12-05,80.71778869628906
2014-12-08,81.09971618652344
2014-12-09,81.16795349121094
2014-12-10,81.14065551757812
2014-12-11,81.05882263183594
2014-12-12,81.18839263916016
2014-12-15,81.37932586669922
2014-12-16,81.35205841064453
2014-12-17,81.3725357055664
2014-12-18,81.45433044433594
2014-12-19,81.4134292602539
2014-12-22,81.67256164550781
2014-12-23,81.052001953125
2014-12-24,81.31322479248047
2014-12-26,81.3747787475586
2014-12-29,81.53202819824219
2014-12-30,81.60039520263672
2014-12-31,81.6551513671875
2015-01-02,81.94232940673828
2015-01-05,82.27738189697266
2015-01-06,82.61246490478516
2015-01-07,82.72186279296875
2015-01-08,82.45521545410156
2015-01-09,82.67401123046875
2015-01-12,82.83130645751953
2015-01-13,82.90653228759766
2015-01-14,83.05013275146484
2015-01-15,83.48094177246094
2015-01-16,83.01597595214844
2015-01-20,83.20740509033203
2015-01-21,83.17322540283203
2015-01-22,83.13217163085938
2015-01-23,83.61766815185547
2015-01-26,83.59716796875
2015-01-27,83.65872192382812
2015-01-28,84.22634887695312
2015-01-29,84.02799987792969
2015-01-30,84.71865844726562
2015-02-02,84.7974853515625
2015-02-03,84.11183166503906
2015-02-04,84.2284164428711
2015-02-05,83.96102905273438
2015-02-06,83.08332061767578
2015-02-09,83.13818359375
2015-02-10,82.91185760498047
2015-02-11,82.96671295166016
2015-02-12,83.17930603027344
2015-02-13,82.85015869140625
2015-02-17,82.4662094116211
2015-02-18,82.76104736328125
2015-02-19,82.74732208251953
2015-02-20,82.87078094482422
2015-02-23,83.15193176269531
2015-02-24,83.69357299804688
2015-02-25,83.76896667480469
2015-02-26,83.31642150878906
2015-02-27,83.51526641845703
2015-03-02,82.79133605957031
2015-03-03,82.7431640625
2015-03-04,82.68819427490234
2015-03-05,82.79816436767578
2015-03-06,81.91817474365234
2015-03-09,82.24821472167969
2015-03-10,82.37881469726562
2015-03-11,82.79816436767578
2015-03-12,82.71570587158203
2015-03-13,82.48194885253906
2015-03-16,82.56439208984375
2015-03-17,82.70195770263672
2015-03-18,83.71946716308594
2015-03-19,83.293212890625
2015-03-20,83.52698516845703
2015-03-23,83.71946716308594
2015-03-24,83.84323120117188
2015-03-25,83.56820678710938
2015-03-26,83.0525894165039
2015-03-27,83.38259887695312
2015-03-30,83.52698516845703
2015-03-31,83.67822265625
2015-04-01,83.9188461303711
2015-04-02,83.78096008300781
2015-04-06,83.8912582397461
2015-04-07,84.194580078125
2015-04-08,84.16702270507812
2015-04-09,83.73954772949219
2015-04-10,83.85675048828125
2015-04-13,83.82918548583984
2015-04-14,84.0222396850586
2015-04-15,84.07736206054688
2015-04-16,84.02916717529297
2015-04-17,84.25659942626953
2015-04-20,84.0566635131836
2015-04-21,84.03596496582031
2015-04-22,83.49141693115234
2015-04-23,83.70513153076172
2015-04-24,83.8636474609375
2015-04-27,83.80165100097656
2015-04-28,83.3052749633789
2015-04-29,82.61592102050781
2015-04-30,82.68480682373047
2015-05-01,82.22856140136719
2015-05-04,81.96589660644531
2015-05-05,81.8276138305664
2015-05-06,81.47509002685547
2015-05-07,81.79995727539062
2015-05-08,82.27005767822266
2015-05-11,81.44047546386719
2015-05-12,81.32296752929688
2015-05-13,81.24693298339844
2015-05-14,81.52350616455078
2015-05-15,82.09033203125
2015-05-18,81.46124267578125
2015-05-19,81.02572631835938
2015-05-20,81.12252807617188
2015-05-21,81.50965881347656
2015-05-22,81.45430755615234
2015-05-26,81.81379699707031
2015-05-27,81.89677429199219
2015-05-28,81.72395324707031
2015-05-29,81.75848388671875
2015-06-01,81.30030059814453
2015-06-02,80.88436889648438
2015-06-03,80.36446380615234
2015-06-04,80.78035736083984
2015-06-05,80.37137603759766
2015-06-08,80.31591033935547
2015-06-09,79.95541381835938
2015-06-10,79.74051666259766
2015-06-11,80.44761657714844
2015-06-12,80.30902862548828
2015-06-15,80.29508972167969
2015-06-16,80.49615478515625
2015-06-17,80.48925018310547
2015-06-18,80.3436508178711
2015-06-19,80.7734375
2015-06-22,80.13565063476562
2015-06-23,79.95541381835938
2015-06-24,80.17725372314453
2015-06-25,80.04560089111328
2015-06-26,79.67817687988281
2015-06-29,80.37137603759766
2015-06-30,80.21887969970703
2015-07-01,79.96161651611328
2015-07-02,80.26752471923828
2015-07-06,80.5873031616211
2015-07-07,80.92098999023438
2015-07-08,81.03227996826172
2015-07-09,80.49695587158203
2015-07-10,79.98249816894531
2015-07-13,79.8086929321289
2015-07-14,79.87818908691406
2015-07-15,80.0867691040039
2015-07-16,80.2119369506836
2015-07-17,80.26752471923828
2015-07-20,80.07981872558594
2015-07-21,80.24666595458984
2015-07-22,80.35093688964844
2015-07-23,80.5873031616211
2015-07-24,80.55255889892578
2015-07-27,80.55953216552734
2015-07-28,80.49695587158203
2015-07-29,80.42740631103516
2015-07-30,80.46915435791016
2015-07-31,80.88626861572266
2015-08-03,81.07449340820312
2015-08-04,80.66314697265625
2015-08-05,80.34947967529297
2015-08-06,80.50283813476562
2015-08-07,80.78166961669922
2015-08-10,80.46095275878906
2015-08-11,80.79560852050781
2015-08-12,80.67012786865234
2015-08-13,80.39124298095703
2015-08-14,80.46795654296875
2015-08-17,80.72590637207031
2015-08-18,80.41915893554688
2015-08-19,80.8095703125
2015-08-20,80.85838317871094
2015-08-21,80.87931060791016
2015-08-24,80.65617370605469
2015-08-25,80.2448501586914
2015-08-26,80.19606018066406
2015-08-27,80.27277374267578
2015-08-28,80.41915893554688
2015-08-31,80.2169418334961
2015-09-01,80.7029037475586
2015-09-02,80.5840835571289
2015-09-03,80.96858978271484
2015-09-04,81.15039825439453
2015-09-08,80.77283477783203
2015-09-09,80.9476547241211
2015-09-10,80.78681182861328
2015-09-11,80.84278869628906
2015-09-14,80.83574676513672
2015-09-15,80.22747802734375
2015-09-16,80.3742904663086
2015-09-17,81.03856658935547
2015-09-18,81.28329467773438
2015-09-21,80.87069702148438
2015-09-22,81.22032165527344
2015-09-23,81.17139434814453
2015-09-24,81.18540954589844
2015-09-25,80.94066619873047
2015-09-28,81.08049774169922
2015-09-29,81.18540954589844
2015-09-30,81.17139434814453
2015-10-01,81.15311431884766
2015-10-02,81.51078033447266
2015-10-05,81.29341125488281
2015-10-06,81.4546890258789
2015-10-07,81.74220275878906
2015-10-08,81.41961669921875
2015-10-09,81.4546890258789
2015-10-12,81.78425598144531
2015-10-13,81.72117614746094
2015-10-14,82.043701171875
2015-10-15,82.00867462158203
2015-10-16,82.03669738769531
2015-10-19,82.02970123291016
2015-10-20,81.87542724609375
2015-10-21,82.28221130371094
2015-10-22,82.45743560791016
2015-10-23,82.15592956542969
2015-10-26,82.30318450927734
2015-10-27,82.32418823242188
2015-10-28,82.00165557861328
2015-10-29,81.42664337158203
2015-10-30,81.63700103759766
2015-11-02,81.28608703613281
2015-11-03,81.29314422607422
2015-11-04,81.20173645019531
2015-11-05,81.22281646728516
2015-11-06,80.69536590576172
2015-11-09,80.56179809570312
2015-11-10,80.7657241821289
2015-11-11,80.7586441040039
2015-11-12,80.73052978515625
2015-11-13,80.96963500976562
2015-11-16,80.98371887207031
2015-11-17,81.06804656982422
2015-11-18,81.08917236328125
2015-11-19,81.32830810546875
2015-11-20,81.314208984375
2015-11-23,81.34234619140625
2015-11-24,81.37049865722656
2015-11-25,81.44786834716797
2015-11-27,81.47595977783203
2015-11-30,81.51106262207031
2015-12-01,82.1240005493164
2015-12-02,81.92652893066406
2015-12-03,80.84043884277344
2015-12-04,81.2776870727539
2015-12-07,81.4187240600586
2015-12-08,81.31297302246094
2015-12-09,81.29180908203125
2015-12-10,81.10136413574219
2015-12-11,81.24244689941406
2015-12-14,80.64297485351562
2015-12-15,80.65007781982422
2015-12-16,80.63594818115234
2015-12-17,80.72760009765625
2015-12-18,80.72760009765625
2015-12-21,80.78402709960938
2015-12-22,80.67821502685547
2015-12-23,80.74876403808594
2015-12-24,81.01187133789062
2015-12-28,80.91280364990234
2015-12-29,80.49560546875
2015-12-30,80.49560546875
2015-12-31,80.6299819946289
2016-01-04,80.5875473022461
2016-01-05,80.6299819946289
2016-01-06,80.9482192993164
2016-01-07,81.01187133789062
2016-01-08,81.07551574707031
2016-01-11,80.8138656616211
2016-01-12,80.99772644042969
2016-01-13,81.24520874023438
2016-01-14,80.84213256835938
2016-01-15,80.72187805175781
2016-01-19,80.3612060546875
2016-01-20,80.4814453125
2016-01-21,80.248046875
2016-01-22,80.29757690429688
2016-01-25,80.21267700195312
2016-01-26,80.43901824951172
2016-01-27,80.21971893310547
2016-01-28,80.31172180175781
2016-01-29,80.72895050048828
2016-02-01,80.47148132324219
2016-02-02,80.62042999267578
2016-02-03,80.42182159423828
2016-02-04,80.45728302001953
2016-02-05,80.443115234375
2016-02-08,80.86163330078125
2016-02-09,80.5849609375
2016-02-10,80.68427276611328
2016-02-11,80.95381164550781
2016-02-12,80.49986267089844
2016-02-16,80.1167984008789
2016-02-17,80.09554290771484
2016-02-18,80.74813079833984
2016-02-19,80.69139862060547
2016-02-22,80.85450744628906
2016-02-23,81.01766204833984
2016-02-24,81.09571838378906
2016-02-25,81.54963684082031
2016-02-26,81.52125549316406
2016-02-29,81.5780029296875
2016-03-01,81.13339233398438
2016-03-02,81.29700469970703
2016-03-03,81.68115234375
2016-03-04,81.66694641113281
2016-03-07,81.7593994140625
2016-03-08,82.19335174560547
2016-03-09,82.10088348388672
2016-03-10,82.44234466552734
2016-03-11,82.6771240234375
2016-03-14,82.91898345947266
2016-03-15,82.89051818847656
2016-03-16,83.28892517089844
2016-03-17,83.5450210571289
2016-03-18,83.73707580566406
2016-03-21,83.63749694824219
2016-03-22,83.4809341430664
2016-03-23,83.90068817138672
2016-03-24,83.8651351928711
2016-03-28,83.9148941040039
2016-03-29,84.29197692871094
2016-03-30,84.19233703613281
2016-03-31,84.5267333984375
2016-04-01,84.7991943359375
2016-04-04,84.80638122558594
2016-04-05,85.07748413085938
2016-04-06,85.00607299804688
2016-04-07,85.23435974121094
2016-04-08,85.04178619384766
2016-04-11,85.03467559814453
2016-04-12,84.69937133789062
2016-04-13,84.99182891845703
2016-04-14,84.93477630615234
2016-04-15,85.29145812988281
2016-04-18,85.3841781616211
2016-04-19,85.54113006591797
2016-04-20,85.30570220947266
2016-04-21,85.27005004882812
2016-04-22,85.36276245117188
2016-04-25,85.16304016113281
2016-04-26,85.12740325927734
2016-04-27,85.66950225830078
2016-04-28,85.74798583984375
2016-04-29,85.84078216552734
2016-05-02,85.72984313964844
2016-05-03,85.88011169433594
2016-05-04,85.73704528808594
2016-05-05,85.90872192382812
2016-05-06,85.72272491455078
2016-05-09,85.63690185546875
2016-05-10,85.7799072265625
2016-05-11,85.87297058105469
2016-05-12,85.69412231445312
2016-05-13,85.85149383544922
2016-05-16,85.56536865234375
2016-05-17,85.53673553466797
2016-05-18,84.80712127685547
2016-05-19,85.0074234008789
2016-05-20,85.06465148925781
2016-05-23,85.06465148925781
2016-05-24,84.92158508300781
2016-05-25,85.07176971435547
2016-05-26,85.3150405883789
2016-05-27,85.25062561035156
2016-05-31,85.4008560180664
2016-06-01,85.46109771728516
2016-06-02,85.63321685791016
2016-06-03,86.32191467285156
2016-06-06,86.1138916015625
2016-06-07,86.24296569824219
2016-06-08,86.52987670898438
2016-06-09,86.65179443359375
2016-06-10,86.75228881835938
2016-06-13,86.62312316894531
2016-06-14,86.42947387695312
2016-06-15,86.75228881835938
2016-06-16,86.88139343261719
2016-06-17,86.62312316894531
2016-06-20,86.51555633544922
2016-06-21,86.43663024902344
2016-06-22,86.59445190429688
2016-06-23,86.50838470458984
2016-06-24,86.9172134399414
2016-06-27,87.28306579589844
2016-06-28,87.76367950439453
2016-06-29,87.7349853515625
2016-06-30,88.04341125488281
2016-07-01,88.50444793701172
2016-07-05,88.80656433105469
2016-07-06,88.96480560302734
2016-07-07,88.97915649414062
2016-07-08,89.47551727294922
2016-07-11,89.24529266357422
2016-07-12,88.74185180664062
2016-07-13,89.08710479736328
2016-07-14,88.87130737304688
2016-07-15,88.5332260131836
2016-07-18,88.5332260131836
2016-07-19,88.69148254394531
2016-07-20,88.66268157958984
2016-07-21,88.76343536376953
2016-07-22,88.71308135986328
2016-07-25,88.66268157958984
2016-07-26,88.57640075683594
2016-07-27,88.94319152832031
2016-07-28,88.85691833496094
2016-07-29,89.18055725097656
2016-08-01,88.67794799804688
2016-08-02,88.18035125732422
2016-08-03,88.2957534790039
2016-08-04,88.67071533203125
2016-08-05,88.31016540527344
2016-08-08,88.36785888671875
2016-08-09,88.8870849609375
2016-08-10,89.13947296142578
2016-08-11,88.84381103515625
2016-08-12,89.24763488769531
2016-08-15,88.97361755371094
2016-08-16,88.81499481201172
2016-08-17,89.0601577758789
2016-08-18,89.27649688720703
2016-08-19,89.00965881347656
2016-08-22,89.31254577636719
2016-08-23,89.41350555419922
2016-08-24,89.3558349609375
2016-08-25,89.269287109375
2016-08-26,88.98804473876953
2016-08-29,89.49281311035156
2016-08-30,89.37745666503906
2016-08-31,89.34142303466797
2016-09-01,89.34137725830078
2016-09-02,89.1823501586914
2016-09-06,89.49321746826172
2016-09-07,89.37029266357422
2016-09-08,88.74124145507812
2016-09-09,88.07610321044922
2016-09-12,88.08335876464844
2016-09-13,87.79414367675781
2016-09-14,87.85198211669922
2016-09-15,87.90982818603516
2016-09-16,88.01105499267578
2016-09-19,87.98214721679688
2016-09-20,88.09782409667969
2016-09-21,88.54609680175781
2016-09-22,88.9075927734375
2016-09-23,88.84249877929688
2016-09-26,88.97988891601562
2016-09-27,89.19677734375
2016-09-28,89.25465393066406
2016-09-29,89.21847534179688
2016-09-30,89.05943298339844
2016-10-03,88.80717468261719
2016-10-04,88.39393615722656
2016-10-05,88.2997055053711
2016-10-06,88.30695343017578
2016-10-07,88.51719665527344
2016-10-10,88.51719665527344
2016-10-11,88.24173736572266
2016-10-12,88.35770416259766
2016-10-13,88.57518005371094
2016-10-14,88.16197967529297
2016-10-17,88.45193481445312
2016-10-18,88.66943359375
2016-10-19,88.78539276123047
2016-10-20,88.75642395019531
2016-10-21,88.80717468261719
2016-10-24,88.55345153808594
2016-10-25,88.48817443847656
2016-10-26,88.11847686767578
2016-10-27,87.71981048583984
2016-10-28,87.61834716796875
2016-10-31,87.69805145263672
2016-11-01,87.58755493164062
2016-11-02,87.7184066772461
2016-11-03,87.54398345947266
2016-11-04,87.80561065673828
2016-11-07,87.74749755859375
2016-11-08,87.55125427246094
2016-11-09,86.26476287841797
2016-11-10,86.19209289550781
2016-11-11,85.82142639160156
2016-11-14,85.37810516357422
2016-11-15,85.63972473144531
2016-11-16,85.76326751708984
2016-11-17,85.21820831298828
2016-11-18,84.73848724365234
2016-11-21,84.82572937011719
2016-11-22,85.04371643066406
2016-11-23,84.73124694824219
2016-11-25,84.73848724365234
2016-11-28,85.12369537353516
2016-11-29,85.24000549316406
2016-11-30,84.92019653320312
2016-12-01,84.44429779052734
2016-12-02,84.83055877685547
2016-12-05,85.01275634765625
2016-12-06,85.00544738769531
2016-12-07,85.36260223388672
2016-12-08,85.01275634765625
2016-12-09,84.68476104736328
2016-12-12,84.6046371459961
2016-12-13,84.7940902709961
2016-12-14,84.25479125976562
2016-12-15,84.31309509277344
2016-12-16,84.24751281738281
2016-12-19,84.65564727783203
2016-12-20,84.6046371459961
2016-12-21,84.8742904663086
2016-12-22,84.880126953125
2016-12-23,85.01165771484375
2016-12-27,84.85823059082031
2016-12-28,85.17243194580078
2016-12-29,85.50129699707031
2016-12-30,85.63284301757812
2017-01-03,85.70590209960938
2017-01-04,85.99822235107422
2017-01-05,86.45860290527344
2017-01-06,86.00555419921875
2017-01-09,86.1736068725586
2017-01-10,86.12246704101562
2017-01-11,86.2540054321289
2017-01-12,86.24666595458984
2017-01-13,86.07131958007812
2017-01-17,86.4439697265625
2017-01-18,85.87399291992188
2017-01-19,85.58168029785156
2017-01-20,85.73516082763672
2017-01-23,86.1297836303711
2017-01-24,85.87399291992188
2017-01-25,85.54513549804688
2017-01-26,85.64745330810547
2017-01-27,85.74974822998047
2017-01-30,85.60359191894531
2017-01-31,85.75706481933594
2017-02-01,85.65153503417969
2017-02-02,85.67350006103516
2017-02-03,85.76878356933594
2017-02-06,86.0399169921875
2017-02-07,86.18645477294922
2017-02-08,86.48690795898438
2017-02-09,86.14249420166016
2017-02-10,86.12055206298828
2017-02-13,86.08392333984375
2017-02-14,85.87866973876953
2017-02-15,85.8127670288086
2017-02-16,86.0545425415039
2017-02-17,86.27438354492188
2017-02-21,86.31103515625
2017-02-22,86.37693786621094
2017-02-23,86.59679412841797
2017-02-24,87.03644561767578
2017-02-27,86.83126068115234
2017-02-28,86.88990783691406
2017-03-01,86.37632751464844
2017-03-02,86.24404907226562
2017-03-03,86.33221435546875
2017-03-06,86.17792510986328
2017-03-07,85.75173950195312
2017-03-08,85.48728942871094
2017-03-09,85.02439880371094
2017-03-10,85.23748016357422
2017-03-13,84.9509506225586
2017-03-14,85.02439880371094
2017-03-15,85.75916290283203
2017-03-16,85.63421630859375
2017-03-17,85.83262634277344
2017-03-20,86.03096771240234
2017-03-21,86.24404907226562
2017-03-22,86.4644775390625
2017-03-23,86.40570831298828
2017-03-24,86.49386596679688
2017-03-27,86.67755889892578
2017-03-28,86.49386596679688
2017-03-29,86.77304077148438
2017-03-30,86.5452880859375
2017-03-31,86.63348388671875
2017-04-03,87.0224380493164
2017-04-04,86.79408264160156
2017-04-05,86.90461730957031
2017-04-06,86.98561096191406
2017-04-07,86.77198791503906
2017-04-10,86.93409729003906
2017-04-11,87.33926391601562
2017-04-12,87.62657928466797
2017-04-13,87.77391815185547
2017-04-17,87.6044921875
2017-04-18,88.12022399902344
2017-04-19,87.85496520996094
2017-04-20,87.72969055175781
2017-04-21,87.72969055175781
2017-04-24,87.6118392944336
2017-04-25,87.26563262939453
2017-04-26,87.47923278808594
2017-04-27,87.56029510498047
2017-04-28,87.66339874267578
2017-05-01,87.39157104492188
2017-05-02,87.65015411376953
2017-05-03,87.60578155517578
2017-05-04,87.4359130859375
2017-05-05,87.46546936035156
2017-05-08,87.31029510498047
2017-05-09,87.3250503540039
2017-05-10,87.44328308105469
2017-05-11,87.48764038085938
2017-05-12,87.93084716796875
2017-05-15,87.92342376708984
2017-05-16,88.04901123046875
2017-05-17,88.58831787109375
2017-05-18,88.57354736328125
2017-05-19,88.62521362304688
2017-05-22,88.55138397216797
2017-05-23,88.27809143066406
2017-05-24,88.41841125488281
2017-05-25,88.4552993774414
2017-05-26,88.52182006835938
2017-05-30,88.7286605834961
2017-05-31,88.83206939697266
2017-06-01,88.85137939453125
2017-06-02,89.26610565185547
2017-06-05,89.01428985595703
2017-06-06,89.27351379394531
2017-06-07,89.1624526977539
2017-06-08,89.00690460205078
2017-06-09,88.91800689697266
2017-06-12,88.94025421142578
2017-06-13,89.03652954101562
2017-06-14,89.64390563964844
2017-06-15,89.42906188964844
2017-06-16,89.50312042236328
2017-06-19,89.39208221435547
2017-06-20,89.5920639038086
2017-06-21,89.63646697998047
2017-06-22,89.71051788330078
2017-06-23,89.75496673583984
2017-06-26,89.91790771484375
2017-06-27,89.51053619384766
2017-06-28,89.6068344116211
2017-06-29,89.3327865600586
2017-06-30,89.25872039794922
2017-07-03,89.06563568115234
2017-07-05,89.21419525146484
2017-07-06,88.98396301269531
2017-07-07,88.9096908569336
2017-07-10,89.05818939208984
2017-07-11,89.0953140258789
2017-07-12,89.48892974853516
2017-07-13,89.33296203613281
2017-07-14,89.54093933105469
2017-07-17,89.62259674072266
2017-07-18,90.00877380371094
2017-07-19,89.97906494140625
2017-07-20,90.0607681274414
2017-07-21,90.26869201660156
2017-07-24,90.1647720336914
2017-07-25,89.63005828857422
2017-07-26,89.92709350585938
2017-07-27,89.70433807373047
2017-07-28,89.9419937133789
2017-07-31,89.9419937133789
2017-08-01,90.26810455322266
2017-08-02,90.1266098022461
2017-08-03,90.25318145751952
2017-08-04,89.9032211303711
2017-08-07,89.92555236816406
2017-08-08,89.49373626708984
2017-08-09,89.58306884765625
2017-08-10,89.55327606201172
2017-08-11,89.71710968017578
2017-08-14,89.65751647949219
2017-08-15,89.55327606201172
2017-08-16,89.80643463134766
2017-08-17,89.89579010009766
2017-08-18,89.8362045288086
2017-08-21,89.96280670166016
2017-08-22,89.87345886230469
2017-08-23,90.21595001220705
2017-08-24,90.04467010498047
2017-08-25,90.25318145751952
2017-08-28,90.25318145751952
2017-08-29,90.32019805908205
2017-08-30,90.3946762084961
2017-08-31,90.55105590820312
2017-09-01,90.19268035888672
2017-09-05,90.75261688232422
2017-09-06,90.43160247802734
2017-09-07,90.78248596191406
2017-09-08,90.51370239257812
2017-09-11,90.2375030517578
2017-09-12,90.1404800415039
2017-09-13,90.05081939697266
2017-09-14,90.27481079101562
2017-09-15,90.34944915771484
2017-09-18,90.2598648071289
2017-09-19,90.31212615966795
2017-09-20,90.20018768310548
2017-09-21,90.20018768310548
2017-09-22,90.3196029663086
2017-09-25,90.65554809570312
2017-09-26,90.64065551757812
2017-09-27,90.28973388671876
2017-09-28,90.42412567138672
2017-09-29,90.50623321533205
2017-10-02,90.59082794189452
2017-10-03,90.7929916381836
2017-10-04,90.74054718017578
2017-10-05,90.61328125
2017-10-06,90.5384521484375
2017-10-09,90.61328125
2017-10-10,90.67320251464844
2017-10-11,90.62828063964844
2017-10-12,90.65070343017578
2017-10-13,91.010009765625
2017-10-16,90.88278198242188
2017-10-17,90.86776733398438
2017-10-18,90.73302459716795
2017-10-19,90.86776733398438
2017-10-20,90.62076568603516
2017-10-23,90.71060943603516
2017-10-24,90.4860610961914
2017-10-25,90.24649047851562
2017-10-26,90.239013671875
2017-10-27,90.50848388671876
2017-10-30,90.8079071044922
2017-10-31,90.68065643310548
2017-11-01,90.82401275634766
2017-11-02,90.80902099609376
2017-11-03,90.91410064697266
2017-11-06,90.93660736083984
2017-11-07,90.86151885986328
2017-11-08,90.74143981933594
2017-11-09,90.50128936767578
2017-11-10,89.9833984375
2017-11-13,89.99842071533203
2017-11-14,90.02091979980469
2017-11-15,90.40372467041016
2017-11-16,90.29861450195312
2017-11-17,90.41120147705078
2017-11-20,90.41120147705078
2017-11-21,90.71142578125
2017-11-22,91.06420135498048
2017-11-24,90.95911407470705
2017-11-27,90.90658569335938
2017-11-28,91.03417205810548
2017-11-29,90.6739273071289
2017-11-30,90.56884002685548
2017-12-01,90.84874725341795
2017-12-04,90.99176788330078
2017-12-05,91.1648178100586
2017-12-06,91.33795166015624
2017-12-07,91.15731048583984
2017-12-08,91.04444122314452
2017-12-11,91.1121597290039
2017-12-12,91.04444122314452
2017-12-13,91.36048889160156
2017-12-14,91.52606201171876
2017-12-15,91.65402221679688
2017-12-18,91.3830795288086
2017-12-19,90.91653442382812
2017-12-20,90.67568969726562
2017-12-21,90.9200439453125
2017-12-22,90.98789978027344
2017-12-26,91.10858917236328
2017-12-27,91.61383056640624
2017-12-28,91.55349731445312
2017-12-29,91.67415618896484
2018-01-02,91.0633316040039
2018-01-03,91.2292251586914
2018-01-04,91.19904327392578
2018-01-05,91.1688995361328
2018-01-08,91.161376953125
2018-01-09,90.82952880859376
2018-01-10,90.88986206054688
2018-01-11,91.10858917236328
2018-01-12,91.1236572265625
2018-01-16,91.20659637451172
2018-01-17,90.95774841308594
2018-01-18,90.60330963134766
2018-01-19,90.32423400878906
2018-01-22,90.24127960205078
2018-01-23,90.6334457397461
2018-01-24,90.57312774658205
2018-01-25,91.03316497802734
2018-01-26,90.9124984741211
2018-01-29,90.67115020751952
2018-01-30,90.36195373535156
2018-01-31,90.550537109375
2018-02-01,90.15048217773438
2018-02-02,89.68922424316406
2018-02-05,89.74217224121094
2018-02-06,89.56066131591797
2018-02-07,89.31111907958984
2018-02-08,88.92549896240234
2018-02-09,88.6381607055664
2018-02-12,88.6381607055664
2018-02-13,88.60789489746094
2018-02-14,88.28271484375
2018-02-15,88.69864654541016
2018-02-16,88.96331787109375
2018-02-20,88.585205078125
2018-02-21,88.10125732421875
2018-02-22,88.22222900390625
2018-02-23,88.63060760498047
2018-02-26,88.74405670166016
2018-02-27,88.35835266113281
2018-02-28,88.52470397949219
2018-03-01,88.43375396728516
2018-03-02,88.15313720703125
2018-03-05,88.1228256225586
2018-03-06,88.19864654541016
2018-03-07,88.1683349609375
2018-03-08,88.3427505493164
2018-03-09,88.03180694580078
2018-03-12,88.14558410644531
2018-03-13,88.15313720703125
2018-03-14,88.35030364990234
2018-03-15,88.44132995605469
2018-03-16,88.53987884521484
2018-03-19,88.24417114257812
2018-03-20,87.93323516845703
2018-03-21,87.88014221191406
2018-03-22,88.03180694580078
2018-03-23,87.75125122070312
2018-03-26,88.06217193603516
2018-03-27,88.3806381225586
2018-03-28,88.61573028564453
2018-03-29,89.01760864257812
2018-04-02,88.96968841552734
2018-04-03,88.73397064208984
2018-04-04,88.73397064208984
2018-04-05,88.76435089111328
2018-04-06,89.03054809570312
2018-04-09,89.07613372802734
2018-04-10,89.09903717041016
2018-04-11,89.15985107421875
2018-04-12,88.91649627685547
2018-04-13,88.94691467285156
2018-04-16,88.95450592041016
2018-04-17,88.96210479736328
2018-04-18,88.50580596923828
2018-04-19,88.17120361328125
2018-04-20,87.81375122070312
2018-04-23,87.77572631835938
2018-04-24,87.51715850830078
2018-04-25,87.24341583251953
2018-04-26,87.50196075439453
2018-04-27,87.69969940185547
2018-04-30,87.6236801147461
2018-05-01,87.3864517211914
2018-05-02,87.31781005859375
2018-05-03,87.33306121826172
2018-05-04,87.45511627197266
2018-05-07,87.3559341430664
2018-05-08,87.32540130615234
2018-05-09,87.31021118164062
2018-05-10,87.75253295898438
2018-05-11,87.90505981445312
2018-05-14,87.74491882324219
2018-05-15,87.0814208984375
2018-05-16,86.96699523925781
2018-05-17,86.79920196533203
2018-05-18,87.15764617919922
2018-05-21,87.2110366821289
2018-05-22,87.11955261230469
2018-05-23,87.49320983886719
2018-05-24,87.73729705810547
2018-05-25,87.99658203125
2018-05-29,88.46179962158203
2018-05-30,88.11862182617188
2018-05-31,88.08047485351562
2018-06-01,87.91142272949219
2018-06-04,87.71250915527344
2018-06-05,87.77368927001953
2018-06-06,87.45234680175781
2018-06-07,87.74313354492188
2018-06-08,87.59770202636719
2018-06-11,87.51358032226562
2018-06-12,87.52124786376953
2018-06-13,87.43706512451172
2018-06-14,87.83489227294922
2018-06-15,87.71250915527344
2018-06-18,87.62068939208984
2018-06-19,87.6666030883789
2018-06-20,87.17695617675781
2018-06-21,87.10812377929688
2018-06-22,87.21521759033203
2018-06-25,87.1310806274414
2018-06-26,87.4217529296875
2018-06-27,87.72016143798828
2018-06-28,87.60537719726562
2018-06-29,87.65129089355469
2018-07-02,87.66280364990234
2018-07-03,87.98511505126953
2018-07-05,88.26134490966797
2018-07-06,88.3841323852539
2018-07-09,88.44550323486328
2018-07-10,88.34577178955078
2018-07-11,88.52223205566406
2018-07-12,88.71406555175781
2018-07-13,88.78315734863281
2018-07-16,88.63732147216797
2018-07-17,88.57595825195312
2018-07-18,88.56061553955078
2018-07-19,88.6987533569336
2018-07-20,88.43785095214844
2018-07-23,88.08482360839844
2018-07-24,88.36107635498047
2018-07-25,88.47618103027344
2018-07-26,88.56061553955078
2018-07-27,88.67574310302734
2018-07-30,88.55292510986328
2018-07-31,88.8292007446289
2018-08-01,88.51596069335938
2018-08-02,88.62369537353516
2018-08-03,88.90078735351562
2018-08-06,88.98541259765625
2018-08-07,88.70835876464844
2018-08-08,88.56980895996094
2018-08-09,88.63910675048828
2018-08-10,88.78530883789062
2018-08-13,88.76220703125
2018-08-14,88.87767791748047
2018-08-15,89.0623779296875
2018-08-16,89.17780303955078
2018-08-17,89.25483703613281
2018-08-20,89.48570251464844
2018-08-21,89.26250457763672
2018-08-22,89.25483703613281
2018-08-23,89.28559112548828
2018-08-24,89.46259307861328
2018-08-27,89.32405853271484
2018-08-28,88.98541259765625
2018-08-29,88.89308166503906
2018-08-30,88.97769165039062
2018-08-31,88.8469009399414
2018-09-04,88.68323516845703
2018-09-05,88.6291732788086
2018-09-06,88.87626647949219
2018-09-07,88.50567626953125
2018-09-10,88.79901885986328
2018-09-11,88.59834289550781
2018-09-12,88.77582550048828
2018-09-13,88.96114349365234
2018-09-14,88.85304260253906
2018-09-17,88.79901885986328
2018-09-18,88.43618774414062
2018-09-19,88.30496978759766
2018-09-20,88.53657531738281
2018-09-21,88.552001953125
2018-09-24,88.35127258300781
2018-09-25,88.35127258300781
2018-09-26,88.66779327392578
2018-09-27,88.7835922241211
2018-09-28,88.72184753417969
2018-10-01,88.5994873046875
2018-10-02,88.67691040039062
2018-10-03,88.15811920166016
2018-10-04,87.79418182373047
2018-10-05,87.45348358154297
2018-10-08,87.36053466796875
2018-10-09,87.60832977294922
2018-10-10,87.36830139160156
2018-10-11,87.73222351074219
2018-10-12,87.74771118164062
2018-10-15,87.5851058959961
2018-10-16,87.80964660644531
2018-10-17,87.37604522705078
2018-10-18,87.37604522705078
2018-10-19,87.26763916015625
2018-10-22,87.15918731689453
2018-10-23,87.28312683105469
2018-10-24,87.4070053100586
2018-10-25,87.29859924316406
2018-10-26,87.44573974609375
2018-10-29,87.34507751464844
2018-10-30,87.15148162841797
2018-10-31,86.9037094116211
2018-11-01,87.16706085205078
2018-11-02,86.81746673583984
2018-11-05,86.97285461425781
2018-11-06,87.12039947509766
2018-11-07,87.34573364257812
2018-11-08,87.08937072753906
2018-11-09,87.15151977539062
2018-11-12,87.14373779296875
2018-11-13,87.0272216796875
2018-11-14,86.79414367675781
2018-11-15,86.6310043334961
2018-11-16,86.80194854736328
2018-11-19,86.71646118164062
2018-11-20,86.50672149658203
2018-11-21,86.69313049316406
2018-11-23,86.73199462890625
2018-11-26,86.77083587646484
2018-11-27,86.6620864868164
2018-11-28,86.89513397216797
2018-11-29,86.64651489257812
2018-11-30,86.59214782714844
2018-12-03,86.91404724121094
2018-12-04,86.92960357666016
2018-12-06,87.19459533691406
2018-12-07,87.20237731933594
2018-12-10,87.46736145019531
2018-12-11,87.62326049804688
2018-12-12,87.71676635742188
2018-12-13,87.95060729980469
2018-12-14,87.8570785522461
2018-12-17,87.95060729980469
2018-12-18,88.26486206054688
2018-12-19,88.19451904296875
2018-12-20,87.90526580810547
2018-12-21,87.81925964355469
2018-12-24,87.615966796875
2018-12-26,87.54558563232422
2018-12-27,87.54558563232422
2018-12-28,87.95994567871094
2018-12-31,88.20231628417969
2019-01-02,88.47594451904297
2019-01-03,88.5150375366211
2019-01-04,88.4603042602539
2019-01-07,88.46813201904297
2019-01-08,88.66358947753906
2019-01-09,88.99974822998047
2019-01-10,88.76521301269531
2019-01-11,88.92938995361328
2019-01-14,88.69483184814453
2019-01-15,88.74955749511719
2019-01-16,88.92154693603516
2019-01-17,89.10140228271484
2019-01-18,89.25775146484375
2019-01-22,89.40626525878906
2019-01-23,89.63299560546875
2019-01-24,89.86756134033203
2019-01-25,89.94571685791016
2019-01-28,89.93006896972656
2019-01-29,90.12550354003906
2019-01-30,90.53987884521484
2019-01-31,91.17313385009766
2019-02-01,90.95591735839844
2019-02-04,90.8304672241211
2019-02-05,91.19902801513672
2019-02-06,91.0264892578125
2019-02-07,91.01081085205078
2019-02-08,91.23819732666016
2019-02-11,91.03434753417967
2019-02-12,91.15982818603516
2019-02-13,90.924560546875
2019-02-14,91.0264892578125
2019-02-15,91.13624572753906
2019-02-19,91.19114685058594
2019-02-20,91.1127700805664
2019-02-21,90.85399627685548
2019-02-22,91.26174926757812
2019-02-25,91.23033905029295
2019-02-26,91.37152099609376
2019-02-27,91.1127700805664
2019-02-28,90.9872817993164
2019-03-01,90.82838439941406
2019-03-04,91.0329132080078
2019-03-05,91.06436920166016
2019-03-06,91.15090942382812
2019-03-07,91.44979858398438
2019-03-08,91.56781005859376
2019-03-11,91.6700668334961
2019-03-12,91.92182159423828
2019-03-13,91.7723388671875
2019-03-14,91.59141540527344
2019-03-15,91.92182159423828
2019-03-18,91.87459564208984
2019-03-19,91.89031219482422
2019-03-20,92.5117416381836
2019-03-21,92.68477630615234
2019-03-22,93.25113677978516
2019-03-25,93.4398956298828
2019-03-26,93.47921752929688
2019-03-27,93.60511779785156
2019-03-28,93.72307586669922
2019-03-29,93.65228271484376
2019-04-01,93.30354309082033
2019-04-02,93.42979431152344
2019-04-03,93.2325668334961
2019-04-04,93.38246154785156
2019-04-05,93.53238677978516
2019-04-08,93.39824676513672
2019-04-09,93.59546661376952
2019-04-10,94.05306243896484
2019-04-11,93.95841217041016
2019-04-12,93.90318298339844
2019-04-15,93.7532730102539
2019-04-16,93.492919921875
2019-04-17,93.47711944580078
2019-04-18,93.55603790283205
2019-04-22,93.4061279296875
2019-04-23,93.79275512695312
2019-04-24,94.10833740234376
2019-04-25,94.06097412109376
2019-04-26,94.392333984375
2019-04-29,94.02153778076172
2019-04-30,94.06097412109376
2019-05-01,94.03089904785156
2019-05-02,93.69063568115234
2019-05-03,94.11004638671876
2019-05-06,94.23664855957033
2019-05-07,94.22872924804688
2019-05-08,93.91218566894533
2019-05-09,93.99923706054688
2019-05-10,94.05467224121094
2019-05-13,94.11004638671876
2019-05-14,94.24455261230467
2019-05-15,94.50572967529295
2019-05-16,94.3553466796875
2019-05-17,94.36324310302734
2019-05-20,94.14168548583984
2019-05-21,94.2208023071289
2019-05-22,94.33951568603516
2019-05-23,94.54528045654295
2019-05-24,94.74310302734376
2019-05-28,94.806396484375
2019-05-29,94.84591674804688
2019-05-30,95.39192962646484
2019-05-31,95.61356353759766
2019-06-03,95.90802001953124
2019-06-04,95.93975830078124
2019-06-05,95.87625885009766
2019-06-06,96.05877685546876
2019-06-07,96.48744201660156
2019-06-10,96.13816833496094
2019-06-11,96.22547912597656
2019-06-12,96.36834716796876
2019-06-13,96.61444091796876
2019-06-14,96.65408325195312
2019-06-17,96.70172882080078
2019-06-18,97.3446807861328
2019-06-19,97.96377563476562
2019-06-20,98.4955825805664
2019-06-21,98.13842010498048
2019-06-24,98.3844985961914
2019-06-25,98.09075927734376
2019-06-26,97.89234924316406
2019-06-27,98.46385192871094
2019-06-28,98.7178192138672
2019-07-01,98.90492248535156
2019-07-02,99.17555236816406
2019-07-03,99.4461898803711
2019-07-05,98.57056427001952
2019-07-08,98.4352798461914
2019-07-09,98.22830963134766
2019-07-10,98.45121002197266
2019-07-11,97.8700942993164
2019-07-12,97.96562957763672
2019-07-15,98.13277435302734
2019-07-16,97.92581939697266
2019-07-17,98.44324493408205
2019-07-18,98.674072265625
2019-07-19,98.52281951904295
2019-07-22,98.8252944946289
2019-07-23,98.88101196289062
2019-07-24,99.15963745117188
2019-07-25,98.84123229980467
2019-07-26,98.97657012939452
2019-07-29,98.91287231445312
2019-07-30,98.88101196289062
2019-07-31,98.9686050415039
2019-08-01,99.77323150634766
2019-08-02,99.87702941894533
2019-08-05,99.94884490966795
2019-08-06,100.57147216796876
2019-08-07,100.55550384521484
2019-08-08,100.82691955566406
2019-08-09,100.53157043457033
2019-08-12,101.1621551513672
2019-08-13,101.08234405517578
2019-08-14,101.3777313232422
2019-08-15,101.87263488769533
2019-08-16,102.0561981201172
2019-08-19,101.72090911865234
2019-08-20,102.3116455078125
2019-08-21,102.49528503417967
2019-08-22,102.1200714111328
2019-08-23,102.49528503417967
2019-08-26,102.50325012207033
2019-08-27,103.05404663085938
2019-08-28,103.05404663085938
2019-08-29,102.83052825927734
2019-08-30,102.8145751953125
2019-09-03,102.71769714355467
2019-09-04,102.90982055664062
2019-09-05,102.15736389160156
2019-09-06,102.5256118774414
2019-09-09,101.77323150634766
2019-09-10,100.916748046875
2019-09-11,100.83673095703124
2019-09-12,100.70063018798828
2019-09-13,99.79618072509766
2019-09-16,100.3004379272461
2019-09-17,100.55657958984376
2019-09-18,100.8047103881836
2019-09-19,101.09286499023438
2019-09-20,101.78924560546876
2019-09-23,101.7171630859375
2019-09-24,102.03736114501952
2019-09-25,101.46106719970705
2019-09-26,101.67718505859376
2019-09-27,101.701171875
2019-09-30,102.03736114501952
2019-10-01,102.15455627441406
2019-10-02,102.11438751220705
2019-10-03,102.5156707763672
2019-10-04,102.94097137451172
2019-10-07,102.4193878173828
2019-10-08,102.33108520507812
2019-10-09,102.37120056152344
2019-10-10,101.769287109375
2019-10-11,101.58475494384766
2019-10-14,101.92178344726562
2019-10-15,101.64894104003906
2019-10-16,101.76129150390624
2019-10-17,101.90573120117188
2019-10-18,102.03412628173828
2019-10-21,101.80139923095705
2019-10-22,101.97795867919922
2019-10-23,102.03412628173828
2019-10-24,102.25881958007812
2019-10-25,102.08229064941406
2019-10-28,101.7773208618164
2019-10-29,101.5124969482422
2019-10-30,101.87361907958984
2019-10-31,102.49159240722656
2019-11-01,102.5921401977539
2019-11-04,102.10935974121094
2019-11-05,101.52189636230467
2019-11-06,102.09325408935548
2019-11-07,101.2965850830078
2019-11-08,101.15979766845705
2019-11-11,101.19197845458984
2019-11-12,101.28852081298828
2019-11-13,101.52996826171876
2019-11-14,102.0610580444336
2019-11-15,102.07716369628906
2019-11-18,102.18982696533205
2019-11-19,102.39098358154295
2019-11-20,102.5358657836914
2019-11-21,102.29444122314452
2019-11-22,102.57608032226562
2019-11-25,102.93012237548828
2019-11-26,103.1957015991211
2019-11-27,103.18765258789062
2019-11-29,102.9783935546875
2019-12-02,102.53142547607422
2019-12-03,103.3221664428711
2019-12-04,103.18498992919922
2019-12-05,103.07202911376952
2019-12-06,103.01557159423828
2019-12-09,102.99940490722656
2019-12-10,102.99940490722656
2019-12-11,103.4028778076172
2019-12-12,102.92681884765624
2019-12-13,103.59649658203124
2019-12-16,103.3625259399414
2019-12-17,103.28182983398438
2019-12-18,103.2091827392578
2019-12-19,103.31111145019533
2019-12-20,103.27879333496094
2019-12-23,103.32733917236328
2019-12-24,103.43248748779295
2019-12-26,103.61859893798828
2019-12-27,103.76417541503906
2019-12-30,103.95027923583984
2019-12-31,103.52146911621094
2020-01-02,103.73989868164062
2020-01-03,104.09587097167967
2020-01-06,103.74799346923828
2020-01-07,103.48102569580078
2020-01-08,103.33541870117188
2020-01-09,103.82891845703124
2020-01-10,104.1201629638672
2020-01-13,103.8693618774414
2020-01-14,103.9988021850586
2020-01-15,104.22533416748048
2020-01-16,104.37095642089844
2020-01-17,104.35481262207033
2020-01-21,104.85636138916016
2020-01-22,104.91297149658205
2020-01-23,105.05052185058594
2020-01-24,105.22850036621094
2020-01-27,105.4307632446289
2020-01-28,105.37413024902344
2020-01-29,105.71392059326172
2020-01-30,105.77867126464844
2020-01-31,106.05374908447266
2020-02-03,105.97013854980467
2020-02-04,105.71063232421876
2020-02-05,105.6457290649414
2020-02-06,105.5970458984375
2020-02-07,106.00259399414062
2020-02-10,106.25403594970705
2020-02-11,106.09992218017578
2020-02-12,106.05128479003906
2020-02-13,105.9782485961914
2020-02-14,106.23783111572266
2020-02-18,106.44061279296876
2020-02-19,106.29464721679688
2020-02-20,106.65147399902344
2020-02-21,106.8623504638672
2020-02-24,106.87857055664062
2020-02-25,106.9840087890625
2020-02-26,106.58660125732422
2020-02-27,106.0188446044922
2020-02-28,107.21112060546876
2020-03-02,107.10458374023438
2020-03-03,108.324462890625
2020-03-04,108.4789810180664
2020-03-05,108.4383316040039
2020-03-06,109.19465637207033
2020-03-09,106.54346466064452
2020-03-10,104.14436340332033
2020-03-11,100.72061920166016
2020-03-12,95.91436004638672
2020-03-13,100.07001495361328
2020-03-16,98.64683532714844
2020-03-17,94.60501861572266
2020-03-18,89.87189483642578
2020-03-19,85.43157958984375
2020-03-20,86.80598449707031
2020-03-23,93.22247314453124
2020-03-24,95.13362121582033
2020-03-25,99.68778228759766
2020-03-26,99.76910400390624
2020-03-27,99.56580352783205
2020-03-30,100.77753448486328
2020-03-31,100.44414520263672
2020-04-01,98.9847640991211
2020-04-02,99.2456283569336
2020-04-03,98.73199462890624
2020-04-06,100.68055725097656
2020-04-07,100.83545684814452
2020-04-08,102.65354919433594
2020-04-09,107.4800796508789
2020-04-13,106.4365005493164
2020-04-14,105.91472625732422
2020-04-15,106.6240692138672
2020-04-16,106.0940933227539
2020-04-17,106.44468688964844
2020-04-20,105.84134674072266
2020-04-21,105.4662857055664
2020-04-22,105.53158569335938
2020-04-23,105.97996520996094
2020-04-24,105.90656280517578
2020-04-27,105.0505142211914
2020-04-28,105.33588409423828
2020-04-29,106.0288543701172
2020-04-30,105.3114013671875
2020-05-01,104.89459228515624
2020-05-04,105.05803680419922
2020-05-05,104.91909790039062
2020-05-06,103.7421646118164
2020-05-07,104.02001953125
2020-05-08,103.521484375
2020-05-11,102.61427307128906
2020-05-12,103.60321044921876
2020-05-13,103.8402328491211
2020-05-14,104.69839477539062
2020-05-15,105.06619262695312
2020-05-18,105.6628646850586
2020-05-19,105.74459838867188
2020-05-20,106.90518951416016
2020-05-21,106.82344818115234
2020-05-22,106.82344818115234
2020-05-26,106.67633819580078
2020-05-27,107.11769104003906
2020-05-28,107.20755004882812
2020-05-29,107.90234375
2020-06-01,107.85476684570312
2020-06-02,108.19891357421876
2020-06-03,108.13337707519533
2020-06-04,107.80564880371094
2020-06-05,108.36278533935548
2020-06-08,108.7232894897461
2020-06-09,108.49385833740234
2020-06-10,109.20664978027344
2020-06-11,107.9039077758789
2020-06-12,108.42829895019533
2020-06-15,109.9686050415039
2020-06-16,109.66549682617188
2020-06-17,109.45244598388672
2020-06-18,109.69825744628906
2020-06-19,109.78016662597656
2020-06-22,109.6736831665039
2020-06-23,109.46882629394533
2020-06-24,109.16570281982422
2020-06-25,109.28040313720705
2020-06-26,109.37873077392578
2020-06-29,109.88670349121094
2020-06-30,110.19801330566406
2020-07-01,110.63326263427734
2020-07-02,110.9043197631836
2020-07-06,111.19170379638672
2020-07-07,111.33952331542967
2020-07-08,111.15886688232422
2020-07-09,111.78298950195312
2020-07-10,111.57762908935548
2020-07-13,111.28206634521484
2020-07-14,111.93082427978516
2020-07-15,112.15249633789062
2020-07-16,112.4645767211914
2020-07-17,112.76837921142578
2020-07-20,113.08052825927734
2020-07-21,113.2283172607422
2020-07-22,113.59786987304688
2020-07-23,113.6799545288086
2020-07-24,113.42536926269533
2020-07-27,113.08052825927734
2020-07-28,112.9655532836914
2020-07-29,113.58142852783205
2020-07-30,113.4582748413086
2020-07-31,113.6142349243164
2020-08-03,113.76654052734376
2020-08-04,114.18624114990234
2020-08-05,114.02983856201172
2020-08-06,114.51538848876952
2020-08-07,114.19442749023438
2020-08-10,113.94757843017578
2020-08-11,113.23160552978516
2020-08-12,112.95178985595705
2020-08-13,111.93126678466795
2020-08-14,111.4375228881836
2020-08-17,111.66796112060548
2020-08-18,111.98888397216795
2020-08-19,111.69264221191406
2020-08-20,112.08765411376952
2020-08-21,112.2934112548828
2020-08-24,112.09588623046876
2020-08-25,111.61038208007812
2020-08-26,111.6515121459961
2020-08-27,110.7626953125
2020-08-28,111.10013580322266
2020-08-31,111.59390258789062
2020-09-01,112.2990493774414
2020-09-02,112.74442291259766
2020-09-03,112.4969711303711
2020-09-04,111.30113983154295
2020-09-08,111.40833282470705
2020-09-09,111.48252868652344
2020-09-10,111.56500244140624
2020-09-11,111.64753723144533
2020-09-14,111.92790222167967
2020-09-15,112.05164337158205
2020-09-16,112.12584686279295
2020-09-17,112.15061950683594
2020-09-18,111.94442749023438
2020-09-21,111.83721923828124
2020-09-22,111.90319061279295
2020-09-23,111.09490203857422
2020-09-24,110.8144989013672
2020-09-25,110.69902801513672
2020-09-28,111.25985717773438
2020-09-29,111.11962890625
2020-09-30,111.10316467285156
2020-10-01,111.41229248046876
2020-10-02,111.42880249023438
2020-10-05,111.0568618774414
2020-10-06,110.9659652709961
2020-10-07,110.9990005493164
2020-10-08,111.27176666259766
2020-10-09,111.52798461914062
2020-10-12,112.17272186279295
2020-10-13,112.06526947021484
2020-10-14,112.17272186279295
2020-10-15,112.05699157714844
2020-10-16,111.86691284179688
2020-10-19,111.6520004272461
2020-10-20,111.42057800292967
2020-10-21,111.2387466430664
2020-10-22,110.9907455444336
2020-10-23,111.27176666259766
2020-10-26,111.5032196044922
2020-10-27,111.95779418945312
2020-10-28,111.40406799316406
2020-10-29,111.1147003173828
2020-10-30,110.53617095947266
2020-11-02,110.96934509277344
2020-11-03,111.0770263671875
2020-11-04,112.74193572998048
2020-11-05,113.16436004638672
2020-11-06,112.8082275390625
2020-11-09,111.9551010131836
2020-11-10,111.66510772705078
2020-11-11,111.87223815917967
2020-11-12,112.31952667236328
2020-11-13,112.4520263671875
2020-11-16,112.81644439697266
2020-11-17,113.1809310913086
2020-11-18,113.421142578125
2020-11-19,114.05068969726562
2020-11-20,113.95130157470705
2020-11-23,114.09207916259766
2020-11-24,113.83527374267578
2020-11-25,113.90159606933594
2020-11-27,114.30745697021484
2020-11-30,114.70502471923828
2020-12-01,114.2701187133789
2020-12-02,113.88832092285156
2020-12-03,114.33654022216795
2020-12-04,113.7057647705078
2020-12-07,113.8053207397461
2020-12-08,113.67257690429688
2020-12-09,113.25757598876952
2020-12-10,113.82196044921876
2020-12-11,113.93816375732422
2020-12-14,113.85514831542967
2020-12-15,114.07925415039062
2020-12-16,113.9879379272461
2020-12-17,114.15425872802734
2020-12-18,114.07111358642578
2020-12-21,113.84654235839844
2020-12-22,114.16259002685548
2020-12-23,114.18753814697266
2020-12-24,114.57843780517578
2020-12-28,114.65328216552734
2020-12-29,114.70321655273438
2020-12-30,114.8529281616211
2020-12-31,114.87782287597656
2021-01-04,114.29563903808594
2021-01-05,113.92974090576172
2021-01-06,113.0065689086914
2021-01-07,112.98998260498048
2021-01-08,112.9067840576172
2021-01-11,112.4244155883789
2021-01-12,112.66558837890624
2021-01-13,113.53887176513672
2021-01-14,113.04814910888672
2021-01-15,113.22282409667967
2021-01-19,113.42244720458984
2021-01-20,113.38916778564452
2021-01-21,112.9400405883789
2021-01-22,112.85688018798828
2021-01-25,113.33927917480467
2021-01-26,113.33094024658205
2021-01-27,113.13133239746094
2021-01-28,112.94835662841795
2021-01-29,112.77375793457033
2021-02-01,112.99624633789062
2021-02-02,112.69625854492188
2021-02-03,112.42958068847656
2021-02-04,112.62122344970705
2021-02-05,112.32120513916016
2021-02-08,112.8045654296875
2021-02-09,112.62958526611328
2021-02-10,112.8962173461914
2021-02-11,112.5962142944336
2021-02-12,112.22956085205078
2021-02-16,111.4379425048828
2021-02-17,111.99625396728516
2021-02-18,111.7795867919922
2021-02-19,110.97128295898438
2021-02-22,110.2796401977539
2021-02-23,110.36300659179688
2021-02-24,110.52962493896484
2021-02-25,108.7796630859375
2021-02-26,110.2213134765625
2021-03-01,110.32906341552734
2021-03-02,110.20374298095705
2021-03-03,109.38548278808594
2021-03-04,108.49202728271484
2021-03-05,108.3500747680664
2021-03-08,107.33969116210938
2021-03-09,108.14967346191406
2021-03-10,108.65901947021484
2021-03-11,108.725830078125
2021-03-12,107.47332763671876
2021-03-15,107.84073638916016
2021-03-16,107.76555633544922
2021-03-17,107.8657684326172
2021-03-18,107.24787139892578
2021-03-19,107.40648651123048
2021-03-22,107.79060363769533
2021-03-23,108.10794067382812
2021-03-24,108.43356323242188
2021-03-25,108.3083038330078
2021-03-26,108.23316192626952
2021-03-29,107.97431182861328
2021-03-30,108.3083038330078
2021-03-31,108.5921859741211
2021-04-01,109.2732391357422
2021-04-05,108.73778533935548
2021-04-06,109.4656753540039
2021-04-07,109.2481460571289
2021-04-08,109.64974975585938
2021-04-09,109.42384338378906
2021-04-12,109.3987274169922
2021-04-13,109.88399505615234
2021-04-14,109.73336029052734
2021-04-15,110.41104125976562
2021-04-16,109.65811157226562
2021-04-19,109.37366485595705
2021-04-20,109.58280181884766
2021-04-21,109.9592514038086
2021-04-22,110.06803894042967
2021-04-23,110.16006469726562
2021-04-26,110.10987091064452
2021-04-27,109.61628723144533
2021-04-28,109.63298034667967
2021-04-29,109.49910736083984
2021-04-30,109.7249984741211
2021-05-03,109.9891128540039
2021-05-04,110.05612182617188
2021-05-05,110.19027709960938
2021-05-06,110.3998565673828
2021-05-07,110.44171142578124
2021-05-10,109.84654235839844
2021-05-11,109.4441909790039
2021-05-12,108.84904479980467
2021-05-13,109.25980377197266
2021-05-14,109.85494232177734
2021-05-17,109.72918701171876
2021-05-18,109.36876678466795
2021-05-19,109.17594146728516
2021-05-20,109.92202758789062
2021-05-21,109.99747467041016
2021-05-24,110.2992172241211
2021-05-25,110.70999908447266
2021-05-26,110.65129089355467
2021-05-27,110.31603240966795
2021-05-28,110.40821838378906
2021-06-01,110.4224853515625
2021-06-02,110.59889221191406
2021-06-03,110.162109375
2021-06-04,110.94322967529295
2021-06-07,110.850830078125
2021-06-08,111.27080535888672
2021-06-09,111.67395782470705
2021-06-10,112.17788696289062
2021-06-11,112.27033996582033
2021-06-14,111.85870361328124
2021-06-15,111.94271087646484
2021-06-16,111.62354278564452
2021-06-17,112.24510192871094
2021-06-18,112.83300018310548
2021-06-21,112.17788696289062
2021-06-22,112.36264038085938
2021-06-23,112.1863021850586
2021-06-24,112.40467834472656
2021-06-25,112.11070251464844
2021-06-28,112.58942413330078
2021-06-29,112.72382354736328
2021-06-30,112.84982299804688
2021-07-01,112.75141143798828
2021-07-02,113.0711669921875
2021-07-06,113.48346710205078
2021-07-07,113.8705596923828
2021-07-08,113.92948150634766
2021-07-09,113.4498291015625
2021-07-12,113.3908920288086
2021-07-13,112.97015380859376
2021-07-14,113.4918975830078
2021-07-15,113.73590850830078
2021-07-16,113.57604217529295
2021-07-19,114.39228057861328
2021-07-20,114.23238372802734
2021-07-21,113.82846069335938
2021-07-22,114.29969024658205
2021-07-23,114.24925994873048
2021-07-26,113.99677276611328
2021-07-27,114.48487091064452
2021-07-28,114.68683624267578
2021-07-29,114.35858917236328
2021-07-30,114.45118713378906
2021-08-02,114.78247833251952
2021-08-03,114.90049743652344
2021-08-04,114.92577362060548
2021-08-05,114.45370483398438
2021-08-06,113.51797485351562
2021-08-09,113.02902221679688
2021-08-10,112.77619934082033
2021-08-11,112.9532241821289
2021-08-12,113.11334228515624
2021-08-13,113.8720245361328
2021-08-16,113.93950653076172
2021-08-17,113.7371597290039
2021-08-18,113.66131591796876
2021-08-19,113.92264556884766
2021-08-20,113.9985122680664
2021-08-23,114.0828094482422
2021-08-24,113.8214340209961
2021-08-25,113.52642059326172
2021-08-26,113.4927215576172
2021-08-27,114.12494659423828
2021-08-30,114.3188247680664
2021-08-31,114.05751037597656
2021-09-01,114.20448303222656
2021-09-02,114.4071044921875
2021-09-03,113.99331665039062
2021-09-07,113.4528579711914
2021-09-08,113.81597900390624
2021-09-09,114.5591278076172
2021-09-10,114.22982025146484
2021-09-13,114.50843811035156
2021-09-14,114.85468292236328
2021-09-15,114.7195816040039
2021-09-16,114.5591278076172
2021-09-17,114.30573272705078
2021-09-20,114.66043853759766
2021-09-21,114.65199279785156
2021-09-22,114.97288513183594
2021-09-23,114.17910766601562
2021-09-24,113.93421173095705
2021-09-27,113.87513732910156
2021-09-28,112.65912628173828
2021-09-29,112.6337432861328
2021-09-30,112.33818817138672
2021-10-01,113.15467834472656
2021-10-04,112.96854400634766
2021-10-05,112.5031967163086
2021-10-06,112.53704071044922
2021-10-07,112.03782653808594
2021-10-08,111.52172088623048
2021-10-11,111.31019592285156
2021-10-12,112.0208969116211
2021-10-13,112.5877685546875
2021-10-14,113.12084197998048
2021-10-15,112.71469116210938
2021-10-18,112.62162017822266
2021-10-19,112.00397491455078
2021-10-20,111.73324584960938
2021-10-21,111.49635314941406
2021-10-22,111.94477081298828
2021-10-25,111.99555206298828
2021-10-26,112.47782135009766
2021-10-27,113.16312408447266
2021-10-28,112.993896484375
2021-10-29,112.93466186523438
2021-11-01,112.73292541503906
2021-11-02,113.1652603149414
2021-11-03,112.87701416015624
2021-11-04,113.470458984375
2021-11-05,114.30123901367188
2021-11-08,114.03844451904295
2021-11-09,114.34362030029295
2021-11-10,113.1737289428711
2021-11-11,112.85157012939452
2021-11-12,112.73292541503906
2021-11-15,111.87671661376952
2021-11-16,111.69019317626952
2021-11-17,112.13948059082033
2021-11-18,112.3938217163086
2021-11-19,112.81768798828124
2021-11-22,111.83429718017578
2021-11-23,111.0374526977539
2021-11-24,111.5714874267578
2021-11-26,112.47856903076172
2021-11-29,112.55491638183594
2021-11-30,112.80077362060548
2021-12-01,112.8168487548828
2021-12-02,113.08013153076172
2021-12-03,114.02283477783205
2021-12-06,113.44532775878906
2021-12-07,113.49627685546876
2021-12-08,112.7404327392578
2021-12-09,112.64703369140624
2021-12-10,112.7743911743164
2021-12-13,113.28396606445312
2021-12-14,112.7743911743164
2021-12-15,112.91877746582033
2021-12-16,112.91537475585938
2021-12-17,113.17919158935548
2021-12-20,112.68562316894533
2021-12-21,112.9068603515625
2021-12-22,113.0855484008789
2021-12-23,112.91537475585938
2021-12-27,113.24723052978516
2021-12-28,113.10260009765624
2021-12-29,112.4814224243164
2021-12-30,112.93240356445312
2021-12-31,112.76222229003906
2022-01-03,111.56243896484376
2022-01-04,111.65603637695312
2022-01-05,111.00086212158205
2022-01-06,110.85619354248048
2022-01-07,110.37966918945312
2022-01-10,110.27757263183594
2022-01-11,110.60942840576172
2022-01-12,110.53285217285156
2022-01-13,110.8817138671875
2022-01-14,109.90316772460938
2022-01-18,108.8565673828125
2022-01-19,109.0267562866211
2022-01-20,108.9671630859375
2022-01-21,109.68192291259766
2022-01-24,109.3415756225586
2022-01-25,109.0352554321289
2022-01-26,108.2949676513672
2022-01-27,108.54173278808594
2022-01-28,108.66082000732422
2022-01-31,108.7119140625
2022-02-01,108.89263153076172
2022-02-02,108.90113830566406
2022-02-03,108.02307891845705
2022-02-04,106.9488754272461
2022-02-07,107.14495086669922
2022-02-08,106.74425506591795
2022-02-09,107.1023406982422
2022-02-10,105.64451599121094
2022-02-11,106.42884063720705
2022-02-14,105.48255157470705
2022-02-15,104.95398712158205
2022-02-16,105.10745239257812
2022-02-17,105.18415069580078
2022-02-18,105.4399185180664
2022-02-22,105.30350494384766
2022-02-23,104.34869384765624
2022-02-24,104.84318542480467
2022-02-25,105.26941680908205
2022-02-28,106.394775390625
2022-03-01,106.75868225097656
2022-03-02,105.13555145263672
2022-03-03,105.51994323730467
2022-03-04,105.62247467041016
2022-03-07,104.34107208251952
2022-03-08,103.71744537353516
2022-03-09,103.89684295654295
2022-03-10,102.70939636230467
2022-03-11,102.6667022705078
2022-03-14,101.18024444580078
2022-03-15,101.9747314453125
2022-03-16,102.84607696533205
2022-03-17,103.8541488647461
2022-03-18,104.05914306640624
2022-03-21,102.61544036865234
2022-03-22,102.3676986694336
2022-03-23,102.65814971923828
2022-03-24,102.70086669921876
2022-03-25,101.88932800292967
2022-03-28,102.453125
2022-03-29,103.31594848632812
2022-03-30,103.55514526367188
2022-03-31,103.31594848632812
2022-04-01,103.66265106201172
2022-04-04,104.02223205566406
2022-04-05,102.19872283935548
2022-04-06,101.59950256347656
2022-04-07,101.12864685058594
2022-04-08,100.33251953125
2022-04-11,99.35657501220705
2022-04-12,99.42504119873048
2022-04-13,99.93870544433594
2022-04-14,98.77442169189452
2022-04-18,98.02110290527344
2022-04-19,97.2420425415039
2022-04-20,98.2522201538086
2022-04-21,97.20780181884766
2022-04-22,97.09652709960938
2022-04-25,98.17518615722656
2022-04-26,98.12380981445312
2022-04-27,97.18214416503906
2022-04-28,97.47322845458984
2022-04-29,96.39453887939452
2022-05-02,95.82308959960938
2022-05-03,96.44086456298828
2022-05-04,97.38468933105467
2022-05-05,95.89173889160156
2022-05-06,95.07660675048828
2022-05-09,95.4112548828125
2022-05-10,95.81452941894533
2022-05-11,96.2606964111328
2022-05-12,96.30359649658205
2022-05-13,95.79737091064452
2022-05-16,95.92605590820312
2022-05-17,95.37696075439452
2022-05-18,95.72870635986328
2022-05-19,95.98611450195312
2022-05-20,96.4580535888672
2022-05-23,96.11480712890624
2022-05-24,97.3760986328125
2022-05-25,98.37998962402344
2022-05-26,98.4057159423828
2022-05-27,98.92053985595705
2022-05-31,98.19123840332033
2022-06-01,97.61842346191406
2022-06-02,97.6614227294922
2022-06-03,97.35182189941406
2022-06-06,96.66372680664062
2022-06-07,97.1797866821289
2022-06-08,96.6207504272461
2022-06-09,95.98426818847656
2022-06-10,95.0553970336914
2022-06-13,92.8622055053711
2022-06-14,92.38058471679688
2022-06-15,93.82547760009766
2022-06-16,93.9287109375
2022-06-17,94.117919921875
2022-06-21,93.17183685302734
2022-06-22,93.8512954711914
2022-06-23,94.57374572753906
2022-06-24,94.685546875
2022-06-27,93.81687927246094
2022-06-28,93.79110717773438
2022-06-29,94.35012817382812
2022-06-30,94.63395690917967
2022-07-01,95.83011627197266
2022-07-05,95.80423736572266
2022-07-06,95.32991027832033
2022-07-07,95.3212890625
2022-07-08,95.16605377197266
2022-07-11,95.43341064453124
2022-07-12,95.57136535644533
2022-07-13,96.28717803955078
2022-07-14,95.67488861083984
2022-07-15,96.44244384765624
2022-07-18,95.76971435546876
2022-07-19,96.03707885742188
2022-07-20,95.93357849121094
2022-07-21,97.24442291259766
2022-07-22,97.99472045898438
2022-07-25,97.16683197021484
2022-07-26,97.14957427978516
2022-07-27,97.79638671875
2022-07-28,98.6070327758789
2022-07-29,98.83989715576172
2022-08-01,99.03521728515624
2022-08-02,97.82498931884766
2022-08-03,98.88832092285156
2022-08-04,99.0439224243164
2022-08-05,97.70398712158205
2022-08-08,98.09295654296876
2022-08-09,97.65208435058594
2022-08-10,98.57706451416016
2022-08-11,97.62613677978516
2022-08-12,98.75861358642578
2022-08-15,98.68946075439452
2022-08-16,98.3091049194336
2022-08-17,97.38408660888672
2022-08-18,97.63479614257812
2022-08-19,96.47639465332033
2022-08-22,95.82801818847656
2022-08-23,95.93174743652344
2022-08-24,95.646484375
2022-08-25,96.63198852539062
2022-08-26,96.05281066894533
2022-08-29,95.34393310546876
2022-08-30,95.46492767333984
2022-08-31,94.46212768554688
2022-09-01,93.8934326171875
2022-09-02,93.96282196044922
2022-09-06,92.68846893310548
2022-09-07,93.95413970947266
2022-09-08,93.7374038696289
2022-09-09,93.95413970947266
2022-09-12,93.74607849121094
2022-09-13,93.06991577148438
2022-09-14,93.51202392578124
2022-09-15,93.0612564086914
2022-09-16,92.84452056884766
2022-09-19,93.00056457519533
2022-09-20,92.07295989990234
2022-09-21,92.41973114013672
2022-09-22,91.119384765625
2022-09-23,90.8593292236328
2022-09-26,89.28158569335938
2022-09-27,87.93787384033203
2022-09-28,89.70632934570312
2022-09-29,89.03886413574219
2022-09-30,88.81344604492188
2022-10-03,90.4564437866211
2022-10-04,90.87395477294922
2022-10-05,90.18682098388672
2022-10-06,89.97807312011719
2022-10-07,89.08222961425781
2022-10-10,88.28202819824219
2022-10-11,88.09938049316406
2022-10-12,87.99498748779297
2022-10-13,88.15152740478516
2022-10-14,87.30786895751953
2022-10-17,87.72537231445312
2022-10-18,88.24723815917969
2022-10-19,87.03823852539062
2022-10-20,86.2815170288086
2022-10-21,86.52507781982422
2022-10-24,86.4815902709961
2022-10-25,87.6384048461914
2022-10-26,88.03849792480469
2022-10-27,88.44727325439453
2022-10-28,88.62992858886719
2022-10-31,88.15152740478516
2022-11-01,88.78578186035156
2022-11-02,88.35830688476562
2022-11-03,88.04422760009766
2022-11-04,88.2187271118164
2022-11-07,87.89591979980469
2022-11-08,88.26238250732422
2022-11-09,88.03553009033203
2022-11-10,90.98429870605467
2022-11-11,91.2285614013672
2022-11-14,90.76619720458984
2022-11-15,92.03119659423828
2022-11-16,92.8163604736328
2022-11-17,92.31907653808594
2022-11-18,92.31037139892578
2022-11-21,92.17076873779295
2022-11-22,92.99085235595705
2022-11-23,93.92432403564452
2022-11-25,94.02027130126952
2022-11-28,93.33981323242188
2022-11-29,92.87744903564452
2022-11-30,94.01158142089844
2022-12-01,95.18785095214844
2022-12-02,95.76548767089844
2022-12-05,94.95156860351562
2022-12-06,95.2403793334961
2022-12-07,96.2993621826172
2022-12-08,95.9930648803711
2022-12-09,95.2753448486328
2022-12-12,95.1528549194336
2022-12-13,95.98429870605467
2022-12-14,96.0718231201172
2022-12-15,96.15259552001952
2022-12-16,95.73998260498048
2022-12-19,94.77433013916016
2022-12-20,93.65945434570312
2022-12-21,94.30029296875
2022-12-22,94.2739486694336
2022-12-23,93.98426055908205
2022-12-27,92.7728271484375
2022-12-28,92.4831085205078
2022-12-29,93.14151000976562
2022-12-30,92.55332946777344
2023-01-03,93.19418334960938
2023-01-04,93.8701629638672
2023-01-05,93.79989624023438
2023-01-06,95.33617401123048
2023-01-09,95.7136688232422
2023-01-10,95.38882446289062
2023-01-11,96.20523071289062
2023-01-12,97.29379272460938
2023-01-13,96.977783203125
2023-01-17,96.62664031982422
2023-01-18,97.7590789794922
2023-01-19,97.55716705322266
2023-01-20,97.04801177978516
2023-01-23,96.76709747314452
2023-01-24,97.27626037597656
2023-01-25,97.32014465332033
2023-01-26,97.28504180908205
2023-01-27,97.00411987304688
2023-01-30,96.63541412353516
2023-01-31,97.3289031982422
2023-02-01,98.31694793701172
2023-02-02,98.45784759521484
2023-02-03,97.33949279785156
2023-02-06,96.59098052978516
2023-02-07,96.27401733398438
2023-02-08,96.37086486816406
2023-02-09,95.56071472167967
2023-02-10,94.8914794921875
2023-02-13,95.24370574951172
2023-02-14,95.00594329833984
2023-02-15,94.64491271972656
2023-02-16,93.88763427734376
2023-02-17,94.25745391845705
2023-02-21,92.91898345947266
2023-02-22,93.1831512451172
2023-02-23,93.9140167236328
2023-02-24,93.2095718383789
2023-02-27,93.23600006103516
2023-02-28,93.27120208740234
2023-03-01,92.68973541259766
2023-03-02,92.769287109375
2023-03-03,93.82087707519533
2023-03-06,93.56460571289062
2023-03-07,93.29949188232422
2023-03-08,93.1492691040039
2023-03-09,93.0608901977539
2023-03-10,94.3952407836914
2023-03-13,94.4748077392578
2023-03-14,94.19198608398438
2023-03-15,95.0933837890625
2023-03-16,94.95197296142578
2023-03-17,95.4291763305664
2023-03-20,95.14640045166016
2023-03-21,95.60591888427734
2023-03-22,96.16263580322266
2023-03-23,96.43655395507812
2023-03-24,96.73699951171876
2023-03-27,95.57938385009766
2023-03-28,95.42033386230467
2023-03-29,95.86216735839844
2023-03-30,95.99473571777344
2023-03-31,96.86071014404295
2023-04-03,97.44580078125
2023-04-04,97.56987762451172
2023-04-05,97.88899230957033
2023-04-06,97.80036163330078
2023-04-10,97.34827423095705
2023-04-11,97.32168579101562
2023-04-12,97.11781311035156
2023-04-13,97.28622436523438
2023-04-14,96.96709442138672
2023-04-17,96.35547637939452
2023-04-18,96.67459106445312
2023-04-19,96.19590759277344
2023-04-20,96.5593719482422
2023-04-21,96.6213836669922
2023-04-24,97.04689025878906
2023-04-25,97.47238159179688
2023-04-26,97.04689025878906
2023-04-27,96.69230651855467
2023-04-28,97.44580078125
2023-05-01,95.8732452392578
2023-05-02,97.02952575683594
2023-05-03,97.18963623046876
2023-05-04,96.92279815673828
2023-05-05,96.54035186767578
2023-05-08,95.84657287597656
2023-05-09,95.81098175048828
2023-05-10,96.56702423095705
2023-05-11,96.9405746459961
2023-05-12,96.34463500976562
2023-05-15,95.82875061035156
2023-05-16,95.34845733642578
2023-05-17,95.33956909179688
2023-05-18,94.9393310546875
2023-05-19,94.8237075805664
2023-05-22,94.7881088256836
2023-05-23,94.98379516601562
2023-05-24,94.6102294921875
2023-05-25,94.29891204833984
2023-05-26,94.69918060302734
2023-05-30,95.41072845458984
2023-05-31,95.72206115722656
2023-06-01,96.01561737060548
2023-06-02,95.75684356689452
2023-06-05,95.5516128540039
2023-06-06,95.73900604248048
2023-06-07,94.88233947753906
2023-06-08,95.5159149169922
2023-06-09,95.26607513427734
2023-06-12,95.56945037841795
2023-06-13,95.1411361694336
2023-06-14,95.43560028076172
2023-06-15,96.26545715332033
2023-06-16,96.09593200683594
2023-06-20,96.44393920898438
2023-06-21,96.3368682861328
2023-06-22,95.837158203125
2023-06-23,96.10484313964844
2023-06-26,96.2119369506836
2023-06-27,96.10484313964844
2023-06-28,96.52424621582033
2023-06-29,95.79254150390624
2023-06-30,96.49748229980467
2023-07-03,96.22711944580078
2023-07-05,95.53781127929688
2023-07-06,94.57096862792967
2023-07-07,94.48143768310548
2023-07-10,94.97382354736328
2023-07-11,95.4214096069336
2023-07-12,96.2629165649414
2023-07-13,96.94330596923828
2023-07-14,96.1913070678711
2023-07-17,96.35245513916016
2023-07-18,96.59415435791016
2023-07-19,97.14024353027344
2023-07-20,96.48675537109376
2023-07-21,96.65684509277344
2023-07-24,96.54045104980467
2023-07-25,96.38827514648438
2023-07-26,96.83586883544922
2023-07-27,95.65418243408205
2023-07-28,96.28085327148438
2023-07-31,96.5494155883789
2023-08-01,95.58732604980467
2023-08-02,95.00345611572266
2023-08-03,94.15005493164062
2023-08-04,95.12921142578124
2023-08-07,94.89564514160156
2023-08-08,95.2729034423828
2023-08-09,95.36275482177734
2023-08-10,94.68904876708984
2023-08-11,94.36566925048828
2023-08-14,94.3297348022461
2023-08-15,93.83567810058594
2023-08-16,93.41346740722656
2023-08-17,93.16194915771484
2023-08-18,93.51228332519533
2023-08-21,92.95535278320312
2023-08-22,93.24281311035156
2023-08-23,94.5543212890625
2023-08-24,94.23090362548828
2023-08-25,94.2848129272461
2023-08-28,94.58124542236328
2023-08-29,95.33582305908205
2023-08-30,95.20105743408205
2023-08-31,95.36275482177734
2023-09-01,94.68394470214844
2023-09-05,94.0078125
2023-09-06,93.91769409179688
2023-09-07,94.33233642578124
2023-09-08,94.40447998046876
2023-09-11,94.22419738769533
2023-09-12,94.1971435546875
2023-09-13,94.40447998046876
2023-09-14,94.23318481445312
2023-09-15,94.0889663696289
2023-09-18,94.26925659179688
2023-09-19,93.9537353515625
2023-09-20,93.98977661132812
2023-09-21,93.04322052001952
2023-09-22,93.61116790771484
2023-09-25,92.70065307617188
2023-09-26,92.43923950195312
2023-09-27,92.00650787353516
2023-09-28,92.16876983642578
2023-09-29,91.97045135498048
2023-10-02,91.12786865234376
2023-10-03,90.07803344726562
2023-10-04,90.86539459228516
2023-10-05,90.75679779052734
2023-10-06,90.48528289794922
2023-10-09,91.60751342773438
2023-10-10,91.64373779296876
2023-10-11,92.20484161376952
2023-10-12,91.24549865722656
2023-10-13,91.7523193359375
2023-10-16,91.11880493164062
2023-10-17,90.39476776123048
2023-10-18,89.6707534790039
2023-10-19,88.94674682617188
2023-10-20,89.2996826171875
2023-10-23,89.99657440185547
2023-10-24,90.5033721923828
2023-10-25,89.67979431152344
2023-10-26,90.33142852783205
2023-10-27,90.15042114257812
2023-10-30,89.87891387939453
2023-10-31,89.75220489501953
2023-11-01,91.03662109375
2023-11-02,92.1175765991211
2023-11-03,92.57177734375
2023-11-06,92.08126068115234
2023-11-07,92.81702423095705
2023-11-08,93.28939056396484
2023-11-09,92.34468841552734
2023-11-10,92.80796813964844
2023-11-13,92.81702423095705
2023-11-14,94.2704086303711
2023-11-15,93.77989959716795
2023-11-16,94.552001953125
2023-11-17,94.82454681396484
2023-11-20,95.20603942871094
2023-11-21,95.23330688476562
2023-11-22,95.61483764648438
2023-11-24,95.12428283691406
2023-11-27,95.89641571044922
2023-11-28,96.27791595458984
2023-11-29,97.0591049194336
2023-11-30,96.55043029785156
2023-12-01,97.71292877197266
2023-12-04,97.2661590576172
2023-12-05,98.04114532470705
2023-12-06,98.4058609008789
2023-12-07,98.41498565673828
2023-12-08,97.88616943359376
2023-12-11,97.85880279541016
2023-12-12,98.41498565673828
2023-12-13,100.06526184082033
2023-12-14,101.1294403076172
2023-12-15,100.98303985595705
2023-12-18,100.56214141845705
2023-12-19,100.6902084350586
2023-12-20,100.95556640625
2023-12-21,100.9189910888672
2023-12-22,100.74512481689452
2023-12-26,100.95556640625
2023-12-27,101.8980712890625
2023-12-28,101.6326904296875
2023-12-29,101.2575225830078
2024-01-02,100.57125854492188
2024-01-03,100.34249877929688
2024-01-04,99.78434753417967
2024-01-05,99.42747497558594
2024-01-08,100.18695068359376
2024-01-09,100.36078643798828
2024-01-10,100.23269653320312
2024-01-11,100.83660888671876
2024-01-12,101.05620574951172
2024-01-16,100.0313949584961
2024-01-17,99.82093048095705
2024-01-18,99.62876892089844
2024-01-19,99.72943878173828
2024-01-22,100.0039520263672
2024-01-23,99.63792419433594
2024-01-24,99.44577026367188
2024-01-25,100.10459899902344
2024-01-26,99.82093048095705
2024-01-29,100.23269653320312
2024-01-30,100.552978515625
2024-01-31,100.80916595458984
2024-02-01,101.58878326416016
2024-02-02,100.6613311767578
2024-02-05,99.69713592529295
2024-02-06,100.2572784423828
2024-02-07,99.96344757080078
2024-02-08,99.44921112060548
2024-02-09,99.3206558227539
2024-02-12,99.32982635498048
2024-02-13,98.2370834350586
2024-02-14,98.69623565673828
2024-02-15,99.05435180664062
2024-02-16,98.69623565673828
2024-02-20,99.02680206298828
2024-02-21,98.77886962890624
2024-02-22,98.93496704101562
2024-02-23,99.2288055419922
2024-02-26,98.9166030883789
2024-02-27,98.77886962890624
2024-02-28,98.7696762084961
2024-02-29,98.86151123046876
2024-03-01,99.4633331298828
2024-03-04,99.27902221679688
2024-03-05,99.82273864746094
2024-03-06,100.09004974365234
2024-03-07,100.3388900756836
2024-03-08,100.47713470458984
2024-03-11,100.49557495117188
2024-03-12,100.1729965209961
2024-03-13,100.07161712646484
2024-03-14,99.33430480957033
2024-03-15,99.36194610595705
2024-03-18,99.19605255126952
2024-03-19,99.4817886352539
2024-03-20,99.66609191894533
2024-03-21,99.81356048583984
2024-03-22,100.15457153320312
2024-03-25,99.81356048583984
2024-03-26,99.78591918945312
2024-03-27,100.47713470458984
2024-03-28,100.38499450683594
2024-04-01,99.42375183105467
2024-04-02,99.2757568359375
2024-04-03,99.34050750732422
2024-04-04,99.45152282714844
2024-04-05,99.01671600341795
2024-04-08,99.00745391845705
2024-04-09,99.51628875732422
2024-04-10,98.10083770751952
2024-04-11,97.89730834960938
2024-04-12,98.11932373046876
2024-04-15,97.03693389892578
2024-04-16,96.71314239501952
2024-04-17,97.24044799804688
2024-04-18,97.04619598388672
2024-04-19,97.14793395996094
2024-04-22,97.3884735107422
2024-04-23,97.55500030517578
2024-04-24,97.17570495605467
2024-04-25,96.8888931274414
2024-04-26,97.25896453857422
2024-04-29,97.66600799560548
2024-04-30,97.1294403076172
2024-05-01,97.53346252441406
2024-05-02,98.13719940185548
2024-05-03,98.82449340820312
2024-05-06,99.10314178466795
2024-05-07,99.14958953857422
2024-05-08,98.89881134033205
2024-05-09,99.05669403076172
2024-05-10,98.7409210205078
2024-05-13,98.7780532836914
2024-05-14,99.06599426269533
2024-05-15,99.9483642578125
2024-05-16,99.79044342041016
2024-05-17,99.5582504272461
2024-05-20,99.5118179321289
2024-05-21,99.67899322509766
2024-05-22,99.5303955078125
2024-05-23,99.09386444091795
2024-05-24,99.36322021484376
2024-05-28,98.76876831054688
2024-05-29,98.23934936523438
2024-05-30,98.84307861328124
2024-05-31,99.27962493896484
2024-06-03,99.96488189697266
2024-06-04,100.35646057128906
2024-06-05,100.69210052490234
2024-06-06,100.6268310546875
2024-06-07,99.72248077392578
2024-06-10,99.5173568725586
2024-06-11,99.94625091552734
2024-06-12,100.56157684326172
2024-06-13,101.03707885742188
2024-06-14,101.12098693847656
2024-06-17,100.6454849243164
2024-06-18,101.11165618896484
2024-06-20,100.77601623535156
2024-06-21,100.80398559570312
2024-06-24,100.90655517578124
2024-06-25,100.8692626953125
2024-06-26,100.31917572021484
2024-06-27,100.51497650146484
2024-06-28,99.87165069580078
2024-07-01,99.27845001220705
2024-07-02,99.9146957397461
2024-07-03,100.65382385253906
2024-07-05,101.17777252197266
2024-07-08,101.1684112548828
2024-07-09,100.98129272460938
2024-07-10,101.22457122802734
2024-07-11,101.7672119140625
2024-07-12,102.14146423339844
2024-07-15,101.58008575439452
2024-07-16,102.16951751708984
2024-07-17,102.21630859375
2024-07-18,101.77655792236328
2024-07-19,101.4023208618164
2024-07-22,101.34619903564452
2024-07-23,101.27133178710938
2024-07-24,100.65382385253906
2024-07-25,101.05615234375
2024-07-26,101.61751556396484
2024-07-29,101.83270263671876
2024-07-30,101.91690063476562
2024-07-31,102.50634002685548
2024-08-01,102.84625244140624
2024-08-02,103.85095977783205
2024-08-05,103.58805847167967
2024-08-06,102.9119873046875
2024-08-07,102.44249725341795
2024-08-08,102.48944854736328
2024-08-09,103.01527404785156
2024-08-12,103.2312469482422
2024-08-13,103.9542465209961
2024-08-14,104.41436004638672
2024-08-15,104.09510040283205
2024-08-16,104.40496826171876
2024-08-19,104.64910888671876
2024-08-20,104.9214096069336
2024-08-21,105.15614318847656
2024-08-22,104.7242202758789
2024-08-23,105.32516479492188
2024-08-26,105.19371032714844
2024-08-27,105.10919952392578
2024-08-28,104.89322662353516
2024-08-29,104.7148208618164
2024-08-30,104.42373657226562
2024-09-03,104.73946380615234
2024-09-04,105.38972473144533
2024-09-05,105.9080581665039
2024-09-06,105.86092376708984
2024-09-09,106.09651184082033
2024-09-10,106.388671875
2024-09-11,106.43580627441406
2024-09-12,106.3603973388672
2024-09-13,106.69023895263672
2024-09-16,107.16143798828124
2024-09-17,107.1708755493164
2024-09-18,106.72793579101562
2024-09-19,106.82218170166016
2024-09-20,106.91641235351562
2024-09-23,106.765625
2024-09-24,106.9447021484375
2024-09-25,106.3132781982422
2024-09-26,106.3132781982422
2024-09-27,106.73736572265624
2024-09-30,106.47350311279295
2024-10-01,106.98518371582033
2024-10-02,106.74872589111328
2024-10-03,106.05825805664062
2024-10-04,105.48127746582033
2024-10-07,104.94214630126952
2024-10-08,105.15025329589844
2024-10-09,104.94214630126952
2024-10-10,104.8286590576172
2024-10-11,104.80974578857422
2024-10-14,104.8191909790039
2024-10-15,105.32996368408205
2024-10-16,105.66100311279295
2024-10-17,104.8759307861328
2024-10-18,104.7529754638672
2024-10-21,103.68415832519533
2024-10-22,103.67471313476562
2024-10-23,103.32473754882812
2024-10-24,103.63687896728516
2024-10-25,103.39095306396484
2024-10-28,103.30583190917967
2024-10-29,103.42880249023438
2024-10-30,103.29637145996094
2024-10-31,103.0882797241211
2024-11-01,102.52351379394533
2024-11-04,103.28286743164062
2024-11-05,103.77645874023438
2024-11-06,102.6943588256836
2024-11-07,103.90934753417967
2024-11-08,104.27003479003906
2024-11-11,104.07070922851562
2024-11-12,103.1310043334961
2024-11-13,102.7418212890625
2024-11-14,102.71334838867188
2024-11-15,102.76081848144533
2024-11-18,102.95065307617188
2024-11-19,103.16895294189452
2024-11-20,102.92217254638672
2024-11-21,102.79878997802734
2024-11-22,102.89369201660156
2024-11-25,104.17512512207033
2024-11-26,103.90934753417967
2024-11-27,104.28903198242188
2024-11-29,104.93447875976562
2024-12-02,105.09927368164062
2024-12-03,104.727783203125
2024-12-04,105.2326202392578
2024-12-05,105.20404052734376
2024-12-06,105.4421615600586
2024-12-09,105.17548370361328
2024-12-10,105.01353454589844
2024-12-11,104.727783203125
2024-12-12,104.1372528076172
2024-12-13,103.55620574951172
2024-12-16,103.6895751953125
2024-12-17,103.69908905029295
2024-12-18,102.4134292602539
2024-12-19,101.8590087890625
2024-12-20,102.26048278808594
2024-12-23,101.96414947509766
2024-12-24,102.27960205078124
2024-12-26,102.3751983642578
2024-12-27,101.9450454711914
2024-12-30,102.3847427368164
2024-12-31,102.1266632080078
2025-01-02,102.13621520996094
2025-01-03,101.89725494384766
2025-01-06,101.63916015625
2025-01-07,101.1707763671875
2025-01-08,101.33328247070312
2025-01-10,100.75018310546876
2025-01-13,100.4634246826172
2025-01-14,100.578125
2025-01-15,101.78255462646484
2025-01-16,101.98328399658205
2025-01-17,102.0693130493164
2025-01-21,102.66194915771484
2025-01-22,102.33694458007812
2025-01-23,102.19358825683594
2025-01-24,102.39430236816406
2025-01-27,103.10164642333984
2025-01-28,102.95828247070312
2025-01-29,102.824462890625
2025-01-30,103.05387115478516
2025-01-31,102.71930694580078
2025-02-03,102.8814468383789
2025-02-04,103.08291625976562
2025-02-05,103.80242156982422
2025-02-06,103.61055755615234
2025-02-07,103.1596450805664
2025-02-10,103.18844604492188
2025-02-11,102.95819091796876
2025-02-12,102.40174865722656
2025-02-13,103.19802856445312
2025-02-14,103.60095977783205
2025-02-18,103.17884063720705
2025-02-19,103.23640441894533
2025-02-20,103.48583984375
2025-02-21,103.8503875732422
2025-02-24,104.1190185546875
2025-02-25,104.9152603149414
2025-02-26,105.13591766357422
2025-02-27,104.69463348388672
2025-02-28,105.15511322021484
2025-03-03,105.48734283447266
2025-03-04,105.14067840576172
2025-03-05,104.80363464355467
2025-03-06,104.4761962890625
2025-03-07,104.31248474121094
2025-03-10,104.66880798339844
2025-03-11,103.98505401611328
2025-03-12,103.67691802978516
2025-03-13,104.00433349609376
2025-03-14,103.95616912841795
2025-03-17,104.16802978515624
2025-03-18,104.4184341430664
2025-03-19,105.03475189208984
2025-03-20,104.88066864013672
2025-03-21,104.73622131347656
2025-03-24,104.28359985351562
2025-03-25,104.38953399658205
2025-03-26,103.9658203125
2025-03-27,103.8406219482422
2025-03-28,104.46656799316406
2025-03-31,104.66880798339844
2025-04-01,105.04291534423828
2025-04-02,105.28459167480467
2025-04-03,105.2749252319336
2025-04-04,105.15892028808594
2025-04-07,103.10950469970705
2025-04-08,101.8044204711914
2025-04-09,103.50585174560548
2025-04-10,101.74642181396484
2025-04-11,101.72710418701172
2025-04-14,102.35545349121094
2025-04-15,102.90648651123048
2025-04-16,103.34149932861328
2025-04-17,103.19649505615234
2025-04-21,102.08477783203124
2025-04-22,102.33612060546876
2025-04-23,102.7904815673828
2025-04-24,103.84417724609376
2025-04-25,104.39521026611328
2025-04-28,104.63688659667967
2025-04-29,104.87857818603516
2025-04-30,104.38555908203124
2025-05-01,104.0186538696289
2025-05-02,103.76630401611328
2025-05-05,103.6207275390625
2025-05-06,103.82453918457033
2025-05-07,104.0380859375
2025-05-08,103.5139617919922
2025-05-09,103.47512817382812
2025-05-12,103.45571899414062
2025-05-13,103.54306030273438
2025-05-14,103.01895141601562
2025-05-15,103.75659942626952
2025-05-16,103.9507293701172
2025-05-19,103.96043395996094
2025-05-20,103.70807647705078
2025-05-21,102.5530776977539
2025-05-22,103.07717895507812
2025-05-23,103.1548309326172
2025-05-27,104.08660125732422
2025-05-28,103.83424377441406
2025-05-29,104.30013275146484
2025-05-30,104.60101318359376
2025-06-02,104.30487823486328
2025-06-03,104.35356903076172
2025-06-04,105.11344146728516
2025-06-05,104.7919692993164
2025-06-06,104.15874481201172
2025-06-09,104.4704818725586
2025-06-10,104.7237777709961
2025-06-11,105.05498504638672
2025-06-12,105.63949584960938
2025-06-13,105.00628662109376
2025-06-16,104.82118225097656
2025-06-17,105.18162536621094
2025-06-18,105.2595672607422
2025-06-20,105.34724426269533
2025-06-23,105.61027526855467
2025-06-24,106.10708618164062
2025-06-25,105.98046112060548
2025-06-26,106.37012481689452
2025-06-27,106.19477081298828
2025-06-30,106.7792739868164
2025-07-01,106.90834045410156
2025-07-02,106.88878631591795
2025-07-03,106.63457489013672
2025-07-07,105.99903106689452
2025-07-08,105.69591522216795
2025-07-09,106.30213165283205
2025-07-10,106.32168579101562
2025-07-11,105.6763687133789
2025-07-14,105.64703369140624
2025-07-15,105.26570129394533
2025-07-16,105.4319305419922
2025-07-17,105.6861343383789
2025-07-18,105.8816909790039
2025-07-21,106.29234313964844
2025-07-22,106.54656982421876
2025-07-23,106.3803482055664
2025-07-24,106.22390747070312
2025-07-25,106.56612396240234
2025-07-28,106.35101318359376
2025-07-29,107.05500793457033
2025-07-30,106.65412139892578
2025-07-31,106.6834487915039
2025-08-01,107.6298599243164
2025-08-04,107.81639862060548
2025-08-05,107.89493560791016
2025-08-06,107.8655014038086
2025-08-07,107.75749969482422
2025-08-08,107.41388702392578
2025-08-11,107.58078002929688
2025-08-12,107.678955078125
2025-08-13,108.24836730957033
2025-08-14,107.87529754638672
2025-08-15,107.73786163330078
2025-08-18,107.54150390625
2025-08-19,107.70840454101562
2025-08-20,107.75749969482422
2025-08-21,107.34515380859376
2025-08-22,108.18946075439452
2025-08-25,107.90475463867188
2025-08-26,107.98330688476562
2025-08-27,108.0225601196289
2025-08-28,108.18946075439452
2025-08-29,107.7967758178711
2025-09-02,107.4361801147461
2025-09-03,108.07655334472656
2025-09-04,108.81546020507812
2025-09-05,109.52481079101562
2025-09-08,109.9090347290039
2025-09-09,109.71199798583984
2025-09-10,110.03711700439452
2025-09-11,110.54940795898438
2025-09-12,110.35237121582033
2025-09-15,110.69719696044922
2025-09-16,110.5986785888672
2025-09-17,110.4016342163086
2025-09-18,110.17504119873048
2025-09-19,110.08636474609376
2025-09-22,109.84007263183594
2025-09-23,110.05680847167967
2025-09-24,109.6134796142578
2025-09-25,109.41643524169922
2025-09-26,109.564208984375
2025-09-29,109.92874145507812
2025-09-30,109.82036590576172
2025-10-01,110.2613754272461
2025-10-02,110.43936157226562
2025-10-03,110.30093383789062
2025-10-06,109.94496154785156
2025-10-07,110.15260314941406
2025-10-08,110.01417541503906
2025-10-09,109.796630859375
2025-10-10,110.10315704345705
2025-10-13,110.47891998291016
2025-10-14,110.84476470947266
2025-10-15,110.84476470947266
2025-10-16,111.16118621826172
2025-10-17,110.94364166259766
2025-10-20,111.27983856201172
2025-10-21,111.29961395263672
2025-10-22,111.40838623046876
2025-10-23,111.26994323730467
2025-10-24,111.45781707763672
2025-10-27,111.64569854736328
2025-10-28,111.65558624267578
2025-10-29,111.02274322509766
2025-10-30,110.4294662475586
2025-10-31,109.98451232910156
2025-11-03,109.68877410888672
2025-11-04,109.83763885498048
2025-11-05,109.51013946533205
2025-11-06,110.08573150634766
2025-11-07,109.86740112304688
2025-11-10,109.92694854736328
2025-11-11,110.36360168457033
2025-11-12,110.25443267822266
2025-11-13,109.70863342285156
2025-11-14,109.4109115600586
2025-11-17,109.48037719726562
2025-11-18,109.52999877929688
2025-11-19,109.5399169921875
2025-11-20,109.68877410888672
2025-11-21,110.07581329345705
2025-11-24,110.51246643066406
2025-11-25,110.82009887695312
2025-11-26,111.19721221923828
2025-11-28,111.00865936279295
2025-12-01,110.41399383544922
2025-12-02,110.48371887207033
2025-12-03,110.73274230957033
2025-12-04,110.53353118896484
2025-12-05,110.42395782470705
2025-12-08,110.19486236572266
2025-12-09,110.05541229248048
2025-12-10,110.56340789794922
2025-12-11,110.40403747558594
2025-12-12,109.7366714477539
2025-12-15,109.8661651611328
2025-12-16,110.11518096923828
2025-12-17,109.9956512451172
2025-12-18,110.41399383544922
2025-12-19,110.12999725341795
2025-12-22,110.11000061035156
2025-12-23,110.22000122070312
2025-12-24,110.6500015258789
2025-12-26,110.63999938964844
2025-12-29,110.79000091552734
2025-12-30,110.66000366210938
2025-12-31,110.19000244140624
2026-01-02,110.16000366210938
2026-01-05,110.47000122070312
2026-01-06,110.47000122070312
2026-01-07,110.5500030517578
2026-01-08,110.23999786376952
2026-01-09,110.63999938964844
2026-01-12,110.51000213623048
2026-01-13,110.75
2026-01-14,111.02999877929688
2026-01-15,110.88999938964844
2026-01-16,110.56999969482422
2026-01-20,109.9000015258789
2026-01-21,110.55999755859376
2026-01-22,110.7699966430664
