date,value
2005-01-03,22.78891944885254
2005-01-04,22.446407318115234
2005-01-05,21.700239181518555
2005-01-06,21.867406845092773
2005-01-07,21.81848907470703
2005-01-10,21.74916648864746
2005-01-11,21.528982162475582
2005-01-12,21.42704200744629
2005-01-13,21.42704200744629
2005-01-14,21.69208335876465
2005-01-18,21.90412330627441
2005-01-19,21.92451286315918
2005-01-20,21.85519027709961
2005-01-21,21.87557029724121
2005-01-24,21.700239181518555
2005-01-25,21.2924919128418
2005-01-26,21.227245330810547
2005-01-27,21.07638931274414
2005-01-28,21.10900115966797
2005-01-31,21.08453369140625
2005-02-01,21.239482879638672
2005-02-02,21.47597312927246
2005-02-03,21.54121398925781
2005-02-04,21.83479881286621
2005-02-07,21.76140785217285
2005-02-08,21.81440734863281
2005-02-09,21.95305061340332
2005-02-10,22.12020874023437
2005-02-11,22.18545722961425
2005-02-14,22.18952178955078
2005-02-15,22.287397384643555
2005-02-16,22.417877197265625
2005-02-17,22.40155792236328
2005-02-18,22.20584297180176
2005-02-22,21.56976318359375
2005-02-23,21.48821258544922
2005-02-24,21.50452041625977
2005-02-25,21.81440734863281
2005-02-28,21.753246307373047
2005-03-01,21.981586456298828
2005-03-02,21.83479881286621
2005-03-03,21.95305061340332
2005-03-04,22.36486053466797
2005-03-07,22.47087860107422
2005-03-08,22.3444766998291
2005-03-09,21.71247100830078
2005-03-10,21.85925674438477
2005-03-11,21.61461639404297
2005-03-14,21.91634559631348
2005-03-15,21.88780212402344
2005-03-16,21.626840591430664
2005-03-17,21.85519027709961
2005-03-18,21.777711868286133
2005-03-21,21.630918502807617
2005-03-22,21.243558883666992
2005-03-23,21.206863403320312
2005-03-24,21.249774932861328
2005-03-28,21.14250373840332
2005-03-29,21.15074920654297
2005-03-30,21.431325912475582
2005-03-31,21.381813049316406
2005-04-01,21.39419174194336
2005-04-04,21.299285888671875
2005-04-05,21.249774932861328
2005-04-06,21.36118507385254
2005-04-07,21.55510902404785
2005-04-08,21.456085205078125
2005-04-11,21.476715087890625
2005-04-12,21.76555252075196
2005-04-13,21.79030418395996
2005-04-14,21.583999633789062
2005-04-15,21.74491310119629
2005-04-18,21.71190643310547
2005-04-19,21.819190979003903
2005-04-20,21.76555252075196
2005-04-21,21.76141929626465
2005-04-22,21.93060111999512
2005-04-25,22.169910430908203
2005-04-26,22.19879150390625
2005-04-27,22.37210464477539
2005-04-28,22.318452835083008
2005-04-29,22.61553955078125
2005-05-02,22.599029541015625
2005-05-03,22.63203811645508
2005-05-04,22.65266990661621
2005-05-05,22.94150161743164
2005-05-06,22.65266990661621
2005-05-09,23.04466438293457
2005-05-10,23.04466438293457
2005-05-11,23.057048797607425
2005-05-12,22.82598114013672
2005-05-13,22.817720413208008
2005-05-16,22.92499732971192
2005-05-17,23.127178192138672
2005-05-18,23.35412979125977
2005-05-19,23.66358757019043
2005-05-20,23.713096618652344
2005-05-23,23.766740798950195
2005-05-24,23.43665885925293
2005-05-25,23.14781188964844
2005-05-26,23.048789978027344
2005-05-27,23.16844749450684
2005-05-31,23.41188240051269
2005-06-01,23.68009185791016
2005-06-02,23.59756088256836
2005-06-03,23.60169219970703
2005-06-06,23.779115676879883
2005-06-07,23.98129844665528
2005-06-08,24.0803279876709
2005-06-09,24.105093002319336
2005-06-10,24.05557632446289
2005-06-13,24.166990280151367
2005-06-14,24.36501884460449
2005-06-15,24.418676376342773
2005-06-16,24.443443298339844
2005-06-17,24.71988868713379
2005-06-20,24.69926071166992
2005-06-21,24.48883056640625
2005-06-22,24.45168113708496
2005-06-23,24.36501884460449
2005-06-24,24.31552124023437
2005-06-27,24.28381729125977
2005-06-28,24.404800415039062
2005-06-29,24.48406219482422
2005-06-30,24.488237380981445
2005-07-01,24.696815490722656
2005-07-05,25.00971031188965
2005-07-06,24.94713020324707
2005-07-07,24.97216415405273
2005-07-08,25.397676467895508
2005-07-11,25.706377029418945
2005-07-12,25.702226638793945
2005-07-13,25.55203056335449
2005-07-14,25.126508712768555
2005-07-15,25.230812072753903
2005-07-18,25.29755210876465
2005-07-19,25.48945999145508
2005-07-20,25.7147274017334
2005-07-21,25.351789474487305
2005-07-22,25.55203056335449
2005-07-25,25.55203056335449
2005-07-26,25.83572196960449
2005-07-27,25.90662956237793
2005-07-28,26.269580841064453
2005-07-29,26.236194610595703
2005-08-01,26.21951484680176
2005-08-02,26.407241821289062
2005-08-03,26.34466552734375
2005-08-04,25.898298263549805
2005-08-05,25.001361846923828
2005-08-08,24.100255966186523
2005-08-09,24.2128963470459
2005-08-10,24.446510314941406
2005-08-11,24.77191734313965
2005-08-12,24.75104713439941
2005-08-15,24.98467063903809
2005-08-16,25.13068008422852
2005-08-17,24.930435180664062
2005-08-18,24.763568878173828
2005-08-19,24.675960540771484
2005-08-22,24.75104713439941
2005-08-23,24.85533905029297
2005-08-24,24.942955017089844
2005-08-25,24.97216415405273
2005-08-26,24.6634464263916
2005-08-29,24.66762351989746
2005-08-30,24.74269676208496
2005-08-31,25.17239761352539
2005-09-01,25.397676467895508
2005-09-02,25.330930709838867
2005-09-06,25.873262405395508
2005-09-07,25.819026947021484
2005-09-08,25.65216064453125
2005-09-09,25.78148651123047
2005-09-12,25.702226638793945
2005-09-13,25.506147384643555
2005-09-14,25.485280990600582
2005-09-15,25.49779510498047
2005-09-16,25.55203056335449
2005-09-19,25.351789474487305
2005-09-20,25.15572166442871
2005-09-21,24.600879669189453
2005-09-22,24.7343692779541
2005-09-23,24.75522232055664
2005-09-26,24.95187759399414
2005-09-27,24.888566970825195
2005-09-28,24.64805221557617
2005-09-29,25.107999801635746
2005-09-30,25.508882522583008
2005-10-03,25.43292808532715
2005-10-04,25.002500534057617
2005-10-05,24.614288330078125
2005-10-06,24.58051872253418
2005-10-07,24.32733917236328
2005-10-10,24.01506233215332
2005-10-11,23.90956687927246
2005-10-12,23.479145050048828
2005-10-13,23.48336601257324
2005-10-14,24.027727127075195
2005-10-17,24.166975021362305
2005-10-18,23.93490028381348
2005-10-19,24.20495986938477
2005-10-20,23.820947647094727
2005-10-21,24.04883003234864
2005-10-24,24.53832626342773
2005-10-25,24.43705940246582
2005-10-26,24.18807983398437
2005-10-27,23.926456451416016
2005-10-28,24.64805221557617
2005-10-31,24.774633407592773
2005-11-01,24.22606086730957
2005-11-02,24.449705123901367
2005-11-03,24.377965927124023
2005-11-04,24.23870658874512
2005-11-07,24.35264778137207
2005-11-08,24.285133361816406
2005-11-09,24.55942153930664
2005-11-10,25.141752243041992
2005-11-11,25.243043899536133
2005-11-14,25.22194099426269
2005-11-15,25.20929527282715
2005-11-16,25.065797805786133
2005-11-17,25.479352951049805
2005-11-18,25.57218170166016
2005-11-21,25.69877243041992
2005-11-22,26.027931213378903
2005-11-23,26.14186668395996
2005-11-25,26.230478286743164
2005-11-28,25.94352531433105
2005-11-29,25.960412979125977
2005-11-30,25.804275512695312
2005-12-01,26.179845809936523
2005-12-02,26.049036026000977
2005-12-05,25.95196914672852
2005-12-06,25.86756896972656
2005-12-07,25.73254776000977
2005-12-08,25.926658630371094
2005-12-09,25.99416923522949
2005-12-12,26.01103973388672
2005-12-13,26.13764953613281
2005-12-14,26.18828392028809
2005-12-15,25.98995780944824
2005-12-16,26.08278465270996
2005-12-19,25.74097442626953
2005-12-20,25.77474021911621
2005-12-21,25.93085670471192
2005-12-22,26.07856750488281
2005-12-23,26.16718864440918
2005-12-27,26.048873901367188
2005-12-28,26.018543243408203
2005-12-29,25.88421058654785
2005-12-30,25.810529708862305
2006-01-03,26.330554962158203
2006-01-04,26.52556228637696
2006-01-05,26.729232788085938
2006-01-06,26.980592727661133
2006-01-09,27.210268020629883
2006-01-10,27.37493705749512
2006-01-11,27.418275833129883
2006-01-12,27.34026908874512
2006-01-13,27.002256393432617
2006-01-17,26.893918991088867
2006-01-18,26.88957595825196
2006-01-19,27.227598190307617
2006-01-20,26.96324920654297
2006-01-23,27.084585189819336
2006-01-24,27.288265228271484
2006-01-25,27.305606842041016
2006-01-26,27.396604537963867
2006-01-27,27.704286575317383
2006-01-30,27.6826286315918
2006-01-31,27.75628471374512
2006-02-01,27.88630104064941
2006-02-02,27.6912841796875
2006-02-03,27.44860076904297
2006-02-06,27.552608489990234
2006-02-07,27.33593368530273
2006-02-08,27.214609146118164
2006-02-09,27.3446102142334
2006-02-10,27.3705997467041
2006-02-13,27.40959930419922
2006-02-14,27.561277389526367
2006-02-15,27.80396842956543
2006-02-16,27.99030113220215
2006-02-17,28.2893123626709
2006-02-21,28.2546443939209
2006-02-22,28.57099914550781
2006-02-23,28.52331924438477
2006-02-24,28.37165069580078
2006-02-27,28.37599754333496
2006-02-28,28.27198028564453
2006-03-01,28.436664581298828
2006-03-02,28.401979446411133
2006-03-03,28.24598503112793
2006-03-06,28.75733757019043
2006-03-07,28.41066169738769
2006-03-08,28.558006286621094
2006-03-09,28.792011260986328
2006-03-10,29.05201530456543
2006-03-13,28.8613395690918
2006-03-14,29.06935310363769
2006-03-15,29.619705200195312
2006-03-16,29.927385330200195
2006-03-17,30.19606590270996
2006-03-20,29.68783187866211
2006-03-21,29.343482971191406
2006-03-22,29.408870697021484
2006-03-23,29.487329483032227
2006-03-24,29.44374084472656
2006-03-27,29.10375213623047
2006-03-28,29.42629814147949
2006-03-29,29.975515365600582
2006-03-30,29.543994903564453
2006-03-31,29.605016708374023
2006-04-03,29.09503746032715
2006-04-04,28.89453315734864
2006-04-05,29.051448822021484
2006-04-06,28.93377494812012
2006-04-07,28.497875213623047
2006-04-10,28.227632522583008
2006-04-11,28.15789031982422
2006-04-12,28.15789031982422
2006-04-13,27.78738212585449
2006-04-17,27.70893096923828
2006-04-18,28.38455390930176
2006-04-19,28.73325157165528
2006-04-20,28.763761520385746
2006-04-21,28.768123626708984
2006-04-24,28.619932174682617
2006-04-25,28.401979446411133
2006-04-26,28.31480598449707
2006-04-27,28.4935245513916
2006-04-28,28.59813690185547
2006-05-01,28.2537784576416
2006-05-02,27.96610641479492
2006-05-03,28.01839828491211
2006-05-04,28.41506004333496
2006-05-05,28.78119850158692
2006-05-08,28.907611846923828
2006-05-09,28.89453315734864
2006-05-10,28.789915084838867
2006-05-11,28.258146286010746
2006-05-12,27.90070915222168
2006-05-15,28.2842960357666
2006-05-16,28.17531394958496
2006-05-17,27.647911071777344
2006-05-18,27.434329986572266
2006-05-19,27.49970054626465
2006-05-22,27.425613403320312
2006-05-23,27.12485313415528
2006-05-24,27.168437957763672
2006-05-25,27.67843246459961
2006-05-26,28.009700775146484
2006-05-30,27.77866744995117
2006-05-31,27.82660865783692
2006-06-01,28.336593627929688
2006-06-02,28.663515090942383
2006-06-05,28.80299186706543
2006-06-06,28.458641052246094
2006-06-07,28.659151077270508
2006-06-08,28.59813690185547
2006-06-09,28.785552978515625
2006-06-12,28.441211700439453
2006-06-13,28.1491756439209
2006-06-14,27.9094352722168
2006-06-15,28.4935245513916
2006-06-16,28.436861038208008
2006-06-19,28.240711212158203
2006-06-20,28.092510223388672
2006-06-21,28.41941261291504
2006-06-22,28.218914031982425
2006-06-23,28.00533103942871
2006-06-26,28.30400848388672
2006-06-27,28.27318572998047
2006-06-28,28.356884002685547
2006-06-29,28.986862182617188
2006-06-30,29.207109451293945
2006-07-03,29.74893951416016
2006-07-05,29.70048713684082
2006-07-06,29.770978927612305
2006-07-07,29.64763069152832
2006-07-10,29.8810977935791
2006-07-11,29.929576873779297
2006-07-12,30.008861541748047
2006-07-13,29.603578567504883
2006-07-14,29.19829750061035
2006-07-17,29.19829750061035
2006-07-18,29.638813018798828
2006-07-19,30.09696388244629
2006-07-20,29.850271224975582
2006-07-21,29.361289978027344
2006-07-24,29.845870971679688
2006-07-25,30.00004768371582
2006-07-26,30.105772018432617
2006-07-27,30.008861541748047
2006-07-28,30.44498443603516
2006-07-31,30.343650817871094
2006-08-01,30.18507194519043
2006-08-02,30.127790451049805
2006-08-03,30.41415023803711
2006-08-04,30.89432144165039
2006-08-07,30.590368270874023
2006-08-08,30.1366024017334
2006-08-09,29.951589584350582
2006-08-10,29.97362327575684
2006-08-11,29.788589477539062
2006-08-14,30.07494163513184
2006-08-15,30.41856575012207
2006-08-16,30.47581672668457
2006-08-17,30.431764602661133
2006-08-18,30.56833839416504
2006-08-21,30.744548797607425
2006-08-22,30.96040725708008
2006-08-23,30.72250938415528
2006-08-24,30.84146308898925
2006-08-25,30.81943321228028
2006-08-28,31.18506622314453
2006-08-29,31.1894645690918
2006-08-30,31.374496459960938
2006-08-31,31.400941848754883
2006-09-01,31.22031211853028
2006-09-05,31.537494659423828
2006-09-06,31.387704849243164
2006-09-07,31.1322021484375
2006-09-08,31.427366256713867
2006-09-11,31.5286922454834
2006-09-12,31.933971405029297
2006-09-13,32.11458969116211
2006-09-14,31.94278144836425
2006-09-15,32.19828414916992
2006-09-18,31.969221115112305
2006-09-19,32.20709228515625
2006-09-20,32.13661575317383
2006-09-21,31.77977561950684
2006-09-22,31.863500595092773
2006-09-25,31.911521911621094
2006-09-26,31.83591651916504
2006-09-27,32.11606979370117
2006-09-28,32.049373626708984
2006-09-29,32.01824188232422
2006-10-02,31.95600318908692
2006-10-03,32.26727294921875
2006-10-04,32.64083480834961
2006-10-05,32.8542594909668
2006-10-06,32.649715423583984
2006-10-09,32.83647918701172
2006-10-10,32.8409423828125
2006-10-11,32.7164192199707
2006-10-12,33.01435852050781
2006-10-13,33.39236068725586
2006-10-16,33.46351623535156
2006-10-17,33.352333068847656
2006-10-18,33.52132034301758
2006-10-19,33.44126892089844
2006-10-20,33.39680862426758
2006-10-23,33.5969352722168
2006-10-24,33.42348861694336
2006-10-25,33.59247589111328
2006-10-26,33.9260139465332
2006-10-27,33.6992073059082
2006-10-30,33.89041519165039
2006-10-31,33.94823455810547
2006-11-01,33.68586730957031
2006-11-02,33.04548645019531
2006-11-03,32.68085861206055
2006-11-06,32.98323440551758
2006-11-07,32.62302780151367
2006-11-08,32.73420715332031
2006-11-09,32.78312683105469
2006-11-10,32.91653060913086
2006-11-13,32.99656295776367
2006-11-14,33.41461181640625
2006-11-15,33.45462417602539
2006-11-16,33.6814079284668
2006-11-17,33.55244064331055
2006-11-20,34.71310043334961
2006-11-21,35.2734375
2006-11-22,35.429073333740234
2006-11-24,35.580265045166016
2006-11-27,34.619728088378906
2006-11-28,34.71310043334961
2006-11-29,35.20227813720703
2006-11-30,35.57137680053711
2006-12-01,35.50467300415039
2006-12-04,35.918243408203125
2006-12-05,35.642547607421875
2006-12-06,35.442420959472656
2006-12-07,35.2244987487793
2006-12-08,35.34014129638672
2006-12-11,35.4201774597168
2006-12-12,35.260101318359375
2006-12-13,35.0777702331543
2006-12-14,35.104454040527344
2006-12-15,34.84207534790039
2006-12-18,34.624176025390625
2006-12-19,34.33066177368164
2006-12-20,34.69088363647461
2006-12-21,34.40626525878906
2006-12-22,34.1042594909668
2006-12-26,34.34914779663086
2006-12-27,34.65747833251953
2006-12-28,34.752716064453125
2006-12-29,34.915958404541016
2007-01-03,34.970359802246094
2007-01-04,35.015716552734375
2007-01-05,34.36728286743164
2007-01-08,34.41716384887695
2007-01-09,34.85245132446289
2007-01-10,35.3013801574707
2007-01-11,35.75938415527344
2007-01-12,35.872737884521484
2007-01-16,36.38061141967773
2007-01-17,36.36699676513672
2007-01-18,36.321659088134766
2007-01-19,36.68441390991211
2007-01-22,36.37606430053711
2007-01-23,36.54838562011719
2007-01-24,37.024505615234375
2007-01-25,37.251243591308594
2007-01-26,37.373680114746094
2007-01-29,37.49610900878906
2007-01-30,37.6820182800293
2007-01-31,37.981292724609375
2007-02-01,38.130950927734375
2007-02-02,38.19895553588867
2007-02-05,38.19895553588867
2007-02-06,38.7612419128418
2007-02-07,39.57291793823242
2007-02-08,39.26912307739258
2007-02-09,38.81565475463867
2007-02-12,38.11279296875
2007-02-13,38.8519287109375
2007-02-14,38.575340270996094
2007-02-15,38.86099243164063
2007-02-16,38.7612419128418
2007-02-20,39.0605354309082
2007-02-21,38.93357467651367
2007-02-22,38.7249755859375
2007-02-23,38.04933547973633
2007-02-26,37.858863830566406
2007-02-27,36.68441390991211
2007-02-28,36.95649719238281
2007-03-01,36.58467864990234
2007-03-02,36.004234313964844
2007-03-05,34.60306167602539
2007-03-06,35.872737884521484
2007-03-07,35.369407653808594
2007-03-08,35.93622970581055
2007-03-09,36.412353515625
2007-03-12,36.59371566772461
2007-03-13,35.73218536376953
2007-03-14,35.904476165771484
2007-03-15,36.22643280029297
2007-03-16,35.82284927368164
2007-03-19,36.18108367919922
2007-03-20,36.32618713378906
2007-03-21,36.76603698730469
2007-03-22,36.80231094360352
2007-03-23,36.825008392333984
2007-03-26,36.23528671264648
2007-03-27,35.85675048828125
2007-03-28,35.619571685791016
2007-03-29,35.67887496948242
2007-03-30,36.18967819213867
2007-04-02,36.41771697998047
2007-04-03,36.73698425292969
2007-04-04,36.55454635620117
2007-04-05,36.5180778503418
2007-04-09,36.58647155761719
2007-04-10,36.73698425292969
2007-04-11,36.18967819213867
2007-04-12,35.94340515136719
2007-04-13,36.34931182861328
2007-04-16,36.39491271972656
2007-04-17,36.86924743652344
2007-04-18,36.64118576049805
2007-04-19,36.39491271972656
2007-04-20,36.6685676574707
2007-04-23,37.07902908325195
2007-04-24,36.82817840576172
2007-04-25,36.80538177490234
2007-04-26,36.82817840576172
2007-04-27,36.73698425292969
2007-04-30,36.14407730102539
2007-05-01,35.829368591308594
2007-05-02,36.11214828491211
2007-05-03,36.20792770385742
2007-05-04,35.89323043823242
2007-05-07,35.993553161621094
2007-05-08,35.75640869140625
2007-05-09,36.14407730102539
2007-05-10,35.660640716552734
2007-05-11,36.14407730102539
2007-05-14,35.93882751464844
2007-05-15,35.39155197143555
2007-05-16,34.953712463378906
2007-05-17,34.34712600708008
2007-05-18,34.00050354003906
2007-05-21,34.13734436035156
2007-05-22,34.643577575683594
2007-05-23,34.379058837890625
2007-05-24,33.804386138916016
2007-05-25,33.995941162109375
2007-05-29,35.2091178894043
2007-05-30,36.15319061279297
2007-05-31,36.00725173950195
2007-06-01,36.05740737915039
2007-06-04,36.20335388183594
2007-06-05,35.628692626953125
2007-06-06,35.3869743347168
2007-06-07,34.274173736572266
2007-06-08,34.684627532958984
2007-06-11,34.164695739746094
2007-06-12,33.571807861328125
2007-06-13,34.3151969909668
2007-06-14,33.945796966552734
2007-06-15,34.31977081298828
2007-06-18,33.79070281982422
2007-06-19,33.85456085205078
2007-06-20,32.8375129699707
2007-06-21,33.01994323730469
2007-06-22,32.896820068359375
2007-06-25,32.357421875
2007-06-26,32.23274230957031
2007-06-27,33.05935287475586
2007-06-28,32.888484954833984
2007-06-29,32.7638053894043
2007-07-02,33.52114486694336
2007-07-03,33.42877960205078
2007-07-05,33.932132720947266
2007-07-06,33.89058303833008
2007-07-09,33.86748123168945
2007-07-10,33.008567810058594
2007-07-11,32.94390869140625
2007-07-12,33.368751525878906
2007-07-13,33.68739318847656
2007-07-16,33.40568923950195
2007-07-17,33.28562545776367
2007-07-18,33.21175003051758
2007-07-19,33.336421966552734
2007-07-20,32.75458526611328
2007-07-23,32.18657302856445
2007-07-24,31.53545570373535
2007-07-25,31.19373321533203
2007-07-26,30.62110710144043
2007-07-27,29.605188369750977
2007-07-30,30.177806854248047
2007-07-31,30.057741165161133
2007-08-01,30.454877853393555
2007-08-02,30.958221435546875
2007-08-03,29.76219749450684
2007-08-06,30.801212310791016
2007-08-07,30.972074508666992
2007-08-08,32.19581604003906
2007-08-09,31.840227127075195
2007-08-10,30.879716873168945
2007-08-13,30.7319450378418
2007-08-14,29.84993934631348
2007-08-15,29.34659194946289
2007-08-16,30.524145126342773
2007-08-17,31.2168197631836
2007-08-20,31.789440155029297
2007-08-21,31.937219619750977
2007-08-22,32.32511520385742
2007-08-23,31.770971298217773
2007-08-24,31.941818237304688
2007-08-27,31.24915313720703
2007-08-28,30.29325294494629
2007-08-29,31.40153312683105
2007-08-30,31.563173294067383
2007-08-31,32.084983825683594
2007-09-04,32.50982666015625
2007-09-05,31.729412078857425
2007-09-06,32.011104583740234
2007-09-07,31.239933013916016
2007-09-10,30.916667938232425
2007-09-11,31.55854225158692
2007-09-12,31.37383460998535
2007-09-13,32.08037185668945
2007-09-14,32.28817367553711
2007-09-17,32.05265426635742
2007-09-18,33.19327545166016
2007-09-19,33.81668472290039
2007-09-20,32.93927383422852
2007-09-21,33.174800872802734
2007-09-24,33.80376052856445
2007-09-25,32.96390151977539
2007-09-26,33.44448471069336
2007-09-27,33.70111083984375
2007-09-28,33.34183883666992
2007-10-01,34.15369415283203
2007-10-02,34.77423477172852
2007-10-03,34.60627365112305
2007-10-04,34.96086883544922
2007-10-05,35.78205108642578
2007-10-08,35.10551452636719
2007-10-09,35.497440338134766
2007-10-10,35.250152587890625
2007-10-11,35.11017227172852
2007-10-12,34.77890396118164
2007-10-15,34.125694274902344
2007-10-16,33.710445404052734
2007-10-17,33.65909576416016
2007-10-18,33.66843795776367
2007-10-19,32.236026763916016
2007-10-22,33.08055114746094
2007-10-23,33.43048477172852
2007-10-24,32.8705940246582
2007-10-25,32.940574645996094
2007-10-26,33.43981170654297
2007-10-29,32.8939094543457
2007-10-30,33.34650421142578
2007-10-31,34.04172134399414
2007-11-01,32.45066452026367
2007-11-02,31.988754272460938
2007-11-05,31.526844024658203
2007-11-06,31.92342567443848
2007-11-07,30.92961883544922
2007-11-08,31.022932052612305
2007-11-09,30.770977020263672
2007-11-12,31.12559127807617
2007-11-13,32.15671920776367
2007-11-14,31.50350570678711
2007-11-15,31.44752311706543
2007-11-16,30.859634399414062
2007-11-19,30.187747955322266
2007-11-20,29.60452651977539
2007-11-21,29.399227142333984
2007-11-23,29.97778511047364
2007-11-26,28.54072952270508
2007-11-27,29.207942962646484
2007-11-28,30.49102210998535
2007-11-29,30.001108169555664
2007-11-30,30.81764411926269
2007-12-03,30.48636245727539
2007-12-04,29.665185928344727
2007-12-05,30.66367530822754
2007-12-06,31.63881492614746
2007-12-07,31.526844024658203
2007-12-10,32.203365325927734
2007-12-11,30.50502014160156
2007-12-12,30.402379989624023
2007-12-13,30.057106018066406
2007-12-14,29.30125617980957
2007-12-17,28.39608764648437
2007-12-18,28.83466339111328
2007-12-19,29.128612518310547
2007-12-20,29.00720977783203
2007-12-21,29.576339721679688
2007-12-24,30.53437805175781
2007-12-26,30.026901245117188
2007-12-27,29.42930221557617
2007-12-28,28.912342071533203
2007-12-31,29.149497985839844
2008-01-02,29.059370040893555
2008-01-03,28.153493881225582
2008-01-04,27.01046562194824
2008-01-07,27.261842727661133
2008-01-08,26.318017959594727
2008-01-09,26.78281211853028
2008-01-10,27.1954345703125
2008-01-11,27.200178146362305
2008-01-14,27.08635139465332
2008-01-15,26.53619384765625
2008-01-16,26.8397216796875
2008-01-17,26.47451972961425
2008-01-18,26.123550415039062
2008-01-22,26.749610900878903
2008-01-23,29.28702545166016
2008-01-24,28.59930419921875
2008-01-25,28.43331527709961
2008-01-28,29.396120071411133
2008-01-29,29.13050842285156
2008-01-30,28.352685928344727
2008-01-31,28.92182922363281
2008-02-01,30.13125228881836
2008-02-04,29.81821823120117
2008-02-05,28.76531410217285
2008-02-06,28.295774459838867
2008-02-07,28.964502334594727
2008-02-08,28.039670944213867
2008-02-11,27.470518112182617
2008-02-12,28.253087997436523
2008-02-13,28.47600555419922
2008-02-14,27.944807052612305
2008-02-15,28.17246055603028
2008-02-19,28.1013240814209
2008-02-20,28.276796340942383
2008-02-21,27.50846290588379
2008-02-22,28.286291122436523
2008-02-25,29.149497985839844
2008-02-26,29.144737243652344
2008-02-27,29.00720977783203
2008-02-28,28.409610748291016
2008-02-29,28.0017147064209
2008-03-03,28.196176528930664
2008-03-04,27.930570602416992
2008-03-05,28.31474876403809
2008-03-06,27.02469253540039
2008-03-07,27.46576690673828
2008-03-10,27.07687187194824
2008-03-11,28.836462020874023
2008-03-12,28.22937393188477
2008-03-13,28.56137657165528
2008-03-14,27.98274040222168
2008-03-17,28.153493881225582
2008-03-18,29.3913803100586
2008-03-19,29.16845703125
2008-03-20,30.140743255615234
2008-03-24,30.81897354125977
2008-03-25,30.89783477783203
2008-03-26,30.305185317993164
2008-03-27,30.05666732788086
2008-03-28,29.7030029296875
2008-03-31,29.81770896911621
2008-04-01,31.514345169067383
2008-04-02,31.36141395568848
2008-04-03,32.07828903198242
2008-04-04,31.57169914245605
2008-04-07,31.2801513671875
2008-04-08,31.23714065551757
2008-04-09,30.453350067138672
2008-04-10,30.749658584594727
2008-04-11,30.37211036682129
2008-04-14,30.19528007507324
2008-04-15,30.50114250183105
2008-04-16,31.73896789550781
2008-04-17,31.85368156433105
2008-04-18,31.67205619812012
2008-04-21,31.437875747680664
2008-04-22,31.36141395568848
2008-04-23,31.753297805786133
2008-04-24,32.38416290283203
2008-04-25,32.56578826904297
2008-04-28,32.522762298583984
2008-04-29,32.169090270996094
2008-04-30,31.7198543548584
2008-05-01,32.40328598022461
2008-05-02,32.37459945678711
2008-05-05,32.2838020324707
2008-05-06,32.5084342956543
2008-05-07,31.6242733001709
2008-05-08,31.433103561401367
2008-05-09,31.261049270629883
2008-05-12,32.011383056640625
2008-05-13,32.14042663574219
2008-05-14,32.34115219116211
2008-05-15,32.7330436706543
2008-05-16,32.56099319458008
2008-05-19,32.61356735229492
2008-05-20,32.17388916015625
2008-05-21,31.399639129638672
2008-05-22,31.13201141357422
2008-05-23,30.98384666442871
2008-05-27,31.40921211242676
2008-05-28,31.46176719665528
2008-05-29,31.801109313964844
2008-05-30,31.652942657470703
2008-06-02,31.122446060180664
2008-06-03,31.327957153320312
2008-06-04,31.49045181274414
2008-06-05,32.21212387084961
2008-06-06,30.86435890197754
2008-06-09,30.25261878967285
2008-06-10,30.2669734954834
2008-06-11,29.80815315246582
2008-06-12,30.11402130126953
2008-06-13,30.615846633911133
2008-06-16,31.02207946777344
2008-06-17,30.142696380615234
2008-06-18,29.698211669921875
2008-06-19,30.386445999145508
2008-06-20,29.7030029296875
2008-06-23,28.96700668334961
2008-06-24,28.98541259765625
2008-06-25,29.460020065307617
2008-06-26,28.476890563964844
2008-06-27,28.254114151000977
2008-06-30,28.29286003112793
2008-07-01,28.26864242553711
2008-07-02,27.919952392578125
2008-07-03,27.634201049804688
2008-07-07,27.014305114746094
2008-07-08,29.02899932861328
2008-07-09,27.0482177734375
2008-07-10,27.571252822875977
2008-07-11,27.43564796447754
2008-07-14,26.48157501220703
2008-07-15,26.224897384643555
2008-07-16,28.13787841796875
2008-07-17,28.476890563964844
2008-07-18,28.525333404541016
2008-07-21,28.738420486450195
2008-07-22,29.50845718383789
2008-07-23,30.34144401550293
2008-07-24,28.331588745117188
2008-07-25,28.79653549194336
2008-07-28,28.32676315307617
2008-07-29,29.6440544128418
2008-07-30,29.54236221313477
2008-07-31,29.174293518066406
2008-08-01,29.198501586914062
2008-08-04,28.772327423095703
2008-08-05,30.06540298461914
2008-08-06,29.92011451721192
2008-08-07,29.13070106506348
2008-08-08,29.97823143005371
2008-08-11,30.94682884216309
2008-08-12,30.254262924194336
2008-08-13,29.81355857849121
2008-08-14,30.29302024841309
2008-08-15,30.24942970275879
2008-08-18,29.832931518554688
2008-08-19,29.0967960357666
2008-08-20,29.14038276672364
2008-08-21,28.622188568115234
2008-08-22,29.59563064575196
2008-08-25,28.69966506958008
2008-08-26,29.03867530822754
2008-08-27,29.329259872436523
2008-08-28,30.075082778930664
2008-08-29,29.866838455200195
2008-09-02,30.060550689697266
2008-09-03,30.53517723083496
2008-09-04,29.677961349487305
2008-09-05,29.682796478271484
2008-09-08,30.966196060180664
2008-09-09,29.808717727661133
2008-09-10,29.86199951171875
2008-09-11,30.317228317260746
2008-09-12,30.220367431640625
2008-09-15,28.476890563964844
2008-09-16,29.8813705444336
2008-09-17,28.162094116210938
2008-09-18,30.55454063415528
2008-09-19,31.465030670166016
2008-09-22,28.820751190185547
2008-09-23,29.01447296142578
2008-09-24,28.81429481506348
2008-09-25,29.172456741333008
2008-09-26,30.0751953125
2008-09-29,27.8281364440918
2008-09-30,29.82988166809082
2008-10-01,29.108673095703125
2008-10-02,27.22958946228028
2008-10-03,26.052078247070312
2008-10-06,25.271997451782227
2008-10-07,23.10343742370605
2008-10-08,22.78453254699707
2008-10-09,20.97904396057129
2008-10-10,22.98568344116211
2008-10-13,24.44775390625
2008-10-14,22.78453254699707
2008-10-15,19.860424041748047
2008-10-16,21.01338768005371
2008-10-17,20.78770637512207
2008-10-20,20.93978500366211
2008-10-21,20.22348403930664
2008-10-22,18.795772552490234
2008-10-23,18.30514907836914
2008-10-24,17.265029907226562
2008-10-27,16.283782958984375
2008-10-28,18.830116271972656
2008-10-29,18.1628646850586
2008-10-30,19.13430404663086
2008-10-31,20.36575698852539
2008-11-03,19.698522567749023
2008-11-04,20.80241584777832
2008-11-05,18.75651931762696
2008-11-06,17.87830352783203
2008-11-07,19.011642456054688
2008-11-10,17.309185028076172
2008-11-11,17.06877899169922
2008-11-12,15.847123146057127
2008-11-13,17.58884048461914
2008-11-14,15.606719017028809
2008-11-17,15.042502403259276
2008-11-18,14.900224685668944
2008-11-19,12.898480415344238
2008-11-20,11.877981185913086
2008-11-21,12.751294136047363
2008-11-24,14.919845581054688
2008-11-25,15.155349731445312
2008-11-26,15.974685668945312
2008-11-28,15.739190101623535
2008-12-01,12.667882919311523
2008-12-02,14.350726127624512
2008-12-03,15.155349731445312
2008-12-04,14.738317489624023
2008-12-05,16.298500061035156
2008-12-08,17.81943130493164
2008-12-09,16.273967742919922
2008-12-10,17.672245025634766
2008-12-11,15.150439262390137
2008-12-12,16.735157012939453
2008-12-15,16.151304244995117
2008-12-16,18.12851905822754
2008-12-17,18.462146759033203
2008-12-18,16.926498413085938
2008-12-19,18.11380195617676
2008-12-22,17.431840896606445
2008-12-23,17.33370590209961
2008-12-24,17.537818908691406
2008-12-26,17.789791107177734
2008-12-29,16.766756057739258
2008-12-30,17.437023162841797
2008-12-31,18.369354248046875
2009-01-02,17.78476333618164
2009-01-05,17.457181930541992
2009-01-06,18.32902908325196
2009-01-07,17.71419906616211
2009-01-08,17.583175659179688
2009-01-09,16.681079864501953
2009-01-12,15.70339298248291
2009-01-13,16.177125930786133
2009-01-14,15.330473899841309
2009-01-15,15.834427833557127
2009-01-16,16.434144973754883
2009-01-20,14.594684600830078
2009-01-21,16.121686935424805
2009-01-22,15.23976230621338
2009-01-23,15.70339298248291
2009-01-26,15.612689971923828
2009-01-27,15.834427833557127
2009-01-28,17.205196380615234
2009-01-29,15.799156188964844
2009-01-30,15.1490478515625
2009-02-02,15.516940116882324
2009-02-03,15.360712051391602
2009-02-04,14.98777961730957
2009-02-05,14.670281410217283
2009-02-06,15.688284873962402
2009-02-09,15.9201078414917
2009-02-10,14.503975868225098
2009-02-11,14.78115463256836
2009-02-12,14.52917766571045
2009-02-13,13.637167930603027
2009-02-17,12.669557571411133
2009-02-18,12.850985527038574
2009-02-19,12.296625137329102
2009-02-20,13.072731971740724
2009-02-23,12.090004920959473
2009-02-24,13.113045692443848
2009-02-25,12.86106014251709
2009-02-26,12.200873374938965
2009-02-27,12.039609909057615
2009-03-02,11.288707733154297
2009-03-03,11.334066390991213
2009-03-04,11.515498161315918
2009-03-05,10.80490779876709
2009-03-06,10.65876007080078
2009-03-09,10.895621299743652
2009-03-10,12.412541389465332
2009-03-11,12.210956573486328
2009-03-12,13.208800315856934
2009-03-13,12.926578521728516
2009-03-16,11.908577919006348
2009-03-17,12.8106689453125
2009-03-18,13.511171340942385
2009-03-19,12.684679985046388
2009-03-20,11.59108829498291
2009-03-23,13.46582317352295
2009-03-24,12.42765998840332
2009-03-25,12.63219928741455
2009-03-26,12.914854049682615
2009-03-27,12.339271545410156
2009-03-30,11.66602897644043
2009-03-31,12.478020668029783
2009-04-01,12.411215782165527
2009-04-02,13.310572624206545
2009-04-03,14.456625938415527
2009-04-06,14.292163848876951
2009-04-07,13.22321605682373
2009-04-08,13.418497085571287
2009-04-09,15.217225074768066
2009-04-13,15.263486862182615
2009-04-14,13.968398094177246
2009-04-15,15.181256294250488
2009-04-16,15.690035820007324
2009-04-17,15.972696304321287
2009-04-20,14.328144073486328
2009-04-21,15.59753131866455
2009-04-22,15.05277156829834
2009-04-23,15.731148719787598
2009-04-24,16.476343154907227
2009-04-27,15.48960304260254
2009-04-28,15.695168495178224
2009-04-29,16.378686904907227
2009-04-30,16.30674171447754
2009-05-01,15.772261619567873
2009-05-04,17.072490692138672
2009-05-05,16.435226440429688
2009-05-06,17.062206268310547
2009-05-07,16.085758209228516
2009-05-08,17.15985107421875
2009-05-11,16.50716781616211
2009-05-12,16.460920333862305
2009-05-13,15.381684303283691
2009-05-14,15.746570587158203
2009-05-15,15.217225074768066
2009-05-18,16.440359115600586
2009-05-19,16.126873016357422
2009-05-20,15.998387336730955
2009-05-21,16.04464340209961
2009-05-22,15.648921966552734
2009-05-26,16.57912254333496
2009-05-27,15.977832794189451
2009-05-28,16.198820114135742
2009-05-29,16.733293533325195
2009-06-01,17.591543197631836
2009-06-02,17.226667404174805
2009-06-03,17.195825576782227
2009-06-04,17.745718002319336
2009-06-05,17.699474334716797
2009-06-08,17.37570571899414
2009-06-09,17.37570571899414
2009-06-10,17.072490692138672
2009-06-11,16.7230224609375
2009-06-12,17.329442977905273
2009-06-15,16.50716781616211
2009-06-16,16.203960418701172
2009-06-17,15.895601272583008
2009-06-18,16.00353240966797
2009-06-19,16.162843704223633
2009-06-22,15.3200101852417
2009-06-23,15.433075904846191
2009-06-24,15.76999568939209
2009-06-25,15.978936195373535
2009-06-26,16.11475372314453
2009-06-29,16.104307174682617
2009-06-30,16.19832992553711
2009-07-01,16.480405807495117
2009-07-02,15.608065605163574
2009-07-06,15.999838829040527
2009-07-07,15.378228187561035
2009-07-08,15.231966018676758
2009-07-09,14.944676399230955
2009-07-10,14.92378044128418
2009-07-13,15.487919807434082
2009-07-14,15.675971031188965
2009-07-15,16.25579071044922
2009-07-16,16.443836212158203
2009-07-17,16.005056381225586
2009-07-20,16.56920051574707
2009-07-21,16.522184371948242
2009-07-22,16.5430850982666
2009-07-23,17.201255798339844
2009-07-24,17.321393966674805
2009-07-27,17.572126388549805
2009-07-28,17.55646514892578
2009-07-29,17.337072372436523
2009-07-30,17.958681106567383
2009-07-31,17.943004608154297
2009-08-03,18.26687240600586
2009-08-04,19.26457023620605
2009-08-05,20.00110244750977
2009-08-06,19.8496150970459
2009-08-07,20.957015991210938
2009-08-10,20.507787704467773
2009-08-11,19.91229820251465
2009-08-12,20.05855941772461
2009-08-13,20.163028717041016
2009-08-14,19.99587059020996
2009-08-17,18.930269241333008
2009-08-18,19.11831283569336
2009-08-19,18.966827392578125
2009-08-20,19.724245071411133
2009-08-21,20.24138832092285
2009-08-24,20.173473358154297
2009-08-25,20.398096084594727
2009-08-26,20.460777282714844
2009-08-27,20.65927124023437
2009-08-28,20.842098236083984
2009-08-31,20.51301383972168
2009-09-01,19.416065216064453
2009-09-02,19.0242862701416
2009-09-03,19.405611038208008
2009-09-04,19.63022232055664
2009-09-08,20.314516067504883
2009-09-09,20.71150779724121
2009-09-10,21.01970100402832
2009-09-11,20.983131408691406
2009-09-14,21.6047306060791
2009-09-15,21.949508666992188
2009-09-16,22.84272766113281
2009-09-17,22.743484497070312
2009-09-18,22.774816513061523
2009-09-21,22.41961097717285
2009-09-22,23.13002586364746
2009-09-23,22.294248580932617
2009-09-24,21.480302810668945
2009-09-25,21.548871994018555
2009-09-28,22.44037437438965
2009-09-29,22.076393127441406
2009-09-30,21.865386962890625
2009-10-01,20.884212493896484
2009-10-02,20.73650932312012
2009-10-05,21.306228637695312
2009-10-06,21.24819564819336
2009-10-07,21.23236846923828
2009-10-08,21.638551712036133
2009-10-09,21.82318115234375
2009-10-12,21.791528701782227
2009-10-13,21.485567092895508
2009-10-14,22.27156448364257
2009-10-15,22.0816650390625
2009-10-16,21.50139617919922
2009-10-19,21.965620040893555
2009-10-20,21.55942726135254
2009-10-21,21.28511428833008
2009-10-22,21.844282150268555
2009-10-23,21.585811614990234
2009-10-26,21.533052444458008
2009-10-27,21.22182273864746
2009-10-28,20.330322265625
2009-10-29,21.258739471435547
2009-10-30,20.889482498168945
2009-11-02,20.884212493896484
2009-11-03,21.19016456604004
2009-11-04,20.73650932312012
2009-11-05,21.205995559692383
2009-11-06,20.85783576965332
2009-11-09,21.88648796081543
2009-11-10,21.722957611083984
2009-11-11,22.12914085388184
2009-11-12,21.902307510375977
2009-11-13,22.19771957397461
2009-11-16,22.735780715942383
2009-11-17,22.340133666992188
2009-11-18,22.7463321685791
2009-11-19,22.224090576171875
2009-11-20,22.065841674804688
2009-11-23,22.34541893005371
2009-11-24,22.013090133666992
2009-11-25,22.102758407592773
2009-11-27,21.45919609069824
2009-11-30,22.261016845703125
2009-12-01,22.588069915771484
2009-12-02,22.95734405517578
2009-12-03,22.698848724365234
2009-12-04,23.36878776550293
2009-12-07,22.87820816040039
2009-12-08,22.7463321685791
2009-12-09,22.698848724365234
2009-12-10,22.609180450439453
2009-12-11,22.97316169738769
2009-12-14,23.389890670776367
2009-12-15,23.157787322998047
2009-12-16,23.326595306396484
2009-12-17,23.18416976928711
2009-12-18,23.337133407592773
2009-12-21,23.65365982055664
2009-12-22,23.90157699584961
2009-12-23,24.18644142150879
2009-12-24,24.53587532043457
2009-12-28,24.6534366607666
2009-12-29,24.28475570678711
2009-12-30,24.32215690612793
2009-12-31,23.9053955078125
2010-01-04,23.80386734008789
2010-01-05,23.777149200439453
2010-01-06,23.734405517578125
2010-01-07,23.99088478088379
2010-01-08,23.814546585083008
2010-01-11,23.95347785949707
2010-01-12,23.552738189697266
2010-01-13,24.02827262878418
2010-01-14,24.006919860839844
2010-01-15,23.82523727416992
2010-01-19,24.31146812438965
2010-01-20,24.038963317871094
2010-01-21,23.34969139099121
2010-01-22,22.761945724487305
2010-01-25,22.922250747680664
2010-01-26,22.708511352539062
2010-01-27,22.91155815124512
2010-01-28,22.71385955810547
2010-01-29,22.585613250732425
2010-02-01,22.99704933166504
2010-02-02,23.31229019165039
2010-02-03,22.93292617797852
2010-02-04,22.083356857299805
2010-02-05,22.48943519592285
2010-02-08,21.997875213623047
2010-02-09,21.928422927856445
2010-02-10,21.971153259277344
2010-02-11,22.179536819458008
2010-02-12,22.441356658935547
2010-02-16,23.07719612121582
2010-02-17,23.28558921813965
2010-02-18,23.632884979248047
2010-02-19,23.648914337158203
2010-02-22,23.70767974853516
2010-02-23,23.52600860595703
2010-02-24,23.766477584838867
2010-02-25,23.857295989990234
2010-02-26,23.84661674499512
2010-03-01,24.04964828491211
2010-03-02,24.060333251953125
2010-03-03,23.99622917175293
2010-03-04,24.14582633972168
2010-03-05,24.803041458129883
2010-03-08,25.054176330566406
2010-03-09,25.11295318603516
2010-03-10,25.33735656738281
2010-03-11,25.48696517944336
2010-03-12,25.69001579284668
2010-03-15,25.631244659423828
2010-03-16,26.25103187561035
2010-03-17,26.641090393066406
2010-03-18,26.4968318939209
2010-03-19,26.20829391479492
2010-03-22,26.53957939147949
2010-03-23,26.46476936340332
2010-03-24,26.609037399291992
2010-03-25,26.67417526245117
2010-03-26,26.53421211242676
2010-03-29,26.614961624145508
2010-03-30,26.577281951904297
2010-03-31,26.27581787109375
2010-04-01,26.41040229797364
2010-04-05,26.99180030822754
2010-04-06,27.61087989807129
2010-04-07,27.00254821777344
2010-04-08,27.03485107421875
2010-04-09,27.41707420349121
2010-04-12,27.24479866027832
2010-04-13,27.912334442138672
2010-04-14,27.95538902282715
2010-04-15,27.19097137451172
2010-04-16,26.56651306152344
2010-04-19,26.684934616088867
2010-04-20,27.137136459350582
2010-04-21,27.61087989807129
2010-04-22,28.03614616394043
2010-04-23,28.40758514404297
2010-04-26,28.63369369506836
2010-04-27,27.718530654907227
2010-04-28,27.804670333862305
2010-04-29,29.05896377563477
2010-04-30,28.15458297729492
2010-05-03,29.09126853942871
2010-05-04,28.42913246154785
2010-05-05,28.04690742492676
2010-05-06,26.89488220214844
2010-05-07,26.44269752502441
2010-05-10,28.186878204345703
2010-05-11,28.35375022888184
2010-05-12,28.81134414672852
2010-05-13,28.34299659729004
2010-05-14,27.44398498535156
2010-05-17,27.481660842895508
2010-05-18,26.78722381591797
2010-05-19,26.53959083557129
2010-05-20,25.17762756347656
2010-05-21,26.022794723510746
2010-05-24,25.441394805908203
2010-05-25,25.645965576171875
2010-05-26,25.592134475708008
2010-05-27,26.99715805053711
2010-05-28,26.652645111083984
2010-06-01,26.098163604736328
2010-06-02,26.60957908630371
2010-06-03,26.53421211242676
2010-06-04,25.032264709472656
2010-06-07,24.8976993560791
2010-06-08,25.344507217407227
2010-06-09,25.49523162841797
2010-06-10,26.598806381225582
2010-06-11,26.916433334350582
2010-06-14,27.250179290771484
2010-06-15,27.85850143432617
2010-06-16,27.60548210144043
2010-06-17,27.664695739746094
2010-06-18,27.57857131958008
2010-06-21,27.363245010375977
2010-06-22,26.55036163330078
2010-06-23,26.62035179138184
2010-06-24,26.056819915771484
2010-06-25,26.714353561401367
2010-06-28,26.399169921875
2010-06-29,25.535139083862305
2010-06-30,25.26342964172364
2010-07-01,25.176485061645508
2010-07-02,24.692846298217773
2010-07-06,24.14398956298828
2010-07-07,25.317768096923828
2010-07-08,25.632957458496094
2010-07-09,25.9589958190918
2010-07-12,26.040508270263672
2010-07-13,26.68173789978028
2010-07-14,26.5241641998291
2010-07-15,26.437211990356445
2010-07-16,25.5786075592041
2010-07-19,25.893796920776367
2010-07-20,26.377439498901367
2010-07-21,25.828584671020508
2010-07-22,26.795867919921875
2010-07-23,27.13820075988769
2010-07-26,27.8175048828125
2010-07-27,27.812057495117188
2010-07-28,27.75771713256836
2010-07-29,27.524045944213867
2010-07-30,27.68706512451172
2010-08-02,28.61630630493164
2010-08-03,28.33917617797852
2010-08-04,28.54023170471192
2010-08-05,28.181575775146484
2010-08-06,28.05115127563477
2010-08-09,28.371768951416016
2010-08-10,28.09464263916016
2010-08-11,27.393627166748047
2010-08-12,27.051267623901367
2010-08-13,27.051267623901367
2010-08-16,27.02953720092773
2010-08-17,27.64902877807617
2010-08-18,27.67620658874512
2010-08-19,26.96975898742676
2010-08-20,26.8828125
2010-08-23,26.74151992797852
2010-08-24,26.63284492492676
2010-08-25,27.05671119689941
2010-08-26,26.8936767578125
2010-08-27,27.33928108215332
2010-08-30,27.12735366821289
2010-08-31,27.333850860595703
2010-09-01,28.22505187988281
2010-09-02,28.58369827270508
2010-09-03,29.00214385986328
2010-09-07,28.556541442871094
2010-09-08,28.61630630493164
2010-09-09,28.28482437133789
2010-09-10,28.436981201171875
2010-09-13,28.90431785583496
2010-09-14,28.795642852783203
2010-09-15,29.045610427856445
2010-09-16,28.893449783325195
2010-09-17,28.98040199279785
2010-09-20,29.686845779418945
2010-09-21,29.25210762023925
2010-09-22,28.855419158935547
2010-09-23,28.14354705810547
2010-09-24,28.93968963623047
2010-09-27,28.58328056335449
2010-09-28,28.69842338562012
2010-09-29,28.473608016967773
2010-09-30,28.55586624145508
2010-10-01,28.69842338562012
2010-10-04,28.961620330810547
2010-10-05,29.42218017578125
2010-10-06,29.2631893157959
2010-10-07,29.345436096191406
2010-10-08,29.42767333984375
2010-10-11,29.42218017578125
2010-10-12,29.630550384521484
2010-10-13,29.93760681152344
2010-10-14,29.860843658447266
2010-10-15,29.82246971130371
2010-10-18,30.206270217895508
2010-10-19,29.83342742919922
2010-10-20,30.48591423034668
2010-10-21,30.453014373779297
2010-10-22,30.469457626342773
2010-10-25,30.524280548095703
2010-10-26,30.30496597290039
2010-10-27,30.09113121032715
2010-10-28,29.904705047607425
2010-10-29,29.910192489624023
2010-11-01,30.167898178100582
2010-11-02,30.376235961914062
2010-11-03,30.376235961914062
2010-11-04,31.07807922363281
2010-11-05,31.412553787231445
2010-11-08,31.242582321166992
2010-11-09,29.97598648071289
2010-11-10,30.348819732666016
2010-11-11,30.10757064819336
2010-11-12,29.827957153320312
2010-11-15,29.542823791503903
2010-11-16,28.5284423828125
2010-11-17,28.74777030944824
2010-11-18,29.005481719970703
2010-11-19,29.15900421142578
2010-11-22,29.23577308654785
2010-11-23,29.005481719970703
2010-11-24,29.56475067138672
2010-11-26,29.504444122314453
2010-11-29,29.48798370361328
2010-11-30,29.356401443481445
2010-12-01,29.526376724243164
2010-12-02,29.981454849243164
2010-12-03,29.97598648071289
2010-12-06,30.03629493713379
2010-12-07,30.102088928222656
2010-12-08,29.65796089172364
2010-12-09,29.394773483276367
2010-12-10,29.5866756439209
2010-12-13,29.63602638244629
2010-12-14,29.345436096191406
2010-12-15,29.0658016204834
2010-12-16,29.115137100219727
2010-12-17,29.356401443481445
2010-12-20,29.707313537597656
2010-12-21,30.01985549926757
2010-12-22,30.25014305114746
2010-12-23,30.11307144165039
2010-12-27,30.487224578857425
2010-12-28,30.609167098999023
2010-12-29,30.67013931274414
2010-12-30,30.75328254699707
2010-12-31,30.692325592041016
2011-01-03,31.263256072998047
2011-01-04,30.66459846496582
2011-01-05,30.775463104248047
2011-01-06,30.487224578857425
2011-01-07,30.498310089111328
2011-01-10,30.49276161193848
2011-01-11,30.426250457763672
2011-01-12,30.55373954772949
2011-01-13,30.65351295471192
2011-01-14,30.85860061645508
2011-01-18,31.12468910217285
2011-01-19,30.71449089050293
2011-01-20,30.720033645629883
2011-01-21,30.742212295532227
2011-01-24,30.89741897583008
2011-01-25,31.257713317871094
2011-01-26,31.30760765075684
2011-01-27,31.800954818725582
2011-01-28,31.274343490600582
2011-01-31,31.69007110595703
2011-02-01,31.76769256591797
2011-02-02,31.76769256591797
2011-02-03,31.85637664794922
2011-02-04,31.623565673828125
2011-02-07,31.933979034423828
2011-02-08,32.07255554199219
2011-02-09,32.094730377197266
2011-02-10,32.22775650024414
2011-02-11,32.43840408325195
2011-02-14,32.44393539428711
2011-02-15,32.32200241088867
2011-02-16,32.394065856933594
2011-02-17,32.42730712890625
2011-02-18,32.554813385009766
2011-02-22,32.2721061706543
2011-02-23,32.000484466552734
2011-02-24,31.756601333618164
2011-02-25,32.37743377685547
2011-02-28,33.18117904663086
2011-03-01,32.19450759887695
2011-03-02,31.90071678161621
2011-03-03,32.36079788208008
2011-03-04,32.05038070678711
2011-03-07,31.81757926940918
2011-03-08,32.26657485961914
2011-03-09,32.233299255371094
2011-03-10,31.739965438842773
2011-03-11,32.06147766113281
2011-03-14,31.739965438842773
2011-03-15,31.57366752624512
2011-03-16,31.108049392700195
2011-03-17,31.346405029296875
2011-03-18,31.6623592376709
2011-03-21,32.006038665771484
2011-03-22,31.800954818725582
2011-03-23,31.45171546936035
2011-03-24,31.58475685119629
2011-03-25,31.8315486907959
2011-03-28,31.79246711730957
2011-03-29,31.920883178710938
2011-03-30,32.38431167602539
2011-03-31,32.64673614501953
2011-04-01,32.69699478149414
2011-04-04,32.67465591430664
2011-04-05,32.70816421508789
2011-04-06,32.724910736083984
2011-04-07,32.361995697021484
2011-04-08,32.127464294433594
2011-04-11,32.14981460571289
2011-04-12,32.093971252441406
2011-04-13,32.04372787475586
2011-04-14,32.50715637207031
2011-04-15,32.925907135009766
2011-04-18,32.629981994628906
2011-04-19,32.8868293762207
2011-04-20,33.272098541259766
2011-04-21,33.49543380737305
2011-04-25,33.718772888183594
2011-04-26,34.01469802856445
2011-04-27,34.26596450805664
2011-04-28,34.72379684448242
2011-04-29,34.52280044555664
2011-05-02,34.57305145263672
2011-05-03,34.27711868286133
2011-05-04,34.08171081542969
2011-05-05,34.059364318847656
2011-05-06,33.75785446166992
2011-05-09,33.93095397949219
2011-05-10,34.46696090698242
2011-05-11,34.104034423828125
2011-05-12,34.15988540649414
2011-05-13,33.79693603515625
2011-05-16,33.84718704223633
2011-05-17,33.836021423339844
2011-05-18,34.165462493896484
2011-05-19,34.31062316894531
2011-05-20,33.89186096191406
2011-05-23,33.545677185058594
2011-05-24,33.64619827270508
2011-05-25,33.80251693725586
2011-05-26,34.254791259765625
2011-05-27,34.45021057128906
2011-05-31,34.99740219116211
2011-06-01,33.99236297607422
2011-06-02,33.74668884277344
2011-06-03,33.880699157714844
2011-06-06,33.3837776184082
2011-06-07,33.73552322387695
2011-06-08,33.64060592651367
2011-06-09,33.27766799926758
2011-06-10,32.440162658691406
2011-06-13,32.574153900146484
2011-06-14,33.0599250793457
2011-06-15,32.529483795166016
2011-06-16,32.78634262084961
2011-06-17,33.09900665283203
2011-06-20,33.50102233886719
2011-06-21,33.7634391784668
2011-06-22,33.662933349609375
2011-06-23,32.98175048828125
2011-06-24,32.98682403564453
2011-06-27,33.12759780883789
2011-06-28,33.403526306152344
2011-06-29,33.75263977050781
2011-06-30,33.84274673461914
2011-07-01,34.4227409362793
2011-07-05,34.68740463256836
2011-07-06,34.94643783569336
2011-07-07,35.38566207885742
2011-07-08,35.34060287475586
2011-07-11,34.72681427001953
2011-07-12,34.84507751464844
2011-07-13,34.5015869140625
2011-07-14,34.18061447143555
2011-07-15,34.557884216308594
2011-07-18,34.315757751464844
2011-07-19,34.86759948730469
2011-07-20,35.12099075317383
2011-07-21,35.40254211425781
2011-07-22,35.57711410522461
2011-07-25,35.2448844909668
2011-07-26,35.3237190246582
2011-07-27,34.33264923095703
2011-07-28,34.36642837524414
2011-07-29,34.372066497802734
2011-08-01,33.85399627685547
2011-08-02,32.772850036621094
2011-08-03,32.50254440307617
2011-08-04,30.91458320617676
2011-08-05,30.14313697814941
2011-08-08,27.5246810913086
2011-08-09,30.03050422668457
2011-08-10,29.33788681030273
2011-08-11,30.858272552490234
2011-08-12,30.85264015197754
2011-08-15,31.978858947753903
2011-08-16,31.88312339782715
2011-08-17,31.97322654724121
2011-08-18,30.548561096191406
2011-08-19,29.96293258666992
2011-08-22,29.9967098236084
2011-08-23,30.7343864440918
2011-08-24,31.13982391357422
2011-08-25,30.5598258972168
2011-08-26,30.93147087097168
2011-08-29,31.99011993408203
2011-08-30,32.0802001953125
2011-08-31,32.440608978271484
2011-09-01,31.97322654724121
2011-09-02,31.21867561340332
2011-09-06,31.08351325988769
2011-09-07,32.25477600097656
2011-09-08,32.00700759887695
2011-09-09,31.004676818847656
2011-09-12,31.106040954589844
2011-09-13,31.17923927307129
2011-09-14,31.38197326660156
2011-09-15,31.9000244140625
2011-09-16,32.20973587036133
2011-09-19,31.50585556030273
2011-09-20,31.48895263671875
2011-09-21,29.827787399291992
2011-09-22,29.101381301879883
2011-09-23,29.31574058532715
2011-09-26,29.7251091003418
2011-09-27,30.020767211914062
2011-09-28,29.25888442993164
2011-09-29,29.713735580444336
2011-09-30,28.92340850830078
2011-10-03,27.558837890625
2011-10-04,28.64480972290039
2011-10-05,28.40033721923828
2011-10-06,29.179275512695312
2011-10-07,28.36621284484864
2011-10-10,29.78195571899414
2011-10-11,29.190649032592773
2011-10-12,29.66825294494629
2011-10-13,29.47493362426757
2011-10-14,30.15722274780273
2011-10-17,29.50336647033692
2011-10-18,30.54386138916016
2011-10-19,30.19133758544922
2011-10-20,30.361906051635746
2011-10-21,31.36260986328125
2011-10-24,32.14154815673828
2011-10-25,31.61845588684082
2011-10-26,31.85157585144043
2011-10-27,33.363983154296875
2011-10-28,33.43221664428711
2011-10-31,33.05694961547852
2011-11-01,31.99371337890625
2011-11-02,32.607784271240234
2011-11-03,33.05694961547852
2011-11-04,32.78971862792969
2011-11-07,32.79541778564453
2011-11-08,33.22184753417969
2011-11-09,31.703758239746094
2011-11-10,31.69806861877441
2011-11-11,32.550933837890625
2011-11-14,31.94823455810547
2011-11-15,32.18703842163086
2011-11-16,31.8800048828125
2011-11-17,31.29437065124512
2011-11-18,31.493385314941406
2011-11-21,30.69736862182617
2011-11-22,30.55522346496582
2011-11-23,29.634132385253903
2011-11-25,29.764896392822266
2011-11-28,30.430137634277344
2011-11-29,30.384653091430664
2011-11-30,31.8004093170166
2011-12-01,31.538856506347656
2011-12-02,31.510440826416016
2011-12-05,31.777660369873047
2011-12-06,31.72648811340332
2011-12-07,32.07331466674805
2011-12-08,31.34554672241211
2011-12-09,32.03351974487305
2011-12-12,31.464937210083008
2011-12-13,31.095365524291992
2011-12-14,31.277307510375977
2011-12-15,31.8004093170166
2011-12-16,32.152923583984375
2011-12-19,31.87432289123535
2011-12-20,32.84089660644531
2011-12-21,32.82952117919922
2011-12-22,33.30144500732422
2011-12-23,33.446319580078125
2011-12-27,33.59577178955078
2011-12-28,33.193363189697266
2011-12-29,33.48655319213867
2011-12-30,33.34283828735352
2012-01-03,33.624534606933594
2012-01-04,33.04964828491211
2012-01-05,33.36008071899414
2012-01-06,33.250850677490234
2012-01-09,33.13587188720703
2012-01-10,33.503807067871094
2012-01-11,33.739501953125
2012-01-12,33.492305755615234
2012-01-13,33.5670280456543
2012-01-17,33.842979431152344
2012-01-18,34.07868194580078
2012-01-19,34.21089553833008
2012-01-20,34.42359924316406
2012-01-23,34.59031677246094
2012-01-24,34.854759216308594
2012-01-25,35.30316925048828
2012-01-26,35.55035400390625
2012-01-27,35.56186294555664
2012-01-30,35.29742431640625
2012-01-31,35.469879150390625
2012-02-01,35.820552825927734
2012-02-02,35.901031494140625
2012-02-03,36.40118408203125
2012-02-06,36.28619766235352
2012-02-07,36.19422149658203
2012-02-08,36.25745391845703
2012-02-09,35.99301528930664
2012-02-10,35.65958786010742
2012-02-13,36.02174758911133
2012-02-14,35.653846740722656
2012-02-15,35.44114303588867
2012-02-16,35.81480407714844
2012-02-17,35.843544006347656
2012-02-21,35.285919189453125
2012-02-22,34.98697662353516
2012-02-23,35.42390441894531
2012-02-24,35.469879150390625
2012-02-27,35.412391662597656
2012-02-28,35.205421447753906
2012-02-29,35.061710357666016
2012-03-01,35.27442169189453
2012-03-02,35.22268295288086
2012-03-05,35.57909393310547
2012-03-06,35.10770034790039
2012-03-07,35.29742431640625
2012-03-08,35.11345291137695
2012-03-09,35.285919189453125
2012-03-12,35.54460906982422
2012-03-13,36.2632064819336
2012-03-14,36.16547393798828
2012-03-15,36.11373901367188
2012-03-16,36.32069778442383
2012-03-19,36.57363510131836
2012-03-20,36.52189636230469
2012-03-21,36.47016525268555
2012-03-22,35.97002410888672
2012-03-23,36.19422149658203
2012-03-26,36.618412017822266
2012-03-27,36.624210357666016
2012-03-28,36.566253662109375
2012-03-29,36.58363723754883
2012-03-30,36.884986877441406
2012-04-02,37.145751953125
2012-04-03,37.00089263916016
2012-04-04,36.59523391723633
2012-04-05,36.456153869628906
2012-04-09,36.0678939819336
2012-04-10,35.29137420654297
2012-04-11,35.74336624145508
2012-04-12,36.235939025878906
2012-04-13,36.08527374267578
2012-04-16,36.57785415649414
2012-04-17,36.89078521728516
2012-04-18,36.64158248901367
2012-04-19,36.64158248901367
2012-04-20,37.08781433105469
2012-04-23,36.70534896850586
2012-04-24,37.25587463378906
2012-04-25,37.6846923828125
2012-04-26,37.77740478515625
2012-04-27,38.038177490234375
2012-04-30,37.93968200683594
2012-05-01,38.351104736328125
2012-05-02,38.29317092895508
2012-05-03,38.15988159179688
2012-05-04,37.82377624511719
2012-05-07,38.09034729003906
2012-05-08,38.020774841308594
2012-05-09,37.89909744262695
2012-05-10,37.92807388305664
2012-05-11,38.00920486450195
2012-05-14,37.52823257446289
2012-05-15,37.331199645996094
2012-05-16,36.91975021362305
2012-05-17,35.84188461303711
2012-05-18,35.40726852416992
2012-05-21,36.17799377441406
2012-05-22,36.24753189086914
2012-05-23,36.299686431884766
2012-05-24,36.46195602416992
2012-05-25,36.317081451416016
2012-05-29,36.83282470703125
2012-05-30,35.95778274536133
2012-05-31,36.23015594482422
2012-06-01,35.3435173034668
2012-06-04,35.10013198852539
2012-06-05,35.824501037597656
2012-06-06,36.618412017822266
2012-06-07,36.35764694213867
2012-06-08,36.87339019775391
2012-06-11,36.04471969604492
2012-06-12,36.38661575317383
2012-06-13,36.20118713378906
2012-06-14,36.72853469848633
2012-06-15,36.95452117919922
2012-06-18,37.26166534423828
2012-06-19,37.41232299804688
2012-06-20,37.39493942260742
2012-06-21,36.78646087646485
2012-06-22,36.792259216308594
2012-06-25,36.60470962524414
2012-06-26,36.72740936279297
2012-06-27,36.873477935791016
2012-06-28,37.27661895751953
2012-06-29,38.229000091552734
2012-07-02,38.64967346191406
2012-07-03,38.877532958984375
2012-07-05,38.63798141479492
2012-07-06,38.7314567565918
2012-07-09,38.77237319946289
2012-07-10,38.3575325012207
2012-07-11,38.39842987060547
2012-07-12,38.51529312133789
2012-07-13,38.98855209350586
2012-07-16,39.06450271606445
2012-07-17,39.43844604492188
2012-07-18,39.20472717285156
2012-07-19,38.79573059082031
2012-07-20,38.59123992919922
2012-07-23,38.310794830322266
2012-07-24,38.1822509765625
2012-07-25,38.16472625732422
2012-07-26,38.50360107421875
2012-07-27,38.87168884277344
2012-07-30,39.05281448364258
2012-07-31,38.994384765625
2012-08-01,38.80742645263672
2012-08-02,38.91843795776367
2012-08-03,39.22224807739258
2012-08-06,39.18135070800781
2012-08-07,38.71977996826172
2012-08-08,38.45686340332031
2012-08-09,38.33414459228516
2012-08-10,38.38673782348633
2012-08-13,38.3575325012207
2012-08-14,38.27573394775391
2012-08-15,38.45100784301758
2012-08-16,38.74314880371094
2012-08-17,38.754844665527344
2012-08-20,38.64383316040039
2012-08-21,38.72562789916992
2012-08-22,38.70225143432617
2012-08-23,38.585391998291016
2012-08-24,38.71393966674805
2012-08-27,38.83078384399414
2012-08-28,38.96517562866211
2012-08-29,38.95348358154297
2012-08-30,38.865848541259766
2012-08-31,38.98855209350586
2012-09-04,39.263160705566406
2012-09-05,39.19304656982422
2012-09-06,39.54360580444336
2012-09-07,39.57866287231445
2012-09-10,39.26900100708008
2012-09-11,39.38584518432617
2012-09-12,39.4676513671875
2012-09-13,39.952598571777344
2012-09-14,40.17461013793945
2012-09-17,40.05776596069336
2012-09-18,39.6779899597168
2012-09-19,39.45596694946289
2012-09-20,38.87168884277344
2012-09-21,38.877532958984375
2012-09-24,38.73324203491211
2012-09-25,38.16200637817383
2012-09-26,38.15610504150391
2012-09-27,38.32099533081055
2012-09-28,38.262115478515625
2012-10-01,37.97942733764648
2012-10-02,38.268009185791016
2012-10-03,38.34455490112305
2012-10-04,38.33277893066406
2012-10-05,38.3798942565918
2012-10-08,38.297454833984375
2012-10-09,38.15610504150391
2012-10-10,38.309226989746094
2012-10-11,38.2797737121582
2012-10-12,38.144317626953125
2012-10-15,38.397560119628906
2012-10-16,38.63312530517578
2012-10-17,38.52713394165039
2012-10-18,38.92169952392578
2012-10-19,38.59779357910156
2012-10-22,38.403446197509766
2012-10-23,38.01476287841797
2012-10-24,37.98532104492188
2012-10-25,37.87931442260742
2012-10-26,37.54951858520508
2012-10-31,37.91465377807617
2012-11-01,38.09721755981445
2012-11-02,38.35046005249024
2012-11-05,38.09721755981445
2012-11-06,38.262115478515625
2012-11-07,38.0913200378418
2012-11-08,37.63786315917969
2012-11-09,37.537742614746094
2012-11-12,37.44939804077149
2012-11-13,37.41997146606445
2012-11-14,36.71913909912109
2012-11-15,36.54836654663086
2012-11-16,36.77215576171875
2012-11-19,37.22561264038086
2012-11-20,37.50240707397461
2012-11-21,37.43762969970703
2012-11-23,37.71442031860352
2012-11-26,37.790977478027344
2012-11-27,37.57897186279297
2012-11-28,37.5318603515625
2012-11-29,37.73796844482422
2012-11-30,37.81454086303711
2012-12-03,37.96763610839844
2012-12-04,38.02654647827149
2012-12-05,37.90875625610352
2012-12-06,38.262115478515625
2012-12-07,38.403446197509766
2012-12-10,38.38579559326172
2012-12-11,38.480018615722656
2012-12-12,38.3740119934082
2012-12-13,38.07954025268555
2012-12-14,38.07365798950195
2012-12-17,38.27389907836914
2012-12-18,38.6684684753418
2012-12-19,38.61547470092773
2012-12-20,39.1219367980957
2012-12-21,39.05714797973633
2012-12-24,39.109004974365234
2012-12-26,38.92422103881836
2012-12-27,39.06728363037109
2012-12-28,38.81097412109375
2012-12-31,39.22227096557617
2013-01-02,39.7110595703125
2013-01-03,39.70509719848633
2013-01-04,39.8898811340332
2013-01-07,39.97929763793945
2013-01-08,39.90180969238281
2013-01-09,40.01505661010742
2013-01-10,40.05679321289063
2013-01-11,40.03295516967773
2013-01-14,40.14619827270508
2013-01-15,40.33695983886719
2013-01-16,40.28925323486328
2013-01-17,40.414432525634766
2013-01-18,40.58729553222656
2013-01-22,40.795928955078125
2013-01-23,40.78401184082031
2013-01-24,40.86746597290039
2013-01-25,41.09992980957031
2013-01-28,41.20722579956055
2013-01-29,41.326446533203125
2013-01-30,40.93303298950195
2013-01-31,40.68864440917969
2013-02-01,40.92708206176758
2013-02-04,40.83170318603516
2013-02-05,40.73631286621094
2013-02-06,40.879371643066406
2013-02-07,40.70651245117188
2013-02-08,41.08205795288086
2013-02-11,41.14164733886719
2013-02-12,41.45161437988281
2013-02-13,41.42777633666992
2013-02-14,41.25491714477539
2013-02-15,41.27279281616211
2013-02-19,41.60062789916992
2013-02-20,41.33239364624024
2013-02-21,41.02245330810547
2013-02-22,41.43373489379883
2013-02-25,40.64691925048828
2013-02-26,40.92708206176758
2013-02-27,41.22511672973633
2013-02-28,41.183372497558594
2013-03-01,41.32049179077149
2013-03-04,41.63044738769531
2013-03-05,41.95829772949219
2013-03-06,41.83312225341797
2013-03-07,41.63640213012695
2013-03-08,41.70794296264648
2013-03-11,41.74368667602539
2013-03-12,41.58872222900391
2013-03-13,41.63044738769531
2013-03-14,41.89271545410156
2013-03-15,41.98809051513672
2013-03-18,41.75563430786133
2013-03-19,41.552955627441406
2013-03-20,41.6840934753418
2013-03-21,41.55890655517578
2013-03-22,41.777565002441406
2013-03-25,41.783573150634766
2013-03-26,42.14397048950195
2013-03-27,42.22206878662109
2013-03-28,42.3662223815918
2013-04-01,42.49238586425781
2013-04-02,42.62453842163086
2013-04-03,42.4743537902832
2013-04-04,43.16514205932617
2013-04-05,43.39940643310547
2013-04-08,43.7478141784668
2013-04-09,43.75381851196289
2013-04-10,44.02412033081055
2013-04-11,44.282413482666016
2013-04-12,44.390533447265625
2013-04-15,43.471473693847656
2013-04-16,44.19231033325195
2013-04-17,43.72378540039063
2013-04-18,43.65770721435547
2013-04-19,44.33048248291016
2013-04-22,44.2703971862793
2013-04-23,44.51667404174805
2013-04-24,44.61277389526367
2013-04-25,44.46260833740234
2013-04-26,44.318450927734375
2013-04-29,44.69688034057617
2013-04-30,45.21946716308594
2013-05-01,44.85908126831055
2013-05-02,45.15339660644531
2013-05-03,45.3336296081543
2013-05-06,45.56787109375
2013-05-07,45.82016754150391
2013-05-08,45.84419250488281
2013-05-09,45.54384613037109
2013-05-10,45.712039947509766
2013-05-13,45.92828369140625
2013-05-14,46.09648132324219
2013-05-15,46.552982330322266
2013-05-16,46.31271743774414
2013-05-17,46.571022033691406
2013-05-20,46.67914962768555
2013-05-21,46.94342803955078
2013-05-22,45.80215072631836
2013-05-23,44.943172454833984
2013-05-24,44.82904815673828
2013-05-28,44.444583892822266
2013-05-29,43.50153732299805
2013-05-30,43.09304428100586
2013-05-31,42.51641082763672
2013-06-03,42.75667953491211
2013-06-04,42.1619987487793
2013-06-05,41.813602447509766
2013-06-06,42.48637390136719
2013-06-07,42.49238586425781
2013-06-10,42.12596130371094
2013-06-11,41.501243591308594
2013-06-12,40.93659973144531
2013-06-13,41.999813079833984
2013-06-14,42.1559944152832
2013-06-17,42.27614212036133
2013-06-18,42.49238586425781
2013-06-19,41.18890380859375
2013-06-20,39.47695159912109
2013-06-21,40.01155853271485
2013-06-24,39.83023834228516
2013-06-25,40.49728775024414
2013-06-26,41.10978698730469
2013-06-27,41.93454360961914
2013-06-28,41.67378234863281
2013-07-01,41.58281326293945
2013-07-02,42.21955108642578
2013-07-03,41.94061279296875
2013-07-05,41.740478515625
2013-07-08,41.78292846679688
2013-07-09,42.377235412597656
2013-07-10,42.39543533325195
2013-07-11,43.42028427124024
2013-07-12,43.15346908569336
2013-07-15,43.33538436889648
2013-07-16,43.36570739746094
2013-07-17,43.52339172363281
2013-07-18,43.893310546875
2013-07-19,43.86297607421875
2013-07-22,43.99640274047852
2013-07-23,43.94788360595703
2013-07-24,43.092811584472656
2013-07-25,43.15952301025391
2013-07-26,43.195919036865234
2013-07-29,42.87449645996094
2013-07-30,42.74715042114258
2013-07-31,42.04975891113281
2013-08-01,41.88603210449219
2013-08-02,41.67984008789063
2013-08-05,41.64952087402344
2013-08-06,41.50397491455078
2013-08-07,41.39482879638672
2013-08-08,41.41301345825195
2013-08-09,41.77688217163086
2013-08-12,41.47972106933594
2013-08-13,40.90966033935547
2013-08-14,40.75200653076172
2013-08-15,40.00608444213867
2013-08-16,39.02368927001953
2013-08-19,38.50821685791016
2013-08-20,39.381465911865234
2013-08-21,39.29051208496094
2013-08-22,39.52701568603516
2013-08-23,39.93938064575195
2013-08-26,39.82416534423828
2013-08-27,39.63011169433594
2013-08-28,39.38753890991211
2013-08-29,39.44818115234375
2013-08-30,39.11464309692383
2013-09-03,38.7750358581543
2013-09-04,39.10857391357422
2013-09-05,38.69620895385742
2013-09-06,39.29657745361328
2013-09-09,40.11524963378906
2013-09-10,40.084938049316406
2013-09-11,40.40632629394531
2013-09-12,40.14557647705078
2013-09-13,40.26079177856445
2013-09-16,40.66102981567383
2013-09-17,40.63677597045898
2013-09-18,42.01336669921875
2013-09-19,41.97698974609375
2013-09-20,41.29171752929688
2013-09-23,41.008975982666016
2013-09-24,40.696876525878906
2013-09-25,40.83151245117188
2013-09-26,41.08242416381836
2013-09-27,40.91107177734375
2013-09-30,40.47657775878906
2013-10-01,41.064064025878906
2013-10-02,41.125267028808594
2013-10-03,40.40924453735352
2013-10-04,40.32969665527344
2013-10-07,40.51329040527344
2013-10-08,40.07265853881836
2013-10-09,40.07876968383789
2013-10-10,41.10079193115234
2013-10-11,41.51081848144531
2013-10-14,41.535282135009766
2013-10-15,41.38229370117188
2013-10-16,42.15953063964844
2013-10-17,42.79597854614258
2013-10-18,42.75313186645508
2013-10-21,42.4961051940918
2013-10-22,42.88777923583984
2013-10-23,42.96731948852539
2013-10-24,42.9550895690918
2013-10-25,43.48140335083008
2013-10-28,43.16929244995117
2013-10-29,42.918365478515625
2013-10-30,42.55730819702149
2013-10-31,42.30638885498047
2013-11-01,42.52670669555664
2013-11-04,42.60625457763672
2013-11-05,41.90861511230469
2013-11-06,41.84740829467773
2013-11-07,41.32721710205078
2013-11-08,40.77031326293945
2013-11-11,40.81315612792969
2013-11-12,40.62956237792969
2013-11-13,40.89271545410156
2013-11-14,41.18033981323242
2013-11-15,41.33333587646485
2013-11-18,41.07630920410156
2013-11-19,40.78866958618164
2013-11-20,40.29296112060547
2013-11-21,40.605072021484375
2013-11-22,40.44594955444336
2013-11-25,40.256256103515625
2013-11-26,40.115501403808594
2013-11-27,40.45820617675781
2013-11-29,40.08489990234375
2013-12-02,39.85233688354492
2013-12-03,39.77278137207031
2013-12-04,39.91965866088867
2013-12-05,40.06040954589844
2013-12-06,40.34804153442383
2013-12-09,40.54387664794922
2013-12-10,40.439849853515625
2013-12-11,39.50962448120117
2013-12-12,39.289310455322266
2013-12-13,39.387237548828125
2013-12-16,39.52186584472656
2013-12-17,39.70547103881836
2013-12-18,40.40924453735352
2013-12-19,39.85233688354492
2013-12-20,40.097129821777344
2013-12-23,40.17669296264648
2013-12-24,40.21273040771485
2013-12-26,40.24381637573242
2013-12-27,40.33082962036133
2013-12-30,40.343257904052734
2013-12-31,40.1257209777832
2014-01-02,40.13193893432617
2014-01-03,40.35568618774414
2014-01-06,40.56078338623047
2014-01-07,40.74104309082031
2014-01-08,40.54215621948242
2014-01-09,40.54215621948242
2014-01-10,41.09530258178711
2014-01-13,40.82183456420898
2014-01-14,41.12016296386719
2014-01-15,41.430946350097656
2014-01-16,41.50550079345703
2014-01-17,41.26311111450195
2014-01-21,41.636024475097656
2014-01-22,41.81627655029297
2014-01-23,41.716827392578125
2014-01-24,41.19475936889648
2014-01-27,40.87776565551758
2014-01-28,41.21962356567383
2014-01-29,40.9958610534668
2014-01-30,41.617374420166016
2014-01-31,41.84113693237305
2014-02-03,41.17609786987305
2014-02-04,41.67332077026367
2014-02-05,41.58631134033203
2014-02-06,41.890869140625
2014-02-07,42.20783996582031
2014-02-10,42.60562515258789
2014-02-11,42.77342987060547
2014-02-12,42.79828643798828
2014-02-13,42.95989227294922
2014-02-14,43.1276969909668
2014-02-18,43.33902359008789
2014-02-19,43.31416320800781
2014-02-20,43.22092056274414
2014-02-21,43.32658004760742
2014-02-24,43.4322395324707
2014-02-25,43.57519912719727
2014-02-26,43.67462921142578
2014-02-27,43.55655288696289
2014-02-28,43.960540771484375
2014-03-03,43.98540496826172
2014-03-04,44.61935806274414
2014-03-05,44.563419342041016
2014-03-06,44.19050216674805
2014-03-07,43.71193313598633
2014-03-10,43.48196029663086
2014-03-11,43.75543975830078
2014-03-12,43.88595581054688
2014-03-13,43.68084716796875
2014-03-14,43.792728424072266
2014-03-17,43.88595581054688
2014-03-18,44.0164680480957
2014-03-19,43.18363952636719
2014-03-20,43.258209228515625
2014-03-21,43.655982971191406
2014-03-24,43.370094299316406
2014-03-25,43.766075134277344
2014-03-26,43.27187728881836
2014-03-27,43.54713439941406
2014-03-28,43.809871673583984
2014-03-31,44.178977966308594
2014-04-01,44.37917709350586
2014-04-02,44.41670608520508
2014-04-03,44.3228645324707
2014-04-04,44.47301864624024
2014-04-07,44.61688232421875
2014-04-08,44.89213943481445
2014-04-09,44.77953338623047
2014-04-10,44.35413360595703
2014-04-11,44.08514022827149
2014-04-14,44.34789657592773
2014-04-15,44.87339019775391
2014-04-16,45.1611442565918
2014-04-17,44.898399353027344
2014-04-21,45.15489196777344
2014-04-22,45.254981994628906
2014-04-23,45.07357406616211
2014-04-24,45.2612419128418
2014-04-25,45.08607864379883
2014-04-28,45.43640899658203
2014-04-29,45.46767807006836
2014-04-30,45.63034057617188
2014-05-01,45.82427597045898
2014-05-02,45.81176376342773
2014-05-05,45.90559768676758
2014-05-06,45.742942810058594
2014-05-07,46.29345703125
2014-05-08,46.39979934692383
2014-05-09,46.43108367919922
2014-05-12,46.57497024536133
2014-05-13,46.27470779418945
2014-05-14,46.29345703125
2014-05-15,46.26844024658203
2014-05-16,46.69383239746094
2014-05-19,46.506160736083984
2014-05-20,46.36227035522461
2014-05-21,46.05573272705078
2014-05-22,45.97441482543945
2014-05-23,46.38105010986328
2014-05-27,46.71259689331055
2014-05-28,46.41857147216797
2014-05-29,46.51241302490234
2014-05-30,46.72512435913086
2014-06-02,46.8690071105957
2014-06-03,46.843997955322266
2014-06-04,46.93782043457031
2014-06-05,47.80113220214844
2014-06-06,47.60092926025391
2014-06-09,47.02540588378906
2014-06-10,46.6750602722168
2014-06-11,46.54996109008789
2014-06-12,46.43108367919922
2014-06-13,46.54996109008789
2014-06-16,46.31222534179688
2014-06-17,46.43108367919922
2014-06-18,46.75639343261719
2014-06-19,47.144264221191406
2014-06-20,47.30691909790039
2014-06-23,47.11298751831055
2014-06-24,47.147705078125
2014-06-25,47.05299377441406
2014-06-26,47.0087890625
2014-06-27,47.36870193481445
2014-06-30,47.25504684448242
2014-07-01,47.50762176513672
2014-07-02,47.39396667480469
2014-07-03,47.12245559692383
2014-07-07,47.2613639831543
2014-07-08,47.40028381347656
2014-07-09,47.47602462768555
2014-07-10,47.69072341918945
2014-07-11,47.69705581665039
2014-07-14,47.9306755065918
2014-07-15,47.96222305297852
2014-07-16,48.11377334594727
2014-07-17,47.86752700805664
2014-07-18,48.3410758972168
2014-07-21,48.16427993774414
2014-07-22,48.31581497192383
2014-07-23,48.40422058105469
2014-07-24,48.3410758972168
2014-07-25,48.00642395019531
2014-07-28,48.3410758972168
2014-07-29,48.107460021972656
2014-07-30,48.00642395019531
2014-07-31,47.29293823242188
2014-08-01,47.17928314208984
2014-08-04,47.50762176513672
2014-08-05,47.02144241333008
2014-08-06,47.00248718261719
2014-08-07,47.02774429321289
2014-08-08,47.30556869506836
2014-08-11,47.602317810058594
2014-08-12,47.52654647827149
2014-08-13,48.21480178833008
2014-08-14,48.183231353759766
2014-08-15,48.13271331787109
2014-08-18,48.60627746582031
2014-08-19,48.70730972290039
2014-08-20,48.928314208984375
2014-08-21,48.852535247802734
2014-08-22,48.46104049682617
2014-08-25,48.35369873046875
2014-08-26,48.44842147827149
2014-08-27,48.47998809814453
2014-08-28,48.47366714477539
2014-08-29,48.732547760009766
2014-09-02,48.7388801574707
2014-09-03,48.86514663696289
2014-09-04,48.68202972412109
2014-09-05,49.199806213378906
2014-09-08,49.14928817749024
2014-09-09,48.84621047973633
2014-09-10,48.07588577270508
2014-09-11,48.11377334594727
2014-09-12,46.6362533569336
2014-09-15,46.408966064453125
2014-09-16,46.863563537597656
2014-09-17,46.85093688964844
2014-09-18,46.44050598144531
2014-09-19,46.497337341308594
2014-09-22,46.13113021850586
2014-09-23,45.79648971557617
2014-09-24,45.67412185668945
2014-09-25,45.47019577026367
2014-09-26,46.08199691772461
2014-09-29,46.01825714111328
2014-09-30,45.78883361816406
2014-10-01,45.82708740234375
2014-10-02,45.7506103515625
2014-10-03,46.03736877441406
2014-10-06,46.15845489501953
2014-10-07,45.79522705078125
2014-10-08,46.78936767578125
2014-10-09,46.78936767578125
2014-10-10,46.833980560302734
2014-10-13,46.87858581542969
2014-10-14,47.63695526123047
2014-10-15,47.4521484375
2014-10-16,47.528621673583984
2014-10-17,47.58597183227539
2014-10-20,48.31248474121094
2014-10-21,48.75219345092773
2014-10-22,48.76494216918945
2014-10-23,49.14094161987305
2014-10-24,49.10271835327149
2014-10-27,49.46595001220703
2014-10-28,49.68264389038086
2014-10-29,49.40223693847656
2014-10-30,49.71450424194336
2014-10-31,50.33904647827149
2014-11-03,50.77876281738281
2014-11-04,50.86160659790039
2014-11-05,50.75326919555664
2014-11-06,50.364524841308594
2014-11-07,50.30080795288086
2014-11-10,50.71504211425781
2014-11-11,50.517459869384766
2014-11-12,50.13510513305664
2014-11-13,50.40914535522461
2014-11-14,49.99491500854492
2014-11-17,50.21795654296875
2014-11-18,50.43462753295898
2014-11-19,49.982154846191406
2014-11-20,50.14785003662109
2014-11-21,50.46011734008789
2014-11-24,50.63857650756836
2014-11-25,50.72779083251953
2014-11-26,51.21849060058594
2014-11-28,51.34594345092773
2014-12-01,51.21849060058594
2014-12-02,51.537147521972656
2014-12-03,51.48615264892578
2014-12-04,51.61997604370117
2014-12-05,51.35868453979492
2014-12-08,51.68372344970703
2014-12-09,51.91950607299805
2014-12-10,51.8685302734375
2014-12-11,51.9640998840332
2014-12-12,51.511627197265625
2014-12-15,50.84249114990234
2014-12-16,50.77238845825195
2014-12-17,51.93862915039063
2014-12-18,52.301883697509766
2014-12-19,52.2763671875
2014-12-22,53.15038299560547
2014-12-23,53.00181579589844
2014-12-24,52.78218460083008
2014-12-26,52.96951675415039
2014-12-29,53.26018905639648
2014-12-30,53.221435546875
2014-12-31,52.32353591918945
2015-01-02,53.111629486083984
2015-01-05,53.40230178833008
2015-01-06,53.93198776245117
2015-01-07,54.75886535644531
2015-01-08,54.965553283691406
2015-01-09,54.99139022827149
2015-01-12,55.41127395629883
2015-01-13,55.32730102539063
2015-01-14,55.805320739746094
2015-01-15,55.93450164794922
2015-01-16,56.418983459472656
2015-01-20,55.97325134277344
2015-01-21,55.93450164794922
2015-01-22,56.929298400878906
2015-01-23,56.76779174804688
2015-01-26,57.2458381652832
2015-01-27,57.26520919799805
2015-01-28,56.88410949707031
2015-01-29,57.0843391418457
2015-01-30,55.90867614746094
2015-02-02,55.760101318359375
2015-02-03,56.24457931518555
2015-02-04,56.01200485229492
2015-02-05,56.68380737304688
2015-02-06,55.036617279052734
2015-02-09,54.64901351928711
2015-02-10,54.82344818115234
2015-02-11,54.66195297241211
2015-02-12,55.31437683105469
2015-02-13,54.94618225097656
2015-02-17,54.81053161621094
2015-02-18,55.32085418701172
2015-02-19,54.13227081298828
2015-02-20,54.65549850463867
2015-02-23,55.094757080078125
2015-02-24,54.00952911376953
2015-02-25,54.02244567871094
2015-02-26,53.43461227416992
2015-02-27,53.85449600219727
2015-03-02,54.1645736694336
2015-03-03,54.06120300292969
2015-03-04,53.5444221496582
2015-03-05,53.6994514465332
2015-03-06,51.91658401489258
2015-03-09,52.32999420166016
2015-03-10,52.29124450683594
2015-03-11,52.33646011352539
2015-03-12,53.24728393554688
2015-03-13,53.214988708496094
2015-03-16,53.764041900634766
2015-03-17,53.74466323852539
2015-03-18,54.8686752319336
2015-03-19,54.84282684326172
2015-03-20,56.21875
2015-03-23,56.14767456054688
2015-03-24,55.669677734375
2015-03-25,54.70922088623047
2015-03-26,54.423301696777344
2015-03-27,54.494754791259766
2015-03-30,55.27457427978516
2015-03-31,54.787200927734375
2015-04-01,54.70922088623047
2015-04-02,55.125118255615234
2015-04-06,55.69696044921875
2015-04-07,54.71570587158203
2015-04-08,54.80019760131836
2015-04-09,53.6629753112793
2015-04-10,53.62399291992188
2015-04-13,53.481048583984375
2015-04-14,53.669471740722656
2015-04-15,53.26658630371094
2015-04-16,53.40305709838867
2015-04-17,53.156131744384766
2015-04-20,53.23410034179688
2015-04-21,53.32505798339844
2015-04-22,53.435546875
2015-04-23,53.57849884033203
2015-04-24,53.688995361328125
2015-04-27,53.61750411987305
2015-04-28,53.51351547241211
2015-04-29,52.43481063842773
2015-04-30,51.5835189819336
2015-05-01,51.97343444824219
2015-05-04,52.02540969848633
2015-05-05,50.89472198486328
2015-05-06,50.79723358154297
2015-05-07,51.57704925537109
2015-05-08,52.2983627319336
2015-05-11,51.512054443359375
2015-05-12,51.66801834106445
2015-05-13,51.17413711547852
2015-05-14,52.161869049072266
2015-05-15,52.69472503662109
2015-05-18,52.55826187133789
2015-05-19,52.37631988525391
2015-05-20,52.330833435058594
2015-05-21,52.08390045166016
2015-05-22,52.0189094543457
2015-05-26,51.62251281738281
2015-05-27,52.1293830871582
2015-05-28,52.02540969848633
2015-05-29,51.42757034301758
2015-06-01,52.05790710449219
2015-06-02,51.57704925537109
2015-06-03,50.836219787597656
2015-06-04,50.738746643066406
2015-06-05,50.17338943481445
2015-06-08,50.08241271972656
2015-06-09,49.7185173034668
2015-06-10,50.06942367553711
2015-06-11,50.374847412109375
2015-06-12,50.3293571472168
2015-06-15,50.05644607543945
2015-06-16,50.45932388305664
2015-06-17,50.88821792602539
2015-06-18,51.59002685546875
2015-06-19,51.19363021850586
2015-06-22,50.667259216308594
2015-06-23,50.24488067626953
2015-06-24,49.97195053100586
2015-06-25,49.4650764465332
2015-06-26,49.82085418701172
2015-06-29,49.04630661010742
2015-06-30,49.02659225463867
2015-07-01,49.833984375
2015-07-02,49.95867919921875
2015-07-06,50.27376937866211
2015-07-07,51.06146240234375
2015-07-08,50.86452865600586
2015-07-09,50.62166213989258
2015-07-10,51.041751861572266
2015-07-13,51.11396789550781
2015-07-14,51.2189826965332
2015-07-15,51.30432891845703
2015-07-16,51.71784591674805
2015-07-17,51.53407287597656
2015-07-20,51.59313583374024
2015-07-21,51.448726654052734
2015-07-22,51.67189025878906
2015-07-23,51.02864074707031
2015-07-24,51.245243072509766
2015-07-27,51.3371467590332
2015-07-28,51.36996078491211
2015-07-29,51.704734802246094
2015-07-30,51.448726654052734
2015-07-31,51.855690002441406
2015-08-03,52.17731857299805
2015-08-04,51.79661178588867
2015-08-05,51.45528030395508
2015-08-06,51.52748489379883
2015-08-07,51.71784591674805
2015-08-10,51.553749084472656
2015-08-11,51.89508438110352
2015-08-12,52.05916976928711
2015-08-13,52.11824798583984
2015-08-14,52.4005126953125
2015-08-17,52.84686279296875
2015-08-18,52.99127197265625
2015-08-19,52.676212310791016
2015-08-20,52.28891372680664
2015-08-21,51.31743621826172
2015-08-24,48.915016174316406
2015-08-25,47.56939315795898
2015-08-26,48.85593795776367
2015-08-27,49.80116653442383
2015-08-28,49.72895050048828
2015-08-31,48.5933723449707
2015-09-01,47.66785430908203
2015-09-02,48.16014099121094
2015-09-03,48.291446685791016
2015-09-04,47.39214706420898
2015-09-08,48.10764694213867
2015-09-09,47.556270599365234
2015-09-10,47.66128540039063
2015-09-11,48.57369995117188
2015-09-14,48.59994888305664
2015-09-15,49.0791130065918
2015-09-16,49.60422897338867
2015-09-17,50.16874694824219
2015-09-18,50.08340072631836
2015-09-21,50.51007080078125
2015-09-22,49.87336349487305
2015-09-23,50.186283111572266
2015-09-24,49.71556854248047
2015-09-25,49.91446685791016
2015-09-28,49.1388053894043
2015-09-29,49.662540435791016
2015-09-30,50.080204010009766
2015-10-01,50.32552719116211
2015-10-02,50.69013214111328
2015-10-05,51.54534530639648
2015-10-06,51.42602157592773
2015-10-07,52.01607894897461
2015-10-08,52.45361709594727
2015-10-09,52.3674430847168
2015-10-12,52.73868942260742
2015-10-13,52.3276481628418
2015-10-14,51.93649673461914
2015-10-15,52.64588928222656
2015-10-16,53.04366302490234
2015-10-19,53.78617477416992
2015-10-20,53.76628112792969
2015-10-21,53.56739807128906
2015-10-22,54.0380859375
2015-10-23,53.51437759399414
2015-10-26,53.50109100341797
2015-10-27,53.48119354248047
2015-10-28,53.52761459350586
2015-10-29,53.45467376708984
2015-10-30,52.96408462524414
2015-11-02,54.09113693237305
2015-11-03,53.54750442504883
2015-11-04,53.30883407592773
2015-11-05,53.52098846435547
2015-11-06,51.85694885253906
2015-11-09,50.96857070922852
2015-11-10,51.551979064941406
2015-11-11,51.61164093017578
2015-11-12,51.26028823852539
2015-11-13,50.6768684387207
2015-11-16,51.26028823852539
2015-11-17,51.26028823852539
2015-11-18,51.71109390258789
2015-11-19,51.870208740234375
2015-11-20,52.51991653442383
2015-11-23,52.63261795043945
2015-11-24,52.354190826416016
2015-11-25,52.56630706787109
2015-11-27,53.02377700805664
2015-11-30,52.63261795043945
2015-12-01,53.36186981201172
2015-12-02,52.27461242675781
2015-12-03,51.452518463134766
2015-12-04,52.43372344970703
2015-12-07,52.287879943847656
2015-12-08,52.24146270751953
2015-12-09,51.94974899291992
2015-12-10,51.57850646972656
2015-12-11,51.485687255859375
2015-12-14,51.7243537902832
2015-12-15,52.287879943847656
2015-12-16,53.30883407592773
2015-12-17,53.04366302490234
2015-12-18,52.42709732055664
2015-12-21,52.63261795043945
2015-12-22,52.84475326538086
2015-12-23,53.387916564941406
2015-12-24,53.387916564941406
2015-12-28,53.68368911743164
2015-12-29,54.255104064941406
2015-12-30,54.06686782836914
2015-12-31,53.59632110595703
2016-01-04,52.950984954833984
2016-01-05,53.972755432128906
2016-01-06,53.82488250732422
2016-01-07,52.77620315551758
2016-01-08,52.07036972045898
2016-01-11,52.36613082885742
2016-01-12,52.01657485961914
2016-01-13,51.27041244506836
2016-01-14,51.1494026184082
2016-01-15,50.79984664916992
2016-01-19,51.06874465942383
2016-01-20,49.697410583496094
2016-01-21,49.97303771972656
2016-01-22,51.36452102661133
2016-01-25,51.04186248779297
2016-01-26,52.11068344116211
2016-01-27,51.10236358642578
2016-01-28,50.71247482299805
2016-01-29,51.75440979003906
2016-02-01,51.84181213378906
2016-02-02,51.37125015258789
2016-02-03,51.71407318115234
2016-02-04,51.740970611572266
2016-02-05,50.759544372558594
2016-02-08,49.30752182006836
2016-02-09,48.400028228759766
2016-02-10,48.73614883422852
2016-02-11,48.04374694824219
2016-02-12,48.59496688842773
2016-02-16,49.48902893066406
2016-02-17,49.91251754760742
2016-02-18,50.41670989990234
2016-02-19,50.70574569702149
2016-02-22,51.18975067138672
2016-02-23,51.0553092956543
2016-02-24,50.99480056762695
2016-02-25,52.0367546081543
2016-02-26,51.76786422729492
2016-02-29,51.56619644165039
2016-03-01,53.0181999206543
2016-03-02,53.40134048461914
2016-03-03,53.68368911743164
2016-03-04,53.69042205810547
2016-03-07,53.83156967163086
2016-03-08,53.28037643432617
2016-03-09,53.57616424560547
2016-03-10,53.38120651245117
2016-03-11,54.57776641845703
2016-03-14,54.58445358276367
2016-03-15,54.61137008666992
2016-03-16,55.270137786865234
2016-03-17,56.049903869628906
2016-03-18,55.80792999267578
2016-03-21,55.30422592163086
2016-03-22,55.30422592163086
2016-03-23,55.00515365600586
2016-03-24,55.02552795410156
2016-03-28,55.521751403808594
2016-03-29,56.72488784790039
2016-03-30,56.61614227294922
2016-03-31,56.96281433105469
2016-04-01,56.88803863525391
2016-04-04,56.80646514892578
2016-04-05,56.43260192871094
2016-04-06,56.56855773925781
2016-04-07,56.215087890625
2016-04-08,56.52779006958008
2016-04-11,56.41222381591797
2016-04-12,56.82006454467773
2016-04-13,56.56855773925781
2016-04-14,56.2558708190918
2016-04-15,56.67730331420898
2016-04-18,56.94921112060547
2016-04-19,56.97639846801758
2016-04-20,56.01115036010742
2016-04-21,55.01193618774414
2016-04-22,55.61010360717773
2016-04-25,56.07234191894531
2016-04-26,56.28984451293945
2016-04-27,56.2558708190918
2016-04-28,56.14030456542969
2016-04-29,55.62370300292969
2016-05-02,56.48700714111328
2016-05-03,56.57536315917969
2016-05-04,57.3842658996582
2016-05-05,57.54739761352539
2016-05-06,58.17955017089844
2016-05-09,58.81852340698242
2016-05-10,58.81170272827149
2016-05-11,57.55418014526367
2016-05-12,57.88725662231445
2016-05-13,57.37066650390625
2016-05-16,57.9144401550293
2016-05-17,56.840457916259766
2016-05-18,55.94999313354492
2016-05-19,55.32461929321289
2016-05-20,55.76644515991211
2016-05-23,55.77324295043945
2016-05-24,56.466590881347656
2016-05-25,56.466590881347656
2016-05-26,56.57536315917969
2016-05-27,56.88123321533203
2016-05-31,56.87443923950195
2016-06-01,56.92203140258789
2016-06-02,57.21432113647461
2016-06-03,57.44541549682617
2016-06-06,57.00361251831055
2016-06-07,57.35027313232422
2016-06-08,57.71731948852539
2016-06-09,57.84646987915039
2016-06-10,57.574588775634766
2016-06-13,57.58818435668945
2016-06-14,57.43862533569336
2016-06-15,57.982418060302734
2016-06-16,58.30872344970703
2016-06-17,58.21355438232422
2016-06-20,58.29512405395508
2016-06-21,58.51731872558594
2016-06-22,58.428165435791016
2016-06-23,58.72310256958008
2016-06-24,58.20182800292969
2016-06-27,58.24298477172852
2016-06-28,59.470664978027344
2016-06-29,60.19081497192383
2016-06-30,60.81494903564453
2016-07-01,60.835548400878906
2016-07-05,61.50766754150391
2016-07-06,61.24018096923828
2016-07-07,60.609188079833984
2016-07-08,61.589969635009766
2016-07-11,62.0014762878418
2016-07-12,61.9946174621582
2016-07-13,62.33755493164063
2016-07-14,61.78201675415039
2016-07-15,61.80259323120117
2016-07-18,61.9671745300293
2016-07-19,62.26896667480469
2016-07-20,62.27583312988281
2016-07-21,62.39927291870117
2016-07-22,62.94795989990234
2016-07-25,62.831390380859375
2016-07-26,62.522735595703125
2016-07-27,62.03577423095703
2016-07-28,62.61189270019531
2016-07-29,63.40748596191406
2016-08-01,63.54467391967773
2016-08-02,62.52959442138672
2016-08-03,62.16608810424805
2016-08-04,61.9123420715332
2016-08-05,61.95347213745117
2016-08-08,62.06321716308594
2016-08-09,62.39927291870117
2016-08-10,62.3306884765625
2016-08-11,61.6242561340332
2016-08-12,61.8848991394043
2016-08-15,61.823150634765625
2016-08-16,61.082427978515625
2016-08-17,61.329345703125
2016-08-18,61.10300064086914
2016-08-19,60.71207427978516
2016-08-22,61.041282653808594
2016-08-23,61.07558441162109
2016-08-24,60.80810546875
2016-08-25,61.082427978515625
2016-08-26,60.47887802124024
2016-08-29,61.07558441162109
2016-08-30,60.958984375
2016-08-31,61.02071380615234
2016-09-01,60.86980819702149
2016-09-02,61.39790725708008
2016-09-06,61.87115478515625
2016-09-07,62.24153137207031
2016-09-08,61.4802360534668
2016-09-09,59.045448303222656
2016-09-12,59.74501419067383
2016-09-13,58.24504089355469
2016-09-14,58.43149566650391
2016-09-15,58.65249633789063
2016-09-16,58.68011474609375
2016-09-19,59.21188354492188
2016-09-20,59.122108459472656
2016-09-21,59.88174819946289
2016-09-22,60.95219039916992
2016-09-23,61.13865661621094
2016-09-26,61.28365707397461
2016-09-27,60.63450622558594
2016-09-28,61.13174057006836
2016-09-29,60.31682586669922
2016-09-30,59.90247344970703
2016-10-03,58.78369903564453
2016-10-04,57.98261642456055
2016-10-05,56.808570861816406
2016-10-06,56.82931900024414
2016-10-07,56.73262786865234
2016-10-10,57.08482360839844
2016-10-11,56.53236389160156
2016-10-12,57.18152618408203
2016-10-13,57.630401611328125
2016-10-14,57.3748893737793
2016-10-17,57.49919128417969
2016-10-18,57.86520385742188
2016-10-19,57.98949813842773
2016-10-20,57.85830307006836
2016-10-21,57.64424133300781
2016-10-24,57.77542495727539
2016-10-25,57.67184448242188
2016-10-26,56.9190788269043
2016-10-27,55.427391052246094
2016-10-28,55.55860900878906
2016-10-31,56.463287353515625
2016-11-01,55.23402404785156
2016-11-02,54.426029205322266
2016-11-03,54.004764556884766
2016-11-04,54.43293380737305
2016-11-07,55.38595199584961
2016-11-08,55.67601776123047
2016-11-09,54.83347702026367
2016-11-10,53.91498947143555
2016-11-11,54.239559173583984
2016-11-14,55.52406692504883
2016-11-15,55.06138229370117
2016-11-16,54.90255737304688
2016-11-17,54.34315872192383
2016-11-18,54.501983642578125
2016-11-21,54.33624649047852
2016-11-22,55.28929138183594
2016-11-23,55.05446243286133
2016-11-25,55.37217330932617
2016-11-28,55.62768173217773
2016-11-29,56.15943145751953
2016-11-30,55.51716995239258
2016-12-01,54.70226287841797
2016-12-02,55.24782943725586
2016-12-05,55.65530014038086
2016-12-06,56.014408111572266
2016-12-07,57.13317108154297
2016-12-08,57.526832580566406
2016-12-09,57.46466064453125
2016-12-12,57.844482421875
2016-12-13,57.81686782836914
2016-12-14,56.55306625366211
2016-12-15,56.221588134765625
2016-12-16,57.06410598754883
2016-12-19,57.67873001098633
2016-12-20,57.80997085571289
2016-12-21,56.93292236328125
2016-12-22,56.83773040771485
2016-12-23,56.98577880859375
2016-12-27,57.10563278198242
2016-12-28,56.76015472412109
2016-12-29,57.46525955200195
2016-12-30,58.19148635864258
2017-01-03,58.38187026977539
2017-01-04,59.235008239746094
2017-01-05,59.4254150390625
2017-01-06,59.43244934082031
2017-01-09,58.8965950012207
2017-01-10,58.395973205566406
2017-01-11,58.0363655090332
2017-01-12,58.33251190185547
2017-01-13,58.24790573120117
2017-01-17,58.699161529541016
2017-01-18,58.7978744506836
2017-01-19,58.19853973388672
2017-01-20,58.62161636352539
2017-01-23,59.11515808105469
2017-01-24,59.1292610168457
2017-01-25,58.74146270751953
2017-01-26,58.628665924072266
2017-01-27,58.057525634765625
2017-01-30,57.66267395019531
2017-01-31,58.07868194580078
2017-02-01,57.38063430786133
2017-02-02,58.0645751953125
2017-02-03,58.38187026977539
2017-02-06,58.28314208984375
2017-02-07,58.07868194580078
2017-02-08,58.53697204589844
2017-02-09,58.67800521850586
2017-02-10,59.09400177001953
2017-02-13,59.11515808105469
2017-02-14,58.80492401123047
2017-02-15,58.60749816894531
2017-02-16,58.95301055908203
2017-02-17,59.0658073425293
2017-02-21,59.82026290893555
2017-02-22,59.622840881347656
2017-02-23,59.93308639526367
2017-02-24,60.2150993347168
2017-02-27,60.53242492675781
2017-02-28,60.11639022827149
2017-03-01,59.93308639526367
2017-03-02,59.6087532043457
2017-03-03,59.37606048583984
2017-03-06,59.10813903808594
2017-03-07,58.82607650756836
2017-03-08,57.74022674560547
2017-03-09,56.87297439575195
2017-03-10,56.69670486450195
2017-03-13,56.83773040771485
2017-03-14,56.8236083984375
2017-03-15,57.97291946411133
2017-03-16,57.86009979248047
2017-03-17,58.128047943115234
2017-03-20,58.07868194580078
2017-03-21,57.82484817504883
2017-03-22,57.79287338256836
2017-03-23,58.21904373168945
2017-03-24,58.15511322021485
2017-03-27,57.62954330444336
2017-03-28,57.87810134887695
2017-03-29,58.20481491088867
2017-03-30,58.31135940551758
2017-03-31,58.65937042236328
2017-04-03,58.82984924316406
2017-04-04,58.82984924316406
2017-04-05,58.9150619506836
2017-04-06,59.227577209472656
2017-04-07,59.31281661987305
2017-04-10,59.68212890625
2017-04-11,60.09408950805664
2017-04-12,59.9875602722168
2017-04-13,59.85259628295898
2017-04-17,60.57706069946289
2017-04-18,60.74040985107422
2017-04-19,60.65518569946289
2017-04-20,60.66227340698242
2017-04-21,60.44210433959961
2017-04-24,59.77448272705078
2017-04-25,60.02306365966797
2017-04-26,59.57558441162109
2017-04-27,59.419342041015625
2017-04-28,58.80145263671875
2017-05-01,59.14945602416992
2017-05-02,59.05001831054688
2017-05-03,58.26165008544922
2017-05-04,57.977535247802734
2017-05-05,58.52444839477539
2017-05-08,58.11248397827149
2017-05-09,57.79999542236328
2017-05-10,58.254539489746094
2017-05-11,57.963321685791016
2017-05-12,57.72895431518555
2017-05-15,57.89941787719727
2017-05-16,57.50879287719727
2017-05-17,57.7431755065918
2017-05-18,58.062782287597656
2017-05-19,58.37529373168945
2017-05-22,58.60257339477539
2017-05-23,58.65227890014648
2017-05-24,59.128150939941406
2017-05-25,59.13524627685547
2017-05-26,58.7090950012207
2017-05-30,58.33975982666016
2017-05-31,58.37529373168945
2017-06-01,58.68070602416992
2017-06-02,59.2844123840332
2017-06-05,59.02870178222656
2017-06-06,58.744606018066406
2017-06-07,59.15658187866211
2017-06-08,59.01451873779297
2017-06-09,59.42644882202149
2017-06-12,59.959129333496094
2017-06-13,60.09408950805664
2017-06-14,60.179298400878906
2017-06-15,60.484710693359375
2017-06-16,60.32847213745117
2017-06-19,60.335575103759766
2017-06-20,60.193504333496094
2017-06-21,60.07276916503906
2017-06-22,60.12961959838867
2017-06-23,60.3382453918457
2017-06-26,60.76847457885742
2017-06-27,60.223541259765625
2017-06-28,60.3669548034668
2017-06-29,59.6785888671875
2017-06-30,59.6785888671875
2017-07-03,60.43864059448242
2017-07-05,59.58537292480469
2017-07-06,58.46680450439453
2017-07-07,58.79664993286133
2017-07-10,58.25887298583984
2017-07-11,58.19433975219727
2017-07-12,58.91135787963867
2017-07-13,59.004581451416016
2017-07-14,59.5710563659668
2017-07-17,60.05144119262695
2017-07-18,59.92239761352539
2017-07-19,60.37409591674805
2017-07-20,60.09447479248047
2017-07-21,60.05144119262695
2017-07-24,59.93672180175781
2017-07-25,60.01559448242188
2017-07-26,60.43145751953125
2017-07-27,60.50315475463867
2017-07-28,60.3382453918457
2017-07-31,60.41712951660156
2017-08-01,60.68959045410156
2017-08-02,60.13748550415039
2017-08-03,60.01559448242188
2017-08-04,60.21635818481445
2017-08-07,60.15180969238281
2017-08-08,59.86500549316406
2017-08-09,59.66423416137695
2017-08-10,59.23402404785156
2017-08-11,58.868350982666016
2017-08-14,59.85066223144531
2017-08-15,59.67142105102539
2017-08-16,59.90804672241211
2017-08-17,59.53518295288086
2017-08-18,58.9328727722168
2017-08-21,59.56386184692383
2017-08-22,59.39177322387695
2017-08-23,60.00124740600586
2017-08-24,59.8148078918457
2017-08-25,60.10163497924805
2017-08-28,59.64273834228516
2017-08-29,59.57819366455078
2017-08-30,59.91518783569336
2017-08-31,60.25938034057617
2017-09-01,60.46733474731445
2017-09-05,60.30240249633789
2017-09-06,60.46017456054688
2017-09-07,60.847354888916016
2017-09-08,60.89753341674805
2017-09-11,61.456825256347656
2017-09-12,60.73262405395508
2017-09-13,60.57487487792969
2017-09-14,61.0767936706543
2017-09-15,61.1915283203125
2017-09-18,60.8616943359375
2017-09-19,60.46017456054688
2017-09-20,60.29523849487305
2017-09-21,60.18050765991211
2017-09-22,59.75601959228516
2017-09-25,60.10372543334961
2017-09-26,60.20515823364258
2017-09-27,59.66183090209961
2017-09-28,60.06749725341797
2017-09-29,60.19063568115234
2017-10-02,60.10372543334961
2017-10-03,60.01678085327149
2017-10-04,60.32107162475586
2017-10-05,60.53837585449219
2017-10-06,60.34278869628906
2017-10-09,60.48764419555664
2017-10-10,60.66874694824219
2017-10-11,60.8715934753418
2017-10-12,61.26276779174805
2017-10-13,61.422142028808594
2017-10-16,61.11788177490234
2017-10-17,61.19034957885742
2017-10-18,61.1251106262207
2017-10-19,60.94403076171875
2017-10-20,60.59629440307617
2017-10-23,60.36451721191406
2017-10-24,60.00230026245117
2017-10-25,59.82845306396485
2017-10-26,59.33585739135742
2017-10-27,59.603885650634766
2017-10-30,59.55318832397461
2017-10-31,59.54593276977539
2017-11-01,59.83568954467773
2017-11-02,60.34278869628906
2017-11-03,60.19063568115234
2017-11-06,60.59629440307617
2017-11-07,61.08891677856445
2017-11-08,61.39316177368164
2017-11-09,61.45835494995117
2017-11-10,61.5235595703125
2017-11-13,61.83504104614258
2017-11-14,61.70464706420898
2017-11-15,61.0816764831543
2017-11-16,61.58876037597656
2017-11-17,61.32073211669922
2017-11-20,61.139625549316406
2017-11-21,61.59599685668945
2017-11-22,61.45835494995117
2017-11-24,61.53805541992188
2017-11-27,61.24828338623047
2017-11-28,61.01647186279297
2017-11-29,61.03819274902344
2017-11-30,61.13238525390625
2017-12-01,61.27726745605469
2017-12-04,60.97300720214844
2017-12-05,60.465919494628906
2017-12-06,60.40796661376953
2017-12-07,60.56009292602539
2017-12-08,60.8715934753418
2017-12-11,60.86435317993164
2017-12-12,61.16134262084961
2017-12-13,61.26276779174805
2017-12-14,61.24828338623047
2017-12-15,61.63222122192383
2017-12-18,62.03786087036133
2017-12-19,60.719459533691406
2017-12-20,60.01678085327149
2017-12-21,59.78433609008789
2017-12-22,60.19628143310547
2017-12-26,60.49790573120117
2017-12-27,60.69651794433594
2017-12-28,61.02018737792969
2017-12-29,61.04224395751953
2018-01-02,60.814212799072266
2018-01-03,60.63766098022461
2018-01-04,59.59308242797852
2018-01-05,59.62249374389648
2018-01-08,59.93144989013672
2018-01-09,59.1590690612793
2018-01-10,58.49699783325195
2018-01-11,58.298377990722656
2018-01-12,57.82756805419922
2018-01-16,57.93792724609375
2018-01-17,58.34251403808594
2018-01-18,57.59218215942383
2018-01-19,57.901145935058594
2018-01-22,58.43077850341797
2018-01-23,59.23998260498047
2018-01-24,58.93100357055664
2018-01-25,58.82801818847656
2018-01-26,58.62205123901367
2018-01-29,57.83493423461914
2018-01-30,57.4156379699707
2018-01-31,58.44550323486328
2018-02-01,57.18758010864258
2018-02-02,56.70207595825195
2018-02-05,55.017486572265625
2018-02-06,55.024845123291016
2018-02-07,54.7894401550293
2018-02-08,53.21518707275391
2018-02-09,54.54666519165039
2018-02-12,54.56875991821289
2018-02-13,54.95125961303711
2018-02-14,54.55403137207031
2018-02-15,55.083683013916016
2018-02-16,55.38531112670898
2018-02-20,54.730587005615234
2018-02-21,53.64921188354492
2018-02-22,54.25979232788086
2018-02-23,55.1278190612793
2018-02-26,55.28232192993164
2018-02-27,53.99496841430664
2018-02-28,53.95817947387695
2018-03-01,54.009674072265625
2018-03-02,53.98760223388672
2018-03-05,54.5981674194336
2018-03-06,54.85564422607422
2018-03-07,55.194034576416016
2018-03-08,55.2970085144043
2018-03-09,55.5986213684082
2018-03-12,55.841400146484375
2018-03-13,55.892879486083984
2018-03-14,55.94438552856445
2018-03-15,55.929649353027344
2018-03-16,56.31954956054688
2018-03-19,55.83403015136719
2018-03-20,55.64276123046875
2018-03-21,55.23080825805664
2018-03-22,54.90715408325195
2018-03-23,53.92874526977539
2018-03-26,54.54228210449219
2018-03-27,54.75025939941406
2018-03-28,56.12441253662109
2018-03-29,56.05756378173828
2018-04-02,55.29991912841797
2018-04-03,55.76789093017578
2018-04-04,56.35466766357422
2018-04-05,56.33237457275391
2018-04-06,55.90898895263672
2018-04-09,55.730743408203125
2018-04-10,55.67130661010742
2018-04-11,55.79015350341797
2018-04-12,55.16622543334961
2018-04-13,55.455902099609375
2018-04-16,55.797584533691406
2018-04-17,56.45124816894531
2018-04-18,56.33237457275391
2018-04-19,55.515323638916016
2018-04-20,55.0028190612793
2018-04-23,54.958229064941406
2018-04-24,55.16622543334961
2018-04-25,55.06222534179688
2018-04-26,55.78271865844727
2018-04-27,56.740909576416016
2018-04-30,56.51807403564453
2018-05-01,57.03060531616211
2018-05-02,56.8226203918457
2018-05-03,56.78549575805664
2018-05-04,57.40941619873047
2018-05-07,57.795658111572266
2018-05-08,57.505977630615234
2018-05-09,57.89223098754883
2018-05-10,58.34531021118164
2018-05-11,58.14476013183594
2018-05-14,57.647098541259766
2018-05-15,56.71120071411133
2018-05-16,56.54036712646485
2018-05-17,56.25809860229492
2018-05-18,56.33237457275391
2018-05-21,57.000885009765625
2018-05-22,57.08259582519531
2018-05-23,57.65452194213867
2018-05-24,57.535682678222656
2018-05-25,57.73624038696289
2018-05-29,58.01105499267578
2018-05-30,58.79841232299805
2018-05-31,58.59785842895508
2018-06-01,58.85783767700195
2018-06-04,59.37033081054688
2018-06-05,59.21437072753906
2018-06-06,59.35550308227539
2018-06-07,59.35550308227539
2018-06-08,59.57088851928711
2018-06-11,59.48176193237305
2018-06-12,59.83829879760742
2018-06-13,58.67214584350586
2018-06-14,59.22922897338867
2018-06-15,59.192081451416016
2018-06-18,59.20857620239258
2018-06-19,59.14860534667969
2018-06-20,59.80830001831055
2018-06-21,60.09318923950195
2018-06-22,60.56546401977539
2018-06-25,60.40804672241211
2018-06-26,60.60294723510742
2018-06-27,60.37057495117188
2018-06-28,60.91032409667969
2018-06-29,61.06026077270508
2018-07-02,60.7229118347168
2018-07-03,61.18020248413086
2018-07-05,61.90737915039063
2018-07-06,62.23722457885742
2018-07-09,61.74245071411133
2018-07-10,61.869895935058594
2018-07-11,61.6674919128418
2018-07-12,61.854888916015625
2018-07-13,61.6674919128418
2018-07-16,61.33760833740234
2018-07-17,60.93279266357422
2018-07-18,60.66292953491211
2018-07-19,61.3751220703125
2018-07-20,60.78288650512695
2018-07-23,60.65541458129883
2018-07-24,60.34806823730469
2018-07-25,60.827857971191406
2018-07-26,61.03028106689453
2018-07-27,60.37805938720703
2018-07-30,60.41554260253906
2018-07-31,61.42760848999024
2018-08-01,61.86238861083984
2018-08-02,61.61499786376953
2018-08-03,62.282203674316406
2018-08-06,62.19974136352539
2018-08-07,62.08729934692383
2018-08-08,61.72744369506836
2018-08-09,61.75743103027344
2018-08-10,61.2851448059082
2018-08-13,61.16521072387695
2018-08-14,61.46508407592773
2018-08-15,61.93735885620117
2018-08-16,62.43961715698242
2018-08-17,63.01688003540039
2018-08-20,63.061859130859375
2018-08-21,62.67953872680664
2018-08-22,62.32719421386719
2018-08-23,62.16975021362305
2018-08-24,62.53709411621094
2018-08-27,62.31219482421875
2018-08-28,63.15184020996094
2018-08-29,63.16683197021485
2018-08-30,62.761993408203125
2018-08-31,63.009368896484375
2018-09-04,62.259742736816406
2018-09-05,62.61954879760742
2018-09-06,62.799461364746094
2018-09-07,62.11729049682617
2018-09-10,62.394657135009766
2018-09-11,62.387168884277344
2018-09-12,62.41714477539063
2018-09-13,62.72450256347656
2018-09-14,62.32719421386719
2018-09-17,62.529579162597656
2018-09-18,62.22972106933594
2018-09-19,61.5025520324707
2018-09-20,62.079811096191406
2018-09-21,62.057315826416016
2018-09-24,60.94289779663086
2018-09-25,60.95050430297852
2018-09-26,60.22072982788086
2018-09-27,60.50958633422852
2018-09-28,61.330596923828125
2018-10-01,60.76046371459961
2018-10-02,60.62362289428711
2018-10-03,59.977481842041016
2018-10-04,59.47576141357422
2018-10-05,59.44535827636719
2018-10-08,60.30435180664063
2018-10-09,60.387969970703125
2018-10-10,59.4909782409668
2018-10-11,57.7881965637207
2018-10-12,57.63614273071289
2018-10-15,58.02382659912109
2018-10-16,59.2172966003418
2018-10-17,58.98927307128906
2018-10-18,58.87522888183594
2018-10-19,59.384559631347656
2018-10-22,58.555965423583984
2018-10-23,58.81441879272461
2018-10-24,59.36935806274414
2018-10-25,60.129512786865234
2018-10-26,58.68519592285156
2018-10-29,59.43017959594727
2018-10-30,60.243534088134766
2018-10-31,59.53657913208008
2018-11-01,59.81784057617188
2018-11-02,59.32373046875
2018-11-05,60.205528259277344
2018-11-06,60.50958633422852
2018-11-07,61.23175430297852
2018-11-08,61.277381896972656
2018-11-09,61.269775390625
2018-11-12,61.39139938354492
2018-11-13,61.330596923828125
2018-11-14,61.178558349609375
2018-11-15,60.76046371459961
2018-11-16,61.414188385009766
2018-11-19,61.49782943725586
2018-11-20,60.86687469482422
2018-11-21,60.92008590698242
2018-11-23,60.798484802246094
2018-11-26,60.91249847412109
2018-11-27,61.17094421386719
2018-11-28,61.71827697753906
2018-11-29,61.73347473144531
2018-11-30,62.31881332397461
2018-12-03,62.65329360961914
2018-12-04,61.725860595703125
2018-12-06,63.25381851196289
2018-12-07,62.425235748291016
2018-12-10,62.02234649658203
2018-12-11,62.0527572631836
2018-12-12,61.09492492675781
2018-12-13,61.44800567626953
2018-12-14,61.271087646484375
2018-12-17,58.963321685791016
2018-12-18,59.5710334777832
2018-12-19,58.91716384887695
2018-12-20,58.032527923583984
2018-12-21,57.22480392456055
2018-12-24,55.186279296875
2018-12-26,57.032493591308594
2018-12-27,57.02481460571289
2018-12-28,57.20942687988281
2018-12-31,57.36326217651367
2019-01-02,56.11708068847656
2019-01-03,56.5093994140625
2019-01-04,57.17097091674805
2019-01-07,57.732513427734375
2019-01-08,58.92485809326172
2019-01-09,58.84024429321289
2019-01-10,59.6402702331543
2019-01-11,59.80950927734375
2019-01-14,59.6094970703125
2019-01-15,60.17875289916992
2019-01-16,60.601844787597656
2019-01-17,60.8941535949707
2019-01-18,61.101863861083984
2019-01-22,60.91723251342773
2019-01-23,60.92491912841797
2019-01-24,61.13262176513672
2019-01-25,61.89419555664063
2019-01-28,62.50190353393555
2019-01-29,62.99421310424805
2019-01-30,63.50193405151367
2019-01-31,64.16348266601562
2019-02-01,63.755767822265625
2019-02-04,64.23271942138672
2019-02-05,64.60197448730469
2019-02-06,64.17886352539062
2019-02-07,64.70965576171875
2019-02-08,64.70965576171875
2019-02-11,64.88658142089844
2019-02-12,64.4788818359375
2019-02-13,64.80966186523438
2019-02-14,65.01737213134766
2019-02-15,65.4558334350586
2019-02-19,65.44044494628906
2019-02-20,65.0327377319336
2019-02-21,65.0942611694336
2019-02-22,65.47891235351562
2019-02-25,64.9635009765625
2019-02-26,64.76350402832031
2019-02-27,64.44042205810547
2019-02-28,64.60963439941406
2019-03-01,64.40966033935547
2019-03-04,64.70195007324219
2019-03-05,64.8788833618164
2019-03-06,64.57888793945312
2019-03-07,64.44042205810547
2019-03-08,64.50965118408203
2019-03-11,65.4558334350586
2019-03-12,65.75582885742188
2019-03-13,66.07891845703125
2019-03-14,66.17892456054688
2019-03-15,65.9712142944336
2019-03-18,65.64044952392578
2019-03-19,65.44044494628906
2019-03-20,65.64044952392578
2019-03-21,66.80970764160156
2019-03-22,66.3250961303711
2019-03-25,66.40969848632812
2019-03-26,66.94048309326172
2019-03-27,66.74815368652344
2019-03-28,67.3958740234375
2019-03-29,67.3338851928711
2019-04-01,67.29515838623047
2019-04-02,67.76776123046875
2019-04-03,67.69029998779297
2019-04-04,67.58184051513672
2019-04-05,68.05441284179688
2019-04-08,67.67477416992188
2019-04-09,67.31838989257812
2019-04-10,67.9382095336914
2019-04-11,67.89170837402344
2019-04-12,68.21710205078125
2019-04-15,67.86846160888672
2019-04-16,66.33446502685547
2019-04-17,65.73014831542969
2019-04-18,66.2337417602539
2019-04-22,65.50548553466797
2019-04-23,66.37318420410156
2019-04-24,66.86129760742188
2019-04-25,66.72183990478516
2019-04-26,67.2486801147461
2019-04-29,66.59013366699219
2019-04-30,67.22541046142578
2019-05-01,67.2796630859375
2019-05-02,67.3493881225586
2019-05-03,67.92269134521484
2019-05-06,67.70578002929688
2019-05-07,66.48165893554688
2019-05-08,66.41192626953125
2019-05-09,66.5823745727539
2019-05-10,67.29515838623047
2019-05-13,67.22541046142578
2019-05-14,67.47335815429688
2019-05-15,67.9304428100586
2019-05-16,68.20162200927734
2019-05-17,68.06990814208984
2019-05-20,67.08598327636719
2019-05-21,67.6593017578125
2019-05-22,67.8607177734375
2019-05-23,68.01567840576172
2019-05-24,68.2248764038086
2019-05-28,67.55081939697266
2019-05-29,66.652099609375
2019-05-30,66.93102264404297
2019-05-31,67.31838989257812
2019-06-03,67.48109436035156
2019-06-04,67.1789321899414
2019-06-05,68.58125305175781
2019-06-06,68.71296691894531
2019-06-07,68.9686050415039
2019-06-10,68.74395751953125
2019-06-11,68.92989349365234
2019-06-12,69.16230773925781
2019-06-13,69.45671844482422
2019-06-14,69.4954605102539
2019-06-17,70.23921203613281
2019-06-18,70.16948699951172
2019-06-19,70.54910278320312
2019-06-20,70.90547943115234
2019-06-21,69.90608978271484
2019-06-24,69.66590118408203
2019-06-25,68.63545989990234
2019-06-26,67.2641830444336
2019-06-27,68.13006591796875
2019-06-28,68.36473083496094
2019-07-01,68.33345031738281
2019-07-02,69.52239990234375
2019-07-03,70.35153198242188
2019-07-05,70.10121154785156
2019-07-08,70.35153198242188
2019-07-09,70.586181640625
2019-07-10,70.99295043945312
2019-07-11,70.06993103027344
2019-07-12,69.97608184814453
2019-07-15,69.92131042480469
2019-07-16,69.75704193115234
2019-07-17,69.52239990234375
2019-07-18,69.52239990234375
2019-07-19,68.38819122314453
2019-07-22,68.32561492919922
2019-07-23,69.0999984741211
2019-07-24,69.15475463867188
2019-07-25,68.74800872802734
2019-07-26,69.06090545654297
2019-07-29,69.24861907958984
2019-07-30,69.8039779663086
2019-07-31,69.53020477294922
2019-08-01,69.53020477294922
2019-08-02,69.86656951904297
2019-08-05,68.4898681640625
2019-08-06,69.24861907958984
2019-08-07,69.92131042480469
2019-08-08,71.14937591552734
2019-08-09,71.06333923339844
2019-08-12,70.87559509277344
2019-08-13,70.97727966308594
2019-08-14,69.89784240722656
2019-08-15,70.59402465820312
2019-08-16,71.32146453857422
2019-08-19,71.83772277832031
2019-08-20,71.32929992675781
2019-08-21,71.62652587890625
2019-08-22,71.95504760742188
2019-08-23,70.94597625732422
2019-08-26,71.49354553222656
2019-08-27,71.29017639160156
2019-08-28,71.52482604980469
2019-08-29,72.0802001953125
2019-08-30,72.13495635986328
2019-09-03,72.8545913696289
2019-09-04,73.46471405029297
2019-09-05,72.93281555175781
2019-09-06,73.09707641601562
2019-09-09,72.74507141113281
2019-09-10,71.9941635131836
2019-09-11,72.07239532470703
2019-09-12,72.45565032958984
2019-09-13,71.68128967285156
2019-09-16,72.30704498291016
2019-09-17,73.0892562866211
2019-09-18,72.83895111083984
2019-09-19,73.09707641601562
2019-09-20,73.09707641601562
2019-09-23,73.2143783569336
2019-09-24,73.05196380615234
2019-09-25,73.19387817382812
2019-09-26,73.80890655517578
2019-09-27,73.3989028930664
2019-09-30,73.52507781982422
2019-10-01,72.8311996459961
2019-10-02,72.5237045288086
2019-10-03,73.22544860839844
2019-10-04,73.66697692871094
2019-10-07,73.5093002319336
2019-10-08,73.12293243408203
2019-10-09,73.26484680175781
2019-10-10,73.38311767578125
2019-10-11,73.35161590576172
2019-10-14,73.38311767578125
2019-10-15,73.4777603149414
2019-10-16,73.4856185913086
2019-10-17,73.96659088134766
2019-10-18,74.5343017578125
2019-10-21,75.10199737548828
2019-10-22,74.88121795654297
2019-10-23,75.04680633544922
2019-10-24,74.85758972167969
2019-10-25,74.21891021728516
2019-10-28,73.76948547363281
2019-10-29,74.21891021728516
2019-10-30,74.48699951171875
2019-10-31,74.35295867919922
2019-11-01,74.3371810913086
2019-11-04,73.81678009033203
2019-11-05,72.5631332397461
2019-11-06,72.7208023071289
2019-11-07,71.99541473388672
2019-11-08,71.82196044921875
2019-11-11,71.97965240478516
2019-11-12,71.43561553955078
2019-11-13,72.09002685546875
2019-11-14,72.64986419677734
2019-11-15,73.04407501220703
2019-11-18,73.3989028930664
2019-11-19,73.52507781982422
2019-11-20,73.4856185913086
2019-11-21,72.45272827148438
2019-11-22,72.18466186523438
2019-11-25,72.4133071899414
2019-11-26,73.37523651123047
2019-11-27,73.72216033935547
2019-11-29,73.38311767578125
2019-12-02,72.27139282226562
2019-12-03,72.736572265625
2019-12-04,73.03619384765625
2019-12-05,73.07563018798828
2019-12-06,73.22544860839844
2019-12-09,73.36734771728516
2019-12-10,72.94158935546875
2019-12-11,72.20040893554688
2019-12-12,71.22271728515625
2019-12-13,71.23846435546875
2019-12-16,71.75099182128906
2019-12-17,71.07290649414062
2019-12-18,71.93917083740234
2019-12-19,72.57672119140625
2019-12-20,72.97518157958984
2019-12-23,72.60860443115234
2019-12-24,72.79985046386719
2019-12-26,73.11864471435547
2019-12-27,73.3497543334961
2019-12-30,73.42147827148438
2019-12-31,73.94745635986328
2020-01-02,73.07878875732422
2020-01-03,73.5330581665039
2020-01-06,73.62069702148438
2020-01-07,72.79985046386719
2020-01-08,73.02300262451172
2020-01-09,72.98314666748047
2020-01-10,73.54100036621094
2020-01-13,74.42562103271484
2020-01-14,74.14669036865234
2020-01-15,74.81610107421875
2020-01-16,75.41381072998047
2020-01-17,75.48552703857422
2020-01-21,76.20277404785156
2020-01-22,75.6927490234375
2020-01-23,76.33026885986328
2020-01-24,76.06729888916016
2020-01-27,75.70071411132812
2020-01-28,76.00354766845703
2020-01-29,75.724609375
2020-01-30,75.7803955078125
2020-01-31,74.8559341430664
2020-02-03,75.10299682617188
2020-02-04,75.87602233886719
2020-02-05,75.92383575439453
2020-02-06,76.17884826660156
2020-02-07,76.16293334960938
2020-02-10,77.0156478881836
2020-02-11,77.59739685058594
2020-02-12,78.05961608886719
2020-02-13,78.5298080444336
2020-02-14,79.34268951416016
2020-02-18,79.25502014160156
2020-02-19,78.18711853027344
2020-02-20,79.11954498291016
2020-02-21,79.35064697265625
2020-02-24,78.26683044433594
2020-02-25,76.14698028564453
2020-02-26,75.32613372802734
2020-02-27,71.31757354736328
2020-02-28,69.59619903564453
2020-03-02,72.5687484741211
2020-03-03,72.40139770507812
2020-03-04,75.13488006591797
2020-03-05,73.52508544921875
2020-03-06,72.25794982910156
2020-03-09,66.68737030029297
2020-03-10,69.50483703613281
2020-03-11,65.32845306396484
2020-03-12,58.71046447753906
2020-03-13,63.834571838378906
2020-03-16,52.518165588378906
2020-03-17,55.55407333374024
2020-03-18,50.26932907104492
2020-03-19,50.4460334777832
2020-03-20,47.932159423828125
2020-03-23,45.70743942260742
2020-03-24,49.81957244873047
2020-03-25,52.502098083496094
2020-03-26,56.20463562011719
2020-03-27,56.2608528137207
2020-03-30,57.48966598510742
2020-03-31,56.100223541259766
2020-04-01,52.413761138916016
2020-04-02,52.59044647216797
2020-04-03,51.82744216918945
2020-04-06,55.66650390625
2020-04-07,56.18053817749024
2020-04-08,60.01157379150391
2020-04-09,63.37679672241211
2020-04-13,60.71031188964844
2020-04-14,62.41299057006836
2020-04-15,59.939300537109375
2020-04-16,59.256622314453125
2020-04-17,61.127960205078125
2020-04-20,58.85503768920898
2020-04-21,57.786842346191406
2020-04-22,58.670318603515625
2020-04-23,58.18038558959961
2020-04-24,58.42937088012695
2020-04-27,60.42921447753906
2020-04-28,60.92719268798828
2020-04-29,61.84275817871094
2020-04-30,61.127960205078125
2020-05-01,59.06385040283203
2020-05-04,58.77472305297852
2020-05-05,59.06385040283203
2020-05-06,58.00369644165039
2020-05-07,58.83094024658203
2020-05-08,60.22843170166016
2020-05-11,59.35299301147461
2020-05-12,56.65440368652344
2020-05-13,55.281009674072266
2020-05-14,55.4737663269043
2020-05-15,55.25691223144531
2020-05-18,58.5257453918457
2020-05-19,57.738651275634766
2020-05-20,58.25267028808594
2020-05-21,58.30085372924805
2020-05-22,59.08795166015625
2020-05-26,61.29661560058594
2020-05-27,62.51740646362305
2020-05-28,62.81458282470703
2020-05-29,62.18812561035156
2020-06-01,63.625762939453125
2020-06-02,64.13976287841797
2020-06-03,66.19583892822266
2020-06-04,65.53727722167969
2020-06-05,68.0190200805664
2020-06-08,69.70563507080078
2020-06-09,68.5490951538086
2020-06-10,66.80624389648438
2020-06-11,62.51740646362305
2020-06-12,64.75819396972656
2020-06-15,65.67381286621094
2020-06-16,66.96687316894531
2020-06-17,65.99506378173828
2020-06-18,65.27224731445312
2020-06-19,64.32450866699219
2020-06-22,64.26025390625
2020-06-23,63.99522399902344
2020-06-24,62.17205429077149
2020-06-25,62.96613311767578
2020-06-26,61.75758743286133
2020-06-29,62.94991683959961
2020-06-30,63.69611740112305
2020-07-01,65.16422271728516
2020-07-02,64.97767639160156
2020-07-06,64.94522857666016
2020-07-07,63.65556335449219
2020-07-08,63.56635665893555
2020-07-09,63.168907165527344
2020-07-10,63.36358642578125
2020-07-13,62.6092414855957
2020-07-14,63.13645553588867
2020-07-15,63.752906799316406
2020-07-16,62.9904670715332
2020-07-17,63.8096809387207
2020-07-20,63.04725646972656
2020-07-21,63.20136642456055
2020-07-22,64.16658020019531
2020-07-23,63.89890670776367
2020-07-24,63.4284553527832
2020-07-27,64.0286865234375
2020-07-28,65.30210876464844
2020-07-29,66.56745147705078
2020-07-30,66.1375503540039
2020-07-31,66.01587677001953
2020-08-03,65.139892578125
2020-08-04,66.11322021484375
2020-08-05,65.78065490722656
2020-08-06,65.88611602783203
2020-08-07,66.82698822021484
2020-08-10,66.93242645263672
2020-08-11,65.96720886230469
2020-08-12,66.6323471069336
2020-08-13,65.81311798095703
2020-08-14,65.82122802734375
2020-08-17,66.35652160644531
2020-08-18,66.04022979736328
2020-08-19,64.8803482055664
2020-08-20,65.49678802490234
2020-08-21,65.60223388671875
2020-08-24,66.02400970458984
2020-08-25,66.1943359375
2020-08-26,65.58601379394531
2020-08-27,66.55123901367188
2020-08-28,66.98919677734375
2020-08-31,66.30789184570312
2020-09-01,66.35652160644531
2020-09-02,67.58943176269531
2020-09-03,66.77833557128906
2020-09-04,66.42955017089844
2020-09-08,65.61844635009766
2020-09-09,66.26732635498047
2020-09-10,65.45621490478516
2020-09-11,65.09122467041016
2020-09-14,66.68099975585938
2020-09-15,67.4839859008789
2020-09-16,67.84087371826172
2020-09-17,66.51879119873047
2020-09-18,65.01824188232422
2020-09-21,63.06348037719727
2020-09-22,63.817779541015625
2020-09-23,61.895469665527344
2020-09-24,62.228023529052734
2020-09-25,63.51131820678711
2020-09-28,64.81098175048828
2020-09-29,64.3450698852539
2020-09-30,64.54124450683594
2020-10-01,65.83273315429688
2020-10-02,66.96887969970703
2020-10-05,67.35307312011719
2020-10-06,66.91168212890625
2020-10-07,67.0097885131836
2020-10-08,68.12959289550781
2020-10-09,67.85986328125
2020-10-12,68.17862701416016
2020-10-13,67.0097885131836
2020-10-14,66.1923828125
2020-10-15,66.53569030761719
2020-10-16,66.06159973144531
2020-10-19,65.03168487548828
2020-10-20,65.4975814819336
2020-10-21,65.30142211914062
2020-10-22,65.2932357788086
2020-10-23,65.68559265136719
2020-10-26,64.74559783935547
2020-10-27,63.70750427246094
2020-10-28,62.18716430664063
2020-10-29,63.02088928222656
2020-10-30,62.60403060913086
2020-11-02,64.09986877441406
2020-11-03,65.3341293334961
2020-11-04,65.44854736328125
2020-11-05,65.75916290283203
2020-11-06,65.30958557128906
2020-11-09,67.62281799316406
2020-11-10,68.61186981201172
2020-11-11,68.87342834472656
2020-11-12,67.97429656982422
2020-11-13,69.78889465332031
2020-11-16,70.57359313964844
2020-11-17,70.63897705078125
2020-11-18,69.26575469970703
2020-11-19,69.53550720214844
2020-11-20,69.15951538085938
2020-11-23,69.29029846191406
2020-11-24,69.65813446044922
2020-11-25,69.69898986816406
2020-11-27,69.38838958740234
2020-11-30,68.66090393066406
2020-12-01,69.54369354248047
2020-12-02,68.99604034423828
2020-12-03,69.57637786865234
2020-12-04,70.63897705078125
2020-12-07,70.02594757080078
2020-12-08,69.78073120117188
2020-12-09,69.34748840332031
2020-12-10,69.04507446289062
2020-12-11,68.97969818115234
2020-12-14,68.67723846435547
2020-12-15,70.0831527709961
2020-12-16,70.16490173339844
2020-12-17,70.84333801269531
2020-12-18,69.42106628417969
2020-12-21,69.0287094116211
2020-12-22,69.51099395751953
2020-12-23,69.0614242553711
2020-12-24,69.66606140136719
2020-12-28,70.0813217163086
2020-12-29,69.48335266113281
2020-12-30,69.86539459228516
2020-12-31,70.5381088256836
2021-01-04,68.24581909179688
2021-01-05,68.34549713134766
2021-01-06,68.4617691040039
2021-01-07,68.32888793945312
2021-01-08,68.9933090209961
2021-01-11,68.0797119140625
2021-01-12,68.23753356933594
2021-01-13,69.06806945800781
2021-01-14,69.47502899169922
2021-01-15,70.27235412597656
2021-01-19,70.07303619384766
2021-01-20,71.41019439697266
2021-01-21,71.0696792602539
2021-01-22,71.23577880859375
2021-01-25,71.775634765625
2021-01-26,72.28226470947266
2021-01-27,71.00321960449219
2021-01-28,71.3852767944336
2021-01-29,70.56304931640625
2021-02-01,72.17428588867188
2021-02-02,72.60617065429688
2021-02-03,72.4234619140625
2021-02-04,72.92179107666016
2021-02-05,73.17925262451172
2021-02-08,73.57791900634766
2021-02-09,73.83538818359375
2021-02-10,74.23404693603516
2021-02-11,74.39186096191406
2021-02-12,74.4084701538086
2021-02-16,73.83538818359375
2021-02-17,73.74402618408203
2021-02-18,73.42842864990234
2021-02-19,73.85200500488281
2021-02-22,74.46659851074219
2021-02-23,74.93170928955078
2021-02-24,75.5047836303711
2021-02-25,74.05963897705078
2021-02-26,72.97993469238281
2021-03-01,73.30384826660156
2021-03-02,72.59788513183594
2021-03-03,72.1825942993164
2021-03-04,71.36035919189453
2021-03-05,72.14108276367188
2021-03-08,72.76399230957031
2021-03-09,73.2457046508789
2021-03-10,73.97657012939453
2021-03-11,74.84034729003906
2021-03-12,76.09446716308594
2021-03-15,77.2239990234375
2021-03-16,76.90840911865234
2021-03-17,76.97486114501953
2021-03-18,76.19413757324219
2021-03-19,75.15595245361328
2021-03-22,75.6875
2021-03-23,75.57952880859375
2021-03-24,75.15595245361328
2021-03-25,75.92118072509766
2021-03-26,77.55857849121094
2021-03-29,77.10746765136719
2021-03-30,77.20771026611328
2021-03-31,76.7398681640625
2021-04-01,78.13499450683594
2021-04-05,78.43574523925781
2021-04-06,78.63623046875
2021-04-07,78.69471740722656
2021-04-08,78.40234375
2021-04-09,78.3104248046875
2021-04-12,78.76990509033203
2021-04-13,79.16252899169922
2021-04-14,78.74484252929688
2021-04-15,80.12323760986328
2021-04-16,80.29869079589844
2021-04-19,80.45740509033203
2021-04-20,81.11737060546875
2021-04-21,81.65203857421875
2021-04-22,81.20926666259766
2021-04-23,81.68544006347656
2021-04-26,81.92769622802734
2021-04-27,81.91936492919922
2021-04-28,81.7439193725586
2021-04-29,82.44567108154297
2021-04-30,82.77147674560547
2021-05-03,82.61273956298828
2021-05-04,82.07808685302734
2021-05-05,80.71637725830078
2021-05-06,81.16751861572266
2021-05-07,82.23682403564453
2021-05-10,82.21175384521484
2021-05-11,81.17584991455078
2021-05-12,79.12075805664062
2021-05-13,80.1483154296875
2021-05-14,81.10065460205078
2021-05-17,81.1842041015625
2021-05-18,81.20091247558594
2021-05-19,80.94193267822266
2021-05-20,81.8525161743164
2021-05-21,81.76898193359375
2021-05-24,82.78816986083984
2021-05-25,82.76312255859375
2021-05-26,83.13068389892578
2021-05-27,82.93854522705078
2021-05-28,83.4397964477539
2021-06-01,84.9435043334961
2021-06-02,85.93762969970703
2021-06-03,85.62018585205078
2021-06-04,85.66194915771484
2021-06-07,86.67279052734375
2021-06-08,87.3912124633789
2021-06-09,87.50818634033203
2021-06-10,88.13473510742188
2021-06-11,87.78386688232422
2021-06-14,88.12638092041016
2021-06-15,87.18238067626953
2021-06-16,86.61431121826172
2021-06-17,86.5057144165039
2021-06-18,85.03539276123047
2021-06-21,86.78975677490234
2021-06-22,86.338623046875
2021-06-23,86.18824005126953
2021-06-24,86.0023193359375
2021-06-25,86.58283233642578
2021-06-28,86.33045196533203
2021-06-29,86.0948715209961
2021-06-30,85.64051818847656
2021-07-01,86.01072692871094
2021-07-02,86.27155303955078
2021-07-06,86.90255737304688
2021-07-07,87.20543670654297
2021-07-08,86.9614486694336
2021-07-09,88.39173126220703
2021-07-12,89.1489486694336
2021-07-13,87.90375518798828
2021-07-14,88.51793670654297
2021-07-15,88.66096496582031
2021-07-16,88.60206604003906
2021-07-19,86.9866943359375
2021-07-20,89.03958129882812
2021-07-21,89.03116607666016
2021-07-22,88.3244400024414
2021-07-23,89.056396484375
2021-07-26,89.09847259521484
2021-07-27,89.60326385498047
2021-07-28,89.29198455810547
2021-07-29,89.30879211425781
2021-07-30,89.42659759521484
2021-08-02,89.23307800292969
2021-08-03,89.34246063232422
2021-08-04,89.06481170654297
2021-08-05,90.10807037353516
2021-08-06,89.94822692871094
2021-08-09,89.46866607666016
2021-08-10,88.618896484375
2021-08-11,89.14053344726562
2021-08-12,89.33403778076172
2021-08-13,89.82202911376953
2021-08-16,89.71263885498047
2021-08-17,89.62010192871094
2021-08-18,88.80399322509766
2021-08-19,89.23307800292969
2021-08-20,89.67898559570312
2021-08-23,89.51073455810547
2021-08-24,89.11528778076172
2021-08-25,89.056396484375
2021-08-26,89.09005737304688
2021-08-27,90.0239486694336
2021-08-30,90.92418670654295
2021-08-31,91.353271484375
2021-09-01,92.81719970703124
2021-09-02,93.30519104003906
2021-09-03,93.32202911376952
2021-09-07,92.27033233642578
2021-09-08,92.73308563232422
2021-09-09,90.84845733642578
2021-09-10,89.51914978027344
2021-09-13,90.12491607666016
2021-09-14,89.9650650024414
2021-09-15,90.25110626220705
2021-09-16,90.32683563232422
2021-09-17,89.51914978027344
2021-09-20,88.97227478027344
2021-09-21,89.01432800292969
2021-09-22,89.88092041015625
2021-09-23,89.70423126220703
2021-09-24,88.74507904052734
2021-09-27,87.55144500732422
2021-09-28,86.95882415771484
2021-09-29,87.61067962646484
2021-09-30,86.1630630493164
2021-10-01,87.3821029663086
2021-10-04,87.39903259277344
2021-10-05,86.79798126220703
2021-10-06,87.62761688232422
2021-10-07,87.86466217041016
2021-10-08,87.03500366210938
2021-10-11,87.25513458251953
2021-10-12,88.39797973632812
2021-10-13,89.0413818359375
2021-10-14,90.12498474121094
2021-10-15,90.0572280883789
2021-10-18,90.28582000732422
2021-10-19,90.32815551757812
2021-10-20,91.7503662109375
2021-10-21,91.87735748291016
2021-10-22,92.30908203125
2021-10-25,92.60540008544922
2021-10-26,92.859375
2021-10-27,92.07207489013672
2021-10-28,93.35884857177734
2021-10-29,92.30908203125
2021-11-01,92.76624298095705
2021-11-02,93.2064437866211
2021-11-03,93.51969146728516
2021-11-04,92.63079833984376
2021-11-05,93.1048812866211
2021-11-08,93.02869415283205
2021-11-09,93.18953704833984
2021-11-10,92.75778198242188
2021-11-11,92.91015625
2021-11-12,92.84244537353516
2021-11-15,93.49429321289062
2021-11-16,92.87629699707033
2021-11-17,93.16413116455078
2021-11-18,93.18107604980467
2021-11-19,92.63079833984376
2021-11-22,92.17363739013672
2021-11-23,92.91864013671876
2021-11-24,94.04454803466795
2021-11-26,91.42867279052734
2021-11-29,92.10592651367188
2021-11-30,90.3620147705078
2021-12-01,88.87206268310547
2021-12-02,91.53873443603516
2021-12-03,91.23395538330078
2021-12-06,92.83396911621094
2021-12-07,94.17153930664062
2021-12-08,94.84879302978516
2021-12-09,93.47735595703124
2021-12-10,93.76519012451172
2021-12-13,94.6456298828125
2021-12-14,93.4350357055664
2021-12-15,94.7471923828125
2021-12-16,94.71334075927734
2021-12-17,94.59481048583984
2021-12-20,93.85831451416016
2021-12-21,94.91650390625
2021-12-22,95.89006805419922
2021-12-23,95.78848266601562
2021-12-27,97.41461181640624
2021-12-28,97.77351379394533
2021-12-29,98.4314956665039
2021-12-30,98.85874938964844
2021-12-31,99.13219451904295
2022-01-03,98.35458374023438
2022-01-04,98.2349624633789
2022-01-05,95.4236068725586
2022-01-06,95.50904846191406
2022-01-07,94.87671661376952
2022-01-10,94.329833984375
2022-01-11,94.47509002685548
2022-01-12,94.58618927001952
2022-01-13,94.39817810058594
2022-01-14,93.54367065429688
2022-01-18,92.56098175048828
2022-01-19,91.31338500976562
2022-01-20,90.14268493652344
2022-01-21,89.92052459716797
2022-01-24,90.0914306640625
2022-01-25,89.73253631591797
2022-01-26,88.33113861083984
2022-01-27,86.86991882324219
2022-01-28,89.68125915527344
2022-01-31,90.78358459472656
2022-02-01,90.4588623046875
2022-02-02,91.61246490478516
2022-02-03,90.63832092285156
2022-02-04,89.74108123779297
2022-02-07,89.6128921508789
2022-02-08,89.19417572021484
2022-02-09,91.21084594726562
2022-02-10,89.05746459960938
2022-02-11,88.24568176269531
2022-02-14,87.44244384765625
2022-02-15,88.22859954833984
2022-02-16,88.63876342773438
2022-02-17,87.69879913330078
2022-02-18,87.16898345947266
2022-02-22,86.85282135009766
2022-02-23,85.41722106933594
2022-02-24,86.85282135009766
2022-02-25,88.94638061523438
2022-02-28,87.62187194824219
2022-03-01,87.16044616699219
2022-03-02,88.79258728027344
2022-03-03,89.51890563964844
2022-03-04,89.92906951904297
2022-03-07,88.15169525146484
2022-03-08,87.72441864013672
2022-03-09,89.07455444335938
2022-03-10,89.2967300415039
2022-03-11,88.58748626708984
2022-03-14,87.89533996582031
2022-03-15,88.48493957519531
2022-03-16,89.5360107421875
2022-03-17,90.92031860351562
2022-03-18,90.92031860351562
2022-03-21,90.3648910522461
2022-03-22,90.59558868408205
2022-03-23,89.57918548583984
2022-03-24,90.146240234375
2022-03-25,91.27178955078124
2022-03-28,92.24264526367188
2022-03-29,94.9491195678711
2022-03-30,94.26174926757812
2022-03-31,93.1104507446289
2022-04-01,94.92334747314452
2022-04-04,94.45938110351562
2022-04-05,93.99542236328124
2022-04-06,95.1123504638672
2022-04-07,94.167236328125
2022-04-08,94.32189178466795
2022-04-11,93.3080596923828
2022-04-12,93.17058563232422
2022-04-13,93.83214569091795
2022-04-14,93.4283447265625
2022-04-18,93.05028533935548
2022-04-19,95.07801055908205
2022-04-20,96.65889739990234
2022-04-21,95.98873901367188
2022-04-22,94.30472564697266
2022-04-25,94.06414031982422
2022-04-26,92.51759338378906
2022-04-27,91.9075927734375
2022-04-28,93.60016632080078
2022-04-29,89.30423736572266
2022-05-02,87.14765930175781
2022-05-03,88.23025512695312
2022-05-04,89.24409484863281
2022-05-05,86.8641357421875
2022-05-06,85.83311462402344
2022-05-09,82.05266571044922
2022-05-10,80.55767822265625
2022-05-11,80.38583374023438
2022-05-12,81.01305389404297
2022-05-13,83.15242004394531
2022-05-16,82.62832641601562
2022-05-17,83.75386047363281
2022-05-18,81.32234191894531
2022-05-19,80.96150970458984
2022-05-20,81.47701263427734
2022-05-23,82.42211151123047
2022-05-24,83.11807250976562
2022-05-25,83.82260131835938
2022-05-26,83.92568969726562
2022-05-27,86.1767807006836
2022-05-31,85.11996459960938
2022-06-01,84.41543579101562
2022-06-02,85.5753402709961
2022-06-03,84.43260955810547
2022-06-06,84.166259765625
2022-06-07,85.326171875
2022-06-08,83.35863494873047
2022-06-09,81.38249969482422
2022-06-10,79.57820129394531
2022-06-13,75.60014343261719
2022-06-14,75.02449035644531
2022-06-15,76.80300903320312
2022-06-16,74.78392028808594
2022-06-17,75.35096740722656
2022-06-21,76.3991928100586
2022-06-22,77.37007904052734
2022-06-23,78.84001159667969
2022-06-24,80.5174560546875
2022-06-27,80.39640808105469
2022-06-28,79.41932678222656
2022-06-29,78.92647552490234
2022-06-30,78.77947998046875
2022-07-01,80.1975326538086
2022-07-05,79.97272491455078
2022-07-06,79.82572937011719
2022-07-07,80.04190063476562
2022-07-08,79.61820220947266
2022-07-11,79.44526672363281
2022-07-12,79.13397979736328
2022-07-13,78.7535400390625
2022-07-14,78.04451751708984
2022-07-15,79.3674545288086
2022-07-18,78.80542755126953
2022-07-19,80.84602355957031
2022-07-20,80.65579986572266
2022-07-21,81.29564666748047
2022-07-22,81.71934509277344
2022-07-25,81.85767364501953
2022-07-26,81.94414520263672
2022-07-27,82.43699645996094
2022-07-28,85.10881805419922
2022-07-29,85.56709289550781
2022-08-01,84.87535095214844
2022-08-02,83.78587341308594
2022-08-03,84.05391693115234
2022-08-04,83.92423248291016
2022-08-05,84.15768432617188
2022-08-08,84.90994262695312
2022-08-09,85.37686920166016
2022-08-10,86.67386627197266
2022-08-11,86.46634674072266
2022-08-12,87.95356750488281
2022-08-15,88.30807495117188
2022-08-16,88.0746078491211
2022-08-17,87.54715728759766
2022-08-18,86.96784973144531
2022-08-19,86.0512924194336
2022-08-22,84.17497253417969
2022-08-23,83.09416198730469
2022-08-24,83.56973266601562
2022-08-25,84.81482696533203
2022-08-26,82.67913055419922
2022-08-29,81.93549346923828
2022-08-30,80.80279541015625
2022-08-31,80.42234802246094
2022-09-01,80.56934356689453
2022-09-02,79.44526672363281
2022-09-06,80.16294860839844
2022-09-07,81.72797393798828
2022-09-08,81.95279693603516
2022-09-09,82.84339141845703
2022-09-12,83.64752960205078
2022-09-13,80.44829559326172
2022-09-14,79.53173065185547
2022-09-15,78.06180572509766
2022-09-16,78.07047271728516
2022-09-19,77.95804595947266
2022-09-20,76.06443786621094
2022-09-21,74.86256408691406
2022-09-22,73.91143035888672
2022-09-23,72.92902374267578
2022-09-26,70.8837890625
2022-09-27,69.93983459472656
2022-09-28,71.39073181152344
2022-09-29,69.2930679321289
2022-09-30,70.07093811035156
2022-10-03,71.32079315185547
2022-10-04,72.762939453125
2022-10-05,71.3382797241211
2022-10-06,69.35423278808594
2022-10-07,67.68485260009766
2022-10-10,67.04679107666016
2022-10-11,67.7285385131836
2022-10-12,67.02056884765625
2022-10-13,68.24421691894531
2022-10-14,66.54859924316406
2022-10-17,69.05706787109375
2022-10-18,69.8087387084961
2022-10-19,68.06941986083984
2022-10-20,67.77224731445312
2022-10-21,68.3053970336914
2022-10-24,68.2966537475586
2022-10-25,70.97992706298828
2022-10-26,70.93623352050781
2022-10-27,71.0411148071289
2022-10-28,72.60562896728516
2022-10-31,72.5269775390625
2022-11-01,72.5007553100586
2022-11-02,70.5079574584961
2022-11-03,70.41182708740234
2022-11-04,71.37325286865234
2022-11-07,71.37325286865234
2022-11-08,71.59175872802734
2022-11-09,70.8575668334961
2022-11-10,76.04055786132812
2022-11-11,76.03182983398438
2022-11-14,74.17888641357422
2022-11-15,74.98298645019531
2022-11-16,74.3012466430664
2022-11-17,73.7943115234375
2022-11-18,74.72949981689453
2022-11-21,75.12284088134766
2022-11-22,75.53362274169922
2022-11-23,75.59480285644531
2022-11-25,76.07553100585938
2022-11-28,74.03903198242188
2022-11-29,75.26268768310547
2022-11-30,76.9845199584961
2022-12-01,76.81845092773438
2022-12-02,76.59119415283203
2022-12-05,75.19275665283203
2022-12-06,74.48479461669922
2022-12-07,74.63336944580078
2022-12-08,75.15778350830078
2022-12-09,75.01795959472656
2022-12-12,75.59480285644531
2022-12-13,76.99325561523438
2022-12-14,76.46881866455078
2022-12-15,75.44622039794922
2022-12-16,73.49713134765625
2022-12-19,72.56192016601562
2022-12-20,72.37837219238281
2022-12-21,72.99893188476562
2022-12-22,72.69224548339844
2022-12-23,73.33930969238281
2022-12-27,73.3127212524414
2022-12-28,72.06291961669922
2022-12-29,73.64067077636719
2022-12-30,73.10884857177734
2023-01-03,73.17976379394531
2023-01-04,74.83731079101562
2023-01-05,72.8252182006836
2023-01-06,74.78411865234375
2023-01-09,74.81070709228516
2023-01-10,74.9791259765625
2023-01-11,77.66485595703125
2023-01-12,78.64874267578125
2023-01-13,78.1612319946289
2023-01-17,78.38282775878906
2023-01-18,77.23939514160156
2023-01-19,76.8139419555664
2023-01-20,77.72689056396484
2023-01-23,78.08146667480469
2023-01-24,78.27645874023438
2023-01-25,78.3119125366211
2023-01-26,79.18944549560547
2023-01-27,80.0758056640625
2023-01-30,79.0564956665039
2023-01-31,80.71400451660156
2023-02-01,81.21038818359375
2023-02-02,83.05406951904297
2023-02-03,81.4940414428711
2023-02-06,80.90016174316406
2023-02-07,80.7228775024414
2023-02-08,80.34174346923828
2023-02-09,79.46422576904297
2023-02-10,79.73898315429688
2023-02-13,80.44810485839844
2023-02-14,79.80990600585938
2023-02-15,80.12899017333984
2023-02-16,79.34898376464844
2023-02-17,79.03874206542969
2023-02-21,77.4521255493164
2023-02-22,76.75186920166016
2023-02-23,77.32804107666016
2023-02-24,75.97187042236328
2023-02-27,76.08708953857422
2023-02-28,75.9807357788086
2023-03-01,75.02344512939453
2023-03-02,75.90096282958984
2023-03-03,77.0532455444336
2023-03-06,76.75186920166016
2023-03-07,74.9614028930664
2023-03-08,75.82118225097656
2023-03-09,74.08387756347656
2023-03-10,71.62859344482422
2023-03-13,72.56815338134766
2023-03-14,73.26840209960938
2023-03-15,73.21521759033203
2023-03-16,73.05565643310547
2023-03-17,71.39813995361328
2023-03-20,72.21360778808594
2023-03-21,71.8945083618164
2023-03-22,69.20877075195312
2023-03-23,68.7744369506836
2023-03-24,70.5381088256836
2023-03-27,70.45752716064453
2023-03-28,70.28744506835938
2023-03-29,71.84519958496094
2023-03-30,72.78523254394531
2023-03-31,74.3429946899414
2023-04-03,73.75212860107422
2023-04-04,73.65363311767578
2023-04-05,73.25971984863281
2023-04-06,73.76107025146484
2023-04-10,74.10128021240234
2023-04-11,74.41461944580078
2023-04-12,74.05652618408203
2023-04-13,73.83270263671875
2023-04-14,72.68675994873047
2023-04-17,74.19973754882812
2023-04-18,74.0296630859375
2023-04-19,74.46834564208984
2023-04-20,73.73420715332031
2023-04-21,73.74317932128906
2023-04-24,73.46562957763672
2023-04-25,72.740478515625
2023-04-26,72.04216003417969
2023-04-27,73.67153930664062
2023-04-28,74.57577514648438
2023-05-01,74.02069854736328
2023-05-02,72.76731872558594
2023-05-03,72.4808349609375
2023-05-04,73.0806655883789
2023-05-05,74.29822540283203
2023-05-08,73.8685073852539
2023-05-09,73.55516815185547
2023-05-10,74.26241302490234
2023-05-11,73.44773864746094
2023-05-12,73.43877410888672
2023-05-15,73.31344604492188
2023-05-16,71.47814178466797
2023-05-17,72.44503021240234
2023-05-18,72.09588623046875
2023-05-19,71.9794921875
2023-05-22,72.41817474365234
2023-05-23,71.73777770996094
2023-05-24,70.19791412353516
2023-05-25,70.18895721435547
2023-05-26,70.99469757080078
2023-05-30,71.2632827758789
2023-05-31,71.62139129638672
2023-06-01,71.6303482055664
2023-06-02,73.37610626220703
2023-06-05,72.86579895019531
2023-06-06,73.5641098022461
2023-06-07,74.91597747802734
2023-06-08,74.45043182373047
2023-06-09,74.02069854736328
2023-06-12,74.03861236572266
2023-06-13,74.51309967041016
2023-06-14,74.7906265258789
2023-06-15,75.1845474243164
2023-06-16,75.1308364868164
2023-06-20,74.24452209472656
2023-06-21,73.79688262939453
2023-06-22,72.740478515625
2023-06-23,71.73777770996094
2023-06-26,73.3940200805664
2023-06-27,74.29822540283203
2023-06-28,74.40567016601562
2023-06-29,75.2367935180664
2023-06-30,75.65327453613281
2023-07-03,76.39568328857422
2023-07-05,76.56770324707031
2023-07-06,75.97920989990234
2023-07-07,75.80718994140625
2023-07-10,76.13313293457031
2023-07-11,77.21958923339844
2023-07-12,77.63606262207031
2023-07-13,78.1340103149414
2023-07-14,77.98008728027344
2023-07-17,77.47309112548828
2023-07-18,77.04756164550781
2023-07-19,77.91671752929688
2023-07-20,77.66321563720703
2023-07-21,78.02536010742188
2023-07-24,78.66818237304688
2023-07-25,78.10684204101562
2023-07-26,78.45994567871094
2023-07-27,76.7578353881836
2023-07-28,76.69446563720703
2023-07-31,77.19242095947266
2023-08-01,77.06566619873047
2023-08-02,76.62202453613281
2023-08-03,75.78907775878906
2023-08-04,75.17342376708984
2023-08-07,76.11502075195312
2023-08-08,75.62611389160156
2023-08-09,75.6170654296875
2023-08-10,75.32733154296875
2023-08-11,75.4450454711914
2023-08-14,74.94708251953125
2023-08-15,74.10507202148438
2023-08-16,73.19065856933594
2023-08-17,72.60216522216797
2023-08-18,72.8284912109375
2023-08-21,72.15851593017578
2023-08-22,72.36676025390625
2023-08-23,73.50753021240234
2023-08-24,73.22686004638672
2023-08-25,73.28119659423828
2023-08-28,73.96927642822266
2023-08-29,74.86559295654297
2023-08-30,75.13721466064453
2023-08-31,74.58492279052734
2023-09-01,74.711669921875
2023-09-05,73.84251403808594
2023-09-06,73.68860626220703
2023-09-07,74.15035247802734
2023-09-08,73.86062622070312
2023-09-11,73.86967468261719
2023-09-12,73.8334732055664
2023-09-13,73.02769470214844
2023-09-14,74.34953308105469
2023-09-15,74.0688705444336
2023-09-18,73.40795135498047
2023-09-19,73.07294464111328
2023-09-20,73.13632202148438
2023-09-21,70.64655303955078
2023-09-22,70.11236572265625
2023-09-25,70.04898834228516
2023-09-26,68.77240753173828
2023-09-27,68.31065368652344
2023-09-28,68.96614837646484
2023-09-29,69.16727447509766
2023-10-02,67.89653778076172
2023-10-03,66.57097625732422
2023-10-04,67.38459777832031
2023-10-05,67.7594223022461
2023-10-06,67.9422607421875
2023-10-09,68.6827392578125
2023-10-10,69.0118637084961
2023-10-11,70.20942687988281
2023-10-12,69.18555450439453
2023-10-13,69.0118637084961
2023-10-16,69.8346176147461
2023-10-17,69.73406219482422
2023-10-18,68.25308227539062
2023-10-19,66.63497161865234
2023-10-20,66.18701934814453
2023-10-23,65.53794860839844
2023-10-24,66.37899780273438
2023-10-25,64.95286560058594
2023-10-26,66.1961669921875
2023-10-27,65.1357192993164
2023-10-30,65.54707336425781
2023-10-31,66.66239166259766
2023-11-01,67.07377624511719
2023-11-02,69.27696990966797
2023-11-03,70.93164825439453
2023-11-06,69.90775299072266
2023-11-07,69.3318099975586
2023-11-08,69.56036376953125
2023-11-09,68.46333312988281
2023-11-10,69.103271484375
2023-11-13,68.52732849121094
2023-11-14,72.3303451538086
2023-11-15,72.54060363769531
2023-11-16,72.38519287109375
2023-11-17,72.3303451538086
2023-11-20,72.86056518554688
2023-11-21,72.34862518310547
2023-11-22,72.70516204833984
2023-11-24,72.91542053222656
2023-11-27,73.1805419921875
2023-11-28,73.66505432128906
2023-11-29,74.17699432373047
2023-11-30,74.71636962890625
2023-12-01,76.55387878417969
2023-12-04,77.11153411865234
2023-12-05,76.5995864868164
2023-12-06,76.37104034423828
2023-12-07,76.59044647216797
2023-12-08,76.46245574951172
2023-12-11,76.67272186279297
2023-12-12,76.62702178955078
2023-12-13,79.56153869628906
2023-12-14,81.85614776611328
2023-12-15,80.70427703857422
2023-12-18,80.52144622802734
2023-12-19,81.13394165039062
2023-12-20,80.1466293334961
2023-12-21,80.85738372802734
2023-12-22,81.17203521728516
2023-12-26,81.77359771728516
2023-12-27,82.1715316772461
2023-12-28,82.75457763671875
2023-12-29,81.77359771728516
2024-01-02,82.47693634033203
2024-01-03,80.5057144165039
2024-01-04,80.35763549804688
2024-01-05,80.15403747558594
2024-01-08,81.30160522460938
2024-01-09,80.7555923461914
2024-01-10,80.84813690185547
2024-01-11,80.09850311279297
2024-01-12,80.57975006103516
2024-01-16,79.98745727539062
2024-01-17,78.52521514892578
2024-01-18,78.0995101928711
2024-01-19,79.03422546386719
2024-01-22,79.50621795654297
2024-01-23,78.96019744873047
2024-01-24,77.83113861083984
2024-01-25,78.83063507080078
2024-01-26,78.6085205078125
2024-01-29,79.12677764892578
2024-01-30,78.38639831542969
2024-01-31,77.63678741455078
2024-02-01,79.0434799194336
2024-02-02,78.06249237060547
2024-02-05,76.42443084716797
2024-02-06,77.45169830322266
2024-02-07,77.34063720703125
2024-02-08,77.96995544433594
2024-02-09,78.09025573730469
2024-02-12,78.1087646484375
2024-02-13,76.49847412109375
2024-02-14,77.10000610351562
2024-02-15,78.8954086303711
2024-02-16,78.08101654052734
2024-02-20,77.94218444824219
2024-02-21,78.37715148925781
2024-02-22,78.52521514892578
2024-02-23,78.48820495605469
2024-02-26,77.6275405883789
2024-02-27,77.72007751464844
2024-02-28,78.5067138671875
2024-02-29,79.17304229736328
2024-03-01,80.11701202392578
2024-03-04,80.86663055419922
2024-03-05,79.88565063476562
2024-03-06,80.2835922241211
2024-03-07,80.26509857177734
2024-03-08,81.1905517578125
2024-03-11,80.80184173583984
2024-03-12,80.62602233886719
2024-03-13,80.21881103515625
2024-03-14,79.01571655273438
2024-03-15,78.83988189697266
2024-03-18,78.87689971923828
2024-03-19,78.84912109375
2024-03-20,79.36739349365234
2024-03-21,79.94116973876953
2024-03-22,78.93500518798828
2024-03-25,78.44966125488281
2024-03-26,78.13230895996094
2024-03-27,80.14839172363281
2024-03-28,80.71774291992188
2024-04-01,79.3643569946289
2024-04-02,78.36565399169922
2024-04-03,78.44966125488281
2024-04-04,77.94564056396484
2024-04-05,78.34698486328125
2024-04-08,79.18701934814453
2024-04-09,80.2417221069336
2024-04-10,76.91893768310547
2024-04-11,77.18026733398438
2024-04-12,76.26557159423828
2024-04-15,74.96818542480469
2024-04-16,73.91348266601562
2024-04-17,73.37211608886719
2024-04-18,73.38145446777344
2024-04-19,73.73614501953125
2024-04-22,74.3895034790039
2024-04-23,75.07085418701172
2024-04-24,75.21086120605469
2024-04-25,74.7815170288086
2024-04-26,74.81885528564453
2024-04-29,75.58422088623047
2024-04-30,74.30548095703125
2024-05-01,74.33349609375
2024-05-02,75.37886810302734
2024-05-03,75.88288879394531
2024-05-06,75.94823455810547
2024-05-07,76.66691589355469
2024-05-08,76.02289581298828
2024-05-09,77.58161926269531
2024-05-10,77.366943359375
2024-05-13,77.61896514892578
2024-05-14,78.21630859375
2024-05-15,79.29901885986328
2024-05-16,79.24301147460938
2024-05-17,79.23368072509766
2024-05-20,78.76700592041016
2024-05-21,78.7389907836914
2024-05-22,78.02962493896484
2024-05-23,76.34956359863281
2024-05-24,76.40557861328125
2024-05-28,75.90155792236328
2024-05-29,75.16419219970703
2024-05-30,76.26557159423828
2024-05-31,77.69361877441406
2024-06-03,77.51628875732422
2024-06-04,78.11363983154297
2024-06-05,78.02030944824219
2024-06-06,78.16964721679688
2024-06-07,77.4322738647461
2024-06-10,77.69361877441406
2024-06-11,77.41361999511719
2024-06-12,78.10430908203125
2024-06-13,78.4216537475586
2024-06-14,78.40299224853516
2024-06-17,78.094970703125
2024-06-18,78.40299224853516
2024-06-20,78.1789779663086
2024-06-21,78.37498474121094
2024-06-24,78.98167419433594
2024-06-25,78.0109634399414
2024-06-26,77.76829528808594
2024-06-27,78.52432250976562
2024-06-28,79.15084075927734
2024-07-01,78.40431213378906
2024-07-02,78.7728500366211
2024-07-03,78.69725036621094
2024-07-05,78.91460418701172
2024-07-08,79.16973876953125
2024-07-09,79.15084075927734
2024-07-10,79.73670959472656
2024-07-11,82.0235595703125
2024-07-12,82.64723205566406
2024-07-15,83.20477294921875
2024-07-16,84.22532653808594
2024-07-17,84.80176544189453
2024-07-18,84.05522918701172
2024-07-19,83.90403747558594
2024-07-22,84.77342224121094
2024-07-23,84.70728302001953
2024-07-24,83.45991516113281
2024-07-25,83.18585968017578
2024-07-26,84.64112854003906
2024-07-29,85.0758056640625
2024-07-30,85.73728942871094
2024-07-31,85.43490600585938
2024-08-01,86.2948226928711
2024-08-02,86.24757385253906
2024-08-05,83.78121185302734
2024-08-06,85.43490600585938
2024-08-07,84.84900665283203
2024-08-08,85.68058776855469
2024-08-09,86.07748413085938
2024-08-12,85.44434356689453
2024-08-13,86.19087219238281
2024-08-14,86.41767120361328
2024-08-15,86.35150909423828
2024-08-16,86.30427551269531
2024-08-19,87.02245330810547
2024-08-20,86.91851043701172
2024-08-21,87.38154602050781
2024-08-22,87.63667297363281
2024-08-23,89.56442260742188
2024-08-26,89.52661895751953
2024-08-27,89.65892028808594
2024-08-28,89.30928802490234
2024-08-29,89.03524017333984
2024-08-30,89.8951644897461
2024-09-03,89.84790802001953
2024-09-04,90.10305786132812
2024-09-05,89.81012725830078
2024-09-06,89.7250747680664
2024-09-09,90.72674560546876
2024-09-10,92.04024505615234
2024-09-11,91.8606948852539
2024-09-12,92.24815368652344
2024-09-13,93.21202087402344
2024-09-16,93.52386474609376
2024-09-17,92.87183380126952
2024-09-18,92.7584457397461
2024-09-19,92.77732849121094
2024-09-20,92.40879821777344
2024-09-23,93.3254165649414
2024-09-24,93.45771026611328
2024-09-25,92.8340301513672
2024-09-26,91.99301147460938
2024-09-27,92.11022186279295
2024-09-30,92.83443450927734
2024-10-01,92.2341079711914
2024-10-02,91.91010284423828
2024-10-03,91.07152557373048
2024-10-04,90.6331787109375
2024-10-07,89.83271026611328
2024-10-08,90.0137710571289
2024-10-09,90.10905456542967
2024-10-10,89.30859375
2024-10-11,90.3187026977539
2024-10-14,90.86186981201172
2024-10-15,91.95774841308594
2024-10-16,92.96784210205078
2024-10-17,92.2341079711914
2024-10-18,92.92020416259766
2024-10-21,91.10011291503906
2024-10-22,91.2335205078125
2024-10-23,91.90058135986328
2024-10-24,92.1006851196289
2024-10-25,91.2335205078125
2024-10-28,91.51940155029295
2024-10-29,90.86186981201172
2024-10-30,91.2621078491211
2024-10-31,89.71835327148438
2024-11-01,88.7273178100586
2024-11-04,89.69929504394531
2024-11-05,90.89046478271484
2024-11-06,88.95601654052734
2024-11-07,90.02330017089844
2024-11-08,91.36692810058594
2024-11-11,90.90951538085938
2024-11-12,89.65165710449219
2024-11-13,90.14718627929688
2024-11-14,89.33719635009766
2024-11-15,89.38484191894531
2024-11-18,90.0328369140625
2024-11-19,90.47117614746094
2024-11-20,90.35682678222656
2024-11-21,91.0238800048828
2024-11-22,91.70997619628906
2024-11-25,92.9869155883789
2024-11-26,93.35855102539062
2024-11-27,93.95890045166016
2024-11-29,93.53961944580078
2024-12-02,92.17693328857422
2024-12-03,91.70997619628906
2024-12-04,91.46222686767578
2024-12-05,91.24305725097656
2024-12-06,91.1096420288086
2024-12-09,91.36692810058594
2024-12-10,90.0423583984375
2024-12-11,89.83271026611328
2024-12-12,89.68977355957031
2024-12-13,89.43247985839844
2024-12-16,89.11802673339844
2024-12-17,88.68920135498047
2024-12-18,85.02995300292969
2024-12-19,83.71490478515625
2024-12-20,85.12523651123047
2024-12-23,85.45814514160156
2024-12-24,86.02581787109375
2024-12-26,86.2567367553711
2024-12-27,85.39079284667969
2024-12-30,84.96744537353516
2024-12-31,85.70831298828125
2025-01-02,84.94821166992188
2025-01-03,86.06429290771484
2025-01-06,84.95782470703125
2025-01-07,84.14962005615234
2025-01-08,84.37091827392578
2025-01-10,82.3119125366211
2025-01-13,83.32217407226562
2025-01-14,84.082275390625
2025-01-15,84.56334686279297
2025-01-16,86.314453125
2025-01-17,86.2567367553711
2025-01-21,87.8731460571289
2025-01-22,86.34332275390625
2025-01-23,86.97834014892578
2025-01-24,87.276611328125
2025-01-27,88.44081115722656
2025-01-28,87.3728256225586
2025-01-29,86.21824645996094
2025-01-30,87.31509399414062
2025-01-31,87.12266540527344
2025-02-03,86.93984985351562
2025-02-04,87.0072021484375
2025-02-05,88.22914123535156
2025-02-06,88.45043182373047
2025-02-07,88.16178131103516
2025-02-10,88.12329864501953
2025-02-11,88.5081558227539
2025-02-12,87.6903305053711
2025-02-13,88.56588745117188
2025-02-14,88.16178131103516
2025-02-18,88.55626678466797
2025-02-19,88.62362670898438
2025-02-20,89.04696655273438
2025-02-21,88.17140197753906
2025-02-24,88.51777648925781
2025-02-25,89.60501098632812
2025-02-26,89.22977447509766
2025-02-27,89.58576965332031
2025-02-28,90.34587097167967
2025-03-03,90.76920318603516
2025-03-04,89.72047424316406
2025-03-05,90.72109985351562
2025-03-06,88.3927001953125
2025-03-07,88.92189025878906
2025-03-10,88.0655746459961
2025-03-11,87.03607177734375
2025-03-12,86.76667785644531
2025-03-13,85.0540542602539
2025-03-14,86.75704956054688
2025-03-17,88.23876190185547
2025-03-18,87.77692413330078
2025-03-19,87.88275909423828
2025-03-20,87.82503509521484
2025-03-21,86.85325622558594
2025-03-24,88.19065856933594
2025-03-25,87.20111846923828
2025-03-26,87.54132843017578
2025-03-27,87.31776428222656
2025-03-28,87.20111846923828
2025-03-31,88.0079116821289
2025-04-01,88.04679107666016
2025-04-02,88.58141326904297
2025-04-03,85.55838012695312
2025-04-04,81.84522247314453
2025-04-07,79.697021484375
2025-04-08,77.55854797363281
2025-04-09,82.18543243408203
2025-04-10,80.30940246582031
2025-04-11,81.29115295410156
2025-04-14,82.97277069091797
2025-04-15,83.22550964355469
2025-04-16,83.16718292236328
2025-04-17,84.411376953125
2025-04-21,82.65200805664062
2025-04-22,84.255859375
2025-04-23,84.411376953125
2025-04-24,84.72244262695312
2025-04-25,84.57662963867188
2025-04-28,85.10153198242188
2025-04-29,85.55838012695312
2025-04-30,85.8597183227539
2025-05-01,86.1416015625
2025-05-02,87.20111846923828
2025-05-05,87.0067138671875
2025-05-06,86.33601379394531
2025-05-07,86.43321228027344
2025-05-08,86.09300231933594
2025-05-09,86.66651153564453
2025-05-12,87.09420013427734
2025-05-13,85.98607635498047
2025-05-14,85.14041137695312
2025-05-15,86.69566345214844
2025-05-16,87.77462768554688
2025-05-19,87.79405212402344
2025-05-20,87.27887725830078
2025-05-21,84.95572662353516
2025-05-22,84.56690979003906
2025-05-23,84.65438842773438
2025-05-27,86.13188171386719
2025-05-28,86.04440307617188
2025-05-29,86.82202911376953
2025-05-30,86.82202911376953
2025-06-02,86.93867492675781
2025-06-03,86.76370239257812
2025-06-04,87.0067138671875
2025-06-05,86.93867492675781
2025-06-06,87.35664367675781
2025-06-09,87.4732894897461
2025-06-10,88.22175598144531
2025-06-11,87.74545288085938
2025-06-12,88.17315673828125
2025-06-13,87.31776428222656
2025-06-16,87.38581085205078
2025-06-17,87.07476043701172
2025-06-18,87.37609100341797
2025-06-20,87.31776428222656
2025-06-23,88.63001251220703
2025-06-24,88.86329650878906
2025-06-25,86.72482299804688
2025-06-26,86.64433288574219
2025-06-27,86.86028289794922
2025-06-30,87.41978454589844
2025-07-01,88.05781555175781
2025-07-02,88.26394653320312
2025-07-03,88.36209869384766
2025-07-07,87.60628509521484
2025-07-08,87.47868347167969
2025-07-09,87.54739379882812
2025-07-10,88.09707641601562
2025-07-11,88.10690307617188
2025-07-14,88.67620849609375
2025-07-15,87.3707046508789
2025-07-16,88.19523620605469
2025-07-17,88.09707641601562
2025-07-18,88.28358459472656
2025-07-21,88.64676666259766
2025-07-22,90.16822052001952
2025-07-23,90.34490966796876
2025-07-24,90.03079986572266
2025-07-25,90.04061889648438
2025-07-28,88.59768676757812
2025-07-29,90.02098846435547
2025-07-30,88.74492645263672
2025-07-31,87.4983139038086
2025-08-01,87.28236389160156
2025-08-04,88.17561340332031
2025-08-05,88.57805633544922
2025-08-06,87.89094543457031
2025-08-07,88.14616394042969
2025-08-08,87.41978454589844
2025-08-11,86.84065246582031
2025-08-12,87.33145141601562
2025-08-13,88.14616394042969
2025-08-14,87.51795196533203
2025-08-15,88.01854705810547
2025-08-18,87.27255249023438
2025-08-19,88.77437591552734
2025-08-20,89.02958679199219
2025-08-21,88.76455688476562
2025-08-22,90.48233032226562
2025-08-25,89.96208953857422
2025-08-26,89.72650909423828
2025-08-27,90.28601837158205
2025-08-28,90.05043029785156
2025-08-29,90.54122161865234
2025-09-02,89.03939819335938
2025-09-03,89.0884780883789
2025-09-04,89.7559585571289
2025-09-05,90.7669906616211
2025-09-08,90.23693084716795
2025-09-09,90.03079986572266
2025-09-10,89.8835678100586
2025-09-11,91.52279663085938
2025-09-12,91.10072326660156
2025-09-15,90.9534912109375
2025-09-16,90.47250366210938
2025-09-17,90.35472869873048
2025-09-18,90.55104064941406
2025-09-19,89.96208953857422
2025-09-22,89.98171997070312
2025-09-23,90.47250366210938
2025-09-24,89.58263397216797
2025-09-25,89.31507110595703
2025-09-26,90.197021484375
2025-09-29,90.2267608642578
2025-09-30,90.5934066772461
2025-10-01,90.73213958740234
2025-10-02,90.25648498535156
2025-10-03,90.5934066772461
2025-10-06,89.74118041992188
2025-10-07,89.41417694091797
2025-10-08,88.94842529296875
2025-10-09,88.46284484863281
2025-10-10,87.3331527709961
2025-10-13,87.88809967041016
2025-10-14,88.78986358642578
2025-10-15,90.07811737060548
2025-10-16,89.7610092163086
2025-10-17,90.34567260742188
2025-10-20,91.2573471069336
2025-10-21,90.99970245361328
2025-10-22,91.38617706298828
2025-10-23,91.32672119140624
2025-10-24,91.59427642822266
2025-10-27,91.8519287109375
2025-10-28,90.04838562011719
2025-10-29,87.72953796386719
2025-10-30,88.14574432373047
2025-10-31,88.37366485595703
2025-11-03,88.24484252929688
2025-11-04,88.39347839355469
2025-11-05,88.4727554321289
2025-11-06,88.04664611816406
2025-11-07,89.41417694091797
2025-11-10,89.3646240234375
2025-11-11,90.36549377441406
2025-11-12,89.69164276123047
2025-11-13,88.5916748046875
2025-11-14,88.77995300292969
2025-11-17,88.04664611816406
2025-11-18,88.40338897705078
2025-11-19,87.70972442626953
2025-11-20,87.34306335449219
2025-11-21,88.76013946533203
2025-11-24,88.99796295166016
2025-11-25,89.82046508789062
2025-11-26,90.21685028076172
2025-11-28,90.51412963867188
2025-12-01,89.47362518310547
2025-12-02,89.15652465820312
2025-12-03,89.38443756103516
2025-12-04,89.16643524169922
2025-12-05,89.06732940673828
2025-12-08,88.38357543945312
2025-12-09,88.04664611816406
2025-12-10,88.36375427246094
2025-12-11,88.75022888183594
2025-12-12,88.64122009277344
2025-12-15,88.91869354248047
2025-12-16,88.26465606689453
2025-12-17,88.5916748046875
2025-12-18,88.12592315673828
2025-12-19,87.78899383544922
2025-12-22,88.23999786376953
2025-12-23,88.18000030517578
2025-12-24,88.76000213623047
2025-12-26,88.86000061035156
2025-12-29,89.04000091552734
2025-12-30,89.22000122070312
2025-12-31,88.48999786376953
2026-01-02,88.5199966430664
2026-01-05,88.72000122070312
2026-01-06,89.37000274658203
2026-01-07,88.5
2026-01-08,89.29000091552734
2026-01-09,89.47000122070312
2026-01-12,89.58999633789062
2026-01-13,90.08999633789062
2026-01-14,90.87000274658205
2026-01-15,91.5
2026-01-16,92.62000274658205
2026-01-20,90.9000015258789
2026-01-21,91.26000213623048
2026-01-22,90.36000061035156
