date,value
2005-01-03,48.27501678466797
2005-01-04,47.24018478393555
2005-01-05,46.29597473144531
2005-01-06,46.54147720336914
2005-01-07,46.0240592956543
2005-01-10,46.492374420166016
2005-01-11,45.92585754394531
2005-01-12,46.11469268798828
2005-01-13,45.97496032714844
2005-01-14,46.41307067871094
2005-01-18,46.9644775390625
2005-01-19,46.29220199584961
2005-01-20,46.01649475097656
2005-01-21,45.910743713378906
2005-01-24,45.55950546264648
2005-01-25,45.67658615112305
2005-01-26,46.28466033935547
2005-01-27,46.41682815551758
2005-01-28,46.37908554077149
2005-01-31,46.922943115234375
2005-02-01,47.18732452392578
2005-02-02,47.54611587524414
2005-02-03,47.28548812866211
2005-02-04,47.88222885131836
2005-02-07,47.870906829833984
2005-02-08,47.98798751831055
2005-02-09,46.9644775390625
2005-02-10,47.04757308959961
2005-02-11,47.81427001953125
2005-02-14,47.77270126342773
2005-02-15,47.81427001953125
2005-02-16,47.95777130126953
2005-02-17,47.5347785949707
2005-02-18,47.417701721191406
2005-02-22,46.492374420166016
2005-02-23,46.76808547973633
2005-02-24,47.20619583129883
2005-02-25,47.99176788330078
2005-02-28,47.69339370727539
2005-03-01,48.05975341796875
2005-03-02,47.97287368774414
2005-03-03,48.01442337036133
2005-03-04,48.60361099243164
2005-03-07,48.48274612426758
2005-03-08,48.0219955444336
2005-03-09,47.47812271118164
2005-03-10,47.274173736572266
2005-03-11,47.24018478393555
2005-03-14,47.59519577026367
2005-03-15,47.274173736572266
2005-03-16,47.009796142578125
2005-03-17,47.009796142578125
2005-03-18,46.75675201416016
2005-03-21,46.813419342041016
2005-03-22,46.492374420166016
2005-03-23,46.152442932128906
2005-03-24,46.32242584228516
2005-03-28,46.34138488769531
2005-03-29,45.67747116088867
2005-03-30,46.34898376464844
2005-03-31,46.34138488769531
2005-04-01,46.14791488647461
2005-04-04,46.31863021850586
2005-04-05,46.402103424072266
2005-04-06,46.5462646484375
2005-04-07,46.72835540771485
2005-04-08,46.01891708374024
2005-04-11,45.791290283203125
2005-04-12,46.21998977661133
2005-04-13,45.3929443359375
2005-04-14,44.48242568969727
2005-04-15,43.87163925170898
2005-04-18,44.15237045288086
2005-04-19,44.88078308105469
2005-04-20,44.17892456054688
2005-04-21,45.26017379760742
2005-04-22,44.52796936035156
2005-04-25,44.93769836425781
2005-04-26,44.30411911010742
2005-04-27,44.28516006469727
2005-04-28,43.15459060668945
2005-04-29,43.71987533569336
2005-05-02,44.16754531860352
2005-05-03,44.38759613037109
2005-05-04,44.88078308105469
2005-05-05,44.87319564819336
2005-05-06,45.03253936767578
2005-05-09,45.46502685546875
2005-05-10,44.92250442504883
2005-05-11,44.94526672363281
2005-05-12,44.23584365844727
2005-05-13,44.07650375366211
2005-05-16,44.75557327270508
2005-05-17,45.02114868164063
2005-05-18,45.92409133911133
2005-05-19,46.037879943847656
2005-05-20,45.980987548828125
2005-05-23,46.28448486328125
2005-05-24,46.094825744628906
2005-05-25,45.74956512451172
2005-05-26,46.38692092895508
2005-05-27,46.6449089050293
2005-05-31,46.5462646484375
2005-06-01,47.07360076904297
2005-06-02,47.20259475708008
2005-06-03,46.85734939575195
2005-06-06,47.03185272216797
2005-06-07,47.126731872558594
2005-06-08,46.82701873779297
2005-06-09,47.28608322143555
2005-06-10,47.38468933105469
2005-06-13,47.59714889526367
2005-06-14,48.006874084472656
2005-06-15,48.135868072509766
2005-06-16,48.60630416870117
2005-06-17,48.575931549072266
2005-06-20,48.42841720581055
2005-06-21,48.5652961730957
2005-06-22,48.67938995361328
2005-06-23,47.82001495361328
2005-06-24,47.31049346923828
2005-06-27,47.43217086791992
2005-06-28,48.16984939575195
2005-06-29,48.55009078979492
2005-06-30,48.44362258911133
2005-07-01,48.65657043457031
2005-07-05,49.42466735839844
2005-07-06,48.97597122192383
2005-07-07,49.11285781860352
2005-07-08,50.1699447631836
2005-07-11,50.785945892333984
2005-07-12,50.62625503540039
2005-07-13,50.51216506958008
2005-07-14,50.14714431762695
2005-07-15,50.1927604675293
2005-07-18,49.903785705566406
2005-07-19,50.60342788696289
2005-07-20,51.21943283081055
2005-07-21,50.42093276977539
2005-07-22,51.19662094116211
2005-07-25,50.86198425292969
2005-07-26,51.01411056518555
2005-07-27,51.158599853515625
2005-07-28,51.6833381652832
2005-07-29,51.630104064941406
2005-08-01,51.60728454589844
2005-08-02,51.995147705078125
2005-08-03,51.736576080322266
2005-08-04,50.86959838867188
2005-08-05,50.1699447631836
2005-08-08,49.995025634765625
2005-08-09,50.07109451293945
2005-08-10,50.00262451171875
2005-08-11,50.43612289428711
2005-08-12,49.827735900878906
2005-08-15,50.36008834838867
2005-08-16,49.4778938293457
2005-08-17,49.41706848144531
2005-08-18,49.25734329223633
2005-08-19,49.51591873168945
2005-08-22,49.79730987548828
2005-08-23,49.78969955444336
2005-08-24,49.59197616577149
2005-08-25,49.865753173828125
2005-08-26,49.05201721191406
2005-08-29,49.71366500854492
2005-08-30,49.49309921264648
2005-08-31,50.5958366394043
2005-09-01,50.5958366394043
2005-09-02,50.322052001953125
2005-09-06,51.07494354248047
2005-09-07,51.22703552246094
2005-09-08,50.93803787231445
2005-09-09,51.24985504150391
2005-09-12,51.47800064086914
2005-09-13,51.08253479003906
2005-09-14,50.496952056884766
2005-09-15,50.322052001953125
2005-09-16,50.90763854980469
2005-09-19,50.66427993774414
2005-09-20,49.93418884277344
2005-09-21,49.12807083129883
2005-09-22,49.379032135009766
2005-09-23,49.72076797485352
2005-09-26,50.05643081665039
2005-09-27,49.88859176635742
2005-09-28,49.8199462890625
2005-09-29,50.36918258666992
2005-09-30,50.64379119873047
2005-10-03,50.94892120361328
2005-10-04,50.17848205566406
2005-10-05,48.89691925048828
2005-10-06,48.46212768554688
2005-10-07,48.89691925048828
2005-10-10,48.34770202636719
2005-10-11,47.676414489746094
2005-10-12,47.0051155090332
2005-10-13,47.19583511352539
2005-10-14,47.98917770385742
2005-10-17,48.07308578491211
2005-10-18,47.42469024658203
2005-10-19,48.44687271118164
2005-10-20,47.54674911499024
2005-10-21,48.07308578491211
2005-10-24,49.12578582763672
2005-10-25,48.70622634887695
2005-10-26,48.45449447631836
2005-10-27,47.439937591552734
2005-10-28,48.103607177734375
2005-10-31,48.6528205871582
2005-11-01,48.89691925048828
2005-11-02,49.88096618652344
2005-11-03,50.05643081665039
2005-11-04,49.94963836669922
2005-11-07,50.13270568847656
2005-11-08,49.94963836669922
2005-11-09,50.11744689941406
2005-11-10,50.38443374633789
2005-11-11,50.67428970336914
2005-11-14,50.49122619628906
2005-11-15,49.75892639160156
2005-11-16,49.77418899536133
2005-11-17,50.63616180419922
2005-11-18,51.02519226074219
2005-11-21,51.54393005371094
2005-11-22,51.818546295166016
2005-11-23,51.87957763671875
2005-11-25,51.84141540527344
2005-11-28,51.15487289428711
2005-11-29,51.23117446899414
2005-11-30,51.45237731933594
2005-12-01,52.291500091552734
2005-12-02,52.497440338134766
2005-12-05,52.12367248535156
2005-12-06,52.28386688232422
2005-12-07,51.963497161865234
2005-12-08,52.10079574584961
2005-12-09,52.360130310058594
2005-12-12,52.52035903930664
2005-12-13,52.52796173095703
2005-12-14,52.46693420410156
2005-12-15,51.93296432495117
2005-12-16,51.74989318847656
2005-12-19,51.10911560058594
2005-12-20,51.093849182128906
2005-12-21,51.71174240112305
2005-12-22,52.049442291259766
2005-12-23,52.1719856262207
2005-12-27,51.39088821411133
2005-12-28,51.69718933105469
2005-12-29,51.4215202331543
2005-12-30,51.09221649169922
2006-01-03,52.11069488525391
2006-01-04,52.39404296875
2006-01-05,52.67739868164063
2006-01-06,53.30532836914063
2006-01-09,53.65756607055664
2006-01-10,54.13999557495117
2006-01-11,54.04813003540039
2006-01-12,53.8566780090332
2006-01-13,53.879638671875
2006-01-17,53.62694549560547
2006-01-18,53.512054443359375
2006-01-19,54.3697395324707
2006-01-20,53.74945831298828
2006-01-23,53.91794204711914
2006-01-24,54.52287292480469
2006-01-25,54.660736083984375
2006-01-26,55.449466705322266
2006-01-27,55.72514343261719
2006-01-30,55.56436920166016
2006-01-31,55.40353393554688
2006-02-01,55.97785568237305
2006-02-02,55.1355094909668
2006-02-03,54.96703338623047
2006-02-06,55.457122802734375
2006-02-07,54.56119918823242
2006-02-08,54.90575408935547
2006-02-09,54.62242889404297
2006-02-10,54.507598876953125
2006-02-13,54.14764022827149
2006-02-14,54.77559661865234
2006-02-15,55.25804901123047
2006-02-16,55.74813079833984
2006-02-17,55.63325119018555
2006-02-21,55.38821029663086
2006-02-22,55.763427734375
2006-02-23,55.72514343261719
2006-02-24,56.16928863525391
2006-02-27,56.32246398925781
2006-02-28,55.57963562011719
2006-03-01,56.5904655456543
2006-03-02,56.35307312011719
2006-03-03,56.06974029541016
2006-03-06,55.63325119018555
2006-03-07,54.82918167114258
2006-03-08,55.0206298828125
2006-03-09,54.53821563720703
2006-03-10,55.38056945800781
2006-03-13,55.49542236328125
2006-03-14,56.108036041259766
2006-03-15,56.62111282348633
2006-03-16,56.49091720581055
2006-03-17,56.72064971923828
2006-03-20,56.69001770019531
2006-03-21,55.90126419067383
2006-03-22,56.76660919189453
2006-03-23,57.01165390014648
2006-03-24,57.486724853515625
2006-03-27,57.494415283203125
2006-03-28,57.19510269165039
2006-03-29,58.25426483154297
2006-03-30,58.10076522827149
2006-03-31,58.3079948425293
2006-04-03,57.824440002441406
2006-04-04,58.08538055419922
2006-04-05,58.38472366333008
2006-04-06,58.50751495361328
2006-04-07,57.5711669921875
2006-04-10,57.50975036621094
2006-04-11,56.48896789550781
2006-04-12,57.07995223999024
2006-04-13,57.22575759887695
2006-04-17,57.26414489746094
2006-04-18,58.868282318115234
2006-04-19,59.29806518554688
2006-04-20,58.98339080810547
2006-04-21,58.8529167175293
2006-04-24,58.38472366333008
2006-04-25,58.42310333251953
2006-04-26,58.37705993652344
2006-04-27,57.89349365234375
2006-04-28,58.48452758789063
2006-05-01,57.76305389404297
2006-05-02,58.55360412597656
2006-05-03,58.45378494262695
2006-05-04,59.16758728027344
2006-05-05,59.49761962890625
2006-05-08,59.58206558227539
2006-05-09,59.49761962890625
2006-05-10,59.13689041137695
2006-05-11,57.80142593383789
2006-05-12,56.412208557128906
2006-05-15,56.15893173217773
2006-05-16,56.25106430053711
2006-05-17,55.22255706787109
2006-05-18,54.70066833496094
2006-05-19,55.18419647216797
2006-05-22,54.57018280029297
2006-05-23,53.86408996582031
2006-05-24,54.27853775024414
2006-05-25,55.422149658203125
2006-05-26,55.752140045166016
2006-05-30,54.21712875366211
2006-05-31,55.16117477416992
2006-06-01,56.23569107055664
2006-06-02,56.19730758666992
2006-06-05,54.56250381469727
2006-06-06,54.33226013183594
2006-06-07,53.80267333984375
2006-06-08,53.84872055053711
2006-06-09,53.37287902832031
2006-06-12,52.14485168457031
2006-06-13,51.15473937988281
2006-06-14,51.768741607666016
2006-06-15,53.54172897338867
2006-06-16,52.84330368041992
2006-06-19,51.8071403503418
2006-06-20,51.7457389831543
2006-06-21,52.65139389038086
2006-06-22,52.45538711547852
2006-06-23,52.770545959472656
2006-06-26,53.42394256591797
2006-06-27,52.50152206420898
2006-06-28,52.73210525512695
2006-06-29,54.769142150878906
2006-06-30,55.13812255859375
2006-07-03,55.82994079589844
2006-07-05,55.01510238647461
2006-07-06,54.999732971191406
2006-07-07,54.1849250793457
2006-07-10,54.19260787963867
2006-07-11,54.669193267822266
2006-07-12,53.53923034667969
2006-07-13,52.32470703125
2006-07-14,51.90961456298828
2006-07-17,51.840450286865234
2006-07-18,52.19401931762695
2006-07-19,53.42394256591797
2006-07-20,52.05566787719727
2006-07-21,51.31005859375
2006-07-24,52.947357177734375
2006-07-25,53.07801818847656
2006-07-26,52.96271896362305
2006-07-27,52.45538711547852
2006-07-28,53.554630279541016
2006-07-31,53.562294006347656
2006-08-01,52.72441101074219
2006-08-02,53.42394256591797
2006-08-03,54.06962966918945
2006-08-04,53.51617050170898
2006-08-07,53.308624267578125
2006-08-08,52.57069396972656
2006-08-09,52.0402717590332
2006-08-10,52.50152206420898
2006-08-11,51.96344757080078
2006-08-14,52.27090835571289
2006-08-15,53.36244201660156
2006-08-16,54.131141662597656
2006-08-17,54.21569442749024
2006-08-18,54.53085708618164
2006-08-21,53.9466552734375
2006-08-22,54.12346267700195
2006-08-23,53.50080871582031
2006-08-24,53.40854644775391
2006-08-25,53.50080871582031
2006-08-28,54.06962966918945
2006-08-29,54.769142150878906
2006-08-30,55.191932678222656
2006-08-31,55.16885757446289
2006-09-01,55.20730209350586
2006-09-05,55.706939697265625
2006-09-06,54.52315139770508
2006-09-07,54.03887939453125
2006-09-08,54.24644088745117
2006-09-11,54.17726135253906
2006-09-12,55.45328140258789
2006-09-13,55.92216110229492
2006-09-14,55.72232437133789
2006-09-15,55.85299301147461
2006-09-18,55.83760452270508
2006-09-19,55.59165573120117
2006-09-20,56.33729553222656
2006-09-21,55.72999954223633
2006-09-22,54.9920768737793
2006-09-25,55.64543914794922
2006-09-26,55.823577880859375
2006-09-27,56.23229217529297
2006-09-28,56.00867462158203
2006-09-29,55.52285385131836
2006-10-02,54.99844741821289
2006-10-03,54.92134475708008
2006-10-04,56.25542831420898
2006-10-05,56.97259521484375
2006-10-06,56.67955017089844
2006-10-09,57.11141204833984
2006-10-10,57.14224243164063
2006-10-11,56.918601989746094
2006-10-12,58.0676383972168
2006-10-13,58.53033447265625
2006-10-16,58.87734603881836
2006-10-17,58.58430862426758
2006-10-18,58.59199142456055
2006-10-19,58.87734603881836
2006-10-20,58.298973083496094
2006-10-23,58.41465759277344
2006-10-24,58.53033447265625
2006-10-25,58.91588592529297
2006-10-26,59.40943908691406
2006-10-27,58.71540451049805
2006-10-30,58.96987533569336
2006-10-31,58.7847900390625
2006-11-01,57.51242446899414
2006-11-02,57.42757034301758
2006-11-03,57.70516204833984
2006-11-06,58.37609100341797
2006-11-07,58.76167678833008
2006-11-08,59.06241226196289
2006-11-09,58.52262115478516
2006-11-10,59.0084342956543
2006-11-13,59.09326934814453
2006-11-14,60.234561920166016
2006-11-15,60.68952941894531
2006-11-16,60.64324951171875
2006-11-17,60.604713439941406
2006-11-20,60.68952941894531
2006-11-21,60.7898063659668
2006-11-22,60.85917663574219
2006-11-24,60.58156967163086
2006-11-27,59.22436141967773
2006-11-28,59.42483901977539
2006-11-29,60.19599533081055
2006-11-30,60.2037239074707
2006-12-01,59.98007583618164
2006-12-04,61.16763305664063
2006-12-05,61.213958740234375
2006-12-06,61.00572204589844
2006-12-07,60.7435302734375
2006-12-08,60.75125503540039
2006-12-11,60.90547943115234
2006-12-12,60.57386779785156
2006-12-13,60.650978088378906
2006-12-14,60.89778518676758
2006-12-15,60.84377670288086
2006-12-18,60.080345153808594
2006-12-19,60.041786193847656
2006-12-20,60.38951873779297
2006-12-21,60.11068344116211
2006-12-22,59.71573638916016
2006-12-26,60.56764602661133
2006-12-27,61.287818908691406
2006-12-28,61.00904846191406
2006-12-29,60.42820739746094
2007-01-03,60.5289192199707
2007-01-04,60.691524505615234
2007-01-05,59.42148971557617
2007-01-08,59.18912887573242
2007-01-09,59.74672317504883
2007-01-10,60.21137237548828
2007-01-11,60.58308029174805
2007-01-12,61.1639289855957
2007-01-16,60.75345230102539
2007-01-17,60.49016189575195
2007-01-18,59.986778259277344
2007-01-19,60.21907806396485
2007-01-22,59.77772521972656
2007-01-23,60.343021392822266
2007-01-24,61.00129318237305
2007-01-25,60.23460006713867
2007-01-26,60.45920181274414
2007-01-29,60.985801696777344
2007-01-30,61.318809509277344
2007-01-31,61.450462341308594
2007-02-01,62.10871124267578
2007-02-02,62.14744567871094
2007-02-05,62.1396713256836
2007-02-06,62.29458999633789
2007-02-07,62.86766052246094
2007-02-08,62.766971588134766
2007-02-09,62.193885803222656
2007-02-12,62.0235481262207
2007-02-13,62.480445861816406
2007-02-14,62.57337951660156
2007-02-15,62.61983108520508
2007-02-16,62.85988235473633
2007-02-20,63.46393203735352
2007-02-21,63.58010482788086
2007-02-22,63.8046875
2007-02-23,63.46393203735352
2007-02-26,63.41749572753906
2007-02-27,60.4437141418457
2007-02-28,61.04776763916016
2007-03-01,60.7302360534668
2007-03-02,59.52216339111328
2007-03-05,58.213340759277344
2007-03-06,59.80091857910156
2007-03-07,59.60735321044922
2007-03-08,60.05649566650391
2007-03-09,60.54435729980469
2007-03-12,60.714725494384766
2007-03-13,59.15818405151367
2007-03-14,59.78543472290039
2007-03-15,60.250091552734375
2007-03-16,59.83967208862305
2007-03-19,60.58308029174805
2007-03-20,61.06321716308594
2007-03-21,62.16291427612305
2007-03-22,62.16291427612305
2007-03-23,62.25910568237305
2007-03-26,62.127227783203125
2007-03-27,61.84012985229492
2007-03-28,61.41341400146485
2007-03-29,61.49098205566406
2007-03-30,61.64616775512695
2007-04-02,61.801361083984375
2007-04-03,62.46086502075195
2007-04-04,62.45311737060547
2007-04-05,62.414344787597656
2007-04-09,62.49968719482422
2007-04-10,62.69364547729492
2007-04-11,62.30572128295898
2007-04-12,62.72469329833984
2007-04-13,63.12814712524414
2007-04-16,63.997161865234375
2007-04-17,63.80321502685547
2007-04-18,63.4307746887207
2007-04-19,63.12814712524414
2007-04-20,63.86528015136719
2007-04-23,63.79541778564453
2007-04-24,63.76441955566406
2007-04-25,63.942848205566406
2007-04-26,64.2998275756836
2007-04-27,64.02820587158203
2007-04-30,62.64708709716797
2007-05-01,62.90314865112305
2007-05-02,63.74112701416016
2007-05-03,63.85750198364258
2007-05-04,64.26097106933594
2007-05-07,64.07476806640625
2007-05-08,63.84975814819336
2007-05-09,64.1058120727539
2007-05-10,63.31439208984375
2007-05-11,63.88856887817383
2007-05-14,63.32991027832031
2007-05-15,62.82554244995117
2007-05-16,63.1670036315918
2007-05-17,62.678131103515625
2007-05-18,63.415287017822266
2007-05-21,64.21443176269531
2007-05-22,64.61016845703125
2007-05-23,64.4394760131836
2007-05-24,63.59370040893555
2007-05-25,64.00496673583984
2007-05-29,64.59463500976562
2007-05-30,65.02913665771484
2007-05-31,65.38607788085938
2007-06-01,65.71971130371094
2007-06-04,65.78948211669922
2007-06-05,65.52571105957031
2007-06-06,64.79634857177734
2007-06-07,63.45405197143555
2007-06-08,64.28427124023438
2007-06-11,64.2998275756836
2007-06-12,63.23677444458008
2007-06-13,64.08251953125
2007-06-14,64.6644515991211
2007-06-15,65.43260192871094
2007-06-18,65.30848693847656
2007-06-19,65.47915649414062
2007-06-20,64.34634399414062
2007-06-21,64.8507080078125
2007-06-22,64.33856201171875
2007-06-25,64.00496673583984
2007-06-26,63.53161239624024
2007-06-27,64.8584213256836
2007-06-28,64.84986114501953
2007-06-29,64.44566345214844
2007-07-02,65.27745056152344
2007-07-03,65.58844757080078
2007-07-05,65.697265625
2007-07-06,65.92271423339844
2007-07-09,65.86048889160156
2007-07-10,64.77992248535156
2007-07-11,65.16865539550781
2007-07-12,65.93824768066406
2007-07-13,66.00041198730469
2007-07-16,65.67391967773438
2007-07-17,65.72054290771484
2007-07-18,65.51066589355469
2007-07-19,65.697265625
2007-07-20,64.71772003173828
2007-07-23,64.47676849365234
2007-07-24,62.9686164855957
2007-07-25,62.73541641235352
2007-07-26,61.05624008178711
2007-07-27,59.5714111328125
2007-07-30,60.60533905029297
2007-07-31,59.936798095703125
2007-08-01,60.26328659057617
2007-08-02,60.73751068115234
2007-08-03,58.576358795166016
2007-08-06,59.10499954223633
2007-08-07,60.0145263671875
2007-08-08,61.818058013916016
2007-08-09,60.39544296264648
2007-08-10,60.68305587768555
2007-08-13,60.35658264160156
2007-08-14,59.32268142700195
2007-08-15,58.459754943847656
2007-08-16,59.75799179077149
2007-08-17,60.95517349243164
2007-08-20,61.00180816650391
2007-08-21,61.1728515625
2007-08-22,61.90359115600586
2007-08-23,61.11063766479492
2007-08-24,61.90359115600586
2007-08-27,61.04844665527344
2007-08-28,59.50923538208008
2007-08-29,61.0717658996582
2007-08-30,60.659767150878906
2007-08-31,61.211700439453125
2007-09-04,61.99687576293945
2007-09-05,61.42158508300781
2007-09-06,61.4371337890625
2007-09-07,60.426536560058594
2007-09-10,59.58696746826172
2007-09-11,60.62867736816406
2007-09-12,60.24776458740234
2007-09-13,60.39544296264648
2007-09-14,60.70640182495117
2007-09-17,60.037864685058594
2007-09-18,62.59547805786133
2007-09-19,63.43505859375
2007-09-20,62.80535507202149
2007-09-21,62.9375114440918
2007-09-24,62.45553207397461
2007-09-25,62.202266693115234
2007-09-26,62.747779846191406
2007-09-27,63.12182235717773
2007-09-28,62.37369537353516
2007-10-01,63.92449569702149
2007-10-02,64.33750915527344
2007-10-03,64.15824127197266
2007-10-04,64.25956726074219
2007-10-05,65.56097412109375
2007-10-08,65.07002258300781
2007-10-09,65.5999526977539
2007-10-10,65.54537200927734
2007-10-11,64.8050537109375
2007-10-12,65.31938934326172
2007-10-15,64.5634765625
2007-10-16,63.82315444946289
2007-10-17,64.07251739501953
2007-10-18,63.91669464111328
2007-10-19,61.633392333984375
2007-10-22,62.93479919433594
2007-10-23,63.41791534423828
2007-10-24,63.012733459472656
2007-10-25,62.85683441162109
2007-10-26,63.908912658691406
2007-10-29,63.83874130249024
2007-10-30,63.33223724365234
2007-10-31,64.15045928955078
2007-11-01,61.6723518371582
2007-11-02,61.97624969482422
2007-11-05,61.15802001953125
2007-11-06,62.31136703491211
2007-11-07,60.37876129150391
2007-11-08,60.55794906616211
2007-11-09,59.887786865234375
2007-11-12,59.31113815307617
2007-11-13,61.17357635498047
2007-11-14,60.82292938232422
2007-11-15,59.95792770385742
2007-11-16,59.45141220092773
2007-11-19,58.16557312011719
2007-11-20,58.50069046020508
2007-11-21,57.277191162109375
2007-11-23,58.49287414550781
2007-11-26,56.96548080444336
2007-11-27,57.62788009643555
2007-11-28,59.90338516235352
2007-11-29,59.38905715942383
2007-11-30,59.7319450378418
2007-12-03,59.03058624267578
2007-12-04,58.40716171264648
2007-12-05,59.56831359863281
2007-12-06,60.97880172729492
2007-12-07,61.16577911376953
2007-12-10,61.64900588989258
2007-12-11,59.49814987182617
2007-12-12,59.934566497802734
2007-12-13,59.60725402832031
2007-12-14,58.44610977172852
2007-12-17,57.54993438720703
2007-12-18,58.57859420776367
2007-12-19,58.99162673950195
2007-12-20,59.880001068115234
2007-12-21,61.25151062011719
2007-12-24,61.69573974609375
2007-12-26,61.98406982421875
2007-12-27,60.51173782348633
2007-12-28,59.86276626586914
2007-12-31,59.3467025756836
2008-01-02,58.76807022094727
2008-01-03,58.11909103393555
2008-01-04,56.367637634277344
2008-01-07,56.49273300170898
2008-01-08,54.74907684326172
2008-01-09,55.30425262451172
2008-01-10,56.06267547607422
2008-01-11,54.905494689941406
2008-01-14,55.35894775390625
2008-01-15,54.34248733520508
2008-01-16,54.397239685058594
2008-01-17,53.07581329345703
2008-01-18,52.55974197387695
2008-01-22,52.18442535400391
2008-01-23,53.96714782714844
2008-01-24,53.92808532714844
2008-01-25,53.53712844848633
2008-01-28,54.67089080810547
2008-01-29,54.81166458129883
2008-01-30,54.123573303222656
2008-01-31,55.468448638916016
2008-02-01,56.77419662475586
2008-02-04,56.13306427001953
2008-02-05,54.69437026977539
2008-02-06,53.96714782714844
2008-02-07,54.81946563720703
2008-02-08,54.47541427612305
2008-02-11,54.49885559082031
2008-02-12,54.92891311645508
2008-02-13,56.17214584350586
2008-02-14,54.87419128417969
2008-02-15,54.63180541992188
2008-02-19,55.30425262451172
2008-02-20,55.33551025390625
2008-02-21,54.27993774414063
2008-02-22,54.27993774414063
2008-02-25,55.33551025390625
2008-02-26,55.85157012939453
2008-02-27,55.82810592651367
2008-02-28,54.983646392822266
2008-02-29,53.84207534790039
2008-03-03,53.32602310180664
2008-03-04,53.01325988769531
2008-03-05,53.521480560302734
2008-03-06,51.73874282836914
2008-03-07,51.57453536987305
2008-03-10,50.432952880859375
2008-03-11,52.62228775024414
2008-03-12,52.01240158081055
2008-03-13,53.05234909057617
2008-03-14,51.71528625488281
2008-03-17,50.87084197998047
2008-03-18,53.2087287902832
2008-03-19,51.879493713378906
2008-03-20,52.76305389404297
2008-03-24,54.81497573852539
2008-03-25,54.9951400756836
2008-03-26,54.54086685180664
2008-03-27,54.03963470458984
2008-03-28,53.405235290527344
2008-03-31,53.48357772827149
2008-04-01,55.4415168762207
2008-04-02,55.57466506958008
2008-04-03,55.74698257446289
2008-04-04,55.73129653930664
2008-04-07,55.6373405456543
2008-04-08,55.58250045776367
2008-04-09,54.67398834228516
2008-04-10,55.25356674194336
2008-04-11,53.83600616455078
2008-04-14,53.67155456542969
2008-04-15,54.01613235473633
2008-04-16,55.76263427734375
2008-04-17,55.543338775634766
2008-04-18,56.1307373046875
2008-04-21,56.13856887817383
2008-04-22,55.112606048583984
2008-04-23,55.25356674194336
2008-04-24,55.7861213684082
2008-04-25,56.31085586547852
2008-04-28,56.68678283691406
2008-04-29,56.185546875
2008-04-30,55.91926956176758
2008-05-01,56.882598876953125
2008-05-02,56.8199348449707
2008-05-05,56.60062789916992
2008-05-06,57.06272506713867
2008-05-07,56.04459381103516
2008-05-08,56.16205978393555
2008-05-09,55.997589111328125
2008-05-12,57.227169036865234
2008-05-13,57.55612564086914
2008-05-14,57.485633850097656
2008-05-15,57.60315704345703
2008-05-16,57.916385650634766
2008-05-19,57.93204498291016
2008-05-20,57.72060775756836
2008-05-21,56.89823532104492
2008-05-22,57.30551528930664
2008-05-23,56.55364990234375
2008-05-27,57.422977447509766
2008-05-28,57.68925094604492
2008-05-29,58.27667617797852
2008-05-30,58.48027801513672
2008-06-02,57.94772338867188
2008-06-03,57.830223083496094
2008-06-04,58.19050216674805
2008-06-05,59.67853164672852
2008-06-06,57.89286804199219
2008-06-09,57.70493316650391
2008-06-10,57.282012939453125
2008-06-11,56.287376403808594
2008-06-12,56.40483093261719
2008-06-13,57.422977447509766
2008-06-16,57.78323745727539
2008-06-17,57.73626327514648
2008-06-18,57.274173736572266
2008-06-19,57.75192260742188
2008-06-20,56.8355827331543
2008-06-23,56.30302429199219
2008-06-24,55.37101364135742
2008-06-25,55.997589111328125
2008-06-26,54.55652618408203
2008-06-27,54.61137008666992
2008-06-30,54.07878875732422
2008-07-01,54.1179313659668
2008-07-02,52.58267974853516
2008-07-03,52.29969787597656
2008-07-07,51.63935470581055
2008-07-08,53.5102767944336
2008-07-09,52.07958221435547
2008-07-10,52.590553283691406
2008-07-11,52.88139343261719
2008-07-14,52.00883865356445
2008-07-15,51.78871154785156
2008-07-16,53.69109725952149
2008-07-17,53.76971054077149
2008-07-18,54.14701843261719
2008-07-21,54.80736923217773
2008-07-22,56.18305206298828
2008-07-23,56.54467010498047
2008-07-24,55.113956451416016
2008-07-25,55.5620346069336
2008-07-28,54.61869812011719
2008-07-29,55.9550895690918
2008-07-30,56.29309844970703
2008-07-31,56.06513595581055
2008-08-01,56.13588333129883
2008-08-04,55.617069244384766
2008-08-05,56.568241119384766
2008-08-06,56.85123825073242
2008-08-07,56.00225830078125
2008-08-08,57.48014068603516
2008-08-11,58.85581207275391
2008-08-12,58.41560363769531
2008-08-13,58.62783432006836
2008-08-14,59.19385528564453
2008-08-15,59.036617279052734
2008-08-18,58.27409362792969
2008-08-19,57.30717849731445
2008-08-20,57.38580322265625
2008-08-21,56.72548294067383
2008-08-22,57.92035675048828
2008-08-25,56.6468505859375
2008-08-26,56.73333740234375
2008-08-27,57.40938949584961
2008-08-28,58.57282257080078
2008-08-29,58.06971740722656
2008-09-02,58.05397415161133
2008-09-03,58.289833068847656
2008-09-04,56.45820236206055
2008-09-05,56.31669616699219
2008-09-08,56.97703552246094
2008-09-09,55.66421890258789
2008-09-10,56.18305206298828
2008-09-11,56.53679656982422
2008-09-12,56.79621887207031
2008-09-15,54.24922561645508
2008-09-16,55.813594818115234
2008-09-17,53.29805755615234
2008-09-18,56.44245147705078
2008-09-19,58.9580307006836
2008-09-22,56.56038665771485
2008-09-23,55.80572128295898
2008-09-24,55.09672927856445
2008-09-25,55.38032150268555
2008-09-26,55.64030075073242
2008-09-29,51.2445182800293
2008-09-30,53.56843185424805
2008-10-01,52.79643630981445
2008-10-02,50.08649826049805
2008-10-03,49.39326095581055
2008-10-06,47.04571533203125
2008-10-07,43.95763397216797
2008-10-08,42.90202713012695
2008-10-09,39.38068771362305
2008-10-10,41.31859970092773
2008-10-13,44.88722229003906
2008-10-14,43.62678146362305
2008-10-15,39.711551666259766
2008-10-16,42.31117630004883
2008-10-17,41.12165832519531
2008-10-20,43.08320617675781
2008-10-21,41.893672943115234
2008-10-22,39.77456665039063
2008-10-23,38.592918395996094
2008-10-24,37.1591796875
2008-10-27,35.33942413330078
2008-10-28,38.16753005981445
2008-10-29,38.36447143554688
2008-10-30,40.51508331298828
2008-10-31,42.342716217041016
2008-11-03,42.39786529541016
2008-11-04,42.88627243041992
2008-11-05,40.641109466552734
2008-11-06,39.06558990478516
2008-11-07,39.87696838378906
2008-11-10,38.95528793334961
2008-11-11,38.11237716674805
2008-11-12,35.89087677001953
2008-11-13,38.845008850097656
2008-11-14,35.95389175415039
2008-11-17,35.64665603637695
2008-11-18,35.47335433959961
2008-11-19,32.58222579956055
2008-11-20,30.35282325744629
2008-11-21,32.0150260925293
2008-11-24,34.26805877685547
2008-11-25,34.83524703979492
2008-11-26,36.9228515625
2008-11-28,37.29308319091797
2008-12-01,33.10214614868164
2008-12-02,34.8431282043457
2008-12-03,35.89873123168945
2008-12-04,34.70922088623047
2008-12-05,36.316253662109375
2008-12-08,37.92332458496094
2008-12-09,36.74952697753906
2008-12-10,37.61606979370117
2008-12-11,35.70968246459961
2008-12-12,36.9385986328125
2008-12-15,35.749053955078125
2008-12-16,38.072975158691406
2008-12-17,38.41959762573242
2008-12-18,38.175411224365234
2008-12-19,38.36447143554688
2008-12-22,37.62396240234375
2008-12-23,37.077056884765625
2008-12-24,37.21200180053711
2008-12-26,37.74380874633789
2008-12-29,37.16437530517578
2008-12-30,38.19627380371094
2008-12-31,39.08527755737305
2009-01-02,39.863189697265625
2009-01-05,40.00607681274414
2009-01-06,40.680789947509766
2009-01-07,39.4821891784668
2009-01-08,39.67267608642578
2009-01-09,38.20418930053711
2009-01-12,37.06911849975586
2009-01-13,37.56126022338867
2009-01-14,35.91022109985352
2009-01-15,36.48967742919922
2009-01-16,36.89448547363281
2009-01-20,34.39409637451172
2009-01-21,36.1086540222168
2009-01-22,35.06087875366211
2009-01-23,35.235496520996094
2009-01-26,35.63240051269531
2009-01-27,36.021331787109375
2009-01-28,37.50568771362305
2009-01-29,36.037200927734375
2009-01-30,35.30692672729492
2009-02-02,35.59270095825195
2009-02-03,35.846702575683594
2009-02-04,35.58476257324219
2009-02-05,35.99750900268555
2009-02-06,37.2755012512207
2009-02-09,37.108795166015625
2009-02-10,35.394248962402344
2009-02-11,35.52920150756836
2009-02-12,35.83081817626953
2009-02-13,35.4577522277832
2009-02-17,34.05278015136719
2009-02-18,33.56858444213867
2009-02-19,33.10026550292969
2009-02-20,32.655738830566406
2009-02-23,31.401588439941406
2009-02-24,32.56049728393555
2009-02-25,31.885780334472656
2009-02-26,31.290456771850582
2009-02-27,31.076135635375977
2009-03-02,29.321901321411133
2009-03-03,28.76625633239746
2009-03-04,29.36160659790039
2009-03-05,27.79786872863769
2009-03-06,27.94074440002441
2009-03-09,27.297780990600582
2009-03-10,29.07584571838379
2009-03-11,29.11553192138672
2009-03-12,30.92531394958496
2009-03-13,31.25076103210449
2009-03-16,30.687198638916016
2009-03-17,32.10804748535156
2009-03-18,33.219329833984375
2009-03-19,32.87006378173828
2009-03-20,31.73496627807617
2009-03-23,34.43379211425781
2009-03-24,33.096717834472656
2009-03-25,34.0284538269043
2009-03-26,35.34243392944336
2009-03-27,34.155860900878906
2009-03-30,33.17633056640625
2009-03-31,33.486915588378906
2009-04-01,34.068267822265625
2009-04-02,35.77247619628906
2009-04-03,36.33788299560547
2009-04-06,35.71672821044922
2009-04-07,34.45051956176758
2009-04-08,35.08761215209961
2009-04-09,37.142215728759766
2009-04-13,37.158145904541016
2009-04-14,36.08305358886719
2009-04-15,36.63255310058594
2009-04-16,37.69169616699219
2009-04-17,38.02616500854492
2009-04-20,36.07509613037109
2009-04-21,37.32537460327149
2009-04-22,37.317420959472656
2009-04-23,37.22980880737305
2009-04-24,37.922630310058594
2009-04-27,37.51649475097656
2009-04-28,37.57223129272461
2009-04-29,38.99773025512695
2009-04-30,38.63937759399414
2009-05-01,38.8782844543457
2009-05-04,40.29580307006836
2009-05-05,40.096710205078125
2009-05-06,40.208194732666016
2009-05-07,39.260520935058594
2009-05-08,40.62230682373047
2009-05-11,40.02503204345703
2009-05-12,39.45962142944336
2009-05-13,37.6518783569336
2009-05-14,38.177467346191406
2009-05-15,38.034141540527344
2009-05-18,39.30830764770508
2009-05-19,39.32424545288086
2009-05-20,38.95790481567383
2009-05-21,38.456199645996094
2009-05-22,38.05802154541016
2009-05-26,39.87373352050781
2009-05-27,39.10126876831055
2009-05-28,39.149044036865234
2009-05-29,39.95336151123047
2009-06-01,41.51422882080078
2009-06-02,42.0318717956543
2009-06-03,41.75314712524414
2009-06-04,42.350399017333984
2009-06-05,42.36632537841797
2009-06-08,41.864627838134766
2009-06-09,42.05575942993164
2009-06-10,41.888519287109375
2009-06-11,41.90444946289063
2009-06-12,42.0318717956543
2009-06-15,40.90101623535156
2009-06-16,40.2161750793457
2009-06-17,40.431190490722656
2009-06-18,40.61435317993164
2009-06-19,40.86122131347656
2009-06-22,39.41183853149414
2009-06-23,39.093292236328125
2009-06-24,39.51537322998047
2009-06-25,40.65415191650391
2009-06-26,40.79751586914063
2009-06-29,40.79751586914063
2009-06-30,40.67805480957031
2009-07-01,41.30717086791992
2009-07-02,39.88546752929688
2009-07-06,39.53387451171875
2009-07-07,38.67877960205078
2009-07-08,38.4150619506836
2009-07-09,38.255218505859375
2009-07-10,38.43902969360352
2009-07-13,39.36606216430664
2009-07-14,39.5977897644043
2009-07-15,41.12417984008789
2009-07-16,41.63560104370117
2009-07-17,41.47579956054688
2009-07-20,41.98725509643555
2009-07-21,41.915340423583984
2009-07-22,42.24299240112305
2009-07-23,43.57755661010742
2009-07-24,43.80132675170898
2009-07-27,44.02507400512695
2009-07-28,44.0490608215332
2009-07-29,43.825294494628906
2009-07-30,44.59246826171875
2009-07-31,44.40866470336914
2009-08-03,45.18385314941406
2009-08-04,45.63937377929688
2009-08-05,45.18385314941406
2009-08-06,44.552520751953125
2009-08-07,45.62336349487305
2009-08-10,45.70327758789063
2009-08-11,44.96806716918945
2009-08-12,45.6473503112793
2009-08-13,46.0229606628418
2009-08-14,45.07996368408203
2009-08-17,43.80931854248047
2009-08-18,44.3926887512207
2009-08-19,44.93610382080078
2009-08-20,45.42359924316406
2009-08-21,46.47047424316406
2009-08-24,46.45448684692383
2009-08-25,46.65427017211914
2009-08-26,46.75815582275391
2009-08-27,46.68624114990234
2009-08-28,46.39053726196289
2009-08-31,45.71128845214844
2009-09-01,44.68837356567383
2009-09-02,44.464622497558594
2009-09-03,44.960079193115234
2009-09-04,45.59140396118164
2009-09-08,46.09486389160156
2009-09-09,46.88601303100586
2009-09-10,47.46942138671875
2009-09-11,47.48539352416992
2009-09-14,47.98884963989258
2009-09-15,48.38042449951172
2009-09-16,49.37937927246094
2009-09-17,49.27547454833984
2009-09-18,49.47526550292969
2009-09-21,49.33943176269531
2009-09-22,49.67985534667969
2009-09-23,49.20723342895508
2009-09-24,48.22198867797852
2009-09-25,47.925594329833984
2009-09-28,49.071075439453125
2009-09-29,48.85480499267578
2009-09-30,48.2540168762207
2009-10-01,46.81217193603516
2009-10-02,46.4597053527832
2009-10-05,47.29279327392578
2009-10-06,48.17391586303711
2009-10-07,48.189937591552734
2009-10-08,48.6305046081543
2009-10-09,49.1992301940918
2009-10-12,49.20723342895508
2009-10-13,48.99897766113281
2009-10-14,49.93616485595703
2009-10-15,49.90412902832031
2009-10-16,49.407501220703125
2009-10-19,49.8160285949707
2009-10-20,49.12714767456055
2009-10-21,48.46229553222656
2009-10-22,49.13515472412109
2009-10-23,48.10983276367188
2009-10-26,47.6772689819336
2009-10-27,47.092533111572266
2009-10-28,45.52249526977539
2009-10-29,46.38759231567383
2009-10-30,45.12198257446289
2009-11-02,45.03388595581055
2009-11-03,45.71475982666016
2009-11-04,45.05790328979492
2009-11-05,46.49174880981445
2009-11-06,46.52379608154297
2009-11-09,47.43697738647461
2009-11-10,47.140586853027344
2009-11-11,47.469017028808594
2009-11-12,46.59589385986328
2009-11-13,47.044471740722656
2009-11-16,48.28606033325195
2009-11-17,48.28606033325195
2009-11-18,48.189937591552734
2009-11-19,46.98839569091797
2009-11-20,46.93232345581055
2009-11-23,47.7493782043457
2009-11-24,47.53309631347656
2009-11-25,47.525089263916016
2009-11-27,46.12327575683594
2009-11-30,46.53180313110352
2009-12-01,47.25273513793945
2009-12-02,47.81345748901367
2009-12-03,47.22869491577149
2009-12-04,48.39820861816406
2009-12-07,48.47029876708984
2009-12-08,48.09381866455078
2009-12-09,47.94162368774414
2009-12-10,47.7493782043457
2009-12-11,48.19794464111328
2009-12-14,48.9268913269043
2009-12-15,48.79070281982422
2009-12-16,49.10310363769531
2009-12-17,48.55839538574219
2009-12-18,49.00698852539063
2009-12-21,49.65582656860352
2009-12-22,50.12041091918945
2009-12-23,50.76626205444336
2009-12-24,50.959285736083984
2009-12-28,50.87886428833008
2009-12-29,50.854736328125
2009-12-30,50.82255935668945
2009-12-31,50.21933364868164
2010-01-04,51.45793914794922
2010-01-05,51.2809944152832
2010-01-06,51.23274993896485
2010-01-07,51.61073684692383
2010-01-08,51.89223861694336
2010-01-11,51.683143615722656
2010-01-12,51.12015151977539
2010-01-13,51.7796516418457
2010-01-14,51.97269058227539
2010-01-15,51.2166633605957
2010-01-19,52.15766906738281
2010-01-20,51.4016227722168
2010-01-21,50.55713272094727
2010-01-22,49.64830780029297
2010-01-25,49.70460891723633
2010-01-26,49.21399688720703
2010-01-27,49.73677444458008
2010-01-28,48.88422775268555
2010-01-29,48.34536361694336
2010-02-01,48.91640853881836
2010-02-02,49.45527648925781
2010-02-03,49.12553787231445
2010-02-04,47.48479080200195
2010-02-05,47.66976547241211
2010-02-08,47.19524383544922
2010-02-09,47.84672164916992
2010-02-10,47.95931243896485
2010-02-11,48.72338104248047
2010-02-12,49.07725524902344
2010-02-16,49.90566253662109
2010-02-17,50.24348449707031
2010-02-18,50.653656005859375
2010-02-19,50.71800231933594
2010-02-22,50.87081527709961
2010-02-23,50.2756462097168
2010-02-24,50.70191955566406
2010-02-25,50.71800231933594
2010-02-26,50.50887680053711
2010-03-01,51.683143615722656
2010-03-02,52.07722854614258
2010-03-03,52.37482070922852
2010-03-04,52.51154708862305
2010-03-05,53.58126449584961
2010-03-08,53.67774963378906
2010-03-09,53.87079620361328
2010-03-10,54.329219818115234
2010-03-11,54.49006652832031
2010-03-12,54.46596145629883
2010-03-15,54.28095626831055
2010-03-16,54.74745941162109
2010-03-17,55.069149017333984
2010-03-18,54.90026473999024
2010-03-19,54.21662521362305
2010-03-22,54.98069763183594
2010-03-23,55.680423736572266
2010-03-24,55.045047760009766
2010-03-25,54.69835662841797
2010-03-26,54.674163818359375
2010-03-29,54.97249984741211
2010-03-30,55.14181900024414
2010-03-31,54.66611862182617
2010-04-01,55.17405700683594
2010-04-05,56.20611572265625
2010-04-06,56.53667831420898
2010-04-07,56.35930633544922
2010-04-08,56.30289077758789
2010-04-09,56.64150619506836
2010-04-12,56.87533950805664
2010-04-13,57.00433349609375
2010-04-14,58.22182083129883
2010-04-15,58.39920425415039
2010-04-16,57.61710357666016
2010-04-19,57.334922790527344
2010-04-20,58.11700439453125
2010-04-21,58.520164489746094
2010-04-22,59.14098739624024
2010-04-23,59.76989364624024
2010-04-26,59.54415130615234
2010-04-27,58.18151092529297
2010-04-28,58.27823257446289
2010-04-29,59.51187896728516
2010-04-30,57.77031707763672
2010-05-03,59.06843185424805
2010-05-04,57.213958740234375
2010-05-05,56.375431060791016
2010-05-06,54.262977600097656
2010-05-07,52.69876480102539
2010-05-10,55.657859802246094
2010-05-11,56.028717041015625
2010-05-12,57.74610900878906
2010-05-13,57.18976593017578
2010-05-14,56.08516311645508
2010-05-17,56.18999099731445
2010-05-18,55.10957717895508
2010-05-19,54.45647430419922
2010-05-20,51.69897079467773
2010-05-21,52.46494674682617
2010-05-24,51.76347732543945
2010-05-25,51.755401611328125
2010-05-26,51.884422302246094
2010-05-27,54.10975646972656
2010-05-28,53.41638946533203
2010-06-01,51.79572677612305
2010-06-02,53.27124786376953
2010-06-03,53.956581115722656
2010-06-04,51.24745941162109
2010-06-07,49.92514801025391
2010-06-08,49.90096282958984
2010-06-09,49.93321228027344
2010-06-10,51.65866470336914
2010-06-11,52.360137939453125
2010-06-14,52.69072341918945
2010-06-15,54.01301193237305
2010-06-16,53.76306915283203
2010-06-17,53.82758331298828
2010-06-18,53.85983276367188
2010-06-21,53.303489685058594
2010-06-22,52.20693588256836
2010-06-23,52.06180953979492
2010-06-24,51.231327056884766
2010-06-25,52.11019134521485
2010-06-28,51.81186294555664
2010-06-29,49.85258483886719
2010-06-30,49.28011322021485
2010-07-01,48.92535400390625
2010-07-02,48.390663146972656
2010-07-06,47.75968933105469
2010-07-07,49.42609786987305
2010-07-08,50.13794708251953
2010-07-09,50.914546966552734
2010-07-12,50.34020233154297
2010-07-13,51.93380355834961
2010-07-14,51.74774932861328
2010-07-15,51.27048110961914
2010-07-16,49.40182113647461
2010-07-19,49.61215972900391
2010-07-20,50.44536209106445
2010-07-21,49.53934860229492
2010-07-22,51.302825927734375
2010-07-23,52.564788818359375
2010-07-26,53.76200866699219
2010-07-27,53.567848205566406
2010-07-28,52.7022819519043
2010-07-29,52.564788818359375
2010-07-30,52.59711837768555
2010-08-02,53.51122283935547
2010-08-03,53.08250427246094
2010-08-04,53.64064025878906
2010-08-05,53.00969314575195
2010-08-06,52.6942138671875
2010-08-09,53.27662658691406
2010-08-10,52.273563385009766
2010-08-11,50.21885681152344
2010-08-12,49.96807098388672
2010-08-13,49.40182113647461
2010-08-16,49.7982063293457
2010-08-17,50.65567398071289
2010-08-18,50.80937957763672
2010-08-19,49.417999267578125
2010-08-20,49.46653366088867
2010-08-23,48.79512023925781
2010-08-24,48.23694610595703
2010-08-25,48.96500015258789
2010-08-26,48.60098648071289
2010-08-27,49.871002197265625
2010-08-30,48.77894592285156
2010-08-31,48.68188095092773
2010-09-01,50.566707611083984
2010-09-02,51.1248664855957
2010-09-03,52.038970947265625
2010-09-07,51.05205535888672
2010-09-08,51.35136795043945
2010-09-09,51.38373947143555
2010-09-10,51.54551696777344
2010-09-13,52.79936599731445
2010-09-14,52.57284164428711
2010-09-15,52.87214660644531
2010-09-16,52.532413482666016
2010-09-17,52.750823974609375
2010-09-20,54.215030670166016
2010-09-21,53.89951705932617
2010-09-22,53.26046371459961
2010-09-23,52.61573791503906
2010-09-24,54.32688522338867
2010-09-27,54.18902587890625
2010-09-28,54.72427368164063
2010-09-29,54.878360748291016
2010-09-30,54.7404899597168
2010-10-01,55.032413482666016
2010-10-04,54.28633117675781
2010-10-05,55.8271713256836
2010-10-06,55.64065170288086
2010-10-07,55.47846221923828
2010-10-08,56.18399810791016
2010-10-11,56.23263549804688
2010-10-12,56.37863540649414
2010-10-13,57.23827362060547
2010-10-14,57.19772720336914
2010-10-15,57.00311279296875
2010-10-18,57.48154830932617
2010-10-19,56.36240768432617
2010-10-20,56.9382209777832
2010-10-21,56.66249465942383
2010-10-22,57.02740097045898
2010-10-25,57.36802673339844
2010-10-26,57.32746887207031
2010-10-27,57.18149185180664
2010-10-28,56.83277130126953
2010-10-29,57.01121139526367
2010-11-01,56.62193298339844
2010-11-02,57.7978401184082
2010-11-03,58.02488708496094
2010-11-04,59.49279022216797
2010-11-05,59.82527160644531
2010-11-08,59.7765998840332
2010-11-09,58.98186111450195
2010-11-10,59.63874053955078
2010-11-11,59.40355682373047
2010-11-12,58.41419982910156
2010-11-15,58.42229080200195
2010-11-16,57.28689956665039
2010-11-17,57.44099426269531
2010-11-18,58.56016159057617
2010-11-19,58.75479507446289
2010-11-22,59.03862380981445
2010-11-23,58.47903823852539
2010-11-24,59.79284286499024
2010-11-26,59.37921905517578
2010-11-29,59.46844100952149
2010-11-30,58.9980697631836
2010-12-01,60.31995391845703
2010-12-02,60.928184509277344
2010-12-03,61.366092681884766
2010-12-06,61.74728012084961
2010-12-07,62.10410690307617
2010-12-08,62.06355667114258
2010-12-09,62.27439880371094
2010-12-10,63.05293655395508
2010-12-13,62.728553771972656
2010-12-14,62.696102142333984
2010-12-15,62.5014533996582
2010-12-16,63.07723617553711
2010-12-17,63.27186584472656
2010-12-20,63.52330017089844
2010-12-21,64.22884368896484
2010-12-22,64.21009063720703
2010-12-23,64.12863159179688
2010-12-27,64.32412719726562
2010-12-28,64.14495086669922
2010-12-29,64.2834243774414
2010-12-30,64.16121673583984
2010-12-31,63.73760986328125
2011-01-03,64.84553527832031
2011-01-04,63.88423156738281
2011-01-05,64.63371276855469
2011-01-06,64.3322982788086
2011-01-07,63.96571731567383
2011-01-10,64.3322982788086
2011-01-11,64.59300231933594
2011-01-12,65.14694213867188
2011-01-13,65.12247467041016
2011-01-14,65.61128234863281
2011-01-18,65.6601791381836
2011-01-19,63.97383499145508
2011-01-20,63.30582427978516
2011-01-21,62.88219833374024
2011-01-24,63.34656524658203
2011-01-25,63.44430160522461
2011-01-26,64.4544906616211
2011-01-27,64.6418228149414
2011-01-28,63.06144714355469
2011-01-31,63.50136566162109
2011-02-01,64.96772766113281
2011-02-02,64.72332000732422
2011-02-03,64.9513931274414
2011-02-04,65.06549072265625
2011-02-07,65.70904541015625
2011-02-08,66.17340087890625
2011-02-09,65.880126953125
2011-02-10,66.14080047607422
2011-02-11,66.85768127441406
2011-02-14,67.19984436035156
2011-02-15,66.81697082519531
2011-02-16,67.35460662841797
2011-02-17,67.82708740234375
2011-02-18,67.90044403076172
2011-02-22,66.15707397460938
2011-02-23,65.01658630371094
2011-02-24,65.43206024169922
2011-02-25,66.94729614257812
2011-02-28,67.0206069946289
2011-03-01,65.67642974853516
2011-03-02,65.95342254638672
2011-03-03,67.45237731933594
2011-03-04,67.15910339355469
2011-03-07,66.05931854248047
2011-03-08,67.1346664428711
2011-03-09,66.86582946777344
2011-03-10,65.14694213867188
2011-03-11,65.31802368164062
2011-03-14,64.96772766113281
2011-03-15,64.38935852050781
2011-03-16,63.7457389831543
2011-03-17,63.88423156738281
2011-03-18,64.73150634765625
2011-03-21,66.23043823242188
2011-03-22,65.880126953125
2011-03-23,66.08377838134766
2011-03-24,66.54012298583984
2011-03-25,67.11969757080078
2011-03-28,66.97277069091797
2011-03-29,67.6013412475586
2011-03-30,68.47484588623047
2011-03-31,68.71157836914062
2011-04-01,69.01363372802734
2011-04-04,69.1687240600586
2011-04-05,69.54424285888672
2011-04-06,69.69937896728516
2011-04-07,69.28303527832031
2011-04-08,68.55648040771484
2011-04-11,67.9442138671875
2011-04-12,67.05440521240234
2011-04-13,67.14419555664062
2011-04-14,67.45440673828125
2011-04-15,68.17280578613281
2011-04-18,67.04624938964844
2011-04-19,67.06258392333984
2011-04-20,68.43403625488281
2011-04-21,68.94017791748047
2011-04-25,68.85035705566406
2011-04-26,69.53605651855469
2011-04-27,69.95242309570312
2011-04-28,70.27079772949219
2011-04-29,70.52386474609375
2011-05-02,69.69937896728516
2011-05-03,68.81771087646484
2011-05-04,67.92791748046875
2011-05-05,67.61769104003906
2011-05-06,67.97687530517578
2011-05-09,68.76873779296875
2011-05-10,69.82184600830078
2011-05-11,68.53197479248047
2011-05-12,69.13607788085938
2011-05-13,68.17280578613281
2011-05-16,67.17687225341797
2011-05-17,66.96461486816406
2011-05-18,67.99323272705078
2011-05-19,68.14014434814453
2011-05-20,67.64218139648438
2011-05-23,66.42582702636719
2011-05-24,66.10743713378906
2011-05-25,66.94012451171875
2011-05-26,67.82176971435547
2011-05-27,68.28707122802734
2011-05-31,69.25851440429688
2011-06-01,67.0299301147461
2011-06-02,67.00540924072266
2011-06-03,66.02580261230469
2011-06-06,64.94009399414062
2011-06-07,65.09518432617188
2011-06-08,64.3686294555664
2011-06-09,64.71148681640625
2011-06-10,63.67475891113281
2011-06-13,63.495147705078125
2011-06-14,64.85842895507812
2011-06-15,63.69921875
2011-06-16,63.84617614746094
2011-06-17,63.862525939941406
2011-06-20,64.45030212402344
2011-06-21,65.84619140625
2011-06-22,65.34007263183594
2011-06-23,65.59314727783203
2011-06-24,65.2584457397461
2011-06-27,65.76456451416016
2011-06-28,66.78501892089844
2011-06-29,67.1033706665039
2011-06-30,67.59319305419922
2011-07-01,68.64627075195312
2011-07-05,68.8116683959961
2011-07-06,69.0900650024414
2011-07-07,70.12991333007812
2011-07-08,69.70414733886719
2011-07-11,68.22212219238281
2011-07-12,67.83731079101562
2011-07-13,68.44319915771484
2011-07-14,67.35420989990234
2011-07-15,67.8045425415039
2011-07-18,66.71556091308594
2011-07-19,68.22212219238281
2011-07-20,68.10749053955078
2011-07-21,68.72980499267578
2011-07-22,68.81986236572266
2011-07-25,68.00926208496094
2011-07-26,67.493408203125
2011-07-27,65.47916412353516
2011-07-28,65.37274932861328
2011-07-29,65.29083251953125
2011-08-01,64.86510467529297
2011-08-02,62.84266662597656
2011-08-03,63.26025390625
2011-08-04,59.44463348388672
2011-08-05,58.4047737121582
2011-08-08,53.32004928588867
2011-08-09,56.87361526489258
2011-08-10,54.08969497680664
2011-08-11,56.791751861572266
2011-08-12,57.143798828125
2011-08-15,58.75684356689453
2011-08-16,57.6760368347168
2011-08-17,57.69242858886719
2011-08-18,54.40903091430664
2011-08-19,53.45103454589844
2011-08-22,53.262733459472656
2011-08-23,55.83373260498047
2011-08-24,56.66072845458984
2011-08-25,55.268775939941406
2011-08-26,56.58704376220703
2011-08-29,59.26448822021485
2011-08-30,59.608394622802734
2011-08-31,59.48555755615234
2011-09-01,58.20824813842773
2011-09-02,56.054832458496094
2011-09-06,55.89923477172852
2011-09-07,58.01172637939453
2011-09-08,56.94732284545898
2011-09-09,55.268775939941406
2011-09-12,55.74366760253906
2011-09-13,56.64435577392578
2011-09-14,57.65964889526367
2011-09-15,58.47026443481445
2011-09-16,58.560340881347656
2011-09-19,57.51227951049805
2011-09-20,56.61978912353516
2011-09-21,54.523681640625
2011-09-22,53.00070571899414
2011-09-23,53.543212890625
2011-09-26,54.55425262451172
2011-09-27,55.72966766357422
2011-09-28,53.5925178527832
2011-09-29,54.52134704589844
2011-09-30,52.85275650024414
2011-10-03,50.13202667236328
2011-10-04,53.25551223754883
2011-10-05,53.98707580566406
2011-10-06,55.1871452331543
2011-10-07,53.83911895751953
2011-10-10,56.19817733764648
2011-10-11,56.58448791503906
2011-10-12,57.39003753662109
2011-10-13,57.3407096862793
2011-10-14,58.47503280639648
2011-10-17,56.6995735168457
2011-10-18,58.20376586914063
2011-10-19,57.06947708129883
2011-10-20,57.22563171386719
2011-10-21,58.46680450439453
2011-10-24,60.34912872314453
2011-10-25,58.655879974365234
2011-10-26,59.66688919067383
2011-10-27,62.81504440307617
2011-10-28,62.49446868896485
2011-10-31,60.834083557128906
2011-11-01,58.68053436279297
2011-11-02,60.127201080322266
2011-11-03,61.62318801879883
2011-11-04,61.31905746459961
2011-11-07,61.19572448730469
2011-11-08,62.09170150756836
2011-11-09,59.13261032104492
2011-11-10,59.5682487487793
2011-11-11,61.138221740722656
2011-11-14,60.25871658325195
2011-11-15,61.02314376831055
2011-11-16,60.03678512573242
2011-11-17,59.181922912597656
2011-11-18,59.16549682617188
2011-11-21,57.75170516967773
2011-11-22,57.26675796508789
2011-11-23,55.46663665771485
2011-11-25,54.75973129272461
2011-11-28,57.365352630615234
2011-11-29,57.258544921875
2011-11-30,60.60395050048828
2011-12-01,60.16829299926758
2011-12-02,60.41488265991211
2011-12-05,61.45058822631836
2011-12-06,61.50811004638672
2011-12-07,61.38482284545898
2011-12-08,59.47785186767578
2011-12-09,61.26974868774414
2011-12-12,60.390254974365234
2011-12-13,59.13261032104492
2011-12-14,58.39282989501953
2011-12-15,58.93535232543945
2011-12-16,59.39564514160156
2011-12-19,58.36817169189453
2011-12-20,60.7108039855957
2011-12-21,60.9573974609375
2011-12-22,61.34561538696289
2011-12-23,61.57687759399414
2011-12-27,61.75859069824219
2011-12-28,60.63526153564453
2011-12-29,61.24647521972656
2011-12-30,60.91609573364258
2012-01-03,61.923805236816406
2012-01-04,61.58512878417969
2012-01-05,61.93205642700195
2012-01-06,61.77511978149414
2012-01-09,62.088966369628906
2012-01-10,62.99755859375
2012-01-11,63.2453498840332
2012-01-12,63.435340881347656
2012-01-13,63.096675872802734
2012-01-17,63.071903228759766
2012-01-18,64.19525146484375
2012-01-19,64.59171295166016
2012-01-20,64.63301849365234
2012-01-23,64.55040740966797
2012-01-24,64.922119140625
2012-01-25,65.47547912597656
2012-01-26,65.40115356445312
2012-01-27,65.8471908569336
2012-01-30,65.33509063720703
2012-01-31,65.26899719238281
2012-02-01,66.67318725585938
2012-02-02,67.05316162109375
2012-02-03,68.51512145996094
2012-02-06,68.29212188720703
2012-02-07,68.25079345703125
2012-02-08,68.39949035644531
2012-02-09,68.06082916259766
2012-02-10,67.1274642944336
2012-02-13,67.9947280883789
2012-02-14,67.68912506103516
2012-02-15,67.1274642944336
2012-02-16,68.3912353515625
2012-02-17,68.38296508789062
2012-02-21,67.92041015625
2012-02-22,67.38349914550781
2012-02-23,68.3912353515625
2012-02-24,68.25908660888672
2012-02-27,68.14344024658203
2012-02-28,67.96170043945312
2012-02-29,66.94574737548828
2012-03-01,67.29266357421875
2012-03-02,66.28495025634766
2012-03-05,66.35932159423828
2012-03-06,65.03773498535156
2012-03-07,65.64895629882812
2012-03-08,66.49971008300781
2012-03-09,67.40007019042969
2012-03-12,67.26786804199219
2012-03-13,68.60598754882812
2012-03-14,68.04430389404297
2012-03-15,68.6142349243164
2012-03-16,68.556396484375
2012-03-19,69.1346206665039
2012-03-20,68.51512145996094
2012-03-21,68.49858093261719
2012-03-22,67.83782196044922
2012-03-23,68.5014419555664
2012-03-26,69.92649841308594
2012-03-27,69.43766784667969
2012-03-28,69.0317153930664
2012-03-29,68.83284759521484
2012-03-30,68.60916137695312
2012-04-02,69.45423889160156
2012-04-03,68.99027252197266
2012-04-04,67.88836669921875
2012-04-05,67.590087890625
2012-04-09,66.47988891601562
2012-04-10,64.91400146484375
2012-04-11,65.83364868164062
2012-04-12,66.77813720703125
2012-04-13,65.89993286132812
2012-04-16,66.00763702392578
2012-04-17,66.9604263305664
2012-04-18,66.45500946044922
2012-04-19,66.07392120361328
2012-04-20,66.45500946044922
2012-04-23,65.53538513183594
2012-04-24,66.03247833251953
2012-04-25,67.059814453125
2012-04-26,67.72264862060547
2012-04-27,68.25289916992188
2012-04-30,67.49896240234375
2012-05-01,67.56523132324219
2012-05-02,67.74750518798828
2012-05-03,66.79470825195312
2012-05-04,65.52708435058594
2012-05-07,65.70108795166016
2012-05-08,65.65966033935547
2012-05-09,65.28682708740234
2012-05-10,65.53538513183594
2012-05-11,65.36967468261719
2012-05-14,64.49972534179688
2012-05-15,64.38372802734375
2012-05-16,63.919769287109375
2012-05-17,62.469852447509766
2012-05-18,61.881649017333984
2012-05-21,63.33980178833008
2012-05-22,62.958717346191406
2012-05-23,63.36467361450195
2012-05-24,63.49724197387695
2012-05-25,63.45581817626953
2012-05-29,64.37545013427734
2012-05-30,63.14096450805664
2012-05-31,63.05813217163086
2012-06-01,61.16082763671875
2012-06-04,61.01997375488281
2012-06-05,61.807071685791016
2012-06-06,63.33150863647461
2012-06-07,62.917274475097656
2012-06-08,63.77064514160156
2012-06-11,62.36216735839844
2012-06-12,63.14925384521485
2012-06-13,62.42015075683594
2012-06-14,63.13268661499024
2012-06-15,63.97779846191406
2012-06-18,64.05233001708984
2012-06-19,65.16254425048828
2012-06-20,65.06311798095703
2012-06-21,63.48066329956055
2012-06-22,64.20147705078125
2012-06-25,63.19896697998047
2012-06-26,63.44625473022461
2012-06-27,64.47871398925781
2012-06-28,64.3704605102539
2012-06-29,66.24385833740234
2012-07-02,67.00988006591797
2012-07-03,67.88416290283203
2012-07-05,67.80919647216797
2012-07-06,67.0515365600586
2012-07-09,66.79340362548828
2012-07-10,66.05238342285156
2012-07-11,65.82756042480469
2012-07-12,65.60276794433594
2012-07-13,66.41873931884766
2012-07-16,66.15228271484375
2012-07-17,66.38543701171875
2012-07-18,66.79340362548828
2012-07-19,66.568603515625
2012-07-20,65.71934509277344
2012-07-23,64.67021179199219
2012-07-24,63.820926666259766
2012-07-25,63.96248245239258
2012-07-26,64.51204681396484
2012-07-27,66.0440444946289
2012-07-30,65.81925964355469
2012-07-31,65.23640441894531
2012-08-01,64.16230010986328
2012-08-02,63.9291877746582
2012-08-03,65.45288848876953
2012-08-06,65.96077728271484
2012-08-07,66.56027221679688
2012-08-08,66.46035766601562
2012-08-09,66.77676391601562
2012-08-10,66.54364013671875
2012-08-13,66.43539428710938
2012-08-14,66.27718353271484
2012-08-15,66.86004638671875
2012-08-16,67.55945587158203
2012-08-17,68.03401947021484
2012-08-20,67.88416290283203
2012-08-21,67.8425064086914
2012-08-22,67.51779174804688
2012-08-23,67.04320526123047
2012-08-24,67.22637176513672
2012-08-27,67.42621612548828
2012-08-28,67.73426818847656
2012-08-29,67.94245910644531
2012-08-30,67.26801300048828
2012-08-31,67.54277801513672
2012-09-04,68.36708068847656
2012-09-05,68.38373565673828
2012-09-06,69.6410140991211
2012-09-07,70.15726470947266
2012-09-10,69.84081268310547
2012-09-11,69.9906997680664
2012-09-12,70.34873962402344
2012-09-13,71.27296447753906
2012-09-14,71.93905639648438
2012-09-17,71.60598754882812
2012-09-18,71.3729019165039
2012-09-19,71.24797821044922
2012-09-20,70.93159484863281
2012-09-21,71.189697265625
2012-09-24,70.95736694335938
2012-09-25,69.93753814697266
2012-09-26,69.49454498291016
2012-09-27,70.24683380126953
2012-09-28,69.74532318115234
2012-10-01,69.97936248779297
2012-10-02,70.11308288574219
2012-10-03,69.91248321533203
2012-10-04,70.38890838623047
2012-10-05,70.30535888671875
2012-10-08,69.86231231689453
2012-10-09,69.04315948486328
2012-10-10,68.93449401855469
2012-10-11,69.18528747558594
2012-10-12,68.62525177001953
2012-10-15,69.0766372680664
2012-10-16,69.58647918701172
2012-10-17,70.21338653564453
2012-10-18,69.82893371582031
2012-10-19,68.41627502441406
2012-10-22,68.39955139160156
2012-10-23,68.05685424804688
2012-10-24,67.87291717529297
2012-10-25,68.14876556396484
2012-10-26,67.82281494140625
2012-10-31,68.23238372802734
2012-11-01,68.95123291015625
2012-11-02,67.8646240234375
2012-11-05,68.31599426269531
2012-11-06,68.82585144042969
2012-11-07,67.15410614013672
2012-11-08,66.20956420898438
2012-11-09,66.3516845703125
2012-11-12,66.15943145751953
2012-11-13,65.78327941894531
2012-11-14,64.56288146972656
2012-11-15,64.228515625
2012-11-16,64.76351928710938
2012-11-19,66.13433837890625
2012-11-20,66.2513427734375
2012-11-21,66.60240173339844
2012-11-23,67.26277160644531
2012-11-26,67.48009490966797
2012-11-27,67.39649200439453
2012-11-28,67.96488952636719
2012-11-29,68.74221801757812
2012-11-30,68.6085205078125
2012-12-03,68.53327941894531
2012-12-04,68.61690521240234
2012-12-05,68.53327941894531
2012-12-06,68.6419677734375
2012-12-07,68.69213104248047
2012-12-10,68.99303436279297
2012-12-11,69.72021484375
2012-12-12,69.32737731933594
2012-12-13,68.88438415527344
2012-12-14,68.84255981445312
2012-12-17,69.81220245361328
2012-12-18,70.76506805419922
2012-12-19,70.92273712158203
2012-12-20,71.27685546875
2012-12-21,70.98175048828125
2012-12-24,70.63609313964844
2012-12-26,70.13020324707031
2012-12-27,70.07962036132812
2012-12-28,69.58219909667969
2012-12-31,71.09138488769531
2013-01-02,73.18228912353516
2013-01-03,73.01366424560547
2013-01-04,73.55323791503906
2013-01-07,73.2750244140625
2013-01-08,73.22443389892578
2013-01-09,73.57852935791016
2013-01-10,73.74716186523438
2013-01-11,73.6375503540039
2013-01-14,73.67969512939453
2013-01-15,74.0000991821289
2013-01-16,73.78089141845703
2013-01-17,74.46382904052734
2013-01-18,74.67459106445312
2013-01-22,75.21418762207031
2013-01-23,75.03712463378906
2013-01-24,75.28165435791016
2013-01-25,75.8296890258789
2013-01-28,75.8802261352539
2013-01-29,75.92240905761719
2013-01-30,75.01185607910156
2013-01-31,75.52616119384766
2013-02-01,76.19219970703125
2013-02-04,75.273193359375
2013-02-05,75.9476547241211
2013-02-06,76.26805877685547
2013-02-07,76.01514434814453
2013-02-08,76.55473327636719
2013-02-11,76.47042846679688
2013-02-12,76.80767822265625
2013-02-13,77.12806701660156
2013-02-14,77.32194519042969
2013-02-15,77.34728240966797
2013-02-19,78.03019714355469
2013-02-20,76.58002471923828
2013-02-21,75.83806610107422
2013-02-22,76.74864959716797
2013-02-25,75.05400085449219
2013-02-26,75.34907531738281
2013-02-27,76.1416244506836
2013-02-28,76.28495788574219
2013-03-01,76.63064575195312
2013-03-04,76.8329849243164
2013-03-05,77.72667694091797
2013-03-06,77.92900848388672
2013-03-07,78.29998779296875
2013-03-08,79.02507019042969
2013-03-11,78.9997787475586
2013-03-12,78.83955383300781
2013-03-13,79.1346664428711
2013-03-14,79.92718505859375
2013-03-15,79.88502502441406
2013-03-18,79.44661712646484
2013-03-19,79.10938262939453
2013-03-20,79.8428955078125
2013-03-21,79.14310455322266
2013-03-22,79.38761901855469
2013-03-25,79.4332275390625
2013-03-26,79.68689727783203
2013-03-27,79.73761749267578
2013-03-28,79.839111328125
2013-04-01,78.76534271240234
2013-04-02,78.27494812011719
2013-04-03,77.04898071289062
2013-04-04,77.70845031738281
2013-04-05,77.5562744140625
2013-04-08,78.1988525390625
2013-04-09,77.97057342529297
2013-04-10,79.38255310058594
2013-04-11,79.49242401123047
2013-04-12,79.17118072509766
2013-04-15,76.18659973144531
2013-04-16,77.50556182861328
2013-04-17,76.16121673583984
2013-04-18,75.73851013183594
2013-04-19,76.60932159423828
2013-04-22,76.82917022705078
2013-04-23,78.04663848876953
2013-04-24,78.45250701904297
2013-04-25,78.96823120117188
2013-04-26,78.5455093383789
2013-04-29,79.11198425292969
2013-04-30,79.56008911132812
2013-05-01,77.63236999511719
2013-05-02,78.86681365966797
2013-05-03,80.11809539794922
2013-05-06,80.63387298583984
2013-05-07,81.2933349609375
2013-05-08,81.530029296875
2013-05-09,81.25105285644531
2013-05-10,81.86822509765625
2013-05-13,81.8091049194336
2013-05-14,82.85746765136719
2013-05-15,83.02653503417969
2013-05-16,82.8152084350586
2013-05-17,83.7452163696289
2013-05-20,83.8805160522461
2013-05-21,83.89739227294922
2013-05-22,82.67144012451172
2013-05-23,82.77293395996094
2013-05-24,82.75597381591797
2013-05-28,83.82980346679688
2013-05-29,83.05191040039062
2013-05-30,83.61000061035156
2013-05-31,82.68838500976562
2013-06-03,83.47466278076172
2013-06-04,82.58692932128906
2013-06-05,81.530029296875
2013-06-06,82.3924560546875
2013-06-07,83.02653503417969
2013-06-10,83.53385162353516
2013-06-11,82.62919616699219
2013-06-12,81.8091049194336
2013-06-13,83.25487518310547
2013-06-14,82.6122817993164
2013-06-17,83.15338897705078
2013-06-18,84.1341552734375
2013-06-19,83.10264587402344
2013-06-20,80.90443420410156
2013-06-21,81.14114379882812
2013-06-24,80.07583618164062
2013-06-25,80.84522247314453
2013-06-26,81.22569274902344
2013-06-27,82.4854507446289
2013-06-28,82.0119857788086
2013-07-01,83.34783172607422
2013-07-02,83.28839874267578
2013-07-03,83.4582748413086
2013-07-05,84.63861846923828
2013-07-08,84.97827911376953
2013-07-09,85.76805877685547
2013-07-10,86.00582122802734
2013-07-11,87.01634216308594
2013-07-12,87.19468688964844
2013-07-15,87.95893859863281
2013-07-16,87.51737976074219
2013-07-17,87.85704803466797
2013-07-18,88.4429931640625
2013-07-19,88.57884979248047
2013-07-22,88.76567840576172
2013-07-23,88.70622253417969
2013-07-24,87.96745300292969
2013-07-25,88.77413940429688
2013-07-26,88.41754150390625
2013-07-29,87.797607421875
2013-07-30,87.87401580810547
2013-07-31,88.02689361572266
2013-08-01,89.2242431640625
2013-08-02,89.3006820678711
2013-08-05,89.60640716552734
2013-08-06,88.70622253417969
2013-08-07,88.07784271240234
2013-08-08,88.4429931640625
2013-08-09,88.34956359863281
2013-08-12,88.81660461425781
2013-08-13,88.6977310180664
2013-08-14,88.34956359863281
2013-08-15,86.71064758300781
2013-08-16,86.34548950195312
2013-08-19,85.4708251953125
2013-08-20,86.70213317871094
2013-08-21,86.17564392089844
2013-08-22,87.38998413085938
2013-08-23,87.61077880859375
2013-08-26,87.6192855834961
2013-08-27,85.564208984375
2013-08-28,85.73408508300781
2013-08-29,86.59172821044922
2013-08-30,85.24154663085938
2013-09-03,85.8189926147461
2013-09-04,86.57475280761719
2013-09-05,86.71064758300781
2013-09-06,86.94840240478516
2013-09-09,88.26466369628906
2013-09-10,89.13081359863281
2013-09-11,89.17329406738281
2013-09-12,88.51941680908203
2013-09-13,89.00346374511719
2013-09-16,89.19877624511719
2013-09-17,90.0819091796875
2013-09-18,90.93962097167967
2013-09-19,90.84618377685548
2013-09-20,90.5149917602539
2013-09-23,90.52347564697266
2013-09-24,90.8240203857422
2013-09-25,90.65377044677734
2013-09-26,91.15614318847656
2013-09-27,90.7474136352539
2013-09-30,90.77294158935548
2013-10-01,91.82874298095705
2013-10-02,91.4541473388672
2013-10-03,90.51752471923828
2013-10-04,91.12205505371094
2013-10-07,90.05774688720703
2013-10-08,88.60179138183594
2013-10-09,88.2441635131836
2013-10-10,90.372802734375
2013-10-11,91.68402099609376
2013-10-14,92.143798828125
2013-10-15,91.24126434326172
2013-10-16,92.37369537353516
2013-10-17,93.18260192871094
2013-10-18,94.2468719482422
2013-10-21,94.0595932006836
2013-10-22,94.30647277832033
2013-10-23,93.991455078125
2013-10-24,94.49381256103516
2013-10-25,94.57894897460938
2013-10-28,94.53636169433594
2013-10-29,94.8088150024414
2013-10-30,93.51461791992188
2013-10-31,92.9697036743164
2013-11-01,92.56952667236328
2013-11-04,93.63385009765624
2013-11-05,93.31028747558594
2013-11-06,92.9101104736328
2013-11-07,91.34342956542967
2013-11-08,93.00375366210938
2013-11-11,93.13148498535156
2013-11-12,93.20812225341795
2013-11-13,94.1021499633789
2013-11-14,94.00847625732422
2013-11-15,94.36609649658205
2013-11-18,93.70195770263672
2013-11-19,93.12294006347656
2013-11-20,93.0889129638672
2013-11-21,94.76628112792967
2013-11-22,95.23458862304688
2013-11-25,95.35375213623048
2013-11-26,96.06048583984376
2013-11-27,96.59686279296876
2013-11-29,96.64800262451172
2013-12-02,95.67730712890624
2013-12-03,95.217529296875
2013-12-04,94.96208953857422
2013-12-05,95.03019714355467
2013-12-06,95.7709732055664
2013-12-09,95.74542999267578
2013-12-10,94.87699127197266
2013-12-11,93.31879425048828
2013-12-12,93.5231475830078
2013-12-13,93.82964324951172
2013-12-16,94.94508361816406
2013-12-17,94.8088150024414
2013-12-18,96.11157989501952
2013-12-19,95.39633178710938
2013-12-20,97.00556182861328
2013-12-23,98.1056137084961
2013-12-24,98.48171997070312
2013-12-26,98.49022674560548
2013-12-27,98.43040466308594
2013-12-30,98.37053680419922
2013-12-31,98.60135650634766
2014-01-02,97.53295135498048
2014-01-03,98.02867889404295
2014-01-06,97.2337646484375
2014-01-07,98.0457763671875
2014-01-08,98.17396545410156
2014-01-09,98.19962310791016
2014-01-10,98.73809814453124
2014-01-13,97.38764190673828
2014-01-14,98.584228515625
2014-01-15,99.3193130493164
2014-01-16,99.43897247314452
2014-01-17,99.08853912353516
2014-01-21,99.67829895019533
2014-01-22,100.18258666992188
2014-01-23,99.50733947753906
2014-01-24,96.96881866455078
2014-01-27,95.54999542236328
2014-01-28,96.5585479736328
2014-01-29,95.16535186767578
2014-01-30,96.58419799804688
2014-01-31,95.86622619628906
2014-02-03,92.8661117553711
2014-02-04,93.56700134277344
2014-02-05,92.8661117553711
2014-02-06,93.60120391845705
2014-02-07,94.66106414794922
2014-02-10,94.90894317626952
2014-02-11,95.75506591796876
2014-02-12,96.13118743896484
2014-02-13,97.35346221923828
2014-02-14,97.49018096923828
2014-02-18,98.50733947753906
2014-02-19,97.49876403808594
2014-02-20,98.55005645751952
2014-02-21,98.85777282714844
2014-02-24,99.5842742919922
2014-02-25,99.68685913085938
2014-02-26,100.30223846435548
2014-02-27,100.84928894042967
2014-02-28,100.44757843017578
2014-03-03,99.90908813476562
2014-03-04,102.42198181152344
2014-03-05,102.36215209960938
2014-03-06,102.34504699707033
2014-03-07,102.31087493896484
2014-03-10,101.96898651123048
2014-03-11,100.90910339355467
2014-03-12,101.2168197631836
2014-03-13,100.04580688476562
2014-03-14,100.46467590332033
2014-03-17,100.90910339355467
2014-03-18,102.3792495727539
2014-03-19,101.71256256103516
2014-03-20,101.84932708740234
2014-03-21,101.37921142578124
2014-03-24,100.2253189086914
2014-03-25,100.20132446289062
2014-03-26,98.28180694580078
2014-03-27,98.03328704833984
2014-03-28,97.93903350830078
2014-03-31,99.6957550048828
2014-04-01,101.00686645507812
2014-04-02,101.46100616455078
2014-04-03,100.43272399902344
2014-04-04,98.11040496826172
2014-04-07,96.6793441772461
2014-04-08,97.35633087158205
2014-04-09,98.76168823242188
2014-04-10,95.94235229492188
2014-04-11,94.6141357421875
2014-04-14,94.8797607421875
2014-04-15,95.24826049804688
2014-04-16,96.28514099121094
2014-04-17,96.76502227783205
2014-04-21,97.2191925048828
2014-04-22,98.2218246459961
2014-04-23,97.60482788085938
2014-04-24,97.35633087158205
2014-04-25,95.64244842529295
2014-04-28,95.0854263305664
2014-04-29,95.32537078857422
2014-04-30,95.9594955444336
2014-05-01,95.92523956298828
2014-05-02,96.0023193359375
2014-05-05,95.8824234008789
2014-05-06,94.32273864746094
2014-05-07,94.38274383544922
2014-05-08,93.4315414428711
2014-05-09,94.2884750366211
2014-05-12,96.43080139160156
2014-05-13,95.48821258544922
2014-05-14,93.93712615966795
2014-05-15,93.3030242919922
2014-05-16,93.8943099975586
2014-05-19,94.90547943115234
2014-05-20,93.45723724365234
2014-05-21,93.93712615966795
2014-05-22,94.91402435302734
2014-05-23,95.95094299316406
2014-05-27,97.33059692382812
2014-05-28,96.8249969482422
2014-05-29,97.15062713623048
2014-05-30,96.71363830566406
2014-06-02,96.19087982177734
2014-06-03,95.9594955444336
2014-06-04,96.3365707397461
2014-06-05,98.35896301269533
2014-06-06,99.30155181884766
2014-06-09,100.17562866210938
2014-06-10,99.978515625
2014-06-11,99.49006652832033
2014-06-12,98.8816375732422
2014-06-13,99.05301666259766
2014-06-16,99.53292846679688
2014-06-17,100.235595703125
2014-06-18,100.91259002685548
2014-06-19,100.9982452392578
2014-06-20,101.33250427246094
2014-06-23,101.13536834716795
2014-06-24,100.0556640625
2014-06-25,100.9040298461914
2014-06-26,100.7326431274414
2014-06-27,101.40959930419922
2014-06-30,101.81236267089844
2014-07-01,102.84925842285156
2014-07-02,102.45269775390624
2014-07-03,103.07205200195312
2014-07-07,101.30860900878906
2014-07-08,100.07845306396484
2014-07-09,100.20752716064452
2014-07-10,99.14083099365234
2014-07-11,99.01180267333984
2014-07-14,99.5193328857422
2014-07-15,98.5386734008789
2014-07-16,98.2720184326172
2014-07-17,96.7580108642578
2014-07-18,98.26338958740234
2014-07-21,97.86770629882812
2014-07-22,98.6935043334961
2014-07-23,98.81394958496094
2014-07-24,98.61609649658205
2014-07-25,97.7214584350586
2014-07-28,97.23110961914062
2014-07-29,97.49778747558594
2014-07-30,97.88489532470705
2014-07-31,95.64830017089844
2014-08-01,95.2096176147461
2014-08-04,96.0526123046875
2014-08-05,95.81177520751952
2014-08-06,96.11285400390624
2014-08-07,95.64830017089844
2014-08-08,96.57735443115234
2014-08-11,97.49778747558594
2014-08-12,96.82685089111328
2014-08-13,97.58382415771484
2014-08-14,97.73004913330078
2014-08-15,97.54080200195312
2014-08-18,98.96019744873048
2014-08-19,99.30426788330078
2014-08-20,98.88275146484376
2014-08-21,99.09780883789062
2014-08-22,99.10643005371094
2014-08-25,99.57095336914062
2014-08-26,100.47418975830078
2014-08-27,100.22470092773438
2014-08-28,99.7085952758789
2014-08-29,100.26773071289062
2014-09-02,100.8182601928711
2014-09-03,100.18169403076172
2014-09-04,99.79461669921876
2014-09-05,100.11287689208984
2014-09-08,100.26773071289062
2014-09-09,99.08060455322266
2014-09-10,99.6655731201172
2014-09-11,100.31073760986328
2014-09-12,99.24404907226562
2014-09-15,98.16019439697266
2014-09-16,98.43545532226562
2014-09-17,98.6935043334961
2014-09-18,99.295654296875
2014-09-19,98.03975677490234
2014-09-22,96.66340637207033
2014-09-23,95.76016998291016
2014-09-24,96.62705993652344
2014-09-25,94.9967803955078
2014-09-26,95.85074615478516
2014-09-29,95.7730941772461
2014-09-30,94.3239517211914
2014-10-01,92.98694610595705
2014-10-02,93.87541961669922
2014-10-03,94.58271026611328
2014-10-06,93.77190399169922
2014-10-07,92.22787475585938
2014-10-08,93.99618530273438
2014-10-09,91.4601593017578
2014-10-10,90.34739685058594
2014-10-13,89.98515319824219
2014-10-14,91.03750610351562
2014-10-15,91.95183563232422
2014-10-16,92.98694610595705
2014-10-17,92.71090698242188
2014-10-20,93.79776000976562
2014-10-21,95.34180450439452
2014-10-22,93.9789047241211
2014-10-23,95.64369201660156
2014-10-24,95.80758666992188
2014-10-27,95.75582122802734
2014-10-28,98.48162078857422
2014-10-29,98.24870300292967
2014-10-30,99.0854263305664
2014-10-31,100.54317474365234
2014-11-03,100.37069702148438
2014-11-04,99.90489959716795
2014-11-05,100.08602142333984
2014-11-06,100.51732635498048
2014-11-07,100.672607421875
2014-11-10,101.1728973388672
2014-11-11,101.2418975830078
2014-11-12,101.69906616210938
2014-11-13,100.8364486694336
2014-11-14,100.65534973144533
2014-11-17,99.8186264038086
2014-11-18,100.39656829833984
2014-11-19,99.32698822021484
2014-11-20,100.43968200683594
2014-11-21,100.56047058105467
2014-11-24,101.7594223022461
2014-11-25,101.8370590209961
2014-11-26,102.17346954345705
2014-11-28,100.65534973144533
2014-12-01,99.0854263305664
2014-12-02,100.27578735351562
2014-12-03,101.2418975830078
2014-12-04,100.75886535644533
2014-12-05,101.51791381835938
2014-12-08,100.24993133544922
2014-12-09,101.9319839477539
2014-12-10,99.76685333251952
2014-12-11,100.1636962890625
2014-12-12,98.94740295410156
2014-12-15,97.9468231201172
2014-12-16,97.80879974365234
2014-12-17,100.8278579711914
2014-12-18,102.32877349853516
2014-12-19,102.56165313720705
2014-12-22,103.2603530883789
2014-12-23,103.38976287841795
2014-12-24,103.68843841552734
2014-12-26,104.3637466430664
2014-12-29,104.80531311035156
2014-12-30,104.19058227539062
2014-12-31,103.5672378540039
2015-01-02,102.96984100341795
2015-01-05,101.59319305419922
2015-01-06,99.83560943603516
2015-01-07,101.0650634765625
2015-01-08,102.77935028076172
2015-01-09,101.7923355102539
2015-01-12,101.45468139648438
2015-01-13,101.5325698852539
2015-01-14,101.12566375732422
2015-01-15,99.42002868652344
2015-01-16,101.0390853881836
2015-01-20,100.61485290527344
2015-01-21,100.29450225830078
2015-01-22,102.33779907226562
2015-01-23,102.2685317993164
2015-01-26,103.25555419921876
2015-01-27,102.76203918457033
2015-01-28,101.03042602539062
2015-01-29,102.42437744140624
2015-01-30,100.17327880859376
2015-02-02,101.0910415649414
2015-02-03,102.90055847167967
2015-02-04,102.51960754394533
2015-02-05,103.84429931640624
2015-02-06,103.73172760009766
2015-02-09,102.90921783447266
2015-02-10,103.5672378540039
2015-02-11,103.42003631591795
2015-02-12,104.5975112915039
2015-02-13,105.2209243774414
2015-02-17,105.54993438720705
2015-02-18,105.66246795654295
2015-02-19,105.67111206054688
2015-02-20,105.95684814453124
2015-02-23,106.06076049804688
2015-02-24,106.19927215576172
2015-02-25,106.32048034667967
2015-02-26,106.71011352539062
2015-02-27,106.13002014160156
2015-03-02,106.90054321289062
2015-03-03,106.26853942871094
2015-03-04,105.93955993652344
2015-03-05,106.2511978149414
2015-03-06,104.90921783447266
2015-03-09,105.36808776855467
2015-03-10,104.1559829711914
2015-03-11,104.7966537475586
2015-03-12,106.53694152832033
2015-03-13,106.15599060058594
2015-03-16,106.77937316894533
2015-03-17,107.0650405883789
2015-03-18,107.92218780517578
2015-03-19,108.13001251220705
2015-03-20,109.0823974609375
2015-03-23,108.98714447021484
2015-03-24,108.96116638183594
2015-03-25,106.35845947265624
2015-03-26,106.22815704345705
2015-03-27,106.90557098388672
2015-03-30,108.35585021972656
2015-03-31,108.00847625732422
2015-04-01,108.05191040039062
2015-04-02,108.25163269042967
2015-04-06,108.72927856445312
2015-04-07,108.03453826904295
2015-04-08,108.96378326416016
2015-04-09,108.5729751586914
2015-04-10,109.09404754638672
2015-04-13,109.1635284423828
2015-04-14,109.1374740600586
2015-04-15,109.90169525146484
2015-04-16,109.8409194946289
2015-04-17,108.0605926513672
2015-04-20,109.12010955810548
2015-04-21,109.00718688964844
2015-04-22,109.17220306396484
2015-04-23,109.66720581054688
2015-04-24,109.30248260498048
2015-04-27,108.0953369140625
2015-04-28,108.694580078125
2015-04-29,107.5134735107422
2015-04-30,105.23814392089844
2015-05-01,105.9242172241211
2015-05-04,106.30634307861328
2015-05-05,104.95155334472656
2015-05-06,105.31631469726562
2015-05-07,105.71578979492188
2015-05-08,106.50606536865234
2015-05-11,106.5668716430664
2015-05-12,106.37579345703124
2015-05-13,106.37579345703124
2015-05-14,107.50479125976562
2015-05-15,107.38321685791016
2015-05-18,108.59901428222656
2015-05-19,108.45140838623048
2015-05-20,108.65113067626952
2015-05-21,108.5295639038086
2015-05-22,108.0605926513672
2015-05-26,107.02717590332033
2015-05-27,108.33849334716795
2015-05-28,108.24297332763672
2015-05-29,107.59163665771484
2015-06-01,107.93032836914062
2015-06-02,108.13875579833984
2015-06-03,109.21561431884766
2015-06-04,108.12141418457033
2015-06-05,108.90299224853516
2015-06-08,108.39927673339844
2015-06-09,108.06925964355467
2015-06-10,109.41539001464844
2015-06-11,109.69328308105467
2015-06-12,109.36326599121094
2015-06-15,109.015869140625
2015-06-16,109.788818359375
2015-06-17,109.62380981445312
2015-06-18,111.09147644042967
2015-06-19,111.0393295288086
2015-06-22,111.80360412597656
2015-06-23,112.03805541992188
2015-06-24,111.09147644042967
2015-06-25,111.03067779541016
2015-06-26,110.72671508789062
2015-06-29,107.93032836914062
2015-06-30,108.43402862548828
2015-07-01,108.75534057617188
2015-07-02,107.95213317871094
2015-07-06,107.91724395751952
2015-07-07,108.03933715820312
2015-07-08,106.39100646972656
2015-07-09,106.77473449707033
2015-07-10,108.2573471069336
2015-07-13,109.47834777832033
2015-07-14,110.0888442993164
2015-07-15,109.5045166015625
2015-07-16,110.15861511230467
2015-07-17,109.67892456054688
2015-07-20,109.0858917236328
2015-07-21,108.5713348388672
2015-07-22,108.97251892089844
2015-07-23,107.76896667480467
2015-07-24,106.033447265625
2015-07-27,105.15259552001952
2015-07-28,106.05088806152344
2015-07-29,106.347412109375
2015-07-30,106.65265655517578
2015-07-31,107.2369613647461
2015-08-03,106.70499420166016
2015-08-04,106.45206451416016
2015-08-05,106.69625854492188
2015-08-06,105.25725555419922
2015-08-07,104.5508270263672
2015-08-10,105.75433349609376
2015-08-11,104.84733581542967
2015-08-12,104.64673614501952
2015-08-13,104.29791259765624
2015-08-14,104.96945190429688
2015-08-17,106.0770263671875
2015-08-18,105.23108673095705
2015-08-19,104.14092254638672
2015-08-20,101.5071029663086
2015-08-21,100.32098388671876
2015-08-24,96.40515899658205
2015-08-25,95.66383361816406
2015-08-26,98.09708404541016
2015-08-27,99.8500518798828
2015-08-28,100.8355712890625
2015-08-31,100.46924591064452
2015-09-01,97.59121704101562
2015-09-02,99.34420776367188
2015-09-03,99.18724060058594
2015-09-04,98.43721771240234
2015-09-08,100.6872787475586
2015-09-09,99.52735900878906
2015-09-10,99.9808578491211
2015-09-11,100.45179748535156
2015-09-14,99.98956298828124
2015-09-15,101.11463928222656
2015-09-16,101.98674011230467
2015-09-17,102.33560943603516
2015-09-18,100.92273712158205
2015-09-21,100.7396011352539
2015-09-22,99.21339416503906
2015-09-23,98.91685485839844
2015-09-24,98.75115966796876
2015-09-25,97.4514389038086
2015-09-28,94.72262573242188
2015-09-29,94.04914855957033
2015-09-30,95.50977325439452
2015-10-01,95.34357452392578
2015-10-02,96.76049041748048
2015-10-05,99.06952667236328
2015-10-06,98.3873291015625
2015-10-07,100.12783813476562
2015-10-08,101.0287094116211
2015-10-09,101.22988891601562
2015-10-12,101.08118438720705
2015-10-13,99.69927215576172
2015-10-14,98.71969604492188
2015-10-15,101.08118438720705
2015-10-16,100.9499969482422
2015-10-19,101.14239501953124
2015-10-20,101.00247955322266
2015-10-21,99.46311950683594
2015-10-22,100.33773803710938
2015-10-23,101.32608032226562
2015-10-26,100.63511657714844
2015-10-27,99.5330810546875
2015-10-28,102.43687438964844
2015-10-29,101.34357452392578
2015-10-30,100.87998962402344
2015-11-02,102.9791259765625
2015-11-03,103.51266479492188
2015-11-04,103.46018981933594
2015-11-05,103.53890991210938
2015-11-06,104.27359008789062
2015-11-09,103.04910278320312
2015-11-10,103.35523986816406
2015-11-11,102.45433807373048
2015-11-12,100.49518585205078
2015-11-13,99.7692413330078
2015-11-16,100.62639617919922
2015-11-17,100.24154663085938
2015-11-18,101.9383316040039
2015-11-19,101.50977325439452
2015-11-20,102.1657257080078
2015-11-23,102.67301940917967
2015-11-24,103.42517852783205
2015-11-25,104.22984313964844
2015-11-27,104.62345123291016
2015-11-30,104.16862487792967
2015-12-01,104.85958099365234
2015-12-02,103.7313232421875
2015-12-03,101.98204040527344
2015-12-04,103.01410675048828
2015-12-07,101.46602630615234
2015-12-08,100.90626525878906
2015-12-09,99.77798461914062
2015-12-10,100.11033630371094
2015-12-11,97.88003540039062
2015-12-14,97.18033599853516
2015-12-15,98.57975006103516
2015-12-16,100.08409881591795
2015-12-17,99.0170669555664
2015-12-18,97.50394439697266
2015-12-21,98.23860931396484
2015-12-22,99.13949584960938
2015-12-23,100.3902359008789
2015-12-24,100.5799560546875
2015-12-28,100.11437225341795
2015-12-29,101.19483184814452
2015-12-30,100.1758804321289
2015-12-31,98.92852783203124
2016-01-04,96.63583374023438
2016-01-05,96.8466339111328
2016-01-06,95.37090301513672
2016-01-07,92.82343292236328
2016-01-08,91.22470092773438
2016-01-11,90.82942962646484
2016-01-12,91.10175323486328
2016-01-13,88.17658233642578
2016-01-14,89.39757537841797
2016-01-15,87.94818878173828
2016-01-19,86.76229858398438
2016-01-20,87.1224594116211
2016-01-21,86.92039489746094
2016-01-22,89.04622650146484
2016-01-25,87.06974792480469
2016-01-26,88.80904388427734
2016-01-27,87.58802032470703
2016-01-28,87.57047271728516
2016-01-29,90.44290924072266
2016-02-01,90.03003692626953
2016-02-02,88.08872985839844
2016-02-03,88.20294189453125
2016-02-04,88.54550170898438
2016-02-05,86.12106323242188
2016-02-08,84.70677185058594
2016-02-09,84.13578796386719
2016-02-10,84.1797103881836
2016-02-11,83.26618957519531
2016-02-12,84.84732818603516
2016-02-16,86.85890197753906
2016-02-17,88.220458984375
2016-02-18,87.79883575439453
2016-02-19,88.23805236816406
2016-02-22,89.22189331054688
2016-02-23,88.40496826171875
2016-02-24,89.25701904296875
2016-02-25,90.07395935058594
2016-02-26,90.6449737548828
2016-02-29,90.24089050292967
2016-03-01,92.18221282958984
2016-03-02,93.13092041015624
2016-03-03,94.10594177246094
2016-03-04,94.62422943115234
2016-03-07,95.65199279785156
2016-03-08,93.34170532226562
2016-03-09,93.81607818603516
2016-03-10,93.05182647705078
2016-03-11,95.04586029052734
2016-03-14,94.79991149902344
2016-03-15,93.32414245605467
2016-03-16,93.9829559326172
2016-03-17,95.42361450195312
2016-03-18,96.2844467163086
2016-03-21,96.0560531616211
2016-03-22,95.94186401367188
2016-03-23,94.16827392578124
2016-03-24,94.45026397705078
2016-03-28,94.5647430419922
2016-03-29,97.19032287597656
2016-03-30,97.19916534423828
2016-03-31,97.47227478027344
2016-04-01,97.9040298461914
2016-04-04,97.0845947265625
2016-04-05,95.98331451416016
2016-04-06,97.0669937133789
2016-04-07,95.75420379638672
2016-04-08,96.13304901123048
2016-04-11,95.83350372314452
2016-04-12,96.8643569946289
2016-04-13,98.95247650146484
2016-04-14,98.8291244506836
2016-04-15,99.07582092285156
2016-04-18,99.82471466064452
2016-04-19,99.90402221679688
2016-04-20,100.05380249023438
2016-04-21,99.55157470703124
2016-04-22,100.53838348388672
2016-04-25,99.82471466064452
2016-04-26,100.80272674560548
2016-04-27,101.1551513671875
2016-04-28,100.0009307861328
2016-04-29,99.10224151611328
2016-05-02,99.98332977294922
2016-05-03,98.34455108642578
2016-05-04,97.533935546875
2016-05-05,97.1462860107422
2016-05-06,97.71897888183594
2016-05-09,98.00091552734376
2016-05-10,98.98770141601562
2016-05-11,97.76302337646484
2016-05-12,97.24321746826172
2016-05-13,96.60003662109376
2016-05-16,97.82469177246094
2016-05-17,96.27404022216795
2016-05-18,96.77622985839844
2016-05-19,96.00089263916016
2016-05-20,97.61325073242188
2016-05-23,97.49871063232422
2016-05-24,99.50753784179688
2016-05-25,100.08905029296876
2016-05-26,99.97449493408205
2016-05-27,100.9700698852539
2016-05-31,101.3225326538086
2016-06-01,102.00977325439452
2016-06-02,102.7939224243164
2016-06-03,102.17715454101562
2016-06-06,103.27848815917967
2016-06-07,103.57808685302734
2016-06-08,104.34459686279295
2016-06-09,103.67498779296876
2016-06-10,102.2652816772461
2016-06-13,101.1551513671875
2016-06-14,100.86437225341795
2016-06-15,100.93485260009766
2016-06-16,100.92606353759766
2016-06-17,100.49434661865234
2016-06-20,101.58685302734376
2016-06-21,101.39301300048828
2016-06-22,100.99652862548828
2016-06-23,102.92607879638672
2016-06-24,99.0141372680664
2016-06-27,95.76301574707033
2016-06-28,97.24321746826172
2016-06-29,99.45466613769533
2016-06-30,101.304931640625
2016-07-01,101.6661376953125
2016-07-05,100.1683349609375
2016-07-06,100.8956527709961
2016-07-07,101.10828399658205
2016-07-08,103.4647979736328
2016-07-11,104.66077423095705
2016-07-12,106.06049346923828
2016-07-13,105.64411163330078
2016-07-14,105.75043487548828
2016-07-15,106.04278564453124
2016-07-18,106.2199478149414
2016-07-19,105.68839263916016
2016-07-20,106.37942504882812
2016-07-21,105.8744659423828
2016-07-22,106.66289520263672
2016-07-25,106.50342559814452
2016-07-26,107.01727294921876
2016-07-27,107.31848907470705
2016-07-28,107.0438232421875
2016-07-29,107.25645446777344
2016-08-01,107.34505462646484
2016-08-02,105.84786987304688
2016-08-03,106.70721435546876
2016-08-04,106.80464935302734
2016-08-05,108.34610748291016
2016-08-08,108.29296875
2016-08-09,108.40817260742188
2016-08-10,107.62852478027344
2016-08-11,108.1423568725586
2016-08-12,108.24866485595705
2016-08-15,109.3206024169922
2016-08-16,108.4347152709961
2016-08-17,108.11579132080078
2016-08-18,108.91309356689452
2016-08-19,108.91309356689452
2016-08-22,109.16116333007812
2016-08-23,109.9230499267578
2016-08-24,109.02826690673828
2016-08-25,109.24087524414062
2016-08-26,109.01940155029295
2016-08-29,109.58641052246094
2016-08-30,109.79014587402344
2016-08-31,109.1700210571289
2016-09-01,109.249755859375
2016-09-02,110.30398559570312
2016-09-06,110.41026306152344
2016-09-07,111.10128021240234
2016-09-08,110.87982177734376
2016-09-09,107.4159164428711
2016-09-12,108.91309356689452
2016-09-13,106.82235717773438
2016-09-14,106.8400650024414
2016-09-15,108.11579132080078
2016-09-16,107.95632934570312
2016-09-19,108.67390441894533
2016-09-20,108.21324920654295
2016-09-21,109.7812957763672
2016-09-22,111.35816192626952
2016-09-23,110.56973266601562
2016-09-26,109.47174072265624
2016-09-27,109.9159164428711
2016-09-28,110.75984954833984
2016-09-29,109.14305877685548
2016-09-30,110.34233856201172
2016-10-03,109.99585723876952
2016-10-04,109.4539794921875
2016-10-05,110.11134338378906
2016-10-06,109.99585723876952
2016-10-07,109.11640167236328
2016-10-10,110.42227935791016
2016-10-11,108.40570831298828
2016-10-12,108.3168716430664
2016-10-13,107.41963958740234
2016-10-14,106.9843521118164
2016-10-17,106.8599853515625
2016-10-18,107.47295379638672
2016-10-19,107.9259796142578
2016-10-20,107.60618591308594
2016-10-21,107.55290222167967
2016-10-24,108.23692321777344
2016-10-25,107.42853546142578
2016-10-26,106.36251068115234
2016-10-27,105.1454620361328
2016-10-28,104.85228729248048
2016-10-31,105.26983642578124
2016-11-01,103.9817352294922
2016-11-02,102.65806579589844
2016-11-03,102.16058349609376
2016-11-04,102.81800079345705
2016-11-07,105.3320083618164
2016-11-08,105.6073989868164
2016-11-09,108.85879516601562
2016-11-10,110.59994506835938
2016-11-11,113.14063262939452
2016-11-14,114.73079681396484
2016-11-15,115.08610534667967
2016-11-16,115.0772476196289
2016-11-17,115.75238037109376
2016-11-18,116.3653335571289
2016-11-21,116.90726470947266
2016-11-22,117.97330474853516
2016-11-23,118.7106475830078
2016-11-25,119.10147857666016
2016-11-28,117.5557098388672
2016-11-29,117.4935531616211
2016-11-30,116.91613006591795
2016-12-01,116.34757995605467
2016-12-02,116.28539276123048
2016-12-05,118.28417205810548
2016-12-06,119.56341552734376
2016-12-07,120.7271499633789
2016-12-08,122.62825775146484
2016-12-09,122.86809539794922
2016-12-12,121.5710678100586
2016-12-13,121.58000183105467
2016-12-14,120.0608901977539
2016-12-15,120.9581298828125
2016-12-16,120.73605346679688
2016-12-19,121.5267105102539
2016-12-20,122.55718231201172
2016-12-21,121.7576675415039
2016-12-22,120.7077865600586
2016-12-23,121.35003662109376
2016-12-27,121.89410400390624
2016-12-28,120.64530181884766
2016-12-29,120.75237274169922
2016-12-30,120.28853607177734
2017-01-03,120.88615417480467
2017-01-04,122.90215301513672
2017-01-05,121.48379516601562
2017-01-06,121.03781127929688
2017-01-09,120.2439422607422
2017-01-10,121.39461517333984
2017-01-11,121.60867309570312
2017-01-12,120.6720733642578
2017-01-13,121.5462417602539
2017-01-17,119.89603424072266
2017-01-18,120.28853607177734
2017-01-19,119.30728149414062
2017-01-20,119.92279815673828
2017-01-23,119.42323303222656
2017-01-24,121.25189208984376
2017-01-25,122.39368438720705
2017-01-26,121.90306091308594
2017-01-27,121.48379516601562
2017-01-30,119.78900146484376
2017-01-31,120.62750244140624
2017-02-01,120.5561065673828
2017-02-02,120.25279998779295
2017-02-03,122.09042358398438
2017-02-06,121.17160034179688
2017-02-07,120.63639068603516
2017-02-08,120.4223175048828
2017-02-09,122.1171417236328
2017-02-10,123.0448226928711
2017-02-13,123.365966796875
2017-02-14,123.77627563476562
2017-02-15,124.51667785644533
2017-02-16,124.1688003540039
2017-02-17,124.08850860595705
2017-02-21,125.06079864501952
2017-02-22,124.50772857666016
2017-02-23,123.7673797607422
2017-02-24,123.67818450927734
2017-02-27,124.88238525390624
2017-02-28,122.95564270019533
2017-03-01,125.2035140991211
2017-03-02,123.7673797607422
2017-03-03,123.67818450927734
2017-03-06,122.83074188232422
2017-03-07,122.0279312133789
2017-03-08,121.22509002685548
2017-03-09,120.74341583251952
2017-03-10,121.27861785888672
2017-03-13,121.56404876708984
2017-03-14,120.98432159423828
2017-03-15,122.85753631591795
2017-03-16,123.01807403564452
2017-03-17,123.50870513916016
2017-03-20,122.9734878540039
2017-03-21,119.50353240966795
2017-03-22,119.53030395507812
2017-03-23,120.22608184814452
2017-03-24,120.31288146972656
2017-03-27,120.5364990234375
2017-03-28,121.47575378417967
2017-03-29,121.86942291259766
2017-03-30,122.79084014892578
2017-03-31,122.9876480102539
2017-04-03,121.69051361083984
2017-04-04,121.54740142822266
2017-04-05,120.1697006225586
2017-04-06,121.28795623779295
2017-04-07,121.23426818847656
2017-04-10,121.50267791748048
2017-04-11,122.46878814697266
2017-04-12,120.80485534667967
2017-04-13,119.6240234375
2017-04-17,121.02852630615234
2017-04-18,121.0553741455078
2017-04-19,121.47575378417967
2017-04-20,123.02347564697266
2017-04-21,122.7461166381836
2017-04-24,124.27587890625
2017-04-25,125.48358154296876
2017-04-26,126.12764739990234
2017-04-27,126.09188842773438
2017-04-28,124.40103912353516
2017-05-01,125.11672973632812
2017-05-02,124.4815902709961
2017-05-03,123.71226501464844
2017-05-04,123.54232788085938
2017-05-05,124.33848571777344
2017-05-08,123.81961822509766
2017-05-09,123.76593780517578
2017-05-10,124.53532409667967
2017-05-11,123.6675262451172
2017-05-12,123.01451110839844
2017-05-15,123.97168731689452
2017-05-16,124.0164031982422
2017-05-17,120.67066192626952
2017-05-18,121.10902404785156
2017-05-19,121.69051361083984
2017-05-22,122.51351928710938
2017-05-23,122.91606903076172
2017-05-24,122.9966049194336
2017-05-25,123.0771026611328
2017-05-26,123.04131317138672
2017-05-30,122.07522583007812
2017-05-31,121.94993591308594
2017-06-01,124.30265808105467
2017-06-02,125.1078872680664
2017-06-05,124.3295440673828
2017-06-06,124.21320343017578
2017-06-07,124.3295440673828
2017-06-08,126.02922821044922
2017-06-09,126.68229675292967
2017-06-12,126.4765625
2017-06-13,127.1206512451172
2017-06-14,126.36920928955078
2017-06-15,125.72510528564452
2017-06-16,125.41197204589844
2017-06-19,126.34234619140624
2017-06-20,125.06310272216795
2017-06-21,124.75001525878906
2017-06-22,125.22415924072266
2017-06-23,126.0561065673828
2017-06-26,126.20819091796876
2017-06-27,125.09888458251952
2017-06-28,127.0132827758789
2017-06-29,126.26184844970705
2017-06-30,126.06502532958984
2017-07-03,127.1206512451172
2017-07-05,126.66439056396484
2017-07-06,125.01033782958984
2017-07-07,126.22325134277344
2017-07-10,125.6752471923828
2017-07-11,126.04356384277344
2017-07-12,127.0138931274414
2017-07-13,127.12169647216795
2017-07-14,127.33732604980467
2017-07-17,127.63384246826172
2017-07-18,127.30138397216795
2017-07-19,128.56822204589844
2017-07-20,128.65805053710938
2017-07-21,128.07403564453125
2017-07-24,128.25376892089844
2017-07-25,129.4217529296875
2017-07-26,128.7029571533203
2017-07-27,127.88539123535156
2017-07-28,127.5439682006836
2017-07-31,127.1396484375
2017-08-01,127.38224029541016
2017-08-02,125.98965454101562
2017-08-03,125.36078643798828
2017-08-04,125.97169494628906
2017-08-07,126.17833709716795
2017-08-08,125.78302001953124
2017-08-09,124.69586944580078
2017-08-10,122.43181610107422
2017-08-11,122.61150360107422
2017-08-14,124.4712905883789
2017-08-15,123.447021484375
2017-08-16,123.48298645019533
2017-08-17,121.22786712646484
2017-08-18,121.21887969970705
2017-08-21,121.13803100585938
2017-08-22,122.44979095458984
2017-08-23,122.25212097167967
2017-08-24,122.62944793701172
2017-08-25,122.97985076904295
2017-08-28,123.50098419189452
2017-08-29,123.52792358398438
2017-08-30,124.31852722167967
2017-08-31,125.5404281616211
2017-09-01,126.25017547607422
2017-09-05,125.03732299804688
2017-09-06,125.29785919189452
2017-09-07,124.98341369628906
2017-09-08,125.0822525024414
2017-09-11,126.39395904541016
2017-09-12,127.1666488647461
2017-09-13,127.5439682006836
2017-09-14,127.42718505859376
2017-09-15,127.94828033447266
2017-09-18,128.81979370117188
2017-09-19,128.81979370117188
2017-09-20,129.23306274414062
2017-09-21,129.09828186035156
2017-09-22,129.6463623046875
2017-09-25,129.82606506347656
2017-09-26,130.2393798828125
2017-09-27,132.7882080078125
2017-09-28,133.13946533203125
2017-09-29,133.4546661376953
2017-10-02,135.09381103515625
2017-10-03,135.3909912109375
2017-10-04,134.95875549316406
2017-10-05,135.32798767089844
2017-10-06,135.13880920410156
2017-10-09,134.58045959472656
2017-10-10,134.96768188476562
2017-10-11,134.86865234375
2017-10-12,134.7695770263672
2017-10-13,134.5264129638672
2017-10-16,134.40933227539062
2017-10-17,134.02210998535156
2017-10-18,134.66151428222656
2017-10-19,134.454345703125
2017-10-20,135.07577514648438
2017-10-23,134.06707763671875
2017-10-24,134.34629821777344
2017-10-25,133.69786071777344
2017-10-26,133.97705078125
2017-10-27,134.9047088623047
2017-10-30,133.48167419433594
2017-10-31,134.4273223876953
2017-11-01,133.53575134277344
2017-11-02,133.93199157714844
2017-11-03,133.84194946289062
2017-11-06,133.99505615234375
2017-11-07,132.39195251464844
2017-11-08,132.57205200195312
2017-11-09,132.1036834716797
2017-11-10,132.00466918945312
2017-11-13,132.0406494140625
2017-11-14,131.68045043945312
2017-11-15,131.15809631347656
2017-11-16,133.08543395996094
2017-11-17,133.69786071777344
2017-11-20,134.67047119140625
2017-11-21,136.07550048828125
2017-11-22,135.89529418945312
2017-11-24,135.94940185546875
2017-11-27,135.53514099121094
2017-11-28,137.66957092285156
2017-11-29,138.1288604736328
2017-11-30,138.3810272216797
2017-12-01,137.81373596191406
2017-12-04,137.30035400390625
2017-12-05,135.931396484375
2017-12-06,135.2919464111328
2017-12-07,136.23757934570312
2017-12-08,136.36366271972656
2017-12-11,136.3096466064453
2017-12-12,135.8863983154297
2017-12-13,136.69691467285156
2017-12-14,135.18389892578125
2017-12-15,137.11117553710938
2017-12-18,138.96653747558594
2017-12-19,137.8677520751953
2017-12-20,138.13790893554688
2017-12-21,138.74267578125
2017-12-22,138.48960876464844
2017-12-26,138.57095336914062
2017-12-27,138.4353485107422
2017-12-28,138.97775268554688
2017-12-29,137.8296356201172
2018-01-02,139.13140869140625
2018-01-03,139.276123046875
2018-01-04,139.64675903320312
2018-01-05,139.93606567382812
2018-01-08,140.1529998779297
2018-01-09,139.96316528320312
2018-01-10,139.98126220703125
2018-01-11,142.38597106933594
2018-01-12,142.982666015625
2018-01-16,141.15647888183594
2018-01-17,142.49447631835938
2018-01-18,141.5181121826172
2018-01-19,143.38046264648438
2018-01-22,144.1488800048828
2018-01-23,144.60989379882812
2018-01-24,143.71493530273438
2018-01-25,143.76922607421875
2018-01-26,144.2844696044922
2018-01-29,143.47084045410156
2018-01-30,142.0966796875
2018-01-31,141.35536193847656
2018-02-01,141.7983856201172
2018-02-02,139.0681915283203
2018-02-05,133.72528076171875
2018-02-06,135.32546997070312
2018-02-07,135.4611053466797
2018-02-08,131.48330688476562
2018-02-09,132.68569946289062
2018-02-12,133.94227600097656
2018-02-13,134.2315673828125
2018-02-14,136.64537048339844
2018-02-15,138.1370086669922
2018-02-16,138.62518310546875
2018-02-20,137.48609924316406
2018-02-21,137.63072204589844
2018-02-22,137.41375732421875
2018-02-23,139.20379638671875
2018-02-26,140.11683654785156
2018-02-27,138.1008758544922
2018-02-28,135.92210388183594
2018-03-01,135.56053161621094
2018-03-02,137.73020935058594
2018-03-05,138.959716796875
2018-03-06,140.46035766601562
2018-03-07,141.6989288330078
2018-03-08,141.4096221923828
2018-03-09,143.66973876953125
2018-03-12,143.9228057861328
2018-03-13,143.25392150878906
2018-03-14,142.57582092285156
2018-03-15,141.86167907714844
2018-03-16,142.65721130371094
2018-03-19,141.28306579589844
2018-03-20,141.24691772460938
2018-03-21,142.06956481933594
2018-03-22,138.95433044433594
2018-03-23,135.96412658691406
2018-03-26,138.9362030029297
2018-03-27,136.24501037597656
2018-03-28,136.19970703125
2018-03-29,137.5770263671875
2018-04-02,134.2243194580078
2018-04-03,136.14532470703125
2018-04-04,137.87603759765625
2018-04-05,139.0177764892578
2018-04-06,136.24501037597656
2018-04-09,136.4081573486328
2018-04-10,138.98143005371094
2018-04-11,139.2805633544922
2018-04-12,140.2319793701172
2018-04-13,139.49798583984375
2018-04-16,140.78468322753906
2018-04-17,142.31605529785156
2018-04-18,142.6966552734375
2018-04-19,141.70887756347656
2018-04-20,140.94781494140625
2018-04-23,140.73941040039062
2018-04-24,139.9329071044922
2018-04-25,139.7244873046875
2018-04-26,140.36793518066406
2018-04-27,140.16851806640625
2018-04-30,138.92713928222656
2018-05-01,139.6067352294922
2018-05-02,140.13229370117188
2018-05-03,139.37112426757812
2018-05-04,141.11093139648438
2018-05-07,142.3069610595703
2018-05-08,143.01370239257812
2018-05-09,143.7839813232422
2018-05-10,144.55419921875
2018-05-11,144.83505249023438
2018-05-14,144.28233337402344
2018-05-15,144.3095245361328
2018-05-16,145.81370544433594
2018-05-17,146.4842529296875
2018-05-18,146.6745147705078
2018-05-21,147.6440887451172
2018-05-22,146.57484436035156
2018-05-23,146.76515197753906
2018-05-24,146.81951904296875
2018-05-25,146.55670166015625
2018-05-29,146.35733032226562
2018-05-30,148.67703247070312
2018-05-31,147.49002075195312
2018-06-01,148.45960998535156
2018-06-04,149.24790954589844
2018-06-05,150.172119140625
2018-06-06,151.2594757080078
2018-06-07,150.4349365234375
2018-06-08,150.88795471191406
2018-06-11,151.11448669433594
2018-06-12,151.8031768798828
2018-06-13,151.20510864257812
2018-06-14,152.01161193847656
2018-06-15,152.05686950683594
2018-06-18,152.77276611328125
2018-06-19,152.7818145751953
2018-06-20,154.01416015625
2018-06-21,152.57339477539062
2018-06-22,152.06597900390625
2018-06-25,149.58319091796875
2018-06-26,150.45309448242188
2018-06-27,148.04273986816406
2018-06-28,148.495849609375
2018-06-29,148.39613342285156
2018-07-02,149.42005920410156
2018-07-03,150.0157470703125
2018-07-05,151.7254180908203
2018-07-06,153.0076904296875
2018-07-09,153.97161865234375
2018-07-10,153.27137756347656
2018-07-11,151.97097778320312
2018-07-12,152.7075653076172
2018-07-13,152.25283813476562
2018-07-16,151.66172790527344
2018-07-17,152.33470153808594
2018-07-18,152.7621612548828
2018-07-19,153.84432983398438
2018-07-20,153.21682739257812
2018-07-23,153.40777587890625
2018-07-24,151.77090454101562
2018-07-25,152.3256378173828
2018-07-26,153.14405822753906
2018-07-27,150.2885284423828
2018-07-30,149.3245849609375
2018-07-31,150.84329223632812
2018-08-01,150.7432403564453
2018-08-02,151.84364318847656
2018-08-03,151.316162109375
2018-08-06,152.16192626953125
2018-08-07,152.52566528320312
2018-08-08,152.38931274414062
2018-08-09,152.7803497314453
2018-08-10,152.3529052734375
2018-08-13,151.46168518066406
2018-08-14,152.96224975585938
2018-08-15,151.04336547851562
2018-08-16,152.44381713867188
2018-08-17,153.0985870361328
2018-08-20,153.52606201171875
2018-08-21,155.29031372070312
2018-08-22,155.67222595214844
2018-08-23,155.19937133789062
2018-08-24,156.04510498046875
2018-08-27,156.27244567871094
2018-08-28,156.41793823242188
2018-08-29,156.87266540527344
2018-08-30,156.74533081054688
2018-08-31,157.34556579589844
2018-09-04,156.6453094482422
2018-09-05,156.22695922851562
2018-09-06,155.17198181152344
2018-09-07,155.0902099609375
2018-09-10,155.28118896484375
2018-09-11,155.53582763671875
2018-09-12,155.16299438476562
2018-09-13,155.19937133789062
2018-09-14,155.85411071777344
2018-09-17,154.1990203857422
2018-09-18,154.84469604492188
2018-09-19,154.28082275390625
2018-09-20,155.7086181640625
2018-09-21,154.96290588378906
2018-09-24,154.3899688720703
2018-09-25,154.62643432617188
2018-09-26,153.21310424804688
2018-09-27,153.22222900390625
2018-09-28,153.6872100830078
2018-10-01,151.6630401611328
2018-10-02,150.021728515625
2018-10-03,151.3347625732422
2018-10-04,149.21017456054688
2018-10-05,147.86070251464844
2018-10-08,147.5507049560547
2018-10-09,146.97625732421875
2018-10-10,142.75450134277344
2018-10-11,140.02816772460938
2018-10-12,140.05557250976562
2018-10-15,140.57528686523438
2018-10-16,144.65110778808594
2018-10-17,144.0310821533203
2018-10-18,141.3320770263672
2018-10-19,139.83665466308594
2018-10-22,139.53578186035156
2018-10-23,138.28660583496094
2018-10-24,133.08009338378906
2018-10-25,135.96144104003906
2018-10-26,134.4751739501953
2018-10-29,133.73663330078125
2018-10-30,136.52679443359375
2018-10-31,136.80026245117188
2018-11-01,139.95529174804688
2018-11-02,140.4202880859375
2018-11-05,140.31080627441406
2018-11-06,141.0038299560547
2018-11-07,143.5295867919922
2018-11-08,143.14659118652344
2018-11-09,140.49319458007812
2018-11-12,137.71212768554688
2018-11-13,137.2744903564453
2018-11-14,136.27145385742188
2018-11-15,138.2136688232422
2018-11-16,138.54196166992188
2018-11-19,135.73350524902344
2018-11-20,133.11659240722656
2018-11-21,134.97666931152344
2018-11-23,134.8490753173828
2018-11-26,136.59974670410156
2018-11-27,135.46913146972656
2018-11-28,138.81544494628906
2018-11-29,138.44161987304688
2018-11-30,139.16195678710938
2018-12-03,140.49319458007812
2018-12-04,134.51165771484375
2018-12-06,134.2198486328125
2018-12-07,131.32029724121094
2018-12-10,130.9373321533203
2018-12-11,130.80055236816406
2018-12-12,132.04974365234375
2018-12-13,130.18051147460938
2018-12-14,128.2110137939453
2018-12-17,125.35565948486328
2018-12-18,125.2001724243164
2018-12-19,122.5927734375
2018-12-20,120.57091522216795
2018-12-21,117.44205474853516
2018-12-24,115.16400146484376
2018-12-26,120.6989974975586
2018-12-27,121.20216369628906
2018-12-28,121.5498275756836
2018-12-31,122.50128173828124
2019-01-02,123.19657135009766
2019-01-03,120.9917221069336
2019-01-04,125.5112075805664
2019-01-07,127.70689392089844
2019-01-08,129.6647186279297
2019-01-09,130.7351531982422
2019-01-10,131.412109375
2019-01-11,131.44873046875
2019-01-14,130.14044189453125
2019-01-15,131.2383270263672
2019-01-16,132.21717834472656
2019-01-17,133.4157257080078
2019-01-18,134.78802490234375
2019-01-22,132.65635681152344
2019-01-23,132.29042053222656
2019-01-24,133.0863494873047
2019-01-25,134.79713439941406
2019-01-28,134.0744171142578
2019-01-29,133.754150390625
2019-01-30,135.21800231933594
2019-01-31,136.37069702148438
2019-02-01,136.48049926757812
2019-02-04,138.10902404785156
2019-02-05,138.25534057617188
2019-02-06,138.08151245117188
2019-02-07,136.94711303710938
2019-02-08,137.0934600830078
2019-02-11,138.23707580566406
2019-02-12,139.96620178222656
2019-02-13,140.35958862304688
2019-02-14,140.6797637939453
2019-02-15,142.9212188720703
2019-02-19,143.31455993652344
2019-02-20,143.99160766601562
2019-02-21,143.442626953125
2019-02-22,144.68692016601562
2019-02-25,144.72348022460938
2019-02-26,143.72625732421875
2019-02-27,143.92759704589844
2019-02-28,143.4335479736328
2019-03-01,144.76925659179688
2019-03-04,143.46102905273438
2019-03-05,142.7931365966797
2019-03-06,139.99362182617188
2019-03-07,138.76776123046875
2019-03-08,138.7310791015625
2019-03-11,141.15548706054688
2019-03-12,141.2287139892578
2019-03-13,141.78677368164062
2019-03-14,141.21043395996094
2019-03-15,141.5854949951172
2019-03-18,142.4912567138672
2019-03-19,141.7685089111328
2019-03-20,140.58697509765625
2019-03-21,142.43081665039062
2019-03-22,137.2479705810547
2019-03-25,137.85337829589844
2019-03-26,139.302734375
2019-03-27,138.76156616210938
2019-03-28,139.99989318847656
2019-03-29,140.4309844970703
2019-04-01,141.96292114257812
2019-04-02,141.5960235595703
2019-04-03,142.32989501953125
2019-04-04,143.02706909179688
2019-04-05,144.36630249023438
2019-04-08,144.12777709960938
2019-04-09,142.36654663085938
2019-04-10,144.30206298828125
2019-04-11,144.11865234375
2019-04-12,144.64149475097656
2019-04-15,144.1736602783203
2019-04-16,144.51307678222656
2019-04-17,143.19215393066406
2019-04-18,142.7701873779297
2019-04-22,142.3940887451172
2019-04-23,144.5406036376953
2019-04-24,144.9900665283203
2019-04-25,143.78839111328125
2019-04-26,145.18270874023438
2019-04-29,145.87986755371094
2019-04-30,145.20101928710938
2019-05-01,143.82501220703125
2019-05-02,144.49473571777344
2019-05-03,147.25582885742188
2019-05-06,147.42095947265625
2019-05-07,144.50392150878906
2019-05-08,143.7975616455078
2019-05-09,143.27468872070312
2019-05-10,143.66917419433594
2019-05-13,139.091796875
2019-05-14,140.8438262939453
2019-05-15,141.302490234375
2019-05-16,142.18310546875
2019-05-17,140.20172119140625
2019-05-20,139.22933959960938
2019-05-21,141.10067749023438
2019-05-22,139.91732788085938
2019-05-23,137.0369873046875
2019-05-24,138.32122802734375
2019-05-28,137.22042846679688
2019-05-29,136.0738067626953
2019-05-30,135.6977081298828
2019-05-31,133.7989044189453
2019-06-03,134.26670837402344
2019-06-04,137.7433319091797
2019-06-05,137.7708282470703
2019-06-06,137.41307067871094
2019-06-07,138.38543701171875
2019-06-10,139.20184326171875
2019-06-11,138.7890625
2019-06-12,138.94503784179688
2019-06-13,140.4127197265625
2019-06-14,139.1834716796875
2019-06-17,140.14361572265625
2019-06-18,141.77294921875
2019-06-19,142.27931213378906
2019-06-20,142.95126342773438
2019-06-21,141.71774291992188
2019-06-24,139.99632263183594
2019-06-25,139.14022827148438
2019-06-26,138.8180389404297
2019-06-27,141.42315673828125
2019-06-28,143.14463806152344
2019-07-01,143.69691467285156
2019-07-02,142.82237243652344
2019-07-03,143.84417724609375
2019-07-05,144.23085021972656
2019-07-08,142.85919189453125
2019-07-09,143.05250549316406
2019-07-10,143.30105590820312
2019-07-11,142.60147094726562
2019-07-12,143.70616149902344
2019-07-15,142.95126342773438
2019-07-16,142.90524291992188
2019-07-17,141.88343811035156
2019-07-18,142.4174041748047
2019-07-19,141.5980987548828
2019-07-22,141.4691925048828
2019-07-23,142.4081268310547
2019-07-24,144.76473999023438
2019-07-25,143.01571655273438
2019-07-26,144.70948791503906
2019-07-29,143.74293518066406
2019-07-30,145.2986297607422
2019-07-31,144.12037658691406
2019-08-01,142.03073120117188
2019-08-02,140.4565887451172
2019-08-05,136.24049377441406
2019-08-06,137.49246215820312
2019-08-07,137.4556884765625
2019-08-08,140.41978454589844
2019-08-09,138.65231323242188
2019-08-12,136.85726928710938
2019-08-13,138.3301544189453
2019-08-14,134.46383666992188
2019-08-15,133.92991638183594
2019-08-16,136.8204803466797
2019-08-19,138.20126342773438
2019-08-20,137.2991485595703
2019-08-21,138.431396484375
2019-08-22,138.10922241210938
2019-08-23,133.8746795654297
2019-08-26,135.34759521484375
2019-08-27,133.3407745361328
2019-08-28,134.896484375
2019-08-29,137.26231384277344
2019-08-30,137.0137939453125
2019-09-03,135.0070037841797
2019-09-04,136.0931854248047
2019-09-05,138.62474060058594
2019-09-06,137.9895477294922
2019-09-09,139.83984375
2019-09-10,141.6256866455078
2019-09-11,144.52542114257812
2019-09-12,144.56224060058594
2019-09-13,144.8107452392578
2019-09-16,145.35389709472656
2019-09-17,144.9764862060547
2019-09-18,144.0835723876953
2019-09-19,143.38392639160156
2019-09-20,143.08018493652344
2019-09-23,142.96971130371094
2019-09-24,140.81170654296875
2019-09-25,142.3544464111328
2019-09-26,140.7655487060547
2019-09-27,139.63856506347656
2019-09-30,139.8048095703125
2019-10-01,137.06118774414062
2019-10-02,136.0265350341797
2019-10-03,136.47923278808594
2019-10-04,137.77247619628906
2019-10-07,137.53231811523438
2019-10-08,135.29678344726562
2019-10-09,135.9156951904297
2019-10-10,136.4607391357422
2019-10-11,138.7701416015625
2019-10-14,138.26206970214844
2019-10-15,139.8509979248047
2019-10-16,139.998779296875
2019-10-17,141.6523895263672
2019-10-18,140.97804260253906
2019-10-21,142.29904174804688
2019-10-22,142.4560546875
2019-10-23,142.63156127929688
2019-10-24,142.4283447265625
2019-10-25,143.18585205078125
2019-10-28,144.42372131347656
2019-10-29,144.8948211669922
2019-10-30,144.4144744873047
2019-10-31,143.6015625
2019-11-01,146.049560546875
2019-11-04,146.83477783203125
2019-11-05,147.01953125
2019-11-06,146.16964721679688
2019-11-07,146.55764770507812
2019-11-08,146.9548797607422
2019-11-11,146.677734375
2019-11-12,146.72393798828125
2019-11-13,146.0957794189453
2019-11-14,146.049560546875
2019-11-15,146.8070526123047
2019-11-18,146.43753051757812
2019-11-19,146.98257446289062
2019-11-20,146.4283447265625
2019-11-21,145.707763671875
2019-11-22,146.16043090820312
2019-11-25,149.26431274414062
2019-11-26,149.3659210205078
2019-11-27,150.4190673828125
2019-11-29,149.43984985351562
2019-12-02,147.98028564453125
2019-12-03,147.5091552734375
2019-12-04,148.52529907226562
2019-12-05,148.67311096191406
2019-12-06,150.40980529785156
2019-12-09,150.12344360351562
2019-12-10,150.21580505371094
2019-12-11,150.16961669921875
2019-12-12,151.46295166015625
2019-12-13,150.88095092773438
2019-12-16,151.9444122314453
2019-12-17,152.70468139648438
2019-12-18,153.00140380859375
2019-12-19,153.65965270996094
2019-12-20,153.88217163085938
2019-12-23,154.1881561279297
2019-12-24,154.5404510498047
2019-12-26,154.5404510498047
2019-12-27,153.78018188476562
2019-12-30,153.39077758789062
2019-12-31,153.60398864746094
2020-01-02,153.70596313476562
2020-01-03,153.10337829589844
2020-01-06,153.3073272705078
2020-01-07,152.79739379882812
2020-01-08,153.27024841308594
2020-01-09,153.45565795898438
2020-01-10,152.8808135986328
2020-01-13,153.87295532226562
2020-01-14,154.43849182128906
2020-01-15,155.18023681640625
2020-01-16,157.18289184570312
2020-01-17,156.7563934326172
2020-01-21,155.4583282470703
2020-01-22,155.35638427734375
2020-01-23,155.25442504882812
2020-01-24,153.3444061279297
2020-01-27,151.60133361816406
2020-01-28,152.86231994628906
2020-01-29,151.9907684326172
2020-01-30,151.9907684326172
2020-01-31,148.83837890625
2020-02-03,150.4979705810547
2020-02-04,152.76959228515625
2020-02-05,155.1245574951172
2020-02-06,154.7722930908203
2020-02-07,152.87159729003906
2020-02-10,153.73382568359375
2020-02-11,154.80007934570312
2020-02-12,155.86631774902344
2020-02-13,156.27427673339844
2020-02-14,155.67161560058594
2020-02-18,155.3378448486328
2020-02-19,156.1351776123047
2020-02-20,156.51535034179688
2020-02-21,154.9298553466797
2020-02-24,150.2662353515625
2020-02-25,144.92572021484375
2020-02-26,143.24754333496094
2020-02-27,138.20376586914062
2020-02-28,135.67254638671875
2020-03-02,140.0302734375
2020-03-03,137.1746368408203
2020-03-04,141.07797241210938
2020-03-05,136.5904541015625
2020-03-06,133.88316345214844
2020-03-09,120.86571502685548
2020-03-10,124.63929748535156
2020-03-11,116.71200561523438
2020-03-12,103.8150634765625
2020-03-13,110.7688446044922
2020-03-16,96.07321166992188
2020-03-17,100.4772720336914
2020-03-18,92.68904113769533
2020-03-19,96.30500793457033
2020-03-20,94.014892578125
2020-03-23,92.62413787841795
2020-03-24,101.09848022460938
2020-03-25,102.35498046875
2020-03-26,108.7213363647461
2020-03-27,104.76563262939452
2020-03-30,107.07389068603516
2020-03-31,106.53404998779295
2020-04-01,99.2741928100586
2020-04-02,100.21424102783205
2020-04-03,97.3754653930664
2020-04-06,104.8307876586914
2020-04-07,105.10071563720705
2020-04-08,109.89407348632812
2020-04-09,115.1528549194336
2020-04-13,112.03483581542967
2020-04-14,114.30587768554688
2020-04-15,109.6427993774414
2020-04-16,108.8144073486328
2020-04-17,113.60780334472656
2020-04-20,112.26751708984376
2020-04-21,109.5869369506836
2020-04-22,110.91791534423828
2020-04-23,112.00690460205078
2020-04-24,113.9335708618164
2020-04-27,118.4477310180664
2020-04-28,120.16960906982422
2020-04-29,126.0798797607422
2020-04-30,121.28651428222656
2020-05-01,116.4745101928711
2020-05-04,116.97713470458984
2020-05-05,117.87995910644533
2020-05-06,117.01436614990234
2020-05-07,118.61526489257812
2020-05-08,123.19458770751952
2020-05-11,122.58025360107422
2020-05-12,118.17779541015624
2020-05-13,114.22208404541016
2020-05-14,114.59441375732422
2020-05-15,116.41867065429688
2020-05-18,123.49242401123048
2020-05-19,121.05382537841795
2020-05-20,124.72098541259766
2020-05-21,124.94439697265624
2020-05-22,125.54937744140624
2020-05-26,129.16998291015625
2020-05-27,133.1815643310547
2020-05-28,130.0262908935547
2020-05-29,129.2816619873047
2020-06-01,130.51959228515625
2020-06-02,131.5992889404297
2020-06-03,134.77310180664062
2020-06-04,134.5776824951172
2020-06-05,139.7805938720703
2020-06-08,142.48904418945312
2020-06-09,139.8550567626953
2020-06-10,136.05755615234375
2020-06-11,125.6796646118164
2020-06-12,128.6953125
2020-06-15,131.67071533203125
2020-06-16,134.8366241455078
2020-06-17,132.39918518066406
2020-06-18,132.35247802734375
2020-06-19,131.67071533203125
2020-06-22,132.98751831054688
2020-06-23,133.54786682128906
2020-06-24,129.21456909179688
2020-06-25,131.1664276123047
2020-06-26,127.63628387451172
2020-06-29,131.81077575683594
2020-06-30,133.7159423828125
2020-07-01,132.4458770751953
2020-07-02,132.98751831054688
2020-07-06,133.949462890625
2020-07-07,131.5773468017578
2020-07-08,132.55792236328125
2020-07-09,129.87765502929688
2020-07-10,131.96958923339844
2020-07-13,130.2978973388672
2020-07-14,132.4552001953125
2020-07-15,137.31150817871094
2020-07-16,136.49900817871094
2020-07-17,136.9005889892578
2020-07-20,136.312255859375
2020-07-21,138.24537658691406
2020-07-22,138.32012939453125
2020-07-23,138.4601593017578
2020-07-24,136.42425537109375
2020-07-27,137.8438262939453
2020-07-28,136.47096252441406
2020-07-29,139.47813415527344
2020-07-30,138.92710876464844
2020-07-31,137.61964416503906
2020-08-03,139.86099243164062
2020-08-04,140.82293701171875
2020-08-05,143.62461853027344
2020-08-06,143.56863403320312
2020-08-07,145.84735107421875
2020-08-10,147.3602294921875
2020-08-11,146.5104217529297
2020-08-12,147.108154296875
2020-08-13,146.7999267578125
2020-08-14,146.70652770996094
2020-08-17,147.46298217773438
2020-08-18,146.0528106689453
2020-08-19,146.06210327148438
2020-08-20,145.46441650390625
2020-08-21,144.39047241210938
2020-08-24,145.9033660888672
2020-08-25,146.06210327148438
2020-08-26,145.14691162109375
2020-08-27,145.50180053710938
2020-08-28,146.7345428466797
2020-08-31,145.1562042236328
2020-09-01,146.81861877441406
2020-09-02,147.98597717285156
2020-09-03,143.6152801513672
2020-09-04,142.70008850097656
2020-09-08,139.95443725585938
2020-09-09,142.0743865966797
2020-09-10,140.22528076171875
2020-09-11,139.29135131835938
2020-09-14,142.9616241455078
2020-09-15,143.232421875
2020-09-16,144.58657836914062
2020-09-17,143.5312957763672
2020-09-18,143.15768432617188
2020-09-21,138.14266967773438
2020-09-22,139.207275390625
2020-09-23,135.0599822998047
2020-09-24,135.0599822998047
2020-09-25,137.25363159179688
2020-09-28,140.63787841796875
2020-09-29,140.00039672851562
2020-09-30,140.4222869873047
2020-10-01,142.66278076171875
2020-10-02,143.29087829589844
2020-10-05,147.24693298339844
2020-10-06,146.82510375976562
2020-10-07,150.03121948242188
2020-10-08,151.73741149902344
2020-10-09,152.5248565673828
2020-10-12,153.54672241210938
2020-10-13,152.5248565673828
2020-10-14,151.01553344726562
2020-10-15,152.57171630859375
2020-10-16,152.19676208496094
2020-10-19,150.37806701660156
2020-10-20,150.70619201660156
2020-10-21,149.4125213623047
2020-10-22,151.99050903320312
2020-10-23,152.87173461914062
2020-10-26,149.57188415527344
2020-10-27,148.28759765625
2020-10-28,143.72213745117188
2020-10-29,145.4376678466797
2020-10-30,143.51585388183594
2020-11-02,146.0751953125
2020-11-03,150.21873474121094
2020-11-04,150.38743591308594
2020-11-05,154.59666442871094
2020-11-06,153.3873291015625
2020-11-09,158.9464874267578
2020-11-10,161.89950561523438
2020-11-11,161.83389282226562
2020-11-12,159.34954833984375
2020-11-13,162.64944458007812
2020-11-16,166.5211639404297
2020-11-17,167.2992706298828
2020-11-18,164.95558166503906
2020-11-19,166.22120666503906
2020-11-20,166.39927673339844
2020-11-23,169.51170349121094
2020-11-24,172.69903564453125
2020-11-25,172.10842895507812
2020-11-27,172.83966064453125
2020-11-30,169.69915771484375
2020-12-01,171.27410888671875
2020-12-02,171.4522247314453
2020-12-03,172.41775512695312
2020-12-04,176.43011474609375
2020-12-07,176.59884643554688
2020-12-08,178.86753845214844
2020-12-09,177.56448364257812
2020-12-10,179.28004455566406
2020-12-11,178.39878845214844
2020-12-14,178.60757446289062
2020-12-15,183.0743560791016
2020-12-16,182.41607666015625
2020-12-17,184.5884552001953
2020-12-18,183.6950836181641
2020-12-21,183.60104370117188
2020-12-22,185.68869018554688
2020-12-23,187.2685394287109
2020-12-24,187.14627075195312
2020-12-28,186.4503936767578
2020-12-29,182.8392944335937
2020-12-30,184.70123291015625
2020-12-31,184.3721466064453
2021-01-04,181.9647521972656
2021-01-05,184.7764892578125
2021-01-06,192.33721923828125
2021-01-07,195.7602081298828
2021-01-08,195.33702087402344
2021-01-11,195.1677398681641
2021-01-12,198.666015625
2021-01-13,197.24606323242188
2021-01-14,201.1862335205078
2021-01-15,198.1864318847656
2021-01-19,200.7254638671875
2021-01-20,201.609375
2021-01-21,199.8602752685547
2021-01-22,202.1830444335937
2021-01-25,201.9855194091797
2021-01-26,200.5843963623047
2021-01-27,196.90744018554688
2021-01-28,196.2773895263672
2021-01-29,193.30577087402344
2021-02-01,198.05470275878903
2021-02-02,200.8759002685547
2021-02-03,201.47775268554688
2021-02-04,205.5872802734375
2021-02-05,208.4365997314453
2021-02-08,213.7592315673828
2021-02-09,214.7654266357422
2021-02-10,213.35484313964844
2021-02-11,213.1103057861328
2021-02-12,213.7121734619141
2021-02-16,212.367431640625
2021-02-17,210.7029571533203
2021-02-18,207.43980407714844
2021-02-19,211.7655792236328
2021-02-22,210.39260864257807
2021-02-23,208.5400390625
2021-02-24,213.46766662597656
2021-02-25,205.5778350830078
2021-02-26,205.2957000732422
2021-03-01,212.59312438964844
2021-03-02,208.50244140625
2021-03-03,206.2455139160156
2021-03-04,200.48092651367188
2021-03-05,204.73147583007807
2021-03-08,205.70008850097656
2021-03-09,210.02584838867188
2021-03-10,213.67453002929688
2021-03-11,218.37648010253903
2021-03-12,219.66482543945312
2021-03-15,220.44534301757807
2021-03-16,216.759033203125
2021-03-17,218.46112060546875
2021-03-18,211.8125915527344
2021-03-19,213.4112548828125
2021-03-22,211.8031311035156
2021-03-23,204.1202392578125
2021-03-24,199.39952087402344
2021-03-25,204.1272735595703
2021-03-26,207.8487548828125
2021-03-29,201.9979553222656
2021-03-30,205.3991241455078
2021-03-31,208.1596221923828
2021-04-01,210.7976531982422
2021-04-05,211.9565277099609
2021-04-06,211.334716796875
2021-04-07,207.9241485595703
2021-04-08,209.6859741210937
2021-04-09,209.71424865722656
2021-04-12,208.89456176757807
2021-04-13,208.3480682373047
2021-04-14,210.4019927978516
2021-04-15,211.31588745117188
2021-04-16,211.6550445556641
2021-04-19,208.90396118164065
2021-04-20,204.6265869140625
2021-04-21,209.62942504882807
2021-04-22,208.7626495361328
2021-04-23,212.7008514404297
2021-04-26,214.9148712158203
2021-04-27,215.2352294921875
2021-04-28,215.6026611328125
2021-04-29,214.8018798828125
2021-04-30,211.88116455078125
2021-05-03,212.9175567626953
2021-05-04,210.37371826171875
2021-05-05,209.5352020263672
2021-05-06,209.71424865722656
2021-05-07,212.35223388671875
2021-05-10,206.9536895751953
2021-05-11,206.294174194336
2021-05-12,199.5954742431641
2021-05-13,203.2698669433593
2021-05-14,208.23504638671875
2021-05-17,208.5177001953125
2021-05-18,206.93487548828125
2021-05-19,205.3426208496093
2021-05-20,206.708724975586
2021-05-21,207.2457733154297
2021-05-24,208.593017578125
2021-05-25,206.57684326171875
2021-05-26,210.43023681640625
2021-05-27,212.59722900390625
2021-05-28,212.4558868408203
2021-06-01,214.8677978515625
2021-06-02,215.1221923828125
2021-06-03,213.3226776123047
2021-06-04,214.2459411621093
2021-06-07,217.1195373535156
2021-06-08,219.4183807373047
2021-06-09,217.9580535888672
2021-06-10,216.3417510986328
2021-06-11,218.62518310546875
2021-06-14,217.98355102539065
2021-06-15,217.3607940673828
2021-06-16,216.89845275878903
2021-06-17,214.46401977539065
2021-06-18,209.5951995849609
2021-06-21,214.07716369628903
2021-06-22,215.049072265625
2021-06-23,215.7567443847656
2021-06-24,218.804443359375
2021-06-25,219.1724548339844
2021-06-28,217.4362335205078
2021-06-29,216.39833068847656
2021-06-30,216.4266357421875
2021-07-01,218.3326416015625
2021-07-02,216.2567901611328
2021-07-06,213.11471557617188
2021-07-07,211.1332092285156
2021-07-08,209.18946838378903
2021-07-09,213.6053771972656
2021-07-12,213.78468322753903
2021-07-13,209.755615234375
2021-07-14,206.5191650390625
2021-07-15,205.34912109375
2021-07-16,202.82037353515625
2021-07-19,199.7820739746093
2021-07-20,205.9813232421875
2021-07-21,209.5291748046875
2021-07-22,206.19839477539065
2021-07-23,207.1607818603516
2021-07-26,207.76466369628903
2021-07-27,205.3396759033203
2021-07-28,208.359115600586
2021-07-29,209.9631805419922
2021-07-30,208.5761566162109
2021-08-02,207.5382080078125
2021-08-03,208.3968505859375
2021-08-04,205.8020477294922
2021-08-05,209.50083923339844
2021-08-06,210.78407287597656
2021-08-09,209.6235198974609
2021-08-10,210.0387115478516
2021-08-11,211.0671539306641
2021-08-12,210.56710815429688
2021-08-13,208.651611328125
2021-08-16,206.70787048339844
2021-08-17,204.18853759765625
2021-08-18,202.4051818847656
2021-08-19,199.980224609375
2021-08-20,203.35818481445312
2021-08-23,207.22683715820312
2021-08-24,209.26495361328125
2021-08-25,210.0009307861328
2021-08-26,207.77410888671875
2021-08-27,213.6336364746093
2021-08-30,212.7561492919922
2021-08-31,213.1713256835937
2021-09-01,214.60557556152344
2021-09-02,216.09640502929688
2021-09-03,215.09622192382807
2021-09-07,213.61480712890625
2021-09-08,211.28419494628903
2021-09-09,211.18038940429688
2021-09-10,209.11395263671875
2021-09-13,210.3028564453125
2021-09-14,207.6231384277344
2021-09-15,209.50083923339844
2021-09-16,209.65185546875
2021-09-17,209.9254150390625
2021-09-20,204.9339904785156
2021-09-21,205.245346069336
2021-09-22,208.43463134765625
2021-09-23,212.1239776611328
2021-09-24,211.10089111328125
2021-09-27,214.3092803955078
2021-09-28,209.4351501464844
2021-09-29,208.9903564453125
2021-09-30,207.03126525878903
2021-10-01,210.3721160888672
2021-10-04,208.4603271484375
2021-10-05,209.1796417236328
2021-10-06,208.0912170410156
2021-10-07,211.29962158203125
2021-10-08,209.7096405029297
2021-10-11,208.50767517089844
2021-10-12,209.65286254882807
2021-10-13,210.6466064453125
2021-10-14,213.7698211669922
2021-10-15,213.0978240966797
2021-10-18,212.97479248046875
2021-10-19,213.7698211669922
2021-10-20,215.1894378662109
2021-10-21,215.7383728027344
2021-10-22,215.227294921875
2021-10-25,217.2716217041016
2021-10-26,215.63429260253903
2021-10-27,211.6687164306641
2021-10-28,215.88980102539065
2021-10-29,215.8330078125
2021-11-01,221.4264068603516
2021-11-02,221.89015197753903
2021-11-03,225.855712890625
2021-11-04,225.77053833007807
2021-11-05,228.8558807373047
2021-11-08,229.5656890869141
2021-11-09,228.23123168945312
2021-11-10,224.63482666015625
2021-11-11,226.4425048828125
2021-11-12,226.6696319580078
2021-11-15,225.77053833007807
2021-11-16,226.1869659423828
2021-11-17,223.224609375
2021-11-18,222.2781677246093
2021-11-19,220.2528381347656
2021-11-22,219.31588745117188
2021-11-23,218.9372711181641
2021-11-24,219.1739044189453
2021-11-26,210.9116058349609
2021-11-29,210.77911376953125
2021-11-30,206.48228454589844
2021-12-01,201.8353576660156
2021-12-02,207.46658325195312
2021-12-03,203.20767211914065
2021-12-06,207.28680419921875
2021-12-07,212.0946350097656
2021-12-08,213.5426788330078
2021-12-09,208.70643615722656
2021-12-10,208.12911987304688
2021-12-13,205.0875396728516
2021-12-14,203.3218231201172
2021-12-15,206.5494537353516
2021-12-16,202.3725128173828
2021-12-17,204.233154296875
2021-12-20,201.36624145507807
2021-12-21,207.1190490722656
2021-12-22,209.11257934570312
2021-12-23,210.7833251953125
2021-12-27,212.7579040527344
2021-12-28,211.45733642578125
2021-12-29,211.6851806640625
2021-12-30,211.62823486328125
2021-12-31,211.17254638671875
2022-01-03,213.8970642089844
2022-01-04,213.57427978515625
2022-01-05,206.3406219482422
2022-01-06,207.5177459716797
2022-01-07,205.1160125732422
2022-01-10,204.404052734375
2022-01-11,206.5779266357422
2022-01-12,205.04006958007807
2022-01-13,203.16046142578125
2022-01-14,203.4452514648437
2022-01-18,197.2937774658203
2022-01-19,194.08506774902344
2022-01-20,190.5726928710937
2022-01-21,187.00331115722656
2022-01-24,191.31314086914065
2022-01-25,188.759506225586
2022-01-26,186.0350036621093
2022-01-27,181.81060791015625
2022-01-28,185.3514862060547
2022-01-31,191.037826538086
2022-02-01,193.05035400390625
2022-02-02,191.1327667236328
2022-02-03,187.5159149169922
2022-02-04,188.3228454589844
2022-02-07,189.2531280517578
2022-02-08,192.48077392578125
2022-02-09,196.1355895996093
2022-02-10,193.1263122558593
2022-02-11,191.1707305908203
2022-02-14,190.50621032714844
2022-02-15,195.61349487304688
2022-02-16,196.02169799804688
2022-02-17,190.9998779296875
2022-02-18,189.3575439453125
2022-02-22,186.69004821777344
2022-02-23,183.19656372070312
2022-02-24,188.00003051757807
2022-02-25,192.2339630126953
2022-02-28,193.0124053955078
2022-03-01,189.37657165527344
2022-03-02,193.8857421875
2022-03-03,191.5884246826172
2022-03-04,188.588607788086
2022-03-07,183.89907836914065
2022-03-08,184.914794921875
2022-03-09,190.12648010253903
2022-03-10,189.78472900390625
2022-03-11,186.7564697265625
2022-03-14,182.9402618408203
2022-03-15,185.8546295166016
2022-03-16,191.7023468017578
2022-03-17,194.71163940429688
2022-03-18,196.7621459960937
2022-03-21,195.02490234375
2022-03-22,196.98049926757807
2022-03-23,193.56298828125
2022-03-24,195.7887115478516
2022-03-25,196.05506896972656
2022-03-28,196.1216278076172
2022-03-29,201.37208557128903
2022-03-30,197.3296356201172
2022-03-31,195.2465667724609
2022-04-01,197.43423461914065
2022-04-04,197.7576599121093
2022-04-05,193.0778961181641
2022-04-06,190.3385162353516
2022-04-07,189.7202911376953
2022-04-08,188.2079315185547
2022-04-11,186.9428253173828
2022-04-12,187.5325469970703
2022-04-13,191.0994873046875
2022-04-14,189.24468994140625
2022-04-18,187.9700927734375
2022-04-19,191.7177124023437
2022-04-20,192.4501190185547
2022-04-21,188.1413116455078
2022-04-22,183.2713317871093
2022-04-25,184.38424682617188
2022-04-26,178.57257080078125
2022-04-27,177.83062744140625
2022-04-28,181.1502227783203
2022-04-29,175.91879272460938
2022-05-02,177.7640838623047
2022-05-03,179.2859344482422
2022-05-04,184.0703125
2022-05-05,176.60362243652344
2022-05-06,173.6645050048828
2022-05-09,166.35951232910156
2022-05-10,166.40711975097656
2022-05-11,162.26953125
2022-05-12,164.17185974121094
2022-05-13,169.374755859375
2022-05-16,168.5662384033203
2022-05-17,173.7215576171875
2022-05-18,167.63412475585938
2022-05-19,167.90994262695312
2022-05-20,167.48191833496094
2022-05-23,169.5078887939453
2022-05-24,166.996826171875
2022-05-25,170.0025177001953
2022-05-26,173.79766845703125
2022-05-27,178.47743225097656
2022-05-31,176.26121520996094
2022-06-01,175.26246643066406
2022-06-02,179.54273986816406
2022-06-03,177.92576599121094
2022-06-06,178.69619750976562
2022-06-07,181.5782470703125
2022-06-08,178.77227783203125
2022-06-09,175.0663604736328
2022-06-10,170.31698608398438
2022-06-13,162.31565856933594
2022-06-14,161.53366088867188
2022-06-15,163.89877319335938
2022-06-16,156.3074951171875
2022-06-17,157.52821350097656
2022-06-21,160.35110473632812
2022-06-22,160.04591369628906
2022-06-23,161.96282958984375
2022-06-24,166.97915649414062
2022-06-27,167.5990447998047
2022-06-28,164.451904296875
2022-06-29,162.78298950195312
2022-06-30,161.51458740234375
2022-07-01,163.4696502685547
2022-07-05,164.82383728027344
2022-07-06,163.60311889648438
2022-07-07,167.47508239746094
2022-07-08,167.45594787597656
2022-07-11,164.0894775390625
2022-07-12,163.52682495117188
2022-07-13,163.38380432128906
2022-07-14,161.70530700683594
2022-07-15,165.07177734375
2022-07-18,164.60447692871094
2022-07-19,170.41238403320312
2022-07-20,173.08270263671875
2022-07-21,173.96958923339844
2022-07-22,171.1944122314453
2022-07-25,172.08131408691406
2022-07-26,171.02276611328125
2022-07-27,174.91372680664062
2022-07-28,177.3169708251953
2022-07-29,178.57583618164062
2022-08-01,178.50909423828125
2022-08-02,178.33743286132812
2022-08-03,180.9600524902344
2022-08-04,180.5785675048828
2022-08-05,181.9613800048828
2022-08-08,183.8878326416016
2022-08-09,181.37966918945312
2022-08-10,186.55813598632807
2022-08-11,187.2543029785156
2022-08-12,191.0785675048828
2022-08-15,191.7556915283203
2022-08-16,191.6793670654297
2022-08-17,188.4559326171875
2022-08-18,189.70526123046875
2022-08-19,185.633041381836
2022-08-22,181.808822631836
2022-08-23,182.1044464111328
2022-08-24,183.496826171875
2022-08-25,186.34832763671875
2022-08-26,180.2257080078125
2022-08-29,178.5663299560547
2022-08-30,176.06768798828125
2022-08-31,174.9995574951172
2022-09-01,173.09222412109375
2022-09-02,171.74754333496094
2022-09-06,170.04998779296875
2022-09-07,173.75025939941406
2022-09-08,175.19984436035156
2022-09-09,178.71890258789062
2022-09-12,180.8837280273437
2022-09-13,173.80743408203125
2022-09-14,174.4845733642578
2022-09-15,173.21615600585938
2022-09-16,170.698486328125
2022-09-19,172.15762329101562
2022-09-20,169.8115692138672
2022-09-21,167.217529296875
2022-09-22,163.45053100585938
2022-09-23,159.55955505371094
2022-09-26,157.37489318847656
2022-09-27,157.91168212890625
2022-09-28,162.90606689453125
2022-09-29,159.2537841796875
2022-09-30,158.09385681152344
2022-10-03,162.28297424316406
2022-10-04,168.71524047851562
2022-10-05,167.46900939941406
2022-10-06,166.5296173095703
2022-10-07,161.631103515625
2022-10-10,160.72998046875
2022-10-11,160.77792358398438
2022-10-12,160.3369903564453
2022-10-13,164.3056182861328
2022-10-14,159.90560913085938
2022-10-17,165.00543212890625
2022-10-18,166.96096801757812
2022-10-19,164.12351989746094
2022-10-20,162.03372192382812
2022-10-21,165.55178833007812
2022-10-24,166.26121520996094
2022-10-25,170.79537963867188
2022-10-26,171.6389923095703
2022-10-27,171.6773223876953
2022-10-28,175.578857421875
2022-10-31,175.74185180664062
2022-11-01,175.98146057128906
2022-11-02,170.14353942871094
2022-11-03,169.00282287597656
2022-11-04,171.28427124023438
2022-11-07,172.06080627441406
2022-11-08,172.12786865234375
2022-11-09,167.40194702148438
2022-11-10,177.70701599121094
2022-11-11,179.1640625
2022-11-14,177.16058349609375
2022-11-15,179.78713989257812
2022-11-16,176.623779296875
2022-11-17,174.98452758789062
2022-11-18,176.11570739746094
2022-11-21,175.19540405273438
2022-11-22,177.06471252441406
2022-11-23,177.5248260498047
2022-11-25,177.89871215820312
2022-11-28,174.31350708007812
2022-11-29,174.82156372070312
2022-11-30,179.61460876464844
2022-12-01,179.2215576171875
2022-12-02,180.2664794921875
2022-12-05,175.3009033203125
2022-12-06,172.61676025390625
2022-12-07,172.10870361328125
2022-12-08,173.35487365722656
2022-12-09,171.22677612304688
2022-12-12,173.23988342285156
2022-12-13,174.67478942871094
2022-12-14,173.52877807617188
2022-12-15,169.1855010986328
2022-12-16,167.92393493652344
2022-12-19,165.65115356445312
2022-12-20,166.52752685546875
2022-12-21,169.39735412597656
2022-12-22,167.18238830566406
2022-12-23,167.94317626953125
2022-12-27,166.81640625
2022-12-28,164.2259063720703
2022-12-29,168.3861846923828
2022-12-30,167.91429138183594
2023-01-03,166.98977661132812
2023-01-04,169.06993103027344
2023-01-05,167.2594451904297
2023-01-06,171.0152587890625
2023-01-09,171.30413818359375
2023-01-10,173.8369598388672
2023-01-11,176.0037384033203
2023-01-12,178.96026611328125
2023-01-13,180.13519287109375
2023-01-17,179.91368103027344
2023-01-18,177.00534057617188
2023-01-19,175.3103790283203
2023-01-20,178.199462890625
2023-01-23,180.40481567382807
2023-01-24,180.01959228515625
2023-01-25,180.52040100097656
2023-01-26,181.5893402099609
2023-01-27,182.57164001464844
2023-01-30,180.0292510986328
2023-01-31,184.4014129638672
2023-02-01,187.3001251220703
2023-02-02,190.9885711669922
2023-02-03,189.7077178955078
2023-02-06,186.96304321289065
2023-02-07,188.349838256836
2023-02-08,185.5955810546875
2023-02-09,182.90870666503903
2023-02-10,183.2746734619141
2023-02-13,185.47999572753903
2023-02-14,185.39328002929688
2023-02-15,187.271224975586
2023-02-16,185.47999572753903
2023-02-17,185.99041748046875
2023-02-21,180.5010986328125
2023-02-22,180.9922790527344
2023-02-23,182.28273010253903
2023-02-24,180.57815551757807
2023-02-27,181.21376037597656
2023-02-28,181.223373413086
2023-03-01,181.4545288085937
2023-03-02,181.88784790039065
2023-03-03,184.4206695556641
2023-03-06,181.72415161132807
2023-03-07,179.61514282226562
2023-03-08,179.70179748535156
2023-03-09,174.7036895751953
2023-03-10,169.66700744628906
2023-03-13,166.903076171875
2023-03-14,169.99444580078125
2023-03-15,167.1920166015625
2023-03-16,169.47439575195312
2023-03-17,164.89999389648438
2023-03-20,167.03793334960938
2023-03-21,170.11965942382812
2023-03-22,165.29483032226562
2023-03-23,164.5612335205078
2023-03-24,166.0497283935547
2023-03-27,167.89588928222656
2023-03-28,167.65428161621094
2023-03-29,169.55845642089844
2023-03-30,169.32647705078125
2023-03-31,172.43885803222656
2023-04-03,172.51620483398438
2023-04-04,169.4907989501953
2023-04-05,167.82826232910156
2023-04-06,168.07960510253906
2023-04-10,169.87741088867188
2023-04-11,171.2209930419922
2023-04-12,169.96441650390625
2023-04-13,172.216552734375
2023-04-14,170.6120147705078
2023-04-17,172.80618286132812
2023-04-18,172.0715789794922
2023-04-19,172.2938995361328
2023-04-20,171.40464782714844
2023-04-21,171.62693786621094
2023-04-24,171.51097106933594
2023-04-25,167.27731323242188
2023-04-26,165.66311645507812
2023-04-27,167.87657165527344
2023-04-28,169.34579467773438
2023-05-01,169.4424591064453
2023-05-02,165.9627685546875
2023-05-03,166.57168579101562
2023-05-04,164.70616149902344
2023-05-05,168.620849609375
2023-05-08,168.2342529296875
2023-05-09,167.73159790039062
2023-05-10,168.5821990966797
2023-05-11,167.28700256347656
2023-05-12,166.94866943359375
2023-05-15,168.98817443847656
2023-05-16,166.5233612060547
2023-05-17,170.2350616455078
2023-05-18,171.269287109375
2023-05-19,170.2253875732422
2023-05-22,172.3035430908203
2023-05-23,171.4916229248047
2023-05-24,169.67442321777344
2023-05-25,168.3502197265625
2023-05-26,170.2640380859375
2023-05-30,169.63577270507812
2023-05-31,167.96360778808594
2023-06-01,169.78076171875
2023-06-02,175.9379425048828
2023-06-05,173.57945251464844
2023-06-06,178.1514129638672
2023-06-07,181.4846954345703
2023-06-08,180.80621337890625
2023-06-09,179.34263610839844
2023-06-12,180.08897399902344
2023-06-13,182.15347290039065
2023-06-14,180.19558715820312
2023-06-15,181.67857360839844
2023-06-16,180.22463989257807
2023-06-20,179.43955993652344
2023-06-21,179.0227508544922
2023-06-22,177.6948699951172
2023-06-23,175.0197296142578
2023-06-26,175.19418334960938
2023-06-27,177.7239532470703
2023-06-28,178.59629821777344
2023-06-29,180.651123046875
2023-06-30,181.51377868652344
2023-07-03,181.882080078125
2023-07-05,180.06954956054688
2023-07-06,177.1617889404297
2023-07-07,179.03245544433594
2023-07-10,182.0953369140625
2023-07-11,183.9660186767578
2023-07-12,185.972396850586
2023-07-13,187.4747314453125
2023-07-14,185.6428375244141
2023-07-17,187.6298065185547
2023-07-18,189.9463806152344
2023-07-19,190.7508239746093
2023-07-20,189.08370971679688
2023-07-21,188.48277282714844
2023-07-24,188.94802856445312
2023-07-25,188.9286193847656
2023-07-26,190.4213104248047
2023-07-27,187.95936584472656
2023-07-28,190.3921813964844
2023-07-31,192.6021423339844
2023-08-01,191.72010803222656
2023-08-02,189.11279296875
2023-08-03,188.5796813964844
2023-08-04,188.20169067382807
2023-08-07,188.32769775390625
2023-08-08,187.14517211914065
2023-08-09,185.68161010742188
2023-08-10,184.8577423095703
2023-08-11,185.11944580078125
2023-08-14,184.7995758056641
2023-08-15,182.3570556640625
2023-08-16,180.1277313232422
2023-08-17,178.00502014160156
2023-08-18,178.97430419921875
2023-08-21,178.7126007080078
2023-08-22,178.17953491210938
2023-08-23,180.0792694091797
2023-08-24,177.5882568359375
2023-08-25,178.34429931640625
2023-08-28,179.93386840820312
2023-08-29,182.4442596435547
2023-08-30,183.1324462890625
2023-08-31,182.8125762939453
2023-09-01,184.98374938964844
2023-09-05,181.08729553222656
2023-09-06,180.4088134765625
2023-09-07,178.66415405273438
2023-09-08,178.26675415039062
2023-09-11,178.69320678710938
2023-09-12,178.51876831054688
2023-09-13,177.34591674804688
2023-09-14,179.84664916992188
2023-09-15,177.96629333496094
2023-09-18,176.7837677001953
2023-09-19,176.09559631347656
2023-09-20,174.3314971923828
2023-09-21,171.62730407714844
2023-09-22,171.23959350585938
2023-09-25,172.00531005859375
2023-09-26,169.7937774658203
2023-09-27,171.38111877441406
2023-09-28,172.92945861816406
2023-09-29,172.11148071289062
2023-10-02,169.51138305664062
2023-10-03,166.65811157226562
2023-10-04,166.73602294921875
2023-10-05,166.86260986328125
2023-10-06,168.4694061279297
2023-10-09,169.44317626953125
2023-10-10,171.36160278320312
2023-10-11,171.06947326660156
2023-10-12,167.2034454345703
2023-10-13,165.81089782714844
2023-10-16,168.48887634277344
2023-10-17,170.36831665039062
2023-10-18,166.86260986328125
2023-10-19,164.20407104492188
2023-10-20,162.08119201660156
2023-10-23,160.7081298828125
2023-10-24,162.1104278564453
2023-10-25,159.4324493408203
2023-10-26,159.84141540527344
2023-10-27,157.9619903564453
2023-10-30,158.83840942382812
2023-10-31,160.2114715576172
2023-11-01,161.1268768310547
2023-11-02,165.42137145996094
2023-11-03,169.92037963867188
2023-11-06,167.79745483398438
2023-11-07,167.2034454345703
2023-11-08,165.42137145996094
2023-11-09,162.8602294921875
2023-11-10,164.6812744140625
2023-11-13,164.73971557617188
2023-11-14,173.78639221191406
2023-11-15,174.08828735351562
2023-11-16,171.27398681640625
2023-11-17,173.62083435058594
2023-11-20,174.63365173339844
2023-11-21,172.38409423828125
2023-11-22,173.46505737304688
2023-11-24,174.63365173339844
2023-11-27,174.04931640625
2023-11-28,173.3773956298828
2023-11-29,174.29278564453125
2023-11-30,174.9549560546875
2023-12-01,180.06747436523438
2023-12-04,181.99563598632807
2023-12-05,179.5611114501953
2023-12-06,179.23973083496094
2023-12-07,180.5349273681641
2023-12-08,181.90798950195312
2023-12-11,182.28781127929688
2023-12-12,182.102767944336
2023-12-13,188.2669677734375
2023-12-14,193.5061187744141
2023-12-15,191.8797912597656
2023-12-18,191.947998046875
2023-12-19,195.66796875
2023-12-20,191.84051513671875
2023-12-21,195.1049652099609
2023-12-22,196.9228973388672
2023-12-26,199.483642578125
2023-12-27,200.1873779296875
2023-12-28,199.42498779296875
2023-12-29,196.1703186035156
2024-01-02,195.0072631835937
2024-01-03,189.8075561523437
2024-01-04,189.4361724853516
2024-01-05,188.8790435791016
2024-01-08,192.28033447265625
2024-01-09,190.5601348876953
2024-01-10,190.6676483154297
2024-01-11,189.1722717285156
2024-01-12,188.85952758789065
2024-01-16,186.5235595703125
2024-01-17,185.1943206787109
2024-01-18,186.2889862060547
2024-01-19,188.0775909423828
2024-01-22,192.09461975097656
2024-01-23,191.5375366210937
2024-01-24,189.96397399902344
2024-01-25,191.5375366210937
2024-01-26,191.5473175048828
2024-01-29,194.8997344970703
2024-01-30,193.23817443847656
2024-01-31,188.5174255371093
2024-02-01,191.0195159912109
2024-02-02,190.0128173828125
2024-02-05,187.59866333007807
2024-02-06,189.28955078125
2024-02-07,188.8497314453125
2024-02-08,191.71343994140625
2024-02-09,194.8313140869141
2024-02-12,198.3694305419922
2024-02-13,190.2082977294922
2024-02-14,194.62608337402344
2024-02-15,199.8159637451172
2024-02-16,197.0988311767578
2024-02-20,194.38169860839844
2024-02-21,193.4629821777344
2024-02-22,194.9290466308593
2024-02-23,195.3688507080078
2024-02-26,196.600341796875
2024-02-27,199.38589477539065
2024-02-28,197.74392700195312
2024-02-29,199.1219940185547
2024-03-01,201.233139038086
2024-03-04,201.0474395751953
2024-03-05,199.1219940185547
2024-03-06,200.60763549804688
2024-03-07,202.27899169921875
2024-03-08,202.1519012451172
2024-03-11,200.5489959716797
2024-03-12,200.2752990722656
2024-03-13,201.0572509765625
2024-03-14,197.46046447753903
2024-03-15,197.8318786621093
2024-03-18,196.69810485839844
2024-03-19,197.5289001464844
2024-03-20,201.4384002685547
2024-03-21,203.7528533935547
2024-03-22,200.94064331054688
2024-03-25,201.4011688232422
2024-03-26,201.03863525390625
2024-03-27,205.4186248779297
2024-03-28,206.0653381347656
2024-04-01,204.1251983642578
2024-04-02,200.372314453125
2024-04-03,201.68533325195312
2024-04-04,199.6668243408203
2024-04-05,200.3331298828125
2024-04-08,201.4305877685547
2024-04-09,202.2242584228516
2024-04-10,196.88400268554688
2024-04-11,198.2165985107422
2024-04-12,194.68911743164065
2024-04-15,191.83770751953125
2024-04-16,191.13221740722656
2024-04-17,189.1137084960937
2024-04-18,188.9569091796875
2024-04-19,189.25086975097656
2024-04-22,191.36737060546875
2024-04-23,194.571533203125
2024-04-24,193.699447631836
2024-04-25,192.52359008789065
2024-04-26,194.3657684326172
2024-04-29,195.93356323242188
2024-04-30,191.95529174804688
2024-05-01,192.35704040527344
2024-05-02,195.89434814453125
2024-05-03,197.8344573974609
2024-05-06,200.39190673828125
2024-05-07,200.8426513671875
2024-05-08,199.6766052246093
2024-05-09,201.7147521972656
2024-05-10,200.1959381103516
2024-05-13,200.6172790527344
2024-05-14,202.69461059570312
2024-05-15,205.2226409912109
2024-05-16,203.74305725097656
2024-05-17,203.8900146484375
2024-05-20,204.3407440185547
2024-05-21,204.1447906494141
2024-05-22,202.42022705078125
2024-05-23,199.0985107421875
2024-05-24,201.30319213867188
2024-05-28,201.02883911132807
2024-05-29,198.05984497070312
2024-05-30,199.94119262695312
2024-05-31,201.6265563964844
2024-06-03,200.48989868164065
2024-06-04,197.903076171875
2024-06-05,200.9308319091797
2024-06-06,199.49044799804688
2024-06-07,197.1485748291016
2024-06-10,197.82467651367188
2024-06-11,197.14865112304688
2024-06-12,200.175048828125
2024-06-13,198.426025390625
2024-06-14,195.2718963623047
2024-06-17,196.912826538086
2024-06-18,197.2567443847656
2024-06-20,196.42153930664065
2024-06-21,196.8637084960937
2024-06-24,197.71856689453125
2024-06-25,197.070053100586
2024-06-26,196.5492706298828
2024-06-27,198.54396057128903
2024-06-28,199.3594970703125
2024-07-01,197.6890869140625
2024-07-02,198.3670959472656
2024-07-03,198.3179473876953
2024-07-05,197.37466430664065
2024-07-08,198.76011657714844
2024-07-09,197.8954162597656
2024-07-10,199.8311309814453
2024-07-11,207.0139617919922
2024-07-12,209.4311370849609
2024-07-15,213.4106903076172
2024-07-16,220.6917266845703
2024-07-17,218.3826141357422
2024-07-18,214.1574249267578
2024-07-19,213.0667724609375
2024-07-22,216.4567108154297
2024-07-23,218.75601196289065
2024-07-24,214.05918884277344
2024-07-25,216.7318725585937
2024-07-26,220.3183441162109
2024-07-29,217.87164306640625
2024-07-30,218.6970672607422
2024-07-31,219.964599609375
2024-08-01,212.811279296875
2024-08-02,205.2845764160156
2024-08-05,198.68150329589844
2024-08-06,200.8432159423828
2024-08-07,198.46533203125
2024-08-08,203.28990173339844
2024-08-09,202.8673858642578
2024-08-12,201.03976440429688
2024-08-13,204.35108947753903
2024-08-14,203.0835418701172
2024-08-15,208.3502655029297
2024-08-16,208.90054321289065
2024-08-19,211.45529174804688
2024-08-20,208.98898315429688
2024-08-21,211.7107696533203
2024-08-22,209.8438262939453
2024-08-23,216.545166015625
2024-08-26,216.6139373779297
2024-08-27,214.9337158203125
2024-08-28,213.4794311523437
2024-08-29,215.00247192382807
2024-08-30,216.2503967285156
2024-09-03,209.63748168945312
2024-09-04,209.28375244140625
2024-09-05,208.2421875
2024-09-06,204.2823181152344
2024-09-09,204.8522491455078
2024-09-10,204.6851806640625
2024-09-11,205.2845764160156
2024-09-12,207.92776489257807
2024-09-13,213.0569305419922
2024-09-16,213.8233642578125
2024-09-17,215.592025756836
2024-09-18,215.63131713867188
2024-09-19,220.0726928710937
2024-09-20,217.7144470214844
2024-09-23,216.9185333251953
2024-09-24,217.2821044921875
2024-09-25,214.63185119628903
2024-09-26,215.77557373046875
2024-09-27,217.2348022460937
2024-09-30,217.78692626953125
2024-10-01,214.8290557861328
2024-10-02,214.5332794189453
2024-10-03,213.0937957763672
2024-10-04,216.0713653564453
2024-10-07,214.37550354003903
2024-10-08,214.5234222412109
2024-10-09,214.9966583251953
2024-10-10,213.80368041992188
2024-10-11,218.1517333984375
2024-10-14,219.75881958007807
2024-10-15,219.9362945556641
2024-10-16,223.5547332763672
2024-10-17,222.9434509277344
2024-10-18,222.48004150390625
2024-10-21,218.9799346923828
2024-10-22,218.1517333984375
2024-10-23,216.1600952148437
2024-10-24,216.63336181640625
2024-10-25,215.8150177001953
2024-10-28,219.3348693847656
2024-10-29,218.6249847412109
2024-10-30,218.3291778564453
2024-10-31,214.7008819580078
2024-11-01,215.9037475585937
2024-11-04,216.9981689453125
2024-11-05,221.0799865722656
2024-11-06,233.8874969482422
2024-11-07,233.059310913086
2024-11-08,234.7748565673828
2024-11-11,238.30458068847656
2024-11-12,234.1241455078125
2024-11-13,231.80715942382807
2024-11-14,228.6816864013672
2024-11-15,225.2703094482422
2024-11-18,225.7139587402344
2024-11-19,227.39010620117188
2024-11-20,227.68585205078125
2024-11-21,231.1465759277344
2024-11-22,235.41574096679688
2024-11-25,238.9947509765625
2024-11-26,237.23974609375
2024-11-27,237.5651092529297
2024-11-29,238.47218322753903
2024-12-02,238.3538818359375
2024-12-03,236.6580352783203
2024-12-04,237.5059509277344
2024-12-05,234.7354278564453
2024-12-06,235.573486328125
2024-12-09,234.39035034179688
2024-12-10,233.3748016357422
2024-12-11,234.4298095703125
2024-12-12,231.38319396972656
2024-12-13,229.7958221435547
2024-12-16,231.1465759277344
2024-12-17,228.5003356933593
2024-12-18,218.3840789794922
2024-12-19,217.4149932861328
2024-12-20,219.4520874023437
2024-12-23,218.94775390625
2024-12-24,220.9057464599609
2024-12-26,223.1702575683593
2024-12-27,219.9168701171875
2024-12-30,218.22586059570312
2024-12-31,218.5027618408203
2025-01-02,218.68077087402344
2025-01-03,221.9341583251953
2025-01-06,222.02316284179688
2025-01-07,220.24319458007807
2025-01-08,219.24444580078125
2025-01-10,214.418701171875
2025-01-13,214.8340301513672
2025-01-14,217.27655029296875
2025-01-15,221.54849243164065
2025-01-16,221.99351501464844
2025-01-17,222.9527282714844
2025-01-21,227.2345733642578
2025-01-22,225.751220703125
2025-01-23,226.7796936035156
2025-01-24,226.1468048095703
2025-01-27,223.9811553955078
2025-01-28,224.2283630371093
2025-01-29,223.71417236328125
2025-01-30,225.9885711669922
2025-01-31,223.9613647460937
2025-02-03,221.34085083007807
2025-02-04,224.40635681152344
2025-02-05,226.84890747070312
2025-02-06,226.10723876953125
2025-02-07,223.48670959472656
2025-02-10,224.49539184570312
2025-02-11,223.19004821777344
2025-02-12,221.13316345214844
2025-02-13,223.62515258789065
2025-02-14,223.45706176757807
2025-02-18,224.68325805664065
2025-02-19,223.9119415283203
2025-02-20,221.7660522460937
2025-02-21,215.37789916992188
2025-02-24,213.8253631591797
2025-02-25,213.01451110839844
2025-02-26,213.28146362304688
2025-02-27,210.028060913086
2025-02-28,212.262939453125
2025-03-03,206.45822143554688
2025-03-04,204.1244506835937
2025-03-05,206.15167236328125
2025-03-06,202.99713134765625
2025-03-07,203.65968322753903
2025-03-10,198.53729248046875
2025-03-11,198.5175323486328
2025-03-12,198.86363220214844
2025-03-13,195.89697265625
2025-03-14,200.6337127685547
2025-03-17,203.1652374267578
2025-03-18,201.40109252929688
2025-03-19,204.532958984375
2025-03-20,203.2346343994141
2025-03-21,201.9759216308593
2025-03-24,207.00079345703125
2025-03-25,205.8511199951172
2025-03-26,203.75991821289065
2025-03-27,202.78863525390625
2025-03-28,198.6656494140625
2025-03-31,197.71421813964844
2025-04-01,197.7340087890625
2025-04-02,200.85598754882807
2025-04-03,187.9617919921875
2025-04-04,179.57711791992188
2025-04-07,177.9517059326172
2025-04-08,173.26380920410156
2025-04-09,187.99151611328125
2025-04-10,180.0924835205078
2025-04-11,182.7188873291016
2025-04-14,184.8695678710937
2025-04-15,185.09751892089844
2025-04-16,183.32345581054688
2025-04-17,184.82000732421875
2025-04-21,181.11331176757807
2025-04-22,185.8011932373047
2025-04-23,188.5564727783203
2025-04-24,192.33253479003903
2025-04-25,192.3920135498047
2025-04-28,193.20469665527344
2025-04-29,194.344467163086
2025-04-30,193.1254272460937
2025-05-01,194.3246612548828
2025-05-02,198.6953887939453
2025-05-05,197.16909790039065
2025-05-06,195.01841735839844
2025-05-07,195.66262817382807
2025-05-08,199.38916015625
2025-05-09,199.0224609375
2025-05-12,206.0196075439453
2025-05-13,206.7728576660156
2025-05-14,204.93931579589844
2025-05-15,206.2772827148437
2025-05-16,207.9819793701172
2025-05-19,207.1098175048828
2025-05-20,207.2188415527344
2025-05-21,201.40109252929688
2025-05-22,201.39117431640625
2025-05-23,200.7568817138672
2025-05-27,205.8511199951172
2025-05-28,203.6806182861328
2025-05-29,204.28517150878903
2025-05-30,203.2445373535156
2025-06-02,203.8788452148437
2025-06-03,207.1692810058593
2025-06-04,206.58453369140625
2025-06-05,206.6737518310547
2025-06-06,210.0137176513672
2025-06-09,211.4607391357422
2025-06-10,212.6005096435547
2025-06-11,211.7283477783203
2025-06-12,210.88589477539065
2025-06-13,207.0305328369141
2025-06-16,209.47140502929688
2025-06-17,207.2650756835937
2025-06-18,208.35829162597656
2025-06-20,207.9210205078125
2025-06-23,210.4652404785156
2025-06-24,213.1486053466797
2025-06-25,210.6640014648437
2025-06-26,214.08282470703125
2025-06-27,214.15237426757807
2025-06-30,214.46044921875
2025-07-01,216.66677856445312
2025-07-02,219.66818237304688
2025-07-03,221.7055511474609
2025-07-07,218.3761749267578
2025-07-08,219.88682556152344
2025-07-09,222.27203369140625
2025-07-10,223.4149627685547
2025-07-11,220.33404541015625
2025-07-14,221.8148803710937
2025-07-15,217.4718170166016
2025-07-16,219.6582489013672
2025-07-17,222.5403747558593
2025-07-18,220.96017456054688
2025-07-21,220.06570434570312
2025-07-22,221.8943786621093
2025-07-23,225.28335571289065
2025-07-24,222.17266845703125
2025-07-25,222.9975433349609
2025-07-28,222.7391357421875
2025-07-29,221.3179626464844
2025-07-30,220.1949157714844
2025-07-31,218.0382843017578
2025-08-01,213.5958251953125
2025-08-04,218.3761749267578
2025-08-05,219.48928833007807
2025-08-06,219.2010803222656
2025-08-07,218.48550415039065
2025-08-08,218.96255493164065
2025-08-11,218.91287231445312
2025-08-12,225.41256713867188
2025-08-13,229.79541015625
2025-08-14,226.8337554931641
2025-08-15,225.7306060791016
2025-08-18,226.5554962158203
2025-08-19,224.81626892089844
2025-08-20,224.0211944580078
2025-08-21,224.5777587890625
2025-08-22,233.38316345214844
2025-08-25,230.92837524414065
2025-08-26,232.83653259277344
2025-08-27,234.486328125
2025-08-28,234.7646026611328
2025-08-29,233.7210693359375
2025-09-02,232.4588928222656
2025-09-03,232.2303009033203
2025-09-04,235.1323089599609
2025-09-05,236.3050537109375
2025-09-08,236.78208923339844
2025-09-09,235.39073181152344
2025-09-10,234.97329711914065
2025-09-11,239.31637573242188
2025-09-12,236.8715209960937
2025-09-15,237.8753204345703
2025-09-16,237.48361206054688
2025-09-17,238.09158325195312
2025-09-18,244.0216827392578
2025-09-19,242.1679077148437
2025-09-22,243.5731964111328
2025-09-23,243.0250244140625
2025-09-24,240.7925262451172
2025-09-25,238.490234375
2025-09-26,240.53338623046875
2025-09-29,240.8124542236328
2025-09-30,241.1513214111328
2025-10-01,241.67955017089844
2025-10-02,243.2044372558593
2025-10-03,245.0083923339844
2025-10-06,245.985107421875
2025-10-07,243.34396362304688
2025-10-08,245.8954162597656
2025-10-09,244.31072998046875
2025-10-10,236.9952545166016
2025-10-13,243.5931396484375
2025-10-14,247.0714569091797
2025-10-15,249.49334716796875
2025-10-16,244.240951538086
2025-10-17,242.5964813232422
2025-10-20,247.33059692382807
2025-10-21,246.16452026367188
2025-10-22,242.5267028808593
2025-10-23,245.59640502929688
2025-10-24,248.59634399414065
2025-10-27,249.46343994140625
2025-10-28,248.1279296875
2025-10-29,246.01499938964844
2025-10-30,244.0316619873047
2025-10-31,245.40704345703125
2025-11-03,244.61968994140625
2025-11-04,240.39385986328125
2025-11-05,243.8622131347656
2025-11-06,239.5467071533203
2025-11-07,240.802490234375
2025-11-10,243.2144012451172
2025-11-11,243.4237060546875
2025-11-12,242.82569885253903
2025-11-13,235.99859619140625
2025-11-14,236.6862945556641
2025-11-17,231.9820556640625
2025-11-18,232.689697265625
2025-11-19,232.6498260498047
2025-11-20,228.34426879882807
2025-11-21,234.8125762939453
2025-11-24,239.0981903076172
2025-11-25,244.31072998046875
2025-11-26,246.4734802246093
2025-11-28,247.9186248779297
2025-12-01,244.7990875244141
2025-12-02,244.3505859375
2025-12-03,248.79568481445312
2025-12-04,250.97837829589844
2025-12-05,249.931884765625
2025-12-08,250.0315399169922
2025-12-09,250.5498046875
2025-12-10,253.9583740234375
2025-12-11,256.9383544921875
2025-12-12,253.0015869140625
2025-12-15,251.0879821777344
2025-12-16,249.8999938964844
2025-12-17,247.2400054931641
2025-12-18,248.7100067138672
2025-12-19,250.7899932861328
2025-12-22,253.5800018310547
2025-12-23,252.0800018310547
2025-12-24,252.7100067138672
2025-12-26,251.4199981689453
2025-12-29,249.8800048828125
2025-12-30,248.02999877929688
2025-12-31,246.1600036621093
2026-01-02,248.77999877929688
2026-01-05,252.72999572753903
2026-01-06,256.0799865722656
2026-01-07,255.47999572753903
2026-01-08,258.2699890136719
2026-01-09,260.2300109863281
2026-01-12,261.5
2026-01-13,261.3500061035156
2026-01-14,263.19000244140625
2026-01-15,265.510009765625
2026-01-16,265.760009765625
2026-01-20,262.5799865722656
2026-01-21,267.7900085449219
2026-01-22,269.7900085449219
