date,value
2005-01-03,81.60598754882812
2005-01-04,80.60881805419922
2005-01-05,80.05255126953125
2005-01-06,80.45957946777344
2005-01-07,80.34422302246094
2005-01-10,80.72413635253906
2005-01-11,80.1678695678711
2005-01-12,80.43244934082031
2005-01-13,79.7879867553711
2005-01-14,80.20860290527344
2005-01-18,81.04296112060547
2005-01-19,80.19505310058594
2005-01-20,79.70657348632812
2005-01-21,79.2181625366211
2005-01-24,79.06217193603516
2005-01-25,79.28602600097656
2005-01-26,79.52346801757812
2005-01-27,79.65910339355469
2005-01-28,79.65910339355469
2005-01-31,80.15432739257812
2005-02-01,80.6631088256836
2005-02-02,80.90730285644531
2005-02-03,80.6969985961914
2005-02-04,81.55850982666016
2005-02-07,81.44995880126953
2005-02-08,81.54493713378906
2005-02-09,80.93441772460938
2005-02-10,81.22614288330078
2005-02-11,81.92481994628906
2005-02-14,81.86375427246094
2005-02-15,82.16902923583984
2005-02-16,82.22328186035156
2005-02-17,81.55850982666016
2005-02-18,81.66707611083984
2005-02-22,80.45278930664062
2005-02-23,81.02935791015625
2005-02-24,81.5652847290039
2005-02-25,82.37254333496094
2005-02-28,81.82981872558594
2005-03-01,82.23686218261719
2005-03-02,82.19615173339844
2005-03-03,82.23006439208984
2005-03-04,83.25438690185547
2005-03-07,83.29509735107422
2005-03-08,82.98303985595703
2005-03-09,82.06050109863281
2005-03-10,82.24363708496094
2005-03-11,81.66707611083984
2005-03-14,82.17582702636719
2005-03-15,81.49745178222656
2005-03-16,80.8055419921875
2005-03-17,80.96832275390625
2005-03-18,80.72794342041016
2005-03-21,80.42827606201172
2005-03-22,79.61105346679688
2005-03-23,79.67916870117188
2005-03-24,79.77447509765625
2005-03-28,79.89030456542969
2005-03-29,79.35907745361328
2005-03-30,80.48277282714844
2005-03-31,80.33293914794922
2005-04-01,79.97199249267578
2005-04-04,80.10820770263672
2005-04-05,80.48957824707031
2005-04-06,80.76878356933594
2005-04-07,81.2046127319336
2005-04-08,80.3602066040039
2005-04-11,80.42150115966797
2005-04-12,80.8368911743164
2005-04-13,79.88349151611328
2005-04-14,78.84149169921875
2005-04-15,77.73829650878906
2005-04-18,77.97661590576172
2005-04-19,78.59639739990234
2005-04-20,77.49991607666016
2005-04-21,79.00496673583984
2005-04-22,78.70528411865234
2005-04-25,79.2228775024414
2005-04-26,78.45332336425781
2005-04-27,78.75981140136719
2005-04-28,77.77230072021484
2005-04-29,78.827880859375
2005-05-02,79.27055358886719
2005-05-03,79.40675354003906
2005-05-04,80.01966857910156
2005-05-05,79.992431640625
2005-05-06,79.74044799804688
2005-05-09,80.23759460449219
2005-05-10,79.40675354003906
2005-05-11,79.84259796142578
2005-05-12,78.96409606933594
2005-05-13,78.80745697021484
2005-05-16,79.54296112060547
2005-05-17,80.07415771484375
2005-05-18,80.89817810058594
2005-05-19,81.23869323730469
2005-05-20,81.1229248046875
2005-05-23,81.57240295410156
2005-05-24,81.38168334960938
2005-05-25,81.32039642333984
2005-05-26,81.75629425048828
2005-05-27,81.89248657226562
2005-05-31,81.36808776855469
2005-06-01,82.0627212524414
2005-06-02,82.23976135253906
2005-06-03,81.82439422607422
2005-06-06,81.74945831298828
2005-06-07,81.8107681274414
2005-06-08,81.6609115600586
2005-06-09,82.04913330078125
2005-06-10,81.8584213256836
2005-06-13,82.11721801757812
2005-06-14,82.30786895751953
2005-06-15,82.46453857421875
2005-06-16,82.67565155029297
2005-06-17,82.98200225830078
2005-06-20,83.00933074951172
2005-06-21,83.05718994140625
2005-06-22,83.12557983398438
2005-06-23,81.9563217163086
2005-06-24,81.3546142578125
2005-06-27,81.47086334228516
2005-06-28,82.15460968017578
2005-06-29,81.93582153320312
2005-06-30,81.49136352539062
2005-07-01,81.73065948486328
2005-07-05,82.38710021972656
2005-07-06,81.69649505615234
2005-07-07,82.01790618896484
2005-07-08,82.95464324951172
2005-07-11,83.37855529785156
2005-07-12,83.5973892211914
2005-07-13,83.71361541748047
2005-07-14,84.04180908203125
2005-07-15,83.99394226074219
2005-07-18,83.65892028808594
2005-07-19,84.11703491210938
2005-07-20,84.40422058105469
2005-07-21,83.91191864013672
2005-07-22,84.47260284423828
2005-07-25,84.23328399658203
2005-07-26,84.33582305908203
2005-07-27,84.64353942871094
2005-07-28,85.1768798828125
2005-07-29,84.60935974121094
2005-08-01,84.54779052734375
2005-08-02,85.05377960205078
2005-08-03,85.27947235107422
2005-08-04,84.5956802368164
2005-08-05,84.02130126953125
2005-08-08,83.86405181884766
2005-08-09,84.37006378173828
2005-08-10,84.32899475097656
2005-08-11,84.66407012939453
2005-08-12,84.14437866210938
2005-08-15,84.66407012939453
2005-08-16,83.56314086914062
2005-08-17,83.55635833740234
2005-08-18,83.54950714111328
2005-08-19,83.74095916748047
2005-08-22,83.74095916748047
2005-08-23,83.58368682861328
2005-08-24,82.83837127685547
2005-08-25,83.13924407958984
2005-08-26,82.5716781616211
2005-08-29,83.2076187133789
2005-08-30,82.77000427246094
2005-08-31,83.81616973876953
2005-09-01,83.75463104248047
2005-09-02,83.60420227050781
2005-09-06,84.58198547363281
2005-09-07,84.72554016113281
2005-09-08,84.44525909423828
2005-09-09,85.19738006591797
2005-09-12,85.02642822265625
2005-09-13,84.55464935302734
2005-09-14,84.2469482421875
2005-09-15,84.20592498779297
2005-09-16,84.8047103881836
2005-09-19,84.52313995361328
2005-09-20,83.80903625488281
2005-09-21,83.02620697021484
2005-09-22,83.32147216796875
2005-09-23,83.39013671875
2005-09-26,83.48628234863281
2005-09-27,83.46570587158203
2005-09-28,83.54806518554688
2005-09-29,84.2279052734375
2005-09-30,84.48885345458984
2005-10-03,84.18669891357422
2005-10-04,83.23908996582031
2005-10-05,82.14724731445312
2005-10-06,81.85198211669922
2005-10-07,82.133544921875
2005-10-10,81.43999481201172
2005-10-11,81.32323455810547
2005-10-12,80.68462371826172
2005-10-13,80.63655853271484
2005-10-14,81.48805236816406
2005-10-17,81.7901840209961
2005-10-18,80.90436553955078
2005-10-19,82.250244140625
2005-10-20,80.80137634277344
2005-10-21,81.11725616455078
2005-10-24,82.37384033203125
2005-10-25,82.2090835571289
2005-10-26,81.96870422363281
2005-10-27,81.09662628173828
2005-10-28,82.26397705078125
2005-10-31,82.4906005859375
2005-11-01,82.73780059814453
2005-11-02,83.60302734375
2005-11-03,83.96009063720703
2005-11-04,83.85022735595703
2005-11-07,83.93263244628906
2005-11-08,83.93263244628906
2005-11-09,84.04249572753906
2005-11-10,84.69483184814453
2005-11-11,84.98323822021484
2005-11-14,84.93517303466797
2005-11-15,84.62618255615234
2005-11-16,84.7978286743164
2005-11-17,85.5875244140625
2005-11-18,85.92399597167969
2005-11-21,86.35661315917969
2005-11-22,86.72742462158203
2005-11-23,87.22864532470703
2005-11-25,87.29735565185547
2005-11-28,86.67931365966797
2005-11-29,86.58317565917969
2005-11-30,86.11624908447266
2005-12-01,86.99520111083984
2005-12-02,87.1050796508789
2005-12-05,86.91966247558594
2005-12-06,87.08448028564453
2005-12-07,86.5763168334961
2005-12-08,86.52137756347656
2005-12-09,86.74801635742188
2005-12-12,86.83039093017578
2005-12-13,87.42097473144531
2005-12-14,87.7643051147461
2005-12-15,87.51021575927734
2005-12-16,87.2285385131836
2005-12-19,86.77985382080078
2005-12-20,86.86270141601562
2005-12-21,87.00074768066406
2005-12-22,87.45637512207031
2005-12-23,87.50470733642578
2005-12-27,86.61418151855469
2005-12-28,86.80748748779297
2005-12-29,86.4208755493164
2005-12-30,85.95146179199219
2006-01-03,87.46327209472656
2006-01-04,87.87747192382812
2006-01-05,87.93265533447266
2006-01-06,88.6644058227539
2006-01-09,88.89221954345703
2006-01-10,88.98199462890625
2006-01-11,89.26498413085938
2006-01-12,88.91292572021484
2006-01-13,88.830078125
2006-01-17,88.5884780883789
2006-01-18,88.23643493652344
2006-01-19,88.57466125488281
2006-01-20,86.95932006835938
2006-01-23,87.26998138427734
2006-01-24,87.35972595214844
2006-01-25,87.4356918334961
2006-01-26,87.91888427734375
2006-01-27,88.73345184326172
2006-01-30,88.6644058227539
2006-01-31,88.01551055908203
2006-02-01,88.6299057006836
2006-02-02,87.60135650634766
2006-02-03,87.16641235351562
2006-02-06,87.39424133300781
2006-02-07,86.62108612060547
2006-02-08,87.4081039428711
2006-02-09,87.26305389404297
2006-02-10,87.42183685302734
2006-02-13,87.26305389404297
2006-02-14,88.1880874633789
2006-02-15,88.49874877929688
2006-02-16,89.16146850585938
2006-02-17,88.91983795166016
2006-02-21,88.69896697998047
2006-02-22,89.23738861083984
2006-02-23,89.10620880126953
2006-02-24,89.33403778076172
2006-02-27,89.36856079101562
2006-02-28,88.51944732666016
2006-03-01,89.3064193725586
2006-03-02,89.29950714111328
2006-03-03,88.88533020019531
2006-03-06,88.47803497314453
2006-03-07,88.33997344970703
2006-03-08,88.52635192871094
2006-03-09,87.93265533447266
2006-03-10,88.7679672241211
2006-03-13,88.93365478515625
2006-03-14,89.86555480957031
2006-03-15,90.2659149169922
2006-03-16,90.45233917236328
2006-03-17,90.52789306640624
2006-03-20,90.38232421875
2006-03-21,89.81401062011719
2006-03-22,90.3615493774414
2006-03-23,90.17440795898438
2006-03-24,90.24374389648438
2006-03-27,90.11206817626952
2006-03-28,89.55760192871094
2006-03-29,90.11898803710938
2006-03-30,89.95954132080078
2006-03-31,89.98039245605469
2006-04-03,89.91104125976562
2006-04-04,90.48631286621094
2006-04-05,90.79814910888672
2006-04-06,90.70117950439452
2006-04-07,89.77934265136719
2006-04-10,89.9179916381836
2006-04-11,89.1556167602539
2006-04-12,89.32194519042969
2006-04-13,89.20411682128906
2006-04-17,89.16950225830078
2006-04-18,90.58331298828124
2006-04-19,90.75660705566406
2006-04-20,90.88134765625
2006-04-21,90.89520263671876
2006-04-24,90.72885131835938
2006-04-25,90.35462951660156
2006-04-26,90.37541961669922
2006-04-27,90.81201171875
2006-04-28,91.11698150634766
2006-05-01,90.37541961669922
2006-05-02,91.05461883544922
2006-05-03,90.7149887084961
2006-05-04,91.04077911376952
2006-05-05,91.84468841552734
2006-05-08,91.73382568359376
2006-05-09,91.91402435302734
2006-05-10,91.865478515625
2006-05-11,90.75660705566406
2006-05-12,89.57147216796875
2006-05-15,89.75164794921875
2006-05-16,89.6199722290039
2006-05-17,87.91505432128906
2006-05-18,87.47146606445312
2006-05-19,88.08830261230469
2006-05-22,87.416015625
2006-05-23,86.75068664550781
2006-05-24,87.44375610351562
2006-05-25,88.5249252319336
2006-05-26,88.97541046142578
2006-05-30,87.39522552490234
2006-05-31,88.37242126464844
2006-06-01,89.21798706054688
2006-06-02,89.40516662597656
2006-06-05,88.1021499633789
2006-06-06,87.88732147216797
2006-06-07,87.22893524169922
2006-06-08,87.15267181396484
2006-06-09,86.87548065185547
2006-06-12,85.93287658691406
2006-06-13,84.93488311767578
2006-06-14,85.59325408935547
2006-06-15,87.40910339355469
2006-06-16,86.77215576171875
2006-06-19,86.0899429321289
2006-06-20,86.38231658935547
2006-06-21,87.02275085449219
2006-06-22,86.63985443115234
2006-06-23,86.6259536743164
2006-06-26,87.00881958007812
2006-06-27,86.25699615478516
2006-06-28,86.8417739868164
2006-06-29,88.59601593017578
2006-06-30,88.60295867919922
2006-07-03,88.96493530273438
2006-07-05,88.45677185058594
2006-07-06,88.71434783935547
2006-07-07,88.1365737915039
2006-07-10,88.30362701416016
2006-07-11,88.69343566894531
2006-07-12,87.74671173095703
2006-07-13,86.3196792602539
2006-07-14,85.98553466796875
2006-07-17,85.8602294921875
2006-07-18,86.29877471923828
2006-07-19,87.49610137939453
2006-07-20,86.8974380493164
2006-07-21,86.28485870361328
2006-07-24,87.85809326171875
2006-07-25,88.17138671875
2006-07-26,88.28971099853516
2006-07-27,88.2061767578125
2006-07-28,89.09024810791016
2006-07-31,88.99974060058594
2006-08-01,88.56117248535156
2006-08-02,89.15986633300781
2006-08-03,89.39653778076172
2006-08-04,89.24339294433594
2006-08-07,89.03453063964844
2006-08-08,88.69343566894531
2006-08-09,88.39413452148438
2006-08-10,88.66564178466797
2006-08-11,88.41502380371094
2006-08-14,88.48462677001953
2006-08-15,89.5427474975586
2006-08-16,90.28758239746094
2006-08-17,90.51730346679688
2006-08-18,90.97672271728516
2006-08-21,90.5869140625
2006-08-22,90.57997131347656
2006-08-23,90.32933807373048
2006-08-24,90.25279998779295
2006-08-25,90.36416625976562
2006-08-28,90.79576873779295
2006-08-29,90.90016174316406
2006-08-30,90.95587158203124
2006-08-31,90.94192504882812
2006-09-01,91.48492431640624
2006-09-05,91.65895080566406
2006-09-06,90.8514633178711
2006-09-07,90.43379974365234
2006-09-08,90.69133758544922
2006-09-11,90.78182983398438
2006-09-12,91.6728744506836
2006-09-13,92.0417938232422
2006-09-14,92.04878997802734
2006-09-15,92.26485443115234
2006-09-18,92.39067840576172
2006-09-19,92.1599578857422
2006-09-20,92.6493682861328
2006-09-21,92.20191192626952
2006-09-22,91.92223358154295
2006-09-25,92.62841033935548
2006-09-26,93.39751434326172
2006-09-27,93.50938415527344
2006-09-28,93.47443389892578
2006-09-29,93.39751434326172
2006-10-02,93.04791259765624
2006-10-03,93.24370574951172
2006-10-04,94.33444213867188
2006-10-05,94.51622009277344
2006-10-06,94.39734649658205
2006-10-09,94.45330047607422
2006-10-10,94.57909393310548
2006-10-11,94.46725463867188
2006-10-12,95.28531646728516
2006-10-13,95.5300750732422
2006-10-16,95.67687225341795
2006-10-17,95.37619018554688
2006-10-18,95.50206756591795
2006-10-19,95.65592956542967
2006-10-20,95.67687225341795
2006-10-23,96.11737823486328
2006-10-24,96.40402221679688
2006-10-25,96.73268127441406
2006-10-26,97.03327941894533
2006-10-27,96.42503356933594
2006-10-30,96.35504913330078
2006-10-31,96.3411102294922
2006-11-01,95.69086456298828
2006-11-02,95.63492584228516
2006-11-03,95.46710968017578
2006-11-06,96.54386138916016
2006-11-07,96.91441345214844
2006-11-08,97.12419891357422
2006-11-09,96.61382293701172
2006-11-10,96.65575408935548
2006-11-13,96.8934326171875
2006-11-14,97.6205825805664
2006-11-15,97.90029907226562
2006-11-16,98.15198516845705
2006-11-17,98.179931640625
2006-11-20,98.2358627319336
2006-11-21,98.33379364013672
2006-11-22,98.5295867919922
2006-11-24,98.13098907470705
2006-11-27,96.78160858154295
2006-11-28,97.20108795166016
2006-11-29,98.21491241455078
2006-11-30,98.25689697265624
2006-12-01,98.04010772705078
2006-12-04,98.78824615478516
2006-12-05,99.2147445678711
2006-12-06,99.1308364868164
2006-12-07,98.69738006591795
2006-12-08,98.87916564941406
2006-12-11,99.16580963134766
2006-12-12,99.08890533447266
2006-12-13,99.19377136230467
2006-12-14,100.06777954101562
2006-12-15,100.076904296875
2006-12-18,99.80269622802734
2006-12-19,99.99254608154295
2006-12-20,99.9363021850586
2006-12-21,99.57066345214844
2006-12-22,98.9590301513672
2006-12-26,99.54255676269533
2006-12-27,100.19642639160156
2006-12-28,99.98552703857422
2006-12-29,99.57066345214844
2007-01-03,99.39494323730467
2007-01-04,99.60585021972656
2007-01-05,98.81134033203124
2007-01-08,99.26840209960938
2007-01-09,99.1839828491211
2007-01-10,99.5144271850586
2007-01-11,99.95033264160156
2007-01-12,100.70966339111328
2007-01-16,100.51282501220705
2007-01-17,100.55504608154295
2007-01-18,100.21755981445312
2007-01-19,100.41439056396484
2007-01-22,100.1050033569336
2007-01-23,100.40030670166016
2007-01-24,101.20887756347656
2007-01-25,100.02067565917967
2007-01-26,99.92922973632812
2007-01-29,99.8730239868164
2007-01-30,100.39328002929688
2007-01-31,101.06825256347656
2007-02-01,101.67290496826172
2007-02-02,101.8134994506836
2007-02-05,101.84165954589844
2007-02-06,101.86975860595705
2007-02-07,102.09475708007812
2007-02-08,101.96114349365234
2007-02-09,101.20182037353516
2007-02-12,100.85733032226562
2007-02-13,101.70806884765624
2007-02-14,102.37599182128906
2007-02-15,102.50955200195312
2007-02-16,102.46034240722656
2007-02-20,102.6782684326172
2007-02-21,102.63612365722656
2007-02-22,102.5587921142578
2007-02-23,102.15805053710938
2007-02-26,102.0666275024414
2007-02-27,98.08016967773438
2007-02-28,99.0855712890625
2007-03-01,98.79024505615234
2007-03-02,97.49659729003906
2007-03-05,96.56855010986328
2007-03-06,98.2207489013672
2007-03-07,98.1223373413086
2007-03-08,98.95194244384766
2007-03-09,98.98011016845705
2007-03-12,99.12777709960938
2007-03-13,97.2013168334961
2007-03-14,97.92546081542967
2007-03-15,98.0590362548828
2007-03-16,97.78443908691406
2007-03-19,98.96330261230467
2007-03-20,99.5067901611328
2007-03-21,101.14442443847656
2007-03-22,101.06672668457033
2007-03-23,101.21502685546876
2007-03-26,101.08089447021484
2007-03-27,100.84089660644533
2007-03-28,100.10680389404295
2007-03-29,100.212646484375
2007-03-30,100.23381805419922
2007-04-02,100.34676361083984
2007-04-03,101.4268035888672
2007-04-04,101.53973388671876
2007-04-05,101.81501770019533
2007-04-09,101.9561767578125
2007-04-10,102.07618713378906
2007-04-11,101.65972900390624
2007-04-12,102.11149597167967
2007-04-13,102.5773468017578
2007-04-16,103.55142974853516
2007-04-17,103.8267593383789
2007-04-18,103.95379638671876
2007-04-19,103.92560577392578
2007-04-20,104.90675354003906
2007-04-23,104.51143646240234
2007-04-24,104.5537567138672
2007-04-25,105.51377868652344
2007-04-26,105.6337890625
2007-04-27,105.54905700683594
2007-04-30,104.67376708984376
2007-05-01,104.94203186035156
2007-05-02,105.55611419677734
2007-05-03,106.12789154052734
2007-05-04,106.53019714355467
2007-05-07,106.55144500732422
2007-05-08,106.41021728515624
2007-05-09,106.69961547851562
2007-05-10,105.58436584472656
2007-05-11,106.4879150390625
2007-05-14,106.25498962402344
2007-05-15,106.283203125
2007-05-16,107.01019287109376
2007-05-17,106.7984619140625
2007-05-18,107.7301788330078
2007-05-21,107.67373657226562
2007-05-22,107.58901977539062
2007-05-23,107.60310363769533
2007-05-24,106.6290512084961
2007-05-25,107.07374572753906
2007-05-29,107.46198272705078
2007-05-30,108.3373031616211
2007-05-31,108.22435760498048
2007-06-01,108.76078033447266
2007-06-04,108.77488708496094
2007-06-05,108.34429168701172
2007-06-06,107.17965698242188
2007-06-07,105.24552154541016
2007-06-08,106.61492156982422
2007-06-11,106.7984619140625
2007-06-12,105.6337890625
2007-06-13,107.21492767333984
2007-06-14,107.89964294433594
2007-06-15,108.51353454589844
2007-06-18,108.3859405517578
2007-06-19,108.65530395507812
2007-06-20,107.14534759521484
2007-06-21,107.74087524414062
2007-06-22,106.72710418701172
2007-06-25,106.21663665771484
2007-06-26,105.12493133544922
2007-06-27,106.62069702148438
2007-06-28,106.60658264160156
2007-06-29,106.64198303222656
2007-07-02,107.6061019897461
2007-07-03,107.99603271484376
2007-07-05,107.88267517089844
2007-07-06,108.44976806640624
2007-07-09,108.53478240966795
2007-07-10,106.98937225341795
2007-07-11,107.74791717529295
2007-07-12,109.44930267333984
2007-07-13,109.77540588378906
2007-07-16,109.76126861572266
2007-07-17,109.70452117919922
2007-07-18,109.50604248046876
2007-07-19,109.9313735961914
2007-07-20,108.8184051513672
2007-07-23,109.15155792236328
2007-07-24,107.2587890625
2007-07-25,107.4785614013672
2007-07-26,104.9335708618164
2007-07-27,102.8705825805664
2007-07-30,104.47982788085938
2007-07-31,103.30303955078124
2007-08-01,103.80628967285156
2007-08-02,104.63578033447266
2007-08-03,101.94190979003906
2007-08-06,103.6503677368164
2007-08-07,104.7563247680664
2007-08-08,106.21663665771484
2007-08-09,103.069091796875
2007-08-10,102.58700561523438
2007-08-13,102.95565032958984
2007-08-14,101.38187408447266
2007-08-15,99.9853286743164
2007-08-16,100.73674011230467
2007-08-17,102.58700561523438
2007-08-20,102.5373992919922
2007-08-21,102.74297332763672
2007-08-22,103.96227264404295
2007-08-23,103.8701171875
2007-08-24,105.15328979492188
2007-08-27,104.17501068115234
2007-08-28,101.88516998291016
2007-08-29,103.88429260253906
2007-08-30,103.60781860351562
2007-08-31,104.62866973876952
2007-09-04,105.68496704101562
2007-09-05,104.77044677734376
2007-09-06,105.01146697998048
2007-09-07,103.55110168457033
2007-09-10,103.35262298583984
2007-09-11,104.5578384399414
2007-09-12,104.82717895507812
2007-09-13,105.56443786621094
2007-09-14,105.5573501586914
2007-09-17,104.990234375
2007-09-18,108.08109283447266
2007-09-19,108.71910095214844
2007-09-20,107.9534912109375
2007-09-21,108.24483489990234
2007-09-24,108.0453872680664
2007-09-25,107.83167266845705
2007-09-26,108.40153503417967
2007-09-27,109.04261016845705
2007-09-28,108.67929077148438
2007-10-01,109.90441131591795
2007-10-02,109.75479125976562
2007-10-03,109.53408813476562
2007-10-04,109.70501708984376
2007-10-05,111.00843048095705
2007-10-08,110.41730499267578
2007-10-09,111.4572296142578
2007-10-10,111.2719955444336
2007-10-11,110.73785400390624
2007-10-12,111.3503646850586
2007-10-15,110.41011810302734
2007-10-16,109.53408813476562
2007-10-17,109.86881256103516
2007-10-18,109.4699249267578
2007-10-19,106.60658264160156
2007-10-22,107.2262725830078
2007-10-23,108.09522247314452
2007-10-24,107.89578247070312
2007-10-25,108.15221405029295
2007-10-26,109.42007446289062
2007-10-29,109.78330993652344
2007-10-30,109.02120971679688
2007-10-31,110.1537628173828
2007-11-01,107.57524871826172
2007-11-02,107.69636535644533
2007-11-05,106.87727355957033
2007-11-06,108.3160400390625
2007-11-07,105.3529815673828
2007-11-08,104.81874084472656
2007-11-09,103.37996673583984
2007-11-12,102.3542938232422
2007-11-13,105.47406768798828
2007-11-14,105.18201446533205
2007-11-15,103.66484832763672
2007-11-16,103.84292602539062
2007-11-19,102.39698791503906
2007-11-20,103.0238265991211
2007-11-21,100.91547393798828
2007-11-23,102.66058349609376
2007-11-26,100.39553833007812
2007-11-27,101.5494155883789
2007-11-28,104.79743194580078
2007-11-29,104.83296966552734
2007-11-30,105.88715362548828
2007-12-03,105.18915557861328
2007-12-04,104.24894714355467
2007-12-05,105.99400329589844
2007-12-06,107.51121520996094
2007-12-07,107.4897918701172
2007-12-10,108.32313537597656
2007-12-11,105.3529815673828
2007-12-12,106.3928451538086
2007-12-13,106.17208099365234
2007-12-14,104.825927734375
2007-12-17,103.3301239013672
2007-12-18,103.90706634521484
2007-12-19,103.90706634521484
2007-12-20,104.56234741210938
2007-12-21,106.0696258544922
2007-12-24,106.8573226928711
2007-12-26,107.08642578125
2007-12-27,105.74026489257812
2007-12-28,105.4752960205078
2007-12-31,104.69482421875
2008-01-02,103.77824401855467
2008-01-03,103.72817993164062
2008-01-04,101.18611907958984
2008-01-07,101.10022735595705
2008-01-08,99.4676284790039
2008-01-09,100.51301574707033
2008-01-10,101.17179870605467
2008-01-11,100.3555145263672
2008-01-14,101.1646499633789
2008-01-15,98.9376983642578
2008-01-16,98.08558654785156
2008-01-17,95.5436019897461
2008-01-18,94.5625991821289
2008-01-22,93.60309600830078
2008-01-23,95.85149383544922
2008-01-24,96.66069793701172
2008-01-25,95.26429748535156
2008-01-28,96.83965301513672
2008-01-29,97.31941223144533
2008-01-30,96.60340118408205
2008-01-31,98.3648452758789
2008-02-01,99.94735717773438
2008-02-04,98.6871109008789
2008-02-05,96.04486083984376
2008-02-06,95.2715072631836
2008-02-07,95.90166473388672
2008-02-08,95.28582000732422
2008-02-11,95.7727279663086
2008-02-12,96.66069793701172
2008-02-13,97.64881896972656
2008-02-14,96.78954315185548
2008-02-15,96.76806640625
2008-02-19,97.04013061523438
2008-02-20,97.32656860351562
2008-02-21,96.51741027832033
2008-02-22,97.11177825927734
2008-02-25,98.33625030517578
2008-02-26,99.07376861572266
2008-02-27,98.9735107421875
2008-02-28,98.00685119628906
2008-02-29,95.82289123535156
2008-03-03,95.5937042236328
2008-03-04,95.22850799560548
2008-03-05,95.83001708984376
2008-03-06,93.8465347290039
2008-03-07,92.87991333007812
2008-03-10,91.6554183959961
2008-03-11,94.94928741455078
2008-03-12,94.0613784790039
2008-03-13,94.26898956298828
2008-03-14,92.80825805664062
2008-03-17,91.87020874023438
2008-03-18,95.68682861328124
2008-03-19,93.31665802001952
2008-03-20,95.0451889038086
2008-03-24,96.9448699951172
2008-03-25,97.0384750366211
2008-03-26,95.85108947753906
2008-03-27,95.54888916015624
2008-03-28,94.63497161865234
2008-03-31,94.96599578857422
2008-04-01,98.3049774169922
2008-04-02,98.36974334716795
2008-04-03,98.6143798828125
2008-04-04,98.50648498535156
2008-04-07,98.55680847167967
2008-04-08,98.4560546875
2008-04-09,97.74364471435548
2008-04-10,97.88038635253906
2008-04-11,95.98062896728516
2008-04-14,95.65679168701172
2008-04-15,95.87989807128906
2008-04-16,98.47762298583984
2008-04-17,98.62158966064452
2008-04-18,99.65057373046876
2008-04-21,99.70095825195312
2008-04-22,99.2619857788086
2008-04-23,99.10369873046876
2008-04-24,99.53546905517578
2008-04-25,100.45655822753906
2008-04-28,100.47814178466795
2008-04-29,100.08235168457033
2008-04-30,99.49231719970705
2008-05-01,101.55038452148438
2008-05-02,101.8310089111328
2008-05-05,101.34166717529295
2008-05-06,102.2195816040039
2008-05-07,100.39896392822266
2008-05-08,100.1399383544922
2008-05-09,99.95285034179688
2008-05-12,101.0754165649414
2008-05-13,101.08975982666016
2008-05-14,101.2985382080078
2008-05-15,102.56495666503906
2008-05-16,102.65856170654295
2008-05-19,102.93915557861328
2008-05-20,102.10442352294922
2008-05-21,100.37738800048828
2008-05-22,100.39176177978516
2008-05-23,99.04613494873048
2008-05-27,99.78012084960938
2008-05-28,100.2406768798828
2008-05-29,100.7444076538086
2008-05-30,100.99627685546876
2008-06-02,99.95285034179688
2008-06-03,99.3699722290039
2008-06-04,99.31958770751952
2008-06-05,101.30572509765624
2008-06-06,98.0746612548828
2008-06-09,98.3121566772461
2008-06-10,97.82279205322266
2008-06-11,96.38359832763672
2008-06-12,96.75059509277344
2008-06-13,97.97393035888672
2008-06-16,98.03150939941406
2008-06-17,97.55657196044922
2008-06-18,96.60667419433594
2008-06-19,96.72901916503906
2008-06-20,95.158935546875
2008-06-23,95.06491088867188
2008-06-24,94.87689971923828
2008-06-25,95.3252944946289
2008-06-26,92.73622131347656
2008-06-27,92.22996520996094
2008-06-30,92.55541229248048
2008-07-01,92.8447265625
2008-07-02,91.25365447998048
2008-07-03,91.34766387939452
2008-07-07,90.41473388671876
2008-07-08,92.020263671875
2008-07-09,90.24840545654295
2008-07-10,90.61724090576172
2008-07-11,89.56134796142578
2008-07-14,88.75138854980469
2008-07-15,87.50025939941406
2008-07-16,89.64813995361328
2008-07-17,90.544921875
2008-07-18,91.1090087890625
2008-07-21,91.1596450805664
2008-07-22,92.19384765625
2008-07-23,92.69283294677734
2008-07-24,90.76910400390624
2008-07-25,90.74739074707033
2008-07-28,89.4167251586914
2008-07-29,91.32598114013672
2008-07-30,92.95316314697266
2008-07-31,91.72374725341795
2008-08-01,91.23922729492188
2008-08-04,90.39305114746094
2008-08-05,92.83023834228516
2008-08-06,93.2424545288086
2008-08-07,91.85391235351562
2008-08-08,93.5606460571289
2008-08-11,94.52976989746094
2008-08-12,93.5461883544922
2008-08-13,92.98210144042967
2008-08-14,93.68358612060548
2008-08-15,94.13922119140624
2008-08-18,92.8519287109375
2008-08-19,91.83943176269533
2008-08-20,92.2661361694336
2008-08-21,92.42526245117188
2008-08-22,93.7631607055664
2008-08-25,91.86114501953124
2008-08-26,92.12873840332033
2008-08-27,93.02548217773438
2008-08-28,94.15371704101562
2008-08-29,93.14119720458984
2008-09-02,92.56263732910156
2008-09-03,92.48309326171876
2008-09-04,89.69876098632812
2008-09-05,89.9808349609375
2008-09-08,91.83943176269533
2008-09-09,89.11296844482422
2008-09-10,89.4745864868164
2008-09-11,90.76910400390624
2008-09-12,91.18856048583984
2008-09-15,86.8493881225586
2008-09-16,88.3030014038086
2008-09-17,84.33263397216797
2008-09-18,86.83489227294922
2008-09-19,90.2834243774414
2008-09-22,88.2394790649414
2008-09-23,86.23187255859375
2008-09-24,86.50833129882812
2008-09-25,87.86122131347656
2008-09-26,87.90485382080078
2008-09-29,81.01651763916016
2008-09-30,84.36978912353516
2008-10-01,84.42071533203125
2008-10-02,81.35836791992188
2008-10-03,80.26005554199219
2008-10-06,76.17212677001953
2008-10-07,72.7606201171875
2008-10-08,70.92765045166016
2008-10-09,65.97412109375
2008-10-10,64.37384796142578
2008-10-13,73.72077941894531
2008-10-14,72.62973022460938
2008-10-15,65.47948455810547
2008-10-16,68.2071762084961
2008-10-17,67.79985809326172
2008-10-20,71.87324523925781
2008-10-21,69.72745513916016
2008-10-22,65.93048095703125
2008-10-23,66.69424438476562
2008-10-24,63.31188583374024
2008-10-27,61.06422805786133
2008-10-28,68.19991302490234
2008-10-29,67.7052993774414
2008-10-30,70.0475082397461
2008-10-31,70.43301391601562
2008-11-03,70.63668060302734
2008-11-04,73.03705596923828
2008-11-05,69.96748352050781
2008-11-06,66.09050750732422
2008-11-07,68.27265930175781
2008-11-10,67.37798309326172
2008-11-11,65.29763793945312
2008-11-12,62.42446899414063
2008-11-13,66.31600952148438
2008-11-14,63.00638198852539
2008-11-17,62.16985321044922
2008-11-18,63.34095764160156
2008-11-19,59.28211975097656
2008-11-20,54.88143157958984
2008-11-21,57.84189987182617
2008-11-24,61.849830627441406
2008-11-25,62.30807113647461
2008-11-26,64.71572875976562
2008-11-28,65.5304183959961
2008-12-01,59.72585678100586
2008-12-02,62.02441787719727
2008-12-03,63.51554870605469
2008-12-04,62.04622650146485
2008-12-05,63.95924377441406
2008-12-08,66.19235229492188
2008-12-09,65.10125732421875
2008-12-10,65.54496002197266
2008-12-11,63.96653366088867
2008-12-12,64.73027801513672
2008-12-15,63.82832717895508
2008-12-16,66.83244323730469
2008-12-17,66.1850357055664
2008-12-18,64.9485092163086
2008-12-19,64.66909790039062
2008-12-22,63.84049224853516
2008-12-23,63.1805305480957
2008-12-24,63.54718017578125
2008-12-26,63.91384506225586
2008-12-29,63.73049545288086
2008-12-30,65.24108123779297
2008-12-31,66.17234802246094
2009-01-02,68.16691589355469
2009-01-05,68.08623504638672
2009-01-06,68.54093933105469
2009-01-07,66.48768615722656
2009-01-08,66.75899505615234
2009-01-09,65.3290786743164
2009-01-12,63.75983047485352
2009-01-13,63.87715148925781
2009-01-14,61.867897033691406
2009-01-15,61.88992691040039
2009-01-16,62.37392044067383
2009-01-20,59.08143615722656
2009-01-21,61.633296966552734
2009-01-22,60.67999267578125
2009-01-23,60.94400024414063
2009-01-26,61.36199951171875
2009-01-27,61.98526763916016
2009-01-28,64.08247375488281
2009-01-29,61.99995422363281
2009-01-30,60.73867416381836
2009-02-02,60.55533218383789
2009-02-03,61.40595245361328
2009-02-04,61.10530853271485
2009-02-05,62.014610290527344
2009-02-06,63.7818489074707
2009-02-09,63.86983871459961
2009-02-10,60.94400024414063
2009-02-11,61.303321838378906
2009-02-12,61.347312927246094
2009-02-13,60.68732070922852
2009-02-17,58.09148025512695
2009-02-18,57.95214080810547
2009-02-19,57.32885360717773
2009-02-20,56.77154159545898
2009-02-23,54.740325927734375
2009-02-24,56.8155403137207
2009-02-25,56.36824798583984
2009-02-26,55.45162582397461
2009-02-27,54.21236038208008
2009-03-02,51.77049255371094
2009-03-03,51.38182830810547
2009-03-04,52.59908676147461
2009-03-05,50.4505615234375
2009-03-06,50.53855514526367
2009-03-09,49.94459533691406
2009-03-10,52.92176818847656
2009-03-11,53.26640701293945
2009-03-12,55.36362457275391
2009-03-13,55.79629135131836
2009-03-16,55.62761306762695
2009-03-17,57.32885360717773
2009-03-18,58.612117767333984
2009-03-19,57.886173248291016
2009-03-20,56.65351486206055
2009-03-23,60.72287368774414
2009-03-24,59.52644729614258
2009-03-25,60.15424346923828
2009-03-26,61.38018035888672
2009-03-27,60.27239227294922
2009-03-30,58.189697265625
2009-03-31,58.72882080078125
2009-04-01,59.866172790527344
2009-04-02,61.61652755737305
2009-04-03,62.22951126098633
2009-04-06,61.742069244384766
2009-04-07,60.30192947387695
2009-04-08,60.95182037353516
2009-04-09,63.37424850463867
2009-04-13,63.38901519775391
2009-04-14,62.29599380493164
2009-04-15,62.96067428588867
2009-04-16,63.88384628295898
2009-04-17,64.31218719482422
2009-04-20,61.61652755737305
2009-04-21,62.82034683227539
2009-04-22,62.43632125854492
2009-04-23,63.04928207397461
2009-04-24,64.00198364257812
2009-04-27,63.39643478393555
2009-04-28,63.19700241088867
2009-04-29,64.54114532470703
2009-04-30,64.56330871582031
2009-05-01,64.91040802001953
2009-05-04,67.11865234375
2009-05-05,66.88969421386719
2009-05-06,68.04923248291016
2009-05-07,67.1038818359375
2009-05-08,68.66960144042969
2009-05-11,67.3845443725586
2009-05-12,67.1851577758789
2009-05-13,65.49386596679688
2009-05-14,66.05516052246094
2009-05-15,65.5160140991211
2009-05-18,67.37715148925781
2009-05-19,67.2959213256836
2009-05-20,66.84540557861328
2009-05-21,65.88529968261719
2009-05-22,65.7449722290039
2009-05-26,67.4288558959961
2009-05-27,66.22502136230469
2009-05-28,67.14820098876953
2009-05-29,68.33726501464844
2009-06-01,69.99162292480469
2009-06-02,70.05067443847656
2009-06-03,69.16442108154297
2009-06-04,69.8143081665039
2009-06-05,69.82913208007812
2009-06-08,69.54108428955078
2009-06-09,69.89556121826172
2009-06-10,69.71831512451172
2009-06-11,70.02850341796875
2009-06-12,70.22051239013672
2009-06-15,68.6104965209961
2009-06-16,67.67994689941406
2009-06-17,67.61347961425781
2009-06-18,68.10831451416016
2009-06-19,68.35936737060547
2009-06-22,66.30946350097656
2009-06-23,66.36145782470703
2009-06-24,66.93334197998047
2009-06-25,68.3890609741211
2009-06-26,68.21080017089844
2009-06-29,68.84955596923828
2009-06-30,68.29248809814453
2009-07-01,68.57472229003906
2009-07-02,66.70309448242188
2009-07-06,66.6956787109375
2009-07-07,65.40332794189453
2009-07-08,65.35877990722656
2009-07-09,65.48503875732422
2009-07-10,65.32904815673828
2009-07-13,66.91850280761719
2009-07-14,67.29727935791016
2009-07-15,69.26544189453125
2009-07-16,69.15403747558594
2009-07-17,69.91160583496094
2009-07-20,70.65432739257812
2009-07-21,70.98111724853516
2009-07-22,70.96627807617188
2009-07-23,72.53339385986328
2009-07-24,72.83045959472656
2009-07-27,73.04585266113281
2009-07-28,72.70418548583984
2009-07-29,72.52596282958984
2009-07-30,73.28355407714844
2009-07-31,73.38749694824219
2009-08-03,74.59815216064453
2009-08-04,74.79122924804688
2009-08-05,74.57589721679688
2009-08-06,74.18964385986328
2009-08-07,75.1625747680664
2009-08-10,75.00666046142578
2009-08-11,74.0708236694336
2009-08-12,74.86551666259766
2009-08-13,75.43740844726562
2009-08-14,74.85807037353516
2009-08-17,73.01615905761719
2009-08-18,73.595458984375
2009-08-19,74.24166107177734
2009-08-20,75.00666046142578
2009-08-21,76.47721099853516
2009-08-24,76.46977996826172
2009-08-25,76.61833953857422
2009-08-26,76.6257553100586
2009-08-27,76.79657745361328
2009-08-28,76.78170013427734
2009-08-31,76.09841918945312
2009-09-01,74.41986846923828
2009-09-02,74.13765716552734
2009-09-03,74.75409698486328
2009-09-04,75.80133819580078
2009-09-08,76.45491027832031
2009-09-09,77.04166412353516
2009-09-10,77.8289566040039
2009-09-11,77.81409454345703
2009-09-14,78.19287872314453
2009-09-15,78.51964569091797
2009-09-16,79.70799255371094
2009-09-17,79.58917236328125
2009-09-18,79.63990783691406
2009-09-21,79.43844604492188
2009-09-22,79.90107727050781
2009-09-23,79.23694610595703
2009-09-24,78.36381530761719
2009-09-25,77.94593048095703
2009-09-28,79.34142303466797
2009-09-29,79.10262298583984
2009-09-30,78.79666900634766
2009-10-01,76.84146118164062
2009-10-02,76.48328399658203
2009-10-05,77.6250228881836
2009-10-06,78.73695373535156
2009-10-07,78.953369140625
2009-10-08,79.55784606933594
2009-10-09,80.0428695678711
2009-10-12,80.35631561279297
2009-10-13,80.19215393066406
2009-10-14,81.57270050048828
2009-10-15,81.8712158203125
2009-10-16,81.25928497314453
2009-10-19,81.93091583251953
2009-10-20,81.4980697631836
2009-10-21,80.76676177978516
2009-10-22,81.5876693725586
2009-10-23,80.65481567382812
2009-10-26,79.78170776367188
2009-10-27,79.41605377197266
2009-10-28,77.91606140136719
2009-10-29,79.58769989013672
2009-10-30,77.28173828125
2009-11-02,77.84892272949219
2009-11-03,78.0951919555664
2009-11-04,78.29662322998047
2009-11-05,79.73692321777344
2009-11-06,79.94586181640625
2009-11-09,81.76675415039062
2009-11-10,81.78167724609375
2009-11-11,82.19955444335938
2009-11-12,81.36376190185547
2009-11-13,81.80404663085938
2009-11-16,82.99059295654297
2009-11-17,83.08761596679688
2009-11-18,83.03536987304688
2009-11-19,81.95332336425781
2009-11-20,81.66226196289062
2009-11-23,82.69954681396484
2009-11-24,82.82640075683594
2009-11-25,83.11744689941406
2009-11-27,81.76675415039062
2009-11-30,82.0428466796875
2009-12-01,83.05774688720703
2009-12-02,83.02043151855469
2009-12-03,82.3711929321289
2009-12-04,82.84131622314453
2009-12-07,82.7144775390625
2009-12-08,81.79660034179688
2009-12-09,82.10257720947266
2009-12-10,82.56524658203125
2009-12-11,82.91596984863281
2009-12-14,83.48311614990234
2009-12-15,83.09503936767578
2009-12-16,83.2219009399414
2009-12-17,82.22195434570312
2009-12-18,82.6871337890625
2009-12-21,83.52745056152344
2009-12-22,83.82752990722656
2009-12-23,83.9925765991211
2009-12-24,84.39022064208984
2009-12-28,84.57030487060547
2009-12-29,84.45023345947266
2009-12-30,84.42023468017578
2009-12-31,83.60997009277344
2010-01-04,85.02796173095703
2010-01-05,85.25303649902344
2010-01-06,85.31307983398438
2010-01-07,85.67318725585938
2010-01-08,85.95829010009766
2010-01-11,86.07833862304688
2010-01-12,85.27555084228516
2010-01-13,85.99581146240234
2010-01-14,86.2283935546875
2010-01-15,85.26053619384766
2010-01-19,86.32592010498047
2010-01-20,85.44811248779297
2010-01-21,83.80501556396484
2010-01-22,81.9368667602539
2010-01-25,82.35699462890625
2010-01-26,82.01187896728516
2010-01-27,82.40200805664062
2010-01-28,81.4566879272461
2010-01-29,80.57134246826172
2010-02-01,81.82432556152344
2010-02-02,82.8146743774414
2010-02-03,82.40200805664062
2010-02-04,79.8586196899414
2010-02-05,80.0236587524414
2010-02-08,79.44599151611328
2010-02-09,80.44384002685547
2010-02-10,80.28626251220703
2010-02-11,81.12655639648438
2010-02-12,81.05902862548828
2010-02-16,82.3344955444336
2010-02-17,82.7246322631836
2010-02-18,83.2123031616211
2010-02-19,83.38488006591797
2010-02-22,83.39988708496094
2010-02-23,82.38700103759766
2010-02-24,83.14479064941406
2010-02-25,83.03224182128906
2010-02-26,83.08477020263672
2010-03-01,83.94757080078125
2010-03-02,84.18016815185547
2010-03-03,84.25517272949219
2010-03-04,84.51025390625
2010-03-05,85.71820068359375
2010-03-08,85.73323059082031
2010-03-09,85.87576293945312
2010-03-10,86.25840759277344
2010-03-11,86.6185302734375
2010-03-12,86.62602996826172
2010-03-15,86.64854431152344
2010-03-16,87.3387680053711
2010-03-17,87.85647583007812
2010-03-18,87.81147003173828
2010-03-19,87.36695861816406
2010-03-22,87.83406829833984
2010-03-23,88.45182037353516
2010-03-24,88.02239990234375
2010-03-25,87.8792495727539
2010-03-26,87.8265151977539
2010-03-29,88.38398742675781
2010-03-30,88.44428253173828
2010-03-31,88.14292907714844
2010-04-01,88.74564361572266
2010-04-05,89.46883392333984
2010-04-06,89.67976379394531
2010-04-07,89.16748046875
2010-04-08,89.47636413574219
2010-04-09,90.06399536132812
2010-04-12,90.2071304321289
2010-04-13,90.27491760253906
2010-04-14,91.29952239990234
2010-04-15,91.37483215332033
2010-04-16,89.92084503173828
2010-04-19,90.25987243652344
2010-04-20,91.0659637451172
2010-04-21,90.90022277832033
2010-04-22,91.1714096069336
2010-04-23,91.76656341552734
2010-04-26,91.42003631591795
2010-04-27,89.25788879394531
2010-04-28,89.93590545654297
2010-04-29,91.05088806152344
2010-04-30,89.50650024414062
2010-05-03,90.6667022705078
2010-05-04,88.53468322753906
2010-05-05,88.00730895996094
2010-05-06,85.08431243896484
2010-05-07,83.81865692138672
2010-05-10,87.51011657714844
2010-05-11,87.261474609375
2010-05-12,88.48191833496094
2010-05-13,87.38206481933594
2010-05-14,85.79998779296875
2010-05-17,85.84518432617188
2010-05-18,84.67749786376953
2010-05-19,84.1953125
2010-05-20,81.01616668701172
2010-05-21,82.19894409179688
2010-05-24,81.14421081542969
2010-05-25,81.22708129882812
2010-05-26,80.73741149902344
2010-05-27,83.44196319580078
2010-05-28,82.39480590820312
2010-06-01,81.00863647460938
2010-06-02,83.11803436279297
2010-06-03,83.40430450439453
2010-06-04,80.47370910644531
2010-06-07,79.47174072265625
2010-06-08,80.3230972290039
2010-06-09,79.89366149902344
2010-06-10,82.22906494140625
2010-06-11,82.62835693359375
2010-06-14,82.50028991699219
2010-06-15,84.37612915039062
2010-06-16,84.34599304199219
2010-06-17,84.48162078857422
2010-06-18,84.57321166992188
2010-06-21,84.33099365234375
2010-06-22,82.93818664550781
2010-06-23,82.68083190917969
2010-06-24,81.31078338623047
2010-06-25,81.6513900756836
2010-06-28,81.39403533935547
2010-06-29,78.88098907470703
2010-06-30,78.13159942626953
2010-07-01,77.78343200683594
2010-07-02,77.35956573486328
2010-07-06,77.86670684814453
2010-07-07,80.31917572021484
2010-07-08,81.11396026611328
2010-07-09,81.71954345703125
2010-07-12,81.77252960205078
2010-07-13,83.00634002685547
2010-07-14,82.99876403808594
2010-07-15,83.0214614868164
2010-07-16,80.73551940917969
2010-07-19,81.21237182617188
2010-07-20,82.11314392089844
2010-07-21,81.04582977294922
2010-07-22,82.8549575805664
2010-07-23,83.57405853271484
2010-07-26,84.44452667236328
2010-07-27,84.43695068359375
2010-07-28,83.89196014404297
2010-07-29,83.48316955566406
2010-07-30,83.46803283691406
2010-08-02,85.35284423828125
2010-08-03,84.94412994384766
2010-08-04,85.51180267333984
2010-08-05,85.42097473144531
2010-08-06,85.07280731201172
2010-08-09,85.52696228027344
2010-08-10,85.06520080566406
2010-08-11,82.73384094238281
2010-08-12,82.22669982910156
2010-08-13,81.98445892333984
2010-08-16,81.94660949707031
2010-08-17,82.95335388183594
2010-08-18,83.10472106933594
2010-08-19,81.65898132324219
2010-08-20,81.39403533935547
2010-08-23,81.08366394042969
2010-08-24,79.88015747070312
2010-08-25,80.19049072265625
2010-08-26,79.65306854248047
2010-08-27,80.88689422607422
2010-08-30,79.71363067626953
2010-08-31,79.71363067626953
2010-09-01,82.09799194335938
2010-09-02,82.86248016357422
2010-09-03,83.93736267089844
2010-09-07,82.9912109375
2010-09-08,83.57405853271484
2010-09-09,83.96006774902344
2010-09-10,84.38392639160156
2010-09-13,85.32256317138672
2010-09-14,85.26959228515625
2010-09-15,85.59504699707031
2010-09-16,85.57235717773438
2010-09-17,85.60432434082031
2010-09-20,86.91326141357422
2010-09-21,86.73822021484375
2010-09-22,86.31206512451172
2010-09-23,85.61192321777344
2010-09-24,87.37744140625
2010-09-27,86.95887756347656
2010-09-28,87.26333618164062
2010-09-29,87.11107635498047
2010-09-30,86.85238647460938
2010-10-01,87.21762084960938
2010-10-04,86.56319427490234
2010-10-05,88.30583953857422
2010-10-06,88.29825592041016
2010-10-07,88.19170379638672
2010-10-08,88.68635559082031
2010-10-11,88.77008056640625
2010-10-12,89.04401397705078
2010-10-13,89.73651123046875
2010-10-14,89.38648223876953
2010-10-15,89.56909942626953
2010-10-18,90.01045989990234
2010-10-19,88.83094787597656
2010-10-20,89.6984634399414
2010-10-21,89.89632415771484
2010-10-22,90.06373596191406
2010-10-25,90.3301010131836
2010-10-26,90.34532165527344
2010-10-27,90.08657836914062
2010-10-28,90.10181427001952
2010-10-29,90.1702880859375
2010-11-01,90.2007293701172
2010-11-02,90.9160614013672
2010-11-03,91.2813491821289
2010-11-04,93.03922271728516
2010-11-05,93.38928985595705
2010-11-08,93.21427917480467
2010-11-09,92.54460144042967
2010-11-10,92.91749572753906
2010-11-11,92.56742095947266
2010-11-12,91.47158813476562
2010-11-15,91.34222412109376
2010-11-16,89.91918182373047
2010-11-17,89.96482849121094
2010-11-18,91.28894805908205
2010-11-19,91.54010009765624
2010-11-22,91.46398162841795
2010-11-23,90.1398468017578
2010-11-24,91.47158813476562
2010-11-26,90.4062042236328
2010-11-29,90.68016052246094
2010-11-30,90.1702880859375
2010-12-01,92.0879898071289
2010-12-02,93.26752471923828
2010-12-03,93.51866912841795
2010-12-06,93.41973876953124
2010-12-07,93.47303009033205
2010-12-08,93.81546020507812
2010-12-09,94.1807861328125
2010-12-10,94.7286605834961
2010-12-13,94.78954315185548
2010-12-14,94.87322998046876
2010-12-15,94.43946838378906
2010-12-16,94.9874267578125
2010-12-17,95.0891571044922
2010-12-20,95.31863403320312
2010-12-21,95.9229965209961
2010-12-22,96.2213363647461
2010-12-23,96.0836410522461
2010-12-27,96.12188720703124
2010-12-28,96.25959777832033
2010-12-29,96.32843017578124
2010-12-30,96.17543029785156
2010-12-31,96.19837951660156
2011-01-03,97.19288635253906
2011-01-04,97.1393585205078
2011-01-05,97.64423370361328
2011-01-06,97.4529800415039
2011-01-07,97.26174926757812
2011-01-10,97.1393585205078
2011-01-11,97.48355102539062
2011-01-12,98.36334991455078
2011-01-13,98.20270538330078
2011-01-14,98.9141082763672
2011-01-18,99.08244323730467
2011-01-19,98.11085510253906
2011-01-20,97.98082733154295
2011-01-21,98.20270538330078
2011-01-24,98.76113891601562
2011-01-25,98.81465911865234
2011-01-26,99.19719696044922
2011-01-27,99.44195556640624
2011-01-28,97.70543670654295
2011-01-31,98.43982696533205
2011-02-01,100.01573181152344
2011-02-02,99.824462890625
2011-02-03,100.04632568359376
2011-02-04,100.32936096191406
2011-02-07,100.9566650390625
2011-02-08,101.41566467285156
2011-02-09,101.18618774414062
2011-02-10,101.22440338134766
2011-02-11,101.8287353515625
2011-02-14,102.07355499267578
2011-02-15,101.75226593017578
2011-02-16,102.39488983154295
2011-02-17,102.7008819580078
2011-02-18,102.91505432128906
2011-02-22,100.84959411621094
2011-02-23,100.2299346923828
2011-02-24,100.16105651855467
2011-02-25,101.23207092285156
2011-02-28,101.85935974121094
2011-03-01,100.16105651855467
2011-03-02,100.3752899169922
2011-03-03,102.10419464111328
2011-03-04,101.3391571044922
2011-03-07,100.54356384277344
2011-03-08,101.4233169555664
2011-03-09,101.27796936035156
2011-03-10,99.40374755859376
2011-03-11,100.09222412109376
2011-03-14,99.48786163330078
2011-03-15,98.3479995727539
2011-03-16,96.52735137939452
2011-03-17,97.80486297607422
2011-03-18,98.16061401367188
2011-03-21,99.68189239501952
2011-03-22,99.3361358642578
2011-03-23,99.6204071044922
2011-03-24,100.57312774658205
2011-03-25,100.88042449951172
2011-03-28,100.63459777832033
2011-03-29,101.31072998046876
2011-03-30,102.0099105834961
2011-03-31,101.87158203125
2011-04-01,102.30184173583984
2011-04-04,102.38639831542967
2011-04-05,102.3709945678711
2011-04-06,102.69371795654295
2011-04-07,102.43247985839844
2011-04-08,102.07904052734376
2011-04-11,101.77173614501952
2011-04-12,101.01107788085938
2011-04-13,101.00337982177734
2011-04-14,101.08020782470705
2011-04-15,101.44902801513672
2011-04-18,100.3119125366211
2011-04-19,100.88814544677734
2011-04-20,102.26346588134766
2011-04-21,102.78589630126952
2011-04-25,102.6783218383789
2011-04-26,103.56188201904295
2011-04-27,104.23804473876952
2011-04-28,104.57606506347656
2011-04-29,104.82191467285156
2011-05-02,104.6605987548828
2011-05-03,104.28412628173828
2011-05-04,103.59262084960938
2011-05-05,102.65528106689452
2011-05-06,103.10860443115234
2011-05-09,103.50812530517578
2011-05-10,104.3917007446289
2011-05-11,103.29298400878906
2011-05-12,103.7847137451172
2011-05-13,102.98567199707033
2011-05-16,102.33258819580078
2011-05-17,102.31717681884766
2011-05-18,103.23155212402344
2011-05-19,103.4773941040039
2011-05-20,102.65528106689452
2011-05-23,101.46439361572266
2011-05-24,101.3798828125
2011-05-25,101.7179183959961
2011-05-26,102.1866226196289
2011-05-27,102.5784683227539
2011-05-31,103.64641571044922
2011-06-01,101.31841278076172
2011-06-02,101.21085357666016
2011-06-03,100.20436096191406
2011-06-06,99.14405059814452
2011-06-07,99.0826187133789
2011-06-08,98.66770935058594
2011-06-09,99.42064666748048
2011-06-10,98.03768920898438
2011-06-13,98.114501953125
2011-06-14,99.35918426513672
2011-06-15,97.59205627441406
2011-06-16,97.80719757080078
2011-06-17,98.09906768798828
2011-06-20,98.60091400146484
2011-06-21,99.9521713256836
2011-06-22,99.3498764038086
2011-06-23,99.064208984375
2011-06-24,97.91372680664062
2011-06-27,98.7862548828125
2011-06-28,100.07571411132812
2011-06-29,100.93277740478516
2011-06-30,101.8979263305664
2011-07-01,103.4035873413086
2011-07-05,103.31864166259766
2011-07-06,103.4421844482422
2011-07-07,104.51547241210938
2011-07-08,103.77420043945312
2011-07-11,101.8979263305664
2011-07-12,101.45781707763672
2011-07-13,101.7975082397461
2011-07-14,101.09489440917967
2011-07-15,101.68173217773438
2011-07-18,100.84786224365234
2011-07-19,102.48474884033205
2011-07-20,102.4229965209961
2011-07-21,103.84371185302734
2011-07-22,103.9131851196289
2011-07-25,103.3341064453125
2011-07-26,102.9480209350586
2011-07-27,100.8401336669922
2011-07-28,100.54673767089844
2011-07-29,99.8594970703125
2011-08-01,99.43482971191406
2011-08-02,96.89452362060548
2011-08-03,97.41958618164062
2011-08-04,92.85628509521484
2011-08-05,92.71733856201172
2011-08-08,86.67922973632812
2011-08-09,90.7097625732422
2011-08-10,86.702392578125
2011-08-11,90.5939712524414
2011-08-12,91.2039566040039
2011-08-15,93.1342315673828
2011-08-16,92.3389663696289
2011-08-17,92.40071868896484
2011-08-18,88.41656494140625
2011-08-19,86.97266387939453
2011-08-22,87.04215240478516
2011-08-23,89.90673828125
2011-08-24,91.1730499267578
2011-08-25,89.78321838378906
2011-08-26,91.08811950683594
2011-08-29,93.7056655883789
2011-08-30,93.95270538330078
2011-08-31,94.3696517944336
2011-09-01,93.38134002685548
2011-09-02,90.99545288085938
2011-09-06,90.33142852783205
2011-09-07,92.87943267822266
2011-09-08,91.9142837524414
2011-09-09,89.50525665283203
2011-09-12,90.08434295654295
2011-09-13,90.91050720214844
2011-09-14,92.16912078857422
2011-09-15,93.75968170166016
2011-09-16,94.31459045410156
2011-09-19,93.37550354003906
2011-09-20,93.26683807373048
2011-09-21,90.51934051513672
2011-09-22,87.59336853027344
2011-09-23,88.12112426757812
2011-09-26,90.21665954589844
2011-09-27,91.22567749023438
2011-09-28,89.36296081542969
2011-09-29,90.06922912597656
2011-09-30,87.81844329833984
2011-10-03,85.3193130493164
2011-10-04,87.18977355957031
2011-10-05,88.80413055419922
2011-10-06,90.41069793701172
2011-10-07,89.80531311035156
2011-10-10,92.80892181396484
2011-10-11,92.90208435058594
2011-10-12,93.71698760986328
2011-10-13,93.5307159423828
2011-10-14,95.12955474853516
2011-10-17,93.31340026855467
2011-10-18,95.13731384277344
2011-10-19,94.01190948486328
2011-10-20,94.42325592041016
2011-10-21,96.21612548828124
2011-10-24,97.39581298828124
2011-10-25,95.50210571289062
2011-10-26,96.47223663330078
2011-10-27,99.8328628540039
2011-10-28,99.80958557128906
2011-10-31,97.40357208251952
2011-11-01,94.6871566772461
2011-11-02,96.23163604736328
2011-11-03,97.98565673828124
2011-11-04,97.3880615234375
2011-11-07,97.9934539794922
2011-11-08,99.2507553100586
2011-11-09,95.58745574951172
2011-11-10,96.4877700805664
2011-11-11,98.3039093017578
2011-11-14,97.37252807617188
2011-11-15,97.8537368774414
2011-11-16,96.30150604248048
2011-11-17,94.7725601196289
2011-11-18,94.67161560058594
2011-11-21,92.87104034423828
2011-11-22,92.5062255859375
2011-11-23,90.46503448486328
2011-11-25,90.29428100585938
2011-11-28,92.90983581542967
2011-11-29,93.1737060546875
2011-11-30,97.0077667236328
2011-12-01,96.99224853515624
2011-12-02,96.9068603515625
2011-12-05,97.96243286132812
2011-12-06,97.9934539794922
2011-12-07,98.35823059082033
2011-12-08,96.20059967041016
2011-12-09,97.8304672241211
2011-12-12,96.40238189697266
2011-12-13,95.50210571289062
2011-12-14,94.48533630371094
2011-12-15,94.82686614990234
2011-12-16,94.96745300292967
2011-12-19,93.95206451416016
2011-12-20,96.79508209228516
2011-12-21,96.98255920410156
2011-12-22,97.8416976928711
2011-12-23,98.7164535522461
2011-12-27,98.7945785522461
2011-12-28,97.49803924560548
2011-12-29,98.5055694580078
2011-12-30,98.02131652832033
2012-01-03,99.58342742919922
2012-01-04,99.73960876464844
2012-01-05,100.00518798828124
2012-01-06,99.74744415283205
2012-01-09,99.98956298828124
2012-01-10,100.85652160644533
2012-01-11,100.91119384765624
2012-01-12,101.15331268310548
2012-01-13,100.63003540039062
2012-01-17,101.02056121826172
2012-01-18,102.13745880126952
2012-01-19,102.67636108398438
2012-01-20,103.05911254882812
2012-01-23,102.79354858398438
2012-01-24,102.67636108398438
2012-01-25,103.53549194335938
2012-01-26,103.00440979003906
2012-01-27,102.95758056640624
2012-01-30,102.60604858398438
2012-01-31,102.56703186035156
2012-02-01,103.46521759033205
2012-02-02,103.62925720214844
2012-02-03,105.08194732666016
2012-02-06,105.01168060302734
2012-02-07,105.27723693847656
2012-02-08,105.58966064453124
2012-02-09,105.72248077392578
2012-02-10,104.94143676757812
2012-02-13,105.72248077392578
2012-02-14,105.58966064453124
2012-02-15,105.09760284423828
2012-02-16,106.26138305664062
2012-02-17,106.54254913330078
2012-02-21,106.58940887451172
2012-02-22,106.2457504272461
2012-02-23,106.71442413330078
2012-02-24,106.94864654541016
2012-02-27,107.12832641601562
2012-02-28,107.44075012207033
2012-02-29,107.01898193359376
2012-03-01,107.57352447509766
2012-03-02,107.24549865722656
2012-03-05,106.80809783935548
2012-03-06,105.24598693847656
2012-03-07,105.980224609375
2012-03-08,107.03461456298828
2012-03-09,107.44855499267578
2012-03-12,107.45637512207033
2012-03-13,109.39340209960938
2012-03-14,109.27620697021484
2012-03-15,109.90884399414062
2012-03-16,110.0610580444336
2012-03-19,110.49249267578124
2012-03-20,110.17086791992188
2012-03-21,109.9904556274414
2012-03-22,109.19813537597656
2012-03-23,109.55113983154295
2012-03-26,111.0887222290039
2012-03-27,110.74354553222656
2012-03-28,110.19440460205078
2012-03-29,110.00613403320312
2012-03-30,110.4611358642578
2012-04-02,111.26912689208984
2012-04-03,110.81410217285156
2012-04-04,109.71589660644533
2012-04-05,109.66098022460938
2012-04-09,108.42936706542967
2012-04-10,106.60938262939452
2012-04-11,107.4722900390625
2012-04-12,108.8765106201172
2012-04-13,107.58213806152344
2012-04-16,107.51153564453124
2012-04-17,109.10399627685548
2012-04-18,108.7353057861328
2012-04-19,108.0371322631836
2012-04-20,108.21755981445312
2012-04-23,107.30754089355467
2012-04-24,107.71549987792967
2012-04-25,109.19032287597656
2012-04-26,109.95124816894533
2012-04-27,110.13170623779295
2012-04-30,109.72372436523438
2012-05-01,110.40621185302734
2012-05-02,110.07674407958984
2012-05-03,109.23738861083984
2012-05-04,107.4722900390625
2012-05-07,107.55076599121094
2012-05-08,107.11929321289062
2012-05-09,106.4839096069336
2012-05-10,106.70354461669922
2012-05-11,106.38186645507812
2012-05-14,105.2052001953125
2012-05-15,104.60114288330078
2012-05-16,104.2010726928711
2012-05-17,102.65567016601562
2012-05-18,101.77706146240234
2012-05-21,103.5264129638672
2012-05-22,103.70682525634766
2012-05-23,103.76177215576172
2012-05-24,103.96573638916016
2012-05-25,103.62840270996094
2012-05-29,104.883544921875
2012-05-30,103.36167907714844
2012-05-31,103.1341781616211
2012-06-01,100.53758239746094
2012-06-04,100.49053192138672
2012-06-05,101.25144958496094
2012-06-06,103.5264129638672
2012-06-07,103.58917999267578
2012-06-08,104.4128875732422
2012-06-11,103.08715057373048
2012-06-12,104.27167510986328
2012-06-13,103.60486602783205
2012-06-14,104.70316314697266
2012-06-15,105.77392578125
2012-06-18,105.97897338867188
2012-06-19,107.00408172607422
2012-06-20,106.83059692382812
2012-06-21,104.43345642089844
2012-06-22,105.23777770996094
2012-06-25,103.55030822753906
2012-06-26,104.07070922851562
2012-06-27,105.00901794433594
2012-06-28,104.7094268798828
2012-06-29,107.31948852539062
2012-07-02,107.64279174804688
2012-07-03,108.35246276855467
2012-07-05,107.86354064941406
2012-07-06,106.83847045898438
2012-07-09,106.70440673828124
2012-07-10,105.77392578125
2012-07-11,105.78973388671876
2012-07-12,105.27719116210938
2012-07-13,107.0435028076172
2012-07-16,106.79115295410156
2012-07-17,107.52447509765624
2012-07-18,108.3209228515625
2012-07-19,108.6047821044922
2012-07-20,107.61122131347656
2012-07-23,106.52304077148438
2012-07-24,105.60833740234376
2012-07-25,105.63201904296876
2012-07-26,107.37466430664062
2012-07-27,109.35386657714844
2012-07-30,109.35386657714844
2012-07-31,108.58905792236328
2012-08-01,108.494384765625
2012-08-02,107.74527740478516
2012-08-03,109.8822250366211
2012-08-06,110.09513092041016
2012-08-07,110.64710235595705
2012-08-08,110.78114318847656
2012-08-09,110.87574005126952
2012-08-10,111.05709075927734
2012-08-13,111.00193786621094
2012-08-14,111.01771545410156
2012-08-15,111.14380645751952
2012-08-16,111.96393585205078
2012-08-17,112.11380004882812
2012-08-20,112.1216278076172
2012-08-21,111.78258514404295
2012-08-22,111.82989501953124
2012-08-23,110.9151840209961
2012-08-24,111.58547973632812
2012-08-27,111.60910034179688
2012-08-28,111.49871826171876
2012-08-29,111.58547973632812
2012-08-30,110.78114318847656
2012-08-31,111.30946350097656
2012-09-04,111.20701599121094
2012-09-05,111.11234283447266
2012-09-06,113.3675537109375
2012-09-07,113.8091049194336
2012-09-10,113.1624984741211
2012-09-11,113.47795867919922
2012-09-12,113.85641479492188
2012-09-13,115.59123229980467
2012-09-14,116.1037368774414
2012-09-17,115.70950317382812
2012-09-18,115.6148681640625
2012-09-19,115.67790985107422
2012-09-20,115.68580627441406
2012-09-21,115.63748168945312
2012-09-24,115.46308135986328
2012-09-25,114.23429107666016
2012-09-26,113.5921859741211
2012-09-27,114.6623992919922
2012-09-28,114.1312484741211
2012-10-01,114.4325180053711
2012-10-02,114.55138397216795
2012-10-03,115.01914978027344
2012-10-04,115.84357452392578
2012-10-05,115.85153198242188
2012-10-08,115.45515441894533
2012-10-09,114.3135757446289
2012-10-10,113.58425903320312
2012-10-11,113.6476593017578
2012-10-12,113.27507781982422
2012-10-15,114.21846771240234
2012-10-16,115.37590026855467
2012-10-17,115.89908599853516
2012-10-18,115.59782409667967
2012-10-19,113.67144012451172
2012-10-22,113.68733215332033
2012-10-23,112.10975646972656
2012-10-24,111.79265594482422
2012-10-25,112.11767578125
2012-10-26,112.05429077148438
2012-10-31,112.05429077148438
2012-11-01,113.22753143310548
2012-11-02,112.22077178955078
2012-11-05,112.4506607055664
2012-11-06,113.33062744140624
2012-11-07,110.76209259033205
2012-11-08,109.43022918701172
2012-11-09,109.52545166015624
2012-11-12,109.61265563964844
2012-11-13,109.23211669921876
2012-11-14,107.75762939453124
2012-11-15,107.57527923583984
2012-11-16,108.1063995361328
2012-11-19,110.29437255859376
2012-11-20,110.34197235107422
2012-11-21,110.54808807373048
2012-11-23,112.05429077148438
2012-11-26,111.81647491455078
2012-11-27,111.24568939208984
2012-11-28,112.14147186279295
2012-11-29,112.6646957397461
2012-11-30,112.6884536743164
2012-12-03,112.13355255126952
2012-12-04,111.97498321533205
2012-12-05,112.1732177734375
2012-12-06,112.5536880493164
2012-12-07,112.89458465576172
2012-12-10,112.9421615600586
2012-12-11,113.71109008789062
2012-12-12,113.76657104492188
2012-12-13,113.06897735595705
2012-12-14,112.6488265991211
2012-12-17,113.97272491455078
2012-12-18,115.24108123779295
2012-12-19,114.38492584228516
2012-12-20,115.04287719726562
2012-12-21,113.99862670898438
2012-12-24,113.64734649658205
2012-12-26,113.1683349609375
2012-12-27,113.0167007446289
2012-12-28,111.79517364501952
2012-12-31,113.6953125
2013-01-02,116.60929870605467
2013-01-03,116.3458480834961
2013-01-04,116.85681915283205
2013-01-07,116.53746032714844
2013-01-08,116.2021484375
2013-01-09,116.49752807617188
2013-01-10,117.42369079589844
2013-01-11,117.41568756103516
2013-01-14,117.33585357666016
2013-01-15,117.41568756103516
2013-01-16,117.39973449707033
2013-01-17,118.1581039428711
2013-01-18,118.4216079711914
2013-01-22,119.06026458740234
2013-01-23,119.2519073486328
2013-01-24,119.2837905883789
2013-01-25,119.95446014404295
2013-01-28,119.81075286865234
2013-01-29,120.28180694580078
2013-01-30,119.81075286865234
2013-01-31,119.51535034179688
2013-02-01,120.744873046875
2013-02-04,119.3876495361328
2013-02-05,120.5931396484375
2013-02-06,120.68092346191406
2013-02-07,120.52129364013672
2013-02-08,121.19190216064452
2013-02-11,121.16793823242188
2013-02-12,121.36758422851562
2013-02-13,121.47135162353516
2013-02-14,121.58308410644533
2013-02-15,121.4394302368164
2013-02-19,122.34954833984376
2013-02-20,120.82469940185548
2013-02-21,120.0901870727539
2013-02-22,121.26378631591795
2013-02-25,118.9565200805664
2013-02-26,119.7707977294922
2013-02-27,121.2797622680664
2013-02-28,121.04029083251952
2013-03-01,121.4394302368164
2013-03-04,122.08606719970705
2013-03-05,123.17984008789062
2013-03-06,123.34750366210938
2013-03-07,123.57110595703124
2013-03-08,124.09798431396484
2013-03-11,124.56901550292967
2013-03-12,124.28958892822266
2013-03-13,124.4652862548828
2013-03-14,125.12781524658205
2013-03-15,124.96265411376952
2013-03-18,124.27305603027344
2013-03-19,123.98434448242188
2013-03-20,124.8503875732422
2013-03-21,123.78382873535156
2013-03-22,124.77822875976562
2013-03-25,124.2569808959961
2013-03-26,125.25135803222656
2013-03-27,125.25135803222656
2013-03-28,125.63631439208984
2013-04-01,125.13910675048828
2013-04-02,125.75664520263672
2013-04-03,124.48153686523438
2013-04-04,124.98670959472656
2013-04-05,124.42542266845705
2013-04-08,125.26742553710938
2013-04-09,125.7004623413086
2013-04-10,127.24017333984376
2013-04-11,127.65711212158205
2013-04-12,127.3443603515625
2013-04-15,124.3932647705078
2013-04-16,126.2296905517578
2013-04-17,124.3852996826172
2013-04-18,123.60742950439452
2013-04-19,124.68202209472656
2013-04-22,125.2353515625
2013-04-23,126.5264892578125
2013-04-24,126.60657501220705
2013-04-25,127.11985778808594
2013-04-26,126.8952865600586
2013-04-29,127.74535369873048
2013-04-30,128.0501251220703
2013-05-01,126.92735290527344
2013-05-02,128.1061553955078
2013-05-03,129.40525817871094
2013-05-06,129.73414611816406
2013-05-07,130.39169311523438
2013-05-08,130.98507690429688
2013-05-09,130.61614990234375
2013-05-10,131.04122924804688
2013-05-13,131.14549255371094
2013-05-14,132.50070190429688
2013-05-15,133.2144317626953
2013-05-16,132.58892822265625
2013-05-17,133.8719482421875
2013-05-20,133.86392211914062
2013-05-21,134.05638122558594
2013-05-22,133.0620574951172
2013-05-23,132.67709350585938
2013-05-24,132.56484985351562
2013-05-28,133.35874938964844
2013-05-29,132.49269104003906
2013-05-30,132.98187255859375
2013-05-31,131.07327270507812
2013-06-03,131.79502868652344
2013-06-04,131.1615447998047
2013-06-05,129.32513427734375
2013-06-06,130.4959259033203
2013-06-07,132.15586853027344
2013-06-10,132.15586853027344
2013-06-11,130.7926483154297
2013-06-12,129.71002197265625
2013-06-13,131.68280029296875
2013-06-14,130.85679626464844
2013-06-17,131.86717224121094
2013-06-18,132.90968322753906
2013-06-19,131.07327270507812
2013-06-20,127.82553100585938
2013-06-21,128.23587036132812
2013-06-24,126.61550903320312
2013-06-25,127.8327865600586
2013-06-26,129.0984649658203
2013-06-27,129.85629272460938
2013-06-28,129.32415771484375
2013-07-01,130.08192443847656
2013-07-02,129.9610137939453
2013-07-03,130.01748657226562
2013-07-05,131.42013549804688
2013-07-08,132.169921875
2013-07-09,133.12118530273438
2013-07-10,133.1695556640625
2013-07-11,134.9833984375
2013-07-12,135.03982543945312
2013-07-15,135.55580139160156
2013-07-16,135.0479278564453
2013-07-17,135.39451599121094
2013-07-18,136.13619995117188
2013-07-19,136.37806701660156
2013-07-22,136.64414978027344
2013-07-23,136.35389709472656
2013-07-24,135.8540802001953
2013-07-25,136.18458557128906
2013-07-26,136.3296661376953
2013-07-29,135.91050720214844
2013-07-30,135.91050720214844
2013-07-31,136.00721740722656
2013-08-01,137.57923889160156
2013-08-02,137.81297302246094
2013-08-05,137.61151123046875
2013-08-06,136.82949829101562
2013-08-07,136.38609313964844
2013-08-08,136.88595581054688
2013-08-09,136.49090576171875
2013-08-12,136.3296661376953
2013-08-13,136.73280334472656
2013-08-14,136.03140258789062
2013-08-15,134.12887573242188
2013-08-16,133.68553161621094
2013-08-19,132.83094787597656
2013-08-20,133.48394775390625
2013-08-21,132.66163635253906
2013-08-22,133.8709259033203
2013-08-23,134.3223419189453
2013-08-26,133.822509765625
2013-08-27,131.6700897216797
2013-08-28,132.13763427734375
2013-08-29,132.34722900390625
2013-08-30,131.92807006835938
2013-09-03,132.52459716796875
2013-09-04,133.62098693847656
2013-09-05,133.79031372070312
2013-09-06,133.8547821044922
2013-09-09,135.13661193847656
2013-09-10,136.13619995117188
2013-09-11,136.56350708007812
2013-09-12,136.20071411132812
2013-09-13,136.507080078125
2013-09-16,137.29708862304688
2013-09-17,137.9097900390625
2013-09-18,139.5059814453125
2013-09-19,139.27220153808594
2013-09-20,138.29849243164062
2013-09-23,137.65846252441406
2013-09-24,137.33441162109375
2013-09-25,136.93746948242188
2013-09-26,137.46412658691406
2013-09-27,136.83221435546875
2013-09-30,136.10313415527344
2013-10-01,137.1805419921875
2013-10-02,137.05087280273438
2013-10-03,135.78721618652344
2013-10-04,136.81597900390625
2013-10-07,135.6332550048828
2013-10-08,134.0535888671875
2013-10-09,134.15078735351562
2013-10-10,137.0428466796875
2013-10-11,137.9258270263672
2013-10-14,138.47666931152344
2013-10-15,137.47213745117188
2013-10-16,139.39208984375
2013-10-17,140.3236846923828
2013-10-18,141.27149963378906
2013-10-21,141.27960205078125
2013-10-22,142.09780883789062
2013-10-23,141.41732788085938
2013-10-24,141.88714599609375
2013-10-25,142.53524780273438
2013-10-28,142.76206970214844
2013-10-29,143.52359008789062
2013-10-30,142.81063842773438
2013-10-31,142.40562438964844
2013-11-01,142.74586486816406
2013-11-04,143.2480926513672
2013-11-05,142.79449462890625
2013-11-06,143.52359008789062
2013-11-07,141.7089385986328
2013-11-08,143.62071228027344
2013-11-11,143.64503479003906
2013-11-12,143.3533935546875
2013-11-13,144.5037841796875
2013-11-14,145.22470092773438
2013-11-15,145.8566131591797
2013-11-18,145.34625244140625
2013-11-19,145.03028869628906
2013-11-20,144.57667541503906
2013-11-21,145.7431640625
2013-11-22,146.4722900390625
2013-11-25,146.3264923095703
2013-11-26,146.36695861816406
2013-11-27,146.72335815429688
2013-11-29,146.62620544433594
2013-12-02,146.24542236328125
2013-12-03,145.613525390625
2013-12-04,145.59738159179688
2013-12-05,144.9574432373047
2013-12-06,146.57760620117188
2013-12-09,146.9502410888672
2013-12-10,146.42369079589844
2013-12-11,144.77923583984375
2013-12-12,144.3011932373047
2013-12-13,144.2850341796875
2013-12-16,145.1842498779297
2013-12-17,144.7224884033203
2013-12-18,147.1932373046875
2013-12-19,147.02313232421875
2013-12-20,147.87831115722656
2013-12-23,148.6684112548828
2013-12-24,148.9941864013672
2013-12-26,149.75167846679688
2013-12-27,149.7434844970703
2013-12-30,149.7191162109375
2013-12-31,150.42770385742188
2014-01-02,148.98602294921875
2014-01-03,148.961669921875
2014-01-06,148.52989196777344
2014-01-07,149.44215393066406
2014-01-08,149.47471618652344
2014-01-09,149.57244873046875
2014-01-10,149.97967529296875
2014-01-13,147.9841766357422
2014-01-14,149.5968780517578
2014-01-15,150.40321350097656
2014-01-16,150.20770263671875
2014-01-17,149.57244873046875
2014-01-21,150.0122528076172
2014-01-22,150.1100311279297
2014-01-23,148.88014221191406
2014-01-24,145.7036895751953
2014-01-27,144.9869384765625
2014-01-28,145.85023498535156
2014-01-29,144.4492950439453
2014-01-30,145.9805908203125
2014-01-31,145.1253662109375
2014-02-03,141.85928344726562
2014-02-04,142.8529510498047
2014-02-05,142.67376708984375
2014-02-06,144.5552215576172
2014-02-07,146.3470916748047
2014-02-10,146.61587524414062
2014-02-11,148.22039794921875
2014-02-12,148.29373168945312
2014-02-13,149.05931091308594
2014-02-14,149.8819580078125
2014-02-18,150.06114196777344
2014-02-19,149.0675048828125
2014-02-20,149.94715881347656
2014-02-21,149.77606201171875
2014-02-24,150.60687255859375
2014-02-25,150.54986572265625
2014-02-26,150.5580291748047
2014-02-27,151.34805297851562
2014-02-28,151.73089599609375
2014-03-03,150.66390991210938
2014-03-04,152.7815399169922
2014-03-05,152.92001342773438
2014-03-06,153.2702178955078
2014-03-07,153.33538818359375
2014-03-10,153.2539825439453
2014-03-11,152.4964599609375
2014-03-12,152.53720092773438
2014-03-13,150.8267822265625
2014-03-14,150.40321350097656
2014-03-17,151.7635040283203
2014-03-18,152.8467254638672
2014-03-19,152.0322265625
2014-03-20,152.92001342773438
2014-03-21,152.326904296875
2014-03-24,151.6969757080078
2014-03-25,152.4169158935547
2014-03-26,151.32061767578125
2014-03-27,151.0015869140625
2014-03-28,151.7460479736328
2014-03-31,152.9895782470703
2014-04-01,154.00396728515625
2014-04-02,154.51937866210938
2014-04-03,154.31488037109375
2014-04-04,152.4905548095703
2014-04-07,150.8052520751953
2014-04-08,151.42703247070312
2014-04-09,153.05499267578125
2014-04-10,149.83995056152344
2014-04-11,148.4900665283203
2014-04-14,149.66000366210938
2014-04-15,150.69073486328125
2014-04-16,152.2696533203125
2014-04-17,152.4823455810547
2014-04-21,153.01406860351562
2014-04-22,153.7095184326172
2014-04-23,153.3494873046875
2014-04-24,153.66038513183594
2014-04-25,152.40057373046875
2014-04-28,152.8832244873047
2014-04-29,153.5949249267578
2014-04-30,154.05307006835938
2014-05-01,154.06948852539062
2014-05-02,153.8485565185547
2014-05-05,154.14306640625
2014-05-06,152.8013916015625
2014-05-07,153.70130920410156
2014-05-08,153.5376739501953
2014-05-09,153.76670837402344
2014-05-12,155.26380920410156
2014-05-13,155.40283203125
2014-05-14,154.66659545898438
2014-05-15,153.3085479736328
2014-05-16,153.84034729003906
2014-05-19,154.40484619140625
2014-05-20,153.4313201904297
2014-05-21,154.72389221191406
2014-05-22,155.1001739501953
2014-05-23,155.721923828125
2014-05-27,156.6790771484375
2014-05-28,156.56454467773438
2014-05-29,157.37451171875
2014-05-30,157.62803649902344
2014-06-02,157.80804443359375
2014-06-03,157.72625732421875
2014-06-04,158.04527282714844
2014-06-05,159.0760955810547
2014-06-06,159.8369140625
2014-06-09,160.00050354003906
2014-06-10,160.01687622070312
2014-06-11,159.46060180664062
2014-06-12,158.33164978027344
2014-06-13,158.8142547607422
2014-06-16,158.94520568847656
2014-06-17,159.38694763183594
2014-06-18,160.55686950683594
2014-06-19,160.7367706298828
2014-06-20,161.06312561035156
2014-06-23,161.01380920410156
2014-06-24,160.04388427734375
2014-06-25,160.76719665527344
2014-06-26,160.65216064453125
2014-06-27,160.96446228027344
2014-06-30,160.88232421875
2014-07-01,161.95909118652344
2014-07-02,162.12347412109375
2014-07-03,162.92080688476562
2014-07-07,162.35366821289062
2014-07-08,161.30975341796875
2014-07-09,162.03311157226562
2014-07-10,161.3919219970703
2014-07-11,161.6138458251953
2014-07-14,162.42767333984375
2014-07-15,162.12347412109375
2014-07-16,162.72357177734375
2014-07-17,160.87405395507812
2014-07-18,162.51803588867188
2014-07-21,162.2138671875
2014-07-22,162.92080688476562
2014-07-23,163.28257751464844
2014-07-24,163.29074096679688
2014-07-25,162.52627563476562
2014-07-28,162.592041015625
2014-07-29,161.89328002929688
2014-07-30,161.9180145263672
2014-07-31,158.7204132080078
2014-08-01,158.23548889160156
2014-08-04,159.3780059814453
2014-08-05,157.83265686035156
2014-08-06,157.8819580078125
2014-08-07,157.027099609375
2014-08-08,158.84371948242188
2014-08-11,159.30404663085938
2014-08-12,159.0821533203125
2014-08-13,160.15890502929688
2014-08-14,160.91513061523438
2014-08-15,160.88232421875
2014-08-18,162.23036193847656
2014-08-19,163.07704162597656
2014-08-20,163.51268005371094
2014-08-21,163.9894561767578
2014-08-22,163.7346649169922
2014-08-25,164.56483459472656
2014-08-26,164.6717071533203
2014-08-27,164.60594177246094
2014-08-28,164.5155029296875
2014-08-29,164.98406982421875
2014-09-02,164.90185546875
2014-09-03,164.81149291992188
2014-09-04,164.5730438232422
2014-09-05,165.31285095214844
2014-09-08,164.8854217529297
2014-09-09,163.84152221679688
2014-09-10,164.4580078125
2014-09-11,164.6470489501953
2014-09-12,163.68533325195312
2014-09-15,163.5619659423828
2014-09-16,164.7949676513672
2014-09-17,165.01695251464844
2014-09-18,165.89649963378906
2014-09-19,165.74703979492188
2014-09-22,164.46693420410156
2014-09-23,163.5254669189453
2014-09-24,164.80555725097656
2014-09-25,162.14634704589844
2014-09-26,163.4346466064453
2014-09-29,163.13735961914062
2014-09-30,162.70791625976562
2014-10-01,160.50291442871094
2014-10-02,160.5276641845703
2014-10-03,162.2949676513672
2014-10-06,162.1050567626953
2014-10-07,159.60275268554688
2014-10-08,162.39402770996094
2014-10-09,159.17330932617188
2014-10-10,157.35641479492188
2014-10-13,154.7715301513672
2014-10-14,155.01101684570312
2014-10-15,153.9622039794922
2014-10-16,153.83010864257812
2014-10-17,155.64688110351562
2014-10-20,157.15823364257812
2014-10-21,160.27166748046875
2014-10-22,159.1320343017578
2014-10-23,160.9818878173828
2014-10-24,162.22064208984375
2014-10-27,161.99769592285156
2014-10-28,163.85581970214844
2014-10-29,163.6080322265625
2014-10-30,164.65687561035156
2014-10-31,166.5398406982422
2014-11-03,166.63064575195312
2014-11-04,166.05259704589844
2014-11-05,167.10140991210938
2014-11-06,167.7703399658203
2014-11-07,167.92727661132812
2014-11-10,168.45582580566406
2014-11-11,168.6209259033203
2014-11-12,168.43930053710938
2014-11-13,168.62925720214844
2014-11-14,168.67056274414062
2014-11-17,168.77786254882812
2014-11-18,169.75238037109375
2014-11-19,169.4798126220703
2014-11-20,169.77716064453125
2014-11-21,170.685546875
2014-11-24,171.16455078125
2014-11-25,171.04066467285156
2014-11-26,171.47837829589844
2014-11-28,171.11497497558594
2014-12-01,169.92578125
2014-12-02,171.024169921875
2014-12-03,171.68484497070312
2014-12-04,171.4949188232422
2014-12-05,171.77572631835938
2014-12-08,170.62770080566406
2014-12-09,170.5121612548828
2014-12-10,167.7786407470703
2014-12-11,168.62925720214844
2014-12-12,165.90391540527344
2014-12-15,164.76429748535156
2014-12-16,163.44288635253906
2014-12-17,166.6471405029297
2014-12-18,170.7681884765625
2014-12-19,171.4947509765625
2014-12-22,172.2836456298828
2014-12-23,172.5161590576172
2014-12-24,172.5326690673828
2014-12-26,173.08912658691406
2014-12-29,173.3217010498047
2014-12-30,172.39161682128906
2014-12-31,170.68099975585938
2015-01-02,170.589599609375
2015-01-05,167.5088653564453
2015-01-06,165.9310760498047
2015-01-07,167.99874877929688
2015-01-08,170.9799041748047
2015-01-09,169.60972595214844
2015-01-12,168.2810821533203
2015-01-13,167.80776977539062
2015-01-14,166.79464721679688
2015-01-15,165.26673889160156
2015-01-16,167.4340362548828
2015-01-20,167.79116821289062
2015-01-21,168.63815307617188
2015-01-22,171.14596557617188
2015-01-23,170.20758056640625
2015-01-26,170.60623168945312
2015-01-27,168.3558349609375
2015-01-28,166.19677734375
2015-01-29,167.73304748535156
2015-01-30,165.623779296875
2015-02-02,167.67483520507812
2015-02-03,170.0996856689453
2015-02-04,169.4519500732422
2015-02-05,171.16259765625
2015-02-06,170.68927001953125
2015-02-09,169.92535400390625
2015-02-10,171.735595703125
2015-02-11,171.83522033691406
2015-02-12,173.48773193359375
2015-02-13,174.20187377929688
2015-02-17,174.4759063720703
2015-02-18,174.49252319335938
2015-02-19,174.36793518066406
2015-02-20,175.4142303466797
2015-02-23,175.38937377929688
2015-02-24,175.88760375976562
2015-02-25,175.73812866210938
2015-02-26,175.5305633544922
2015-02-27,174.93260192871094
2015-03-02,176.0370635986328
2015-03-03,175.3146209716797
2015-03-04,174.5755615234375
2015-03-05,174.76657104492188
2015-03-06,172.30857849121094
2015-03-09,173.02273559570312
2015-03-10,170.21595764160156
2015-03-11,169.81732177734375
2015-03-12,171.97642517089844
2015-03-13,170.9218292236328
2015-03-16,173.2054443359375
2015-03-17,172.69052124023438
2015-03-18,174.76657104492188
2015-03-19,173.96932983398438
2015-03-20,175.50497436523438
2015-03-23,175.16297912597656
2015-03-24,174.17869567871094
2015-03-25,171.6263885498047
2015-03-26,171.21762084960938
2015-03-27,171.6096954345703
2015-03-30,173.70323181152344
2015-03-31,172.1851806640625
2015-04-01,171.57627868652344
2015-04-02,172.1935577392578
2015-04-06,173.35296630859375
2015-04-07,172.89419555664062
2015-04-08,173.47808837890625
2015-04-09,174.2454376220703
2015-04-10,175.19635009765625
2015-04-13,174.4039306640625
2015-04-14,174.73756408691406
2015-04-15,175.52162170410156
2015-04-16,175.47157287597656
2015-04-17,173.4530792236328
2015-04-20,175.03781127929688
2015-04-21,174.829345703125
2015-04-22,175.68849182128906
2015-04-23,176.1305694580078
2015-04-24,176.53927612304688
2015-04-27,175.8052215576172
2015-04-28,176.36410522460938
2015-04-29,175.63839721679688
2015-04-30,173.8784637451172
2015-05-01,175.7635498046875
2015-05-04,176.2640380859375
2015-05-05,174.2454376220703
2015-05-06,173.52813720703125
2015-05-07,174.220458984375
2015-05-08,176.5142364501953
2015-05-11,175.67178344726562
2015-05-12,175.1462860107422
2015-05-13,175.17967224121094
2015-05-14,177.00628662109375
2015-05-15,177.19818115234375
2015-05-18,177.74868774414062
2015-05-19,177.6903076171875
2015-05-20,177.5652313232422
2015-05-21,178.08238220214844
2015-05-22,177.65696716308594
2015-05-26,175.7468719482422
2015-05-27,177.4150390625
2015-05-28,177.21490478515625
2015-05-29,176.1138458251953
2015-06-01,176.47250366210938
2015-06-02,176.29737854003906
2015-06-03,176.76446533203125
2015-06-04,175.2714385986328
2015-06-05,174.97117614746094
2015-06-08,173.8950958251953
2015-06-09,173.8701171875
2015-06-10,175.955322265625
2015-06-11,176.5225830078125
2015-06-12,175.1713104248047
2015-06-15,174.42062377929688
2015-06-16,175.37149047851562
2015-06-17,175.65512084960938
2015-06-18,177.48178100585938
2015-06-19,176.69395446777344
2015-06-22,177.59910583496094
2015-06-23,177.72482299804688
2015-06-24,176.4340362548828
2015-06-25,175.89764404296875
2015-06-26,175.86416625976562
2015-06-29,172.17620849609375
2015-06-30,172.53662109375
2015-07-01,173.91957092285156
2015-07-02,173.76036071777344
2015-07-06,173.26580810546875
2015-07-07,174.35540771484375
2015-07-08,171.4302215576172
2015-07-09,171.7403564453125
2015-07-10,173.90286254882812
2015-07-13,175.82223510742188
2015-07-14,176.5849609375
2015-07-15,176.52630615234375
2015-07-16,177.94273376464844
2015-07-17,178.09364318847656
2015-07-20,178.1858367919922
2015-07-21,177.4817352294922
2015-07-22,177.163330078125
2015-07-23,176.16587829589844
2015-07-24,174.33868408203125
2015-07-27,173.32444763183594
2015-07-28,175.45343017578125
2015-07-29,176.66038513183594
2015-07-30,176.70230102539062
2015-07-31,176.4340362548828
2015-08-03,175.8389892578125
2015-08-04,175.49537658691406
2015-08-05,176.07376098632812
2015-08-06,174.63204956054688
2015-08-07,174.29676818847656
2015-08-10,176.49276733398438
2015-08-11,174.9002685546875
2015-08-12,175.10977172851562
2015-08-13,174.891845703125
2015-08-14,175.52883911132812
2015-08-17,176.50955200195312
2015-08-18,175.99827575683594
2015-08-19,174.6068878173828
2015-08-20,170.96078491210938
2015-08-21,165.81451416015625
2015-08-24,158.8325958251953
2015-08-25,156.9635009765625
2015-08-26,162.98988342285156
2015-08-27,167.02146911621094
2015-08-28,167.02989196777344
2015-08-31,165.68040466308594
2015-09-01,160.73521423339844
2015-09-02,163.7861785888672
2015-09-03,163.90345764160156
2015-09-04,161.4225311279297
2015-09-08,165.47921752929688
2015-09-09,163.2664794921875
2015-09-10,164.15493774414062
2015-09-11,164.90097045898438
2015-09-14,164.2890625
2015-09-15,166.3426055908203
2015-09-16,167.78419494628906
2015-09-17,167.40701293945312
2015-09-18,164.67129516601562
2015-09-21,165.5223388671875
2015-09-22,163.37387084960938
2015-09-23,163.11264038085938
2015-09-24,162.5228729248047
2015-09-25,162.4807891845703
2015-09-28,158.40296936035156
2015-09-29,158.49562072753906
2015-09-30,161.45291137695312
2015-10-01,161.87420654296875
2015-10-02,164.29222106933594
2015-10-05,167.21578979492188
2015-10-06,166.64285278320312
2015-10-07,168.0078125
2015-10-08,169.5242919921875
2015-10-09,169.62542724609375
2015-10-12,169.7854766845703
2015-10-13,168.7154998779297
2015-10-14,167.90658569335938
2015-10-15,170.4847412109375
2015-10-16,171.25985717773438
2015-10-19,171.34414672851562
2015-10-20,171.12509155273438
2015-10-21,170.0634765625
2015-10-22,172.93653869628906
2015-10-23,174.83221435546875
2015-10-26,174.40249633789062
2015-10-27,174.0654754638672
2015-10-28,176.04541015625
2015-10-29,175.94430541992188
2015-10-30,175.18601989746094
2015-11-02,177.2586669921875
2015-11-03,177.7726287841797
2015-11-04,177.23342895507812
2015-11-05,177.0564727783203
2015-11-06,176.9637908935547
2015-11-09,175.31243896484375
2015-11-10,175.71682739257812
2015-11-11,175.02601623535156
2015-11-12,172.58265686035156
2015-11-13,170.6448516845703
2015-11-16,173.23980712890625
2015-11-17,173.1134490966797
2015-11-18,175.86001586914062
2015-11-19,175.70838928222656
2015-11-20,176.34873962402344
2015-11-23,176.14649963378906
2015-11-24,176.3824005126953
2015-11-25,176.35714721679688
2015-11-27,176.559326171875
2015-11-30,175.82638549804688
2015-12-01,177.5030059814453
2015-12-02,175.6915740966797
2015-12-03,173.23138427734375
2015-12-04,176.6099090576172
2015-12-07,175.5399169921875
2015-12-08,174.36032104492188
2015-12-09,173.00392150878906
2015-12-10,173.450439453125
2015-12-11,170.08880615234375
2015-12-14,170.94818115234375
2015-12-15,172.74270629882812
2015-12-16,175.27029418945312
2015-12-17,172.59947204589844
2015-12-18,169.524658203125
2015-12-21,170.9230499267578
2015-12-22,172.47410583496094
2015-12-23,174.60986328125
2015-12-24,174.3217315673828
2015-12-28,173.9233856201172
2015-12-29,175.77952575683594
2015-12-30,174.53359985351562
2015-12-31,172.78765869140625
2016-01-04,170.37213134765625
2016-01-05,170.66029357910156
2016-01-06,168.5076141357422
2016-01-07,164.46484375
2016-01-08,162.6596221923828
2016-01-11,162.8206329345703
2016-01-12,164.13426208496094
2016-01-13,160.0407257080078
2016-01-14,162.6680908203125
2016-01-15,159.1761932373047
2016-01-19,159.38803100585938
2016-01-20,157.34552001953125
2016-01-21,158.2269287109375
2016-01-22,161.47305297851562
2016-01-25,159.0321044921875
2016-01-26,161.20181274414062
2016-01-27,159.4473876953125
2016-01-28,160.27801513671875
2016-01-29,164.18516540527344
2016-02-01,164.12582397460938
2016-02-02,161.16793823242188
2016-02-03,162.13404846191406
2016-02-04,162.3883819580078
2016-02-05,159.29481506347656
2016-02-08,157.15061950683594
2016-02-09,157.15904235839844
2016-02-10,157.02345275878906
2016-02-11,154.98086547851562
2016-02-12,158.17605590820312
2016-02-16,160.84584045410156
2016-02-17,163.4732208251953
2016-02-18,162.80364990234375
2016-02-19,162.7273712158203
2016-02-22,165.08352661132812
2016-02-23,162.9985809326172
2016-02-24,163.7444305419922
2016-02-25,165.72763061523438
2016-02-26,165.3462677001953
2016-02-29,164.049560546875
2016-03-01,167.90585327148438
2016-03-02,168.66014099121094
2016-03-03,169.3212127685547
2016-03-04,169.87217712402344
2016-03-07,170.00775146484375
2016-03-08,168.1516571044922
2016-03-09,168.98220825195312
2016-03-10,169.11776733398438
2016-03-11,171.8468780517578
2016-03-14,171.62655639648438
2016-03-15,171.3468017578125
2016-03-16,172.33848571777344
2016-03-17,173.43186950683594
2016-03-18,174.1133575439453
2016-03-21,174.3603515625
2016-03-22,174.2666473388672
2016-03-23,173.11656188964844
2016-03-24,173.0399169921875
2016-03-28,173.14207458496094
2016-03-29,174.7437744140625
2016-03-30,175.51046752929688
2016-03-31,175.08450317382812
2016-04-01,176.2771759033203
2016-04-04,175.70639038085938
2016-04-05,173.9514617919922
2016-04-06,175.8511962890625
2016-04-07,173.7469940185547
2016-04-08,174.2155303955078
2016-04-11,173.8065948486328
2016-04-12,175.4252471923828
2016-04-13,177.19720458984375
2016-04-14,177.20570373535156
2016-04-15,177.00975036621094
2016-04-18,178.2535858154297
2016-04-19,178.81585693359375
2016-04-20,178.98622131347656
2016-04-21,178.0235595703125
2016-04-22,178.0235595703125
2016-04-25,177.71688842773438
2016-04-26,177.98095703125
2016-04-27,178.3472900390625
2016-04-28,176.72866821289062
2016-04-29,175.7745361328125
2016-05-02,177.171630859375
2016-05-03,175.62965393066406
2016-05-04,174.65000915527344
2016-05-05,174.6159210205078
2016-05-06,175.25486755371094
2016-05-09,175.39967346191406
2016-05-10,177.58059692382812
2016-05-11,175.9193572998047
2016-05-12,175.97047424316406
2016-05-13,174.43702697753906
2016-05-16,176.15789794921875
2016-05-17,174.51373291015625
2016-05-18,174.56480407714844
2016-05-19,173.95999145507812
2016-05-20,175.0589141845703
2016-05-23,174.82041931152344
2016-05-24,177.08648681640625
2016-05-25,178.28762817382812
2016-05-26,178.33877563476562
2016-05-27,179.1055450439453
2016-05-31,178.7647705078125
2016-06-01,179.13104248046875
2016-06-02,179.67630004882812
2016-06-03,179.1395721435547
2016-06-06,180.05111694335938
2016-06-07,180.3322906494141
2016-06-08,180.92007446289065
2016-06-09,180.6729888916016
2016-06-10,178.96075439453125
2016-06-13,177.58059692382812
2016-06-14,177.2313232421875
2016-06-15,176.9842071533203
2016-06-16,177.5124053955078
2016-06-17,176.8513946533203
2016-06-20,177.99026489257812
2016-06-21,178.4955291748047
2016-06-22,178.2042999267578
2016-06-23,180.52508544921875
2016-06-24,174.04249572753906
2016-06-27,170.92547607421875
2016-06-28,174.00827026367188
2016-06-29,176.97120666503906
2016-06-30,179.38609313964844
2016-07-01,179.76292419433594
2016-07-05,178.4697723388672
2016-07-06,179.5402374267578
2016-07-07,179.42897033691406
2016-07-08,182.1006622314453
2016-07-11,182.74295043945312
2016-07-12,184.07028198242188
2016-07-13,184.04458618164065
2016-07-14,185.0722045898437
2016-07-15,184.8238983154297
2016-07-18,185.32052612304688
2016-07-19,185.1321563720703
2016-07-20,185.90284729003903
2016-07-21,185.2006378173828
2016-07-22,186.0312957763672
2016-07-25,185.5260467529297
2016-07-26,185.61170959472656
2016-07-27,185.41473388671875
2016-07-28,185.6288604736328
2016-07-29,185.9285430908203
2016-08-01,185.7743988037109
2016-08-02,184.58409118652344
2016-08-03,185.1235809326172
2016-08-04,185.32052612304688
2016-08-05,186.83621215820312
2016-08-08,186.72496032714844
2016-08-09,186.83621215820312
2016-08-10,186.37380981445312
2016-08-11,187.23873901367188
2016-08-12,187.07598876953125
2016-08-15,187.6155242919922
2016-08-16,186.6478729248047
2016-08-17,186.9989318847656
2016-08-18,187.4185791015625
2016-08-19,187.14454650878903
2016-08-22,187.1360015869141
2016-08-23,187.5128173828125
2016-08-24,186.5537109375
2016-08-25,186.4252319335937
2016-08-26,186.07411193847656
2016-08-29,186.9904327392578
2016-08-30,186.68209838867188
2016-08-31,186.15118408203125
2016-09-01,186.15977478027344
2016-09-02,186.9989318847656
2016-09-06,187.5641326904297
2016-09-07,187.5470428466797
2016-09-08,187.11883544921875
2016-09-09,182.64019775390625
2016-09-12,185.2605895996093
2016-09-13,182.59738159179688
2016-09-14,182.52883911132807
2016-09-15,184.35289001464844
2016-09-16,183.6402587890625
2016-09-19,183.6746520996093
2016-09-20,183.68328857421875
2016-09-21,185.74891662597656
2016-09-22,186.9193878173828
2016-09-23,185.8951873779297
2016-09-26,184.38902282714844
2016-09-27,185.53369140625
2016-09-28,186.4546356201172
2016-09-29,184.76768493652344
2016-09-30,186.1620178222656
2016-10-03,185.7144775390625
2016-10-04,184.76768493652344
2016-10-05,185.58534240722656
2016-10-06,185.7144775390625
2016-10-07,185.0775146484375
2016-10-10,186.04150390625
2016-10-11,183.6918792724609
2016-10-12,183.9328765869141
2016-10-13,183.3303985595703
2016-10-14,183.4250946044922
2016-10-17,182.7882232666016
2016-10-18,183.9328765869141
2016-10-19,184.4234619140625
2016-10-20,184.07920837402344
2016-10-21,184.16522216796875
2016-10-24,184.9484405517578
2016-10-25,184.3287506103516
2016-10-26,183.958724975586
2016-10-27,183.4681091308593
2016-10-28,182.92588806152344
2016-10-31,182.9344787597656
2016-11-01,181.60906982421875
2016-11-02,180.51608276367188
2016-11-03,179.68975830078125
2016-11-04,179.49180603027344
2016-11-07,183.4508514404297
2016-11-08,184.27716064453125
2016-11-09,186.2308349609375
2016-11-10,186.69566345214844
2016-11-11,186.2653045654297
2016-11-14,186.41162109375
2016-11-15,187.8661193847656
2016-11-16,187.51324462890625
2016-11-17,188.4771881103516
2016-11-18,188.0554962158203
2016-11-21,189.4755706787109
2016-11-22,189.8456115722656
2016-11-23,189.94888305664065
2016-11-25,190.65464782714844
2016-11-28,189.7595672607422
2016-11-29,190.1296539306641
2016-11-30,189.67349243164065
2016-12-01,188.9763336181641
2016-12-02,189.071044921875
2016-12-05,190.2071075439453
2016-12-06,190.80958557128903
2016-12-07,193.3055877685547
2016-12-08,193.7789306640625
2016-12-09,194.94937133789065
2016-12-12,194.7256317138672
2016-12-13,196.0251922607422
2016-12-14,194.4071350097656
2016-12-15,195.2075653076172
2016-12-16,194.82579040527344
2016-12-19,195.2499847412109
2016-12-20,196.0032196044922
2016-12-21,195.45782470703125
2016-12-22,195.1201629638672
2016-12-23,195.4058532714844
2016-12-27,195.8906707763672
2016-12-28,194.271713256836
2016-12-29,194.2284545898437
2016-12-30,193.51852416992188
2017-01-03,194.9989624023437
2017-01-04,196.15904235839844
2017-01-05,196.0032196044922
2017-01-06,196.7044982910156
2017-01-09,196.05517578125
2017-01-10,196.05517578125
2017-01-11,196.60916137695312
2017-01-12,196.1157989501953
2017-01-13,196.56588745117188
2017-01-17,195.8733673095703
2017-01-18,196.30618286132807
2017-01-19,195.5790252685547
2017-01-20,196.2975311279297
2017-01-23,195.78677368164065
2017-01-24,197.0420837402344
2017-01-25,198.74761962890625
2017-01-26,198.53985595703125
2017-01-27,198.2281494140625
2017-01-30,196.998779296875
2017-01-31,196.98147583007807
2017-02-01,197.0594482421875
2017-02-02,197.1893005371093
2017-02-03,198.5485076904297
2017-02-06,198.19351196289065
2017-02-07,198.2021942138672
2017-02-08,198.4618988037109
2017-02-09,199.63926696777344
2017-02-10,200.4270782470703
2017-02-13,201.5179748535156
2017-02-14,202.3230895996093
2017-02-15,203.3792724609375
2017-02-16,203.20616149902344
2017-02-17,203.5264587402344
2017-02-21,204.73846435546875
2017-02-22,204.55667114257807
2017-02-23,204.6952209472656
2017-02-24,204.9549255371093
2017-02-27,205.27528381347656
2017-02-28,204.72116088867188
2017-03-01,207.58677673339844
2017-03-02,206.279525756836
2017-03-03,206.40939331054688
2017-03-06,205.7947235107422
2017-03-07,205.17999267578125
2017-03-08,204.79913330078125
2017-03-09,205.05880737304688
2017-03-10,205.77740478515625
2017-03-13,205.8812866210937
2017-03-14,205.093505859375
2017-03-15,206.8682556152344
2017-03-16,206.46128845214844
2017-03-17,206.09873962402344
2017-03-20,205.8726501464844
2017-03-21,203.2293701171875
2017-03-22,203.7075653076172
2017-03-23,203.490234375
2017-03-24,203.3424530029297
2017-03-27,203.1337280273437
2017-03-28,204.6118927001953
2017-03-29,204.8032073974609
2017-03-30,205.45529174804688
2017-03-31,204.97708129882807
2017-04-03,204.62063598632807
2017-04-04,204.75103759765625
2017-04-05,204.14236450195312
2017-04-06,204.7162475585937
2017-04-07,204.507553100586
2017-04-10,204.62925720214844
2017-04-11,204.38577270507807
2017-04-12,203.490234375
2017-04-13,202.1685791015625
2017-04-17,203.95977783203125
2017-04-18,203.35110473632807
2017-04-19,202.97720336914065
2017-04-20,204.62925720214844
2017-04-21,203.9771423339844
2017-04-24,206.220443725586
2017-04-25,207.42041015625
2017-04-26,207.2899475097656
2017-04-27,207.4639129638672
2017-04-28,207.0117034912109
2017-05-01,207.5334014892578
2017-05-02,207.61167907714844
2017-05-03,207.35952758789065
2017-05-04,207.6029815673828
2017-05-05,208.4202880859375
2017-05-08,208.38555908203125
2017-05-09,208.19422912597656
2017-05-10,208.568099975586
2017-05-11,208.1420745849609
2017-05-12,207.7942657470703
2017-05-15,208.9420166015625
2017-05-16,208.750732421875
2017-05-17,205.0466461181641
2017-05-18,205.8726501464844
2017-05-19,207.2116851806641
2017-05-22,208.26377868652344
2017-05-23,208.72462463378903
2017-05-24,209.21157836914065
2017-05-25,210.21153259277344
2017-05-26,210.1680450439453
2017-05-30,209.98545837402344
2017-05-31,209.9332275390625
2017-06-01,211.6026763916016
2017-06-02,212.30702209472656
2017-06-05,212.1505279541016
2017-06-06,211.47227478027344
2017-06-07,211.8635406494141
2017-06-08,211.9678955078125
2017-06-09,211.64620971679688
2017-06-12,211.6026763916016
2017-06-13,212.63739013671875
2017-06-14,212.36785888671875
2017-06-15,211.95919799804688
2017-06-16,212.00547790527344
2017-06-19,213.7705078125
2017-06-20,212.3288116455078
2017-06-21,212.2763519287109
2017-06-22,212.1802673339844
2017-06-23,212.43370056152344
2017-06-26,212.573471069336
2017-06-27,210.8608856201172
2017-06-28,212.7481842041016
2017-06-29,210.8784027099609
2017-06-30,211.27159118652344
2017-07-03,211.6298217773437
2017-07-05,212.1190795898437
2017-07-06,210.17935180664065
2017-07-07,211.5424346923828
2017-07-10,211.76963806152344
2017-07-11,211.61233520507807
2017-07-12,213.20260620117188
2017-07-13,213.56076049804688
2017-07-14,214.55682373046875
2017-07-17,214.5306396484375
2017-07-18,214.64422607421875
2017-07-19,215.8063201904297
2017-07-20,215.9024353027344
2017-07-21,215.7101593017578
2017-07-24,215.6578063964844
2017-07-25,216.18202209472656
2017-07-26,216.19073486328125
2017-07-27,215.9898376464844
2017-07-28,215.7364044189453
2017-07-31,215.61412048339844
2017-08-01,216.0946807861328
2017-08-02,216.19949340820312
2017-08-03,215.78005981445312
2017-08-04,216.1732482910156
2017-08-07,216.57521057128903
2017-08-08,216.04217529296875
2017-08-09,216.03347778320312
2017-08-10,212.98406982421875
2017-08-11,213.2986297607422
2017-08-14,215.4131317138672
2017-08-15,215.3869171142578
2017-08-16,215.76266479492188
2017-08-17,212.3986968994141
2017-08-18,212.0666961669922
2017-08-21,212.2327117919922
2017-08-22,214.45201110839844
2017-08-23,213.68310546875
2017-08-24,213.1851043701172
2017-08-25,213.68310546875
2017-08-28,213.69190979003903
2017-08-29,213.93649291992188
2017-08-30,214.9500732421875
2017-08-31,216.2432098388672
2017-09-01,216.5489654541016
2017-09-05,214.99375915527344
2017-09-06,215.72764587402344
2017-09-07,215.70147705078125
2017-09-08,215.4480743408203
2017-09-11,217.7460327148437
2017-09-12,218.48001098632807
2017-09-13,218.5848388671875
2017-09-14,218.5149078369141
2017-09-15,218.8090667724609
2017-09-18,219.27447509765625
2017-09-19,219.49395751953125
2017-09-20,219.572998046875
2017-09-21,218.98468017578125
2017-09-22,219.02859497070312
2017-09-25,218.580795288086
2017-09-26,218.71250915527344
2017-09-27,219.56423950195312
2017-09-28,219.8276824951172
2017-09-29,220.600341796875
2017-10-02,221.55751037597656
2017-10-03,222.03160095214844
2017-10-04,222.29502868652344
2017-10-05,223.6121368408203
2017-10-06,223.35752868652344
2017-10-09,222.9887084960937
2017-10-10,223.57701110839844
2017-10-11,223.9282989501953
2017-10-12,223.5946350097656
2017-10-13,223.86685180664065
2017-10-16,224.1653594970703
2017-10-17,224.32342529296875
2017-10-18,224.5429534912109
2017-10-19,224.60438537597656
2017-10-20,225.7634735107422
2017-10-23,224.88540649414065
2017-10-24,225.28054809570312
2017-10-25,224.1653594970703
2017-10-26,224.45510864257807
2017-10-27,226.290283203125
2017-10-30,225.4473876953125
2017-10-31,225.79861450195312
2017-11-01,226.0971527099609
2017-11-02,226.1849670410156
2017-11-03,226.94015502929688
2017-11-06,227.29132080078125
2017-11-07,227.1332855224609
2017-11-08,227.5196075439453
2017-11-09,226.69422912597656
2017-11-10,226.6239776611328
2017-11-13,226.8347320556641
2017-11-14,226.3079071044922
2017-11-15,225.1752319335937
2017-11-16,227.08938598632807
2017-11-17,226.42202758789065
2017-11-20,226.8083648681641
2017-11-21,228.29234313964844
2017-11-22,228.0904083251953
2017-11-24,228.6172637939453
2017-11-27,228.50311279296875
2017-11-28,230.8212127685547
2017-11-29,230.68069458007807
2017-11-30,232.7003326416016
2017-12-01,232.2173767089844
2017-12-04,231.9364471435547
2017-12-05,231.10223388671875
2017-12-06,231.14614868164065
2017-12-07,231.87496948242188
2017-12-08,233.1393585205078
2017-12-11,233.8417816162109
2017-12-12,234.2544708251953
2017-12-13,234.2282257080078
2017-12-14,233.27105712890625
2017-12-15,235.21359252929688
2017-12-18,236.7051696777344
2017-12-19,235.79617309570312
2017-12-20,235.672592163086
2017-12-21,236.1580352783203
2017-12-22,236.09616088867188
2017-12-26,235.813720703125
2017-12-27,235.9284820556641
2017-12-28,236.4139099121093
2017-12-29,235.5224609375
2018-01-02,237.20822143554688
2018-01-03,238.7086181640625
2018-01-04,239.7146759033203
2018-01-05,241.3121490478516
2018-01-08,241.75343322753903
2018-01-09,242.30067443847656
2018-01-10,241.929931640625
2018-01-11,243.6950836181641
2018-01-12,245.2837371826172
2018-01-16,244.44532775878903
2018-01-17,246.7752685546875
2018-01-18,246.3606109619141
2018-01-19,247.48133850097656
2018-01-22,249.4936065673828
2018-01-23,250.0231170654297
2018-01-24,249.926010131836
2018-01-25,250.03192138671875
2018-01-26,252.92678833007807
2018-01-29,251.2499389648437
2018-01-30,248.6728057861328
2018-01-31,248.7964324951172
2018-02-01,248.5138702392578
2018-02-02,243.10386657714844
2018-02-05,232.9366149902344
2018-02-06,237.52593994140625
2018-02-07,236.2374420166016
2018-02-08,227.3764038085937
2018-02-09,230.7919464111328
2018-02-12,234.18096923828125
2018-02-13,234.76348876953125
2018-02-14,237.93194580078125
2018-02-15,240.968017578125
2018-02-16,241.0385284423828
2018-02-20,239.5293426513672
2018-02-21,238.3378753662109
2018-02-22,238.6468200683593
2018-02-23,242.45068359375
2018-02-26,245.26611328125
2018-02-27,242.2035980224609
2018-02-28,239.7499847412109
2018-03-01,236.26388549804688
2018-03-02,237.4818572998047
2018-03-05,240.2266540527344
2018-03-06,240.83563232421875
2018-03-07,240.7473297119141
2018-03-08,241.9123077392578
2018-03-09,246.1222381591797
2018-03-12,245.8132476806641
2018-03-13,244.22467041015625
2018-03-14,242.97140502929688
2018-03-15,242.70660400390625
2018-03-16,242.9698181152344
2018-03-19,239.6823883056641
2018-03-20,240.08999633789065
2018-03-21,239.62925720214844
2018-03-22,233.63912963867188
2018-03-23,228.6592559814453
2018-03-26,234.91506958007807
2018-03-27,230.9187927246093
2018-03-28,230.2364654541016
2018-03-29,233.1783447265625
2018-04-02,228.145263671875
2018-04-03,231.0694122314453
2018-04-04,233.5416717529297
2018-04-05,235.384765625
2018-04-06,230.13897705078125
2018-04-09,231.27322387695312
2018-04-10,234.9505615234375
2018-04-11,233.7188415527344
2018-04-12,235.6416778564453
2018-04-13,234.9505615234375
2018-04-16,236.88221740722656
2018-04-17,239.4164886474609
2018-04-18,239.59376525878903
2018-04-19,238.2645263671875
2018-04-20,236.24429321289065
2018-04-23,236.20884704589844
2018-04-24,233.0277557373047
2018-04-25,233.60372924804688
2018-04-26,235.9784240722656
2018-04-27,236.19998168945312
2018-04-30,234.38340759277344
2018-05-01,234.7999267578125
2018-05-02,233.2227020263672
2018-05-03,232.70867919921875
2018-05-04,235.721435546875
2018-05-07,236.5189971923828
2018-05-08,236.5189971923828
2018-05-09,238.8051605224609
2018-05-10,241.0380401611328
2018-05-11,241.7735748291016
2018-05-14,241.8887481689453
2018-05-15,240.222900390625
2018-05-16,241.23306274414065
2018-05-17,241.029296875
2018-05-18,240.42665100097656
2018-05-21,242.23439025878903
2018-05-22,241.56089782714844
2018-05-23,242.2253875732422
2018-05-24,241.72927856445312
2018-05-25,241.1533050537109
2018-05-29,238.3798065185547
2018-05-30,241.56089782714844
2018-05-31,240.08116149902344
2018-06-01,242.43814086914065
2018-06-04,243.59002685546875
2018-06-05,243.767318725586
2018-06-06,245.80532836914065
2018-06-07,245.7787322998047
2018-06-08,246.50537109375
2018-06-11,246.83319091796875
2018-06-12,247.1522216796875
2018-06-13,246.3635406494141
2018-06-14,246.9839324951172
2018-06-15,246.6688537597656
2018-06-18,246.16140747070312
2018-06-19,245.2179718017578
2018-06-20,245.6363067626953
2018-06-21,244.0963592529297
2018-06-22,244.5414428710937
2018-06-25,241.21250915527344
2018-06-26,241.74658203125
2018-06-27,239.7439117431641
2018-06-28,241.1146697998047
2018-06-29,241.4618225097656
2018-07-02,241.9779815673828
2018-07-03,241.12353515625
2018-07-05,243.0906524658203
2018-07-06,245.146728515625
2018-07-09,247.3540496826172
2018-07-10,248.2442169189453
2018-07-11,246.4283905029297
2018-07-12,248.6625213623047
2018-07-13,248.8583831787109
2018-07-16,248.63580322265625
2018-07-17,249.6416473388672
2018-07-18,250.16685485839844
2018-07-19,249.2232666015625
2018-07-20,248.9384765625
2018-07-23,249.4013519287109
2018-07-24,250.65640258789065
2018-07-25,252.7925567626953
2018-07-26,252.1962890625
2018-07-27,250.4872894287109
2018-07-30,249.1787872314453
2018-07-31,250.4071655273437
2018-08-01,249.9887542724609
2018-08-02,251.3506622314453
2018-08-03,252.4276580810547
2018-08-06,253.35330200195312
2018-08-07,254.18991088867188
2018-08-08,254.0831298828125
2018-08-09,253.7360382080078
2018-08-10,252.0360412597656
2018-08-13,251.09249877929688
2018-08-14,252.6946258544922
2018-08-15,250.80764770507807
2018-08-16,252.8369903564453
2018-08-17,253.72705078125
2018-08-20,254.2701416015625
2018-08-21,254.86639404296875
2018-08-22,254.71514892578125
2018-08-23,254.3769073486328
2018-08-24,255.9077606201172
2018-08-27,257.9283447265625
2018-08-28,258.0528869628906
2018-08-29,259.44146728515625
2018-08-30,258.39117431640625
2018-08-31,258.4000244140625
2018-09-04,257.9550170898437
2018-09-05,257.2607727050781
2018-09-06,256.4864501953125
2018-09-07,255.9878387451172
2018-09-10,256.43292236328125
2018-09-11,257.278564453125
2018-09-12,257.34088134765625
2018-09-13,258.8629150390625
2018-09-14,258.9074401855469
2018-09-17,257.5367126464844
2018-09-18,258.93414306640625
2018-09-19,259.2099914550781
2018-09-20,261.3106384277344
2018-09-21,261.0718994140625
2018-09-24,260.20458984375
2018-09-25,259.96319580078125
2018-09-26,259.18536376953125
2018-09-27,259.9095764160156
2018-09-28,259.9363708496094
2018-10-01,260.8395080566406
2018-10-02,260.6874389648437
2018-10-03,260.8304443359375
2018-10-04,258.7919311523437
2018-10-05,257.3434143066406
2018-10-08,257.3434143066406
2018-10-09,256.9679260253906
2018-10-10,248.83151245117188
2018-10-11,243.3505706787109
2018-10-12,246.73036193847656
2018-10-15,245.3444061279297
2018-10-16,250.7091217041016
2018-10-17,250.75393676757807
2018-10-18,247.1327514648437
2018-10-19,246.9986267089844
2018-10-22,245.889892578125
2018-10-23,244.6381072998047
2018-10-24,237.2259521484375
2018-10-25,241.4818572998047
2018-10-26,237.2349395751953
2018-10-29,235.9205017089844
2018-10-30,239.41651916503903
2018-10-31,241.9737091064453
2018-11-01,244.54872131347656
2018-11-02,243.1002197265625
2018-11-05,244.4413909912109
2018-11-06,245.9882049560547
2018-11-07,251.2545166015625
2018-11-08,250.79855346679688
2018-11-09,248.34873962402344
2018-11-12,243.7082061767578
2018-11-13,243.25230407714844
2018-11-14,241.58917236328125
2018-11-15,244.11062622070312
2018-11-16,244.74542236328125
2018-11-19,240.605712890625
2018-11-20,236.15298461914065
2018-11-21,236.957763671875
2018-11-23,235.3751220703125
2018-11-26,239.1750946044922
2018-11-27,239.9797821044922
2018-11-28,245.50538635253903
2018-11-29,244.96896362304688
2018-11-30,246.46209716796875
2018-12-03,249.72560119628903
2018-12-04,241.63389587402344
2018-12-06,241.2672882080078
2018-12-07,235.66123962402344
2018-12-10,236.10829162597656
2018-12-11,236.1619873046875
2018-12-12,237.35107421875
2018-12-13,237.2706298828125
2018-12-14,232.8894805908203
2018-12-17,228.3206024169922
2018-12-18,228.0702362060547
2018-12-19,224.6547088623047
2018-12-20,220.99777221679688
2018-12-21,216.46958923339844
2018-12-24,210.74986267089844
2018-12-26,221.39797973632807
2018-12-27,223.0977478027344
2018-12-28,222.80995178222656
2018-12-31,224.7614898681641
2019-01-02,224.99539184570312
2019-01-03,219.6262969970703
2019-01-04,226.9828643798828
2019-01-07,228.77249145507807
2019-01-08,230.92190551757807
2019-01-09,232.0011138916016
2019-01-10,232.819580078125
2019-01-11,232.9094696044922
2019-01-14,231.48849487304688
2019-01-15,234.1415405273437
2019-01-16,234.70811462402344
2019-01-17,236.4888153076172
2019-01-18,239.636474609375
2019-01-22,236.39889526367188
2019-01-23,236.8935394287109
2019-01-24,237.01942443847656
2019-01-25,239.02493286132807
2019-01-28,237.208251953125
2019-01-29,236.8935394287109
2019-01-30,240.6436462402344
2019-01-31,242.7571563720703
2019-02-01,242.87408447265625
2019-02-04,244.5828552246093
2019-02-05,245.6080780029297
2019-02-06,245.28424072265625
2019-02-07,242.9460601806641
2019-02-08,243.24278259277344
2019-02-11,243.3777313232422
2019-02-12,246.5074157714844
2019-02-13,247.3077545166016
2019-02-14,246.7592315673828
2019-02-15,249.4482269287109
2019-02-19,249.8798828125
2019-02-20,250.383529663086
2019-02-21,249.49319458007807
2019-02-22,251.04005432128903
2019-02-25,251.38172912597656
2019-02-26,251.20187377929688
2019-02-27,251.0939178466797
2019-02-28,250.62632751464844
2019-03-01,252.1911773681641
2019-03-04,251.27378845214844
2019-03-05,250.9321136474609
2019-03-06,249.41221618652344
2019-03-07,247.3257598876953
2019-03-08,246.8311767578125
2019-03-11,250.4104919433593
2019-03-12,251.3548126220703
2019-03-13,253.0185546875
2019-03-14,252.856674194336
2019-03-15,254.10592651367188
2019-03-18,255.02731323242188
2019-03-19,255.09054565429688
2019-03-20,254.3226928710937
2019-03-21,257.1952819824219
2019-03-22,252.24514770507807
2019-03-25,252.05552673339844
2019-03-26,253.93429565429688
2019-03-27,252.6063995361328
2019-03-28,253.56393432617188
2019-03-29,255.162841796875
2019-04-01,258.1888427734375
2019-04-02,258.3153381347656
2019-04-03,258.7217712402344
2019-04-04,259.4083251953125
2019-04-05,260.6639099121094
2019-04-08,260.8627014160156
2019-04-09,259.5257568359375
2019-04-10,260.41094970703125
2019-04-11,260.3386535644531
2019-04-12,262.1000671386719
2019-04-15,261.9284973144531
2019-04-16,262.1000671386719
2019-04-17,261.458740234375
2019-04-18,261.9736328125
2019-04-22,262.19940185546875
2019-04-23,264.5570373535156
2019-04-24,263.96990966796875
2019-04-25,263.807373046875
2019-04-26,265.0357666015625
2019-04-29,265.4513854980469
2019-04-30,265.5868225097656
2019-05-01,263.5905456542969
2019-05-02,263.0214538574219
2019-05-03,265.5957946777344
2019-05-06,264.5029296875
2019-05-07,260.0857849121094
2019-05-08,259.7243957519531
2019-05-09,258.93853759765625
2019-05-10,260.23931884765625
2019-05-13,253.699462890625
2019-05-14,255.993896484375
2019-05-15,257.4932861328125
2019-05-16,259.8778991699219
2019-05-17,258.1979064941406
2019-05-20,256.4906921386719
2019-05-21,258.802978515625
2019-05-22,258.0081787109375
2019-05-23,254.8556365966797
2019-05-24,255.4338531494141
2019-05-28,253.05812072753903
2019-05-29,251.35997009277344
2019-05-30,252.0464324951172
2019-05-31,248.6500244140625
2019-06-03,248.01776123046875
2019-06-04,253.4012908935547
2019-06-05,255.59640502929688
2019-06-06,257.2583923339844
2019-06-07,259.8327941894531
2019-06-10,261.025146484375
2019-06-11,260.9619445800781
2019-06-12,260.50128173828125
2019-06-13,261.576171875
2019-06-14,261.2871398925781
2019-06-17,261.386474609375
2019-06-18,264.12353515625
2019-06-19,264.7196350097656
2019-06-20,267.2488098144531
2019-06-21,266.8603820800781
2019-06-24,266.5336608886719
2019-06-25,263.91949462890625
2019-06-26,263.6562194824219
2019-06-27,264.5912170410156
2019-06-28,265.9527587890625
2019-07-01,268.3671569824219
2019-07-02,269.06597900390625
2019-07-03,271.21734619140625
2019-07-05,270.9087829589844
2019-07-08,269.420166015625
2019-07-09,269.7558898925781
2019-07-10,271.0448608398437
2019-07-11,271.6802978515625
2019-07-12,272.896484375
2019-07-15,272.9873046875
2019-07-16,272.1068420410156
2019-07-17,270.2551574707031
2019-07-18,271.2445068359375
2019-07-19,269.73779296875
2019-07-22,270.4002990722656
2019-07-23,272.333740234375
2019-07-24,273.6135559082031
2019-07-25,272.3065185546875
2019-07-26,274.13104248046875
2019-07-29,273.6317443847656
2019-07-30,272.9600524902344
2019-07-31,269.97381591796875
2019-08-01,267.6228332519531
2019-08-02,265.6078186035156
2019-08-05,257.6201171875
2019-08-06,261.23272705078125
2019-08-07,261.38702392578125
2019-08-08,266.5155334472656
2019-08-09,264.7001037597656
2019-08-12,261.47784423828125
2019-08-13,265.5442199707031
2019-08-14,257.6925964355469
2019-08-15,258.3735656738281
2019-08-16,262.185791015625
2019-08-19,265.3445739746094
2019-08-20,263.3114013671875
2019-08-21,265.4534912109375
2019-08-22,265.3717346191406
2019-08-23,258.5550231933594
2019-08-26,261.41424560546875
2019-08-27,260.3885498046875
2019-08-28,262.2221374511719
2019-08-29,265.5715637207031
2019-08-30,265.4534912109375
2019-09-03,263.9013061523437
2019-09-04,266.8966979980469
2019-09-05,270.3277587890625
2019-09-06,270.5364685058594
2019-09-09,270.67266845703125
2019-09-10,270.6092529296875
2019-09-11,272.533447265625
2019-09-12,273.47735595703125
2019-09-13,273.2958068847656
2019-09-16,272.4516906738281
2019-09-17,273.1416015625
2019-09-18,273.304931640625
2019-09-19,273.286865234375
2019-09-20,271.99560546875
2019-09-23,271.9317321777344
2019-09-24,269.7980041503906
2019-09-25,271.3937072753906
2019-09-26,270.828369140625
2019-09-27,269.3693542480469
2019-09-30,270.61871337890625
2019-10-01,267.399658203125
2019-10-02,262.6762084960937
2019-10-03,264.82830810546875
2019-10-04,268.4119567871094
2019-10-07,267.2537536621094
2019-10-08,263.104736328125
2019-10-09,265.60333251953125
2019-10-10,267.399658203125
2019-10-11,270.1718444824219
2019-10-14,269.8709716796875
2019-10-15,272.54278564453125
2019-10-16,272.1050109863281
2019-10-17,272.9075012207031
2019-10-18,271.7129821777344
2019-10-21,273.5549011230469
2019-10-22,272.6612854003906
2019-10-23,273.45465087890625
2019-10-24,273.90142822265625
2019-10-25,275.02301025390625
2019-10-28,276.5732116699219
2019-10-29,276.4911804199219
2019-10-30,277.3392028808594
2019-10-31,276.6006774902344
2019-11-01,279.1629943847656
2019-11-04,280.2846069335937
2019-11-05,279.9744873046875
2019-11-06,280.0383605957031
2019-11-07,281.023193359375
2019-11-08,281.7162170410156
2019-11-11,281.17828369140625
2019-11-12,281.7709655761719
2019-11-13,281.8621826171875
2019-11-14,282.2723693847656
2019-11-15,284.315185546875
2019-11-18,284.52490234375
2019-11-19,284.4427795410156
2019-11-20,283.385009765625
2019-11-21,282.9291076660156
2019-11-22,283.5582275390625
2019-11-25,285.7558288574219
2019-11-26,286.4032592773437
2019-11-27,287.6799011230469
2019-11-29,286.6130065917969
2019-12-02,284.1783752441406
2019-12-03,282.2723693847656
2019-12-04,284.01422119140625
2019-12-05,284.52490234375
2019-12-06,287.1236877441406
2019-12-09,286.22100830078125
2019-12-10,285.9017944335937
2019-12-11,286.7134094238281
2019-12-12,289.1845397949219
2019-12-13,289.3578491210937
2019-12-16,291.345703125
2019-12-17,291.4095153808594
2019-12-18,291.4278564453125
2019-12-19,292.622314453125
2019-12-20,293.9052734375
2019-12-23,294.35430908203125
2019-12-24,294.36346435546875
2019-12-26,295.9303894042969
2019-12-27,295.8570251464844
2019-12-30,294.2259216308594
2019-12-31,294.9406433105469
2020-01-02,297.698974609375
2020-01-03,295.4447937011719
2020-01-06,296.5718688964844
2020-01-07,295.7380065917969
2020-01-08,297.31414794921875
2020-01-09,299.330078125
2020-01-10,298.4687194824219
2020-01-13,300.5213928222656
2020-01-14,300.0632019042969
2020-01-15,300.7413635253906
2020-01-16,303.2430725097656
2020-01-17,304.1869201660156
2020-01-21,303.5911865234375
2020-01-22,303.6278991699219
2020-01-23,303.9760437011719
2020-01-24,301.2726745605469
2020-01-27,296.4435119628906
2020-01-28,299.5500183105469
2020-01-29,299.302734375
2020-01-30,300.2740173339844
2020-01-31,294.82159423828125
2020-02-03,297.01177978515625
2020-02-04,301.53863525390625
2020-02-05,305.020751953125
2020-02-06,306.047119140625
2020-02-07,304.4159851074219
2020-02-10,306.6885070800781
2020-02-11,307.2199401855469
2020-02-12,309.19940185546875
2020-02-13,308.86944580078125
2020-02-14,309.3643493652344
2020-02-18,308.56707763671875
2020-02-19,310.0424194335937
2020-02-20,308.7686767578125
2020-02-21,305.5888366699219
2020-02-24,295.45391845703125
2020-02-25,286.5010070800781
2020-02-26,285.4472045898437
2020-02-27,272.6273193359375
2020-02-28,271.4818420410156
2020-03-02,283.2388610839844
2020-03-03,275.1288757324219
2020-03-04,286.6933898925781
2020-03-05,277.1632080078125
2020-03-06,272.5814208984375
2020-03-09,251.2943572998047
2020-03-10,264.297607421875
2020-03-11,251.4134521484375
2020-03-12,227.3589324951172
2020-03-13,246.7950134277344
2020-03-16,219.78976440429688
2020-03-17,231.6566925048828
2020-03-18,219.9272003173828
2020-03-19,220.39454650878903
2020-03-20,210.89683532714844
2020-03-23,205.50457763671875
2020-03-24,224.1239776611328
2020-03-25,227.4791259765625
2020-03-26,240.76161193847656
2020-03-27,233.59036254882807
2020-03-30,241.17642211914065
2020-03-31,237.58157348632807
2020-04-01,226.88922119140625
2020-04-02,232.1247711181641
2020-04-03,228.7696075439453
2020-04-06,244.1351928710937
2020-04-07,244.38409423828125
2020-04-08,252.5877380371093
2020-04-09,256.4312744140625
2020-04-13,254.0901641845703
2020-04-14,261.583984375
2020-04-15,256.0258483886719
2020-04-16,257.2609558105469
2020-04-17,264.2109375
2020-04-20,259.55615234375
2020-04-21,251.6751403808593
2020-04-22,257.2609558105469
2020-04-23,257.24249267578125
2020-04-24,260.8281555175781
2020-04-27,264.58892822265625
2020-04-28,263.37213134765625
2020-04-29,270.266845703125
2020-04-30,267.75054931640625
2020-05-01,260.6622314453125
2020-05-04,261.3811950683594
2020-05-05,263.796142578125
2020-05-06,262.0079345703125
2020-05-07,265.1695251464844
2020-05-08,269.5571594238281
2020-05-11,269.6123962402344
2020-05-12,264.2386474609375
2020-05-13,259.5653686523437
2020-05-14,262.6716613769531
2020-05-15,263.87908935546875
2020-05-18,271.91680908203125
2020-05-19,269.12384033203125
2020-05-20,273.69586181640625
2020-05-21,271.8061828613281
2020-05-22,272.3223571777344
2020-05-26,275.67755126953125
2020-05-27,279.77935791015625
2020-05-28,279.26318359375
2020-05-29,280.507568359375
2020-06-01,281.6412353515625
2020-06-02,283.9732666015625
2020-06-03,287.7524719238281
2020-06-04,286.99664306640625
2020-06-05,294.35223388671875
2020-06-08,297.9101867675781
2020-06-09,295.68878173828125
2020-06-10,294.0387878417969
2020-06-11,277.0878295898437
2020-06-12,280.4060974121094
2020-06-15,283.02398681640625
2020-06-16,288.4714660644531
2020-06-17,287.27325439453125
2020-06-18,287.3837890625
2020-06-19,285.74139404296875
2020-06-22,287.574462890625
2020-06-23,288.8984069824219
2020-06-24,281.5289611816406
2020-06-25,284.5472106933594
2020-06-26,277.78875732421875
2020-06-29,281.8714904785156
2020-06-30,285.4821472167969
2020-07-01,287.48193359375
2020-07-02,289.0650634765625
2020-07-06,293.52752685546875
2020-07-07,290.5001220703125
2020-07-08,292.721923828125
2020-07-09,291.0555725097656
2020-07-10,294.02734375
2020-07-13,291.4813537597656
2020-07-14,295.2587585449219
2020-07-15,297.97137451171875
2020-07-16,296.9899597167969
2020-07-17,297.8509826660156
2020-07-20,300.2580871582031
2020-07-21,300.8969116210937
2020-07-22,302.609619140625
2020-07-23,298.9990234375
2020-07-24,297.0732727050781
2020-07-27,299.2396850585937
2020-07-28,297.3418273925781
2020-07-29,300.9987487792969
2020-07-30,299.9249267578125
2020-07-31,302.2948303222656
2020-08-03,304.3965148925781
2020-08-04,305.5722351074219
2020-08-05,307.4701232910156
2020-08-06,309.5254211425781
2020-08-07,309.74761962890625
2020-08-10,310.6733703613281
2020-08-11,308.1089782714844
2020-08-12,312.4046936035156
2020-08-13,311.8398742675781
2020-08-14,311.8492126464844
2020-08-17,312.83984375
2020-08-18,313.51568603515625
2020-08-19,312.2103576660156
2020-08-20,313.1824035644531
2020-08-21,314.2933349609375
2020-08-24,317.4781494140625
2020-08-25,318.5891418457031
2020-08-26,321.7831726074219
2020-08-27,322.4867553710937
2020-08-28,324.5697937011719
2020-08-31,323.39404296875
2020-09-01,326.44000244140625
2020-09-02,331.1615600585937
2020-09-03,319.7649230957031
2020-09-04,317.1541442871094
2020-09-08,308.4884948730469
2020-09-09,314.5802917480469
2020-09-10,309.1181335449219
2020-09-11,309.27545166015625
2020-09-14,313.3490295410156
2020-09-15,314.9321594238281
2020-09-16,313.68231201171875
2020-09-17,310.9234313964844
2020-09-18,307.3438720703125
2020-09-21,303.9231872558594
2020-09-22,307.0185546875
2020-09-23,299.8984680175781
2020-09-24,300.69781494140625
2020-09-25,305.5591735839844
2020-09-28,310.6343078613281
2020-09-29,308.942626953125
2020-09-30,311.2850341796875
2020-10-01,313.283447265625
2020-10-02,310.3089599609375
2020-10-05,315.81170654296875
2020-10-06,311.3222045898437
2020-10-07,316.7412414550781
2020-10-08,319.54833984375
2020-10-09,322.4019470214844
2020-10-12,327.588623046875
2020-10-13,325.4508056640625
2020-10-14,323.4058532714844
2020-10-15,323.0061340332031
2020-10-16,322.8109130859375
2020-10-19,317.90313720703125
2020-10-20,319.1765441894531
2020-10-21,318.5724182128906
2020-10-22,320.3198547363281
2020-10-23,321.407470703125
2020-10-26,315.4678039550781
2020-10-27,314.3802795410156
2020-10-28,303.6351623535156
2020-10-29,306.7210693359375
2020-10-30,303.5235900878906
2020-11-02,306.92559814453125
2020-11-03,312.34454345703125
2020-11-04,319.32525634765625
2020-11-05,325.552978515625
2020-11-06,325.47869873046875
2020-11-09,329.5685729980469
2020-11-10,329.0852355957031
2020-11-11,331.52984619140625
2020-11-12,328.31365966796875
2020-11-13,332.8590087890625
2020-11-16,337.0139465332031
2020-11-17,335.20135498046875
2020-11-18,331.16729736328125
2020-11-19,332.5616149902344
2020-11-20,330.28424072265625
2020-11-23,332.2641296386719
2020-11-24,337.6180725097656
2020-11-25,337.0976867675781
2020-11-27,338.03643798828125
2020-11-30,336.5398254394531
2020-12-01,340.22076416015625
2020-12-02,340.9365234375
2020-12-03,340.843505859375
2020-12-04,343.7808532714844
2020-12-07,343.0743103027344
2020-12-08,344.0782470703125
2020-12-09,340.9923095703125
2020-12-10,340.8806457519531
2020-12-11,340.48101806640625
2020-12-14,338.9566345214844
2020-12-15,343.5391845703125
2020-12-16,344.0782470703125
2020-12-17,346.0023193359375
2020-12-18,344.6208801269531
2020-12-21,343.3885803222656
2020-12-22,342.8098449707031
2020-12-23,343.1180114746094
2020-12-24,344.4527893066406
2020-12-28,347.4119567871094
2020-12-29,346.74908447265625
2020-12-30,347.24383544921875
2020-12-31,349.00811767578125
2021-01-04,344.2567443847656
2021-01-05,346.6277770996094
2021-01-06,348.7000427246094
2021-01-07,353.88092041015625
2021-01-08,355.8971862792969
2021-01-11,353.4981689453125
2021-01-12,353.5728454589844
2021-01-13,354.5249938964844
2021-01-14,353.28338623046875
2021-01-15,350.70703125
2021-01-19,353.4608154296875
2021-01-20,358.3522644042969
2021-01-21,358.67901611328125
2021-01-22,357.409423828125
2021-01-25,358.8190002441406
2021-01-26,358.2589111328125
2021-01-27,349.5028686523437
2021-01-28,352.5086669921875
2021-01-29,345.4516906738281
2021-02-01,351.2017822265625
2021-02-02,356.1678771972656
2021-02-03,356.44793701171875
2021-02-04,360.4992065429688
2021-02-05,361.9181213378906
2021-02-08,364.5318603515625
2021-02-09,364.2890930175781
2021-02-10,364.1304931640625
2021-02-11,364.7185668945313
2021-02-12,366.5201416015625
2021-02-16,366.2026977539063
2021-02-17,366.2868041992188
2021-02-18,364.7279357910156
2021-02-19,364.0838317871094
2021-02-22,361.2833557128906
2021-02-23,361.7220153808594
2021-02-24,365.7080078125
2021-02-25,356.8960266113281
2021-02-26,355.0570373535156
2021-03-01,363.6636657714844
2021-03-02,360.8259582519531
2021-03-03,356.046630859375
2021-03-04,351.6405639648437
2021-03-05,358.109619140625
2021-03-08,356.3265380859375
2021-03-09,361.4140930175781
2021-03-10,363.6636657714844
2021-03-11,367.350830078125
2021-03-12,367.84564208984375
2021-03-15,370.0392761230469
2021-03-16,369.5725708007813
2021-03-17,370.8328552246094
2021-03-18,365.4373474121094
2021-03-19,364.7611389160156
2021-03-22,367.6737060546875
2021-03-23,364.7798461914063
2021-03-24,362.9255065917969
2021-03-25,364.9671936035156
2021-03-26,370.8486022949219
2021-03-29,370.6613464355469
2021-03-30,369.677978515625
2021-03-31,371.1764221191406
2021-04-01,375.1847839355469
2021-04-05,380.56976318359375
2021-04-06,380.3450927734375
2021-04-07,380.78521728515625
2021-04-08,382.5927734375
2021-04-09,385.3742065429688
2021-04-12,385.51470947265625
2021-04-13,386.6572570800781
2021-04-14,385.3367919921875
2021-04-15,389.4762878417969
2021-04-16,390.7781066894531
2021-04-19,388.8581237792969
2021-04-20,386.0110778808594
2021-04-21,389.6635437011719
2021-04-22,386.1047973632813
2021-04-23,390.2909851074219
2021-04-26,391.1058349609375
2021-04-27,391.0215759277344
2021-04-28,390.9091491699219
2021-04-29,393.4003601074219
2021-04-30,390.8155517578125
2021-05-03,391.6584167480469
2021-05-04,389.2420959472656
2021-05-05,389.3639526367188
2021-05-06,392.4731750488281
2021-05-07,395.32958984375
2021-05-10,391.4148864746094
2021-05-11,387.921630859375
2021-05-12,379.68017578125
2021-05-13,384.2410278320313
2021-05-14,390.1412048339844
2021-05-17,389.1484375
2021-05-18,385.7956848144531
2021-05-19,384.78424072265625
2021-05-20,388.9237060546875
2021-05-21,388.6052856445313
2021-05-24,392.56683349609375
2021-05-25,391.6958618164063
2021-05-26,392.4731750488281
2021-05-27,392.6792297363281
2021-05-28,393.3816223144531
2021-06-01,393.03515625
2021-06-02,393.6531372070313
2021-06-03,392.1921691894531
2021-06-04,395.7791748046875
2021-06-07,395.3951110839844
2021-06-08,395.4794921875
2021-06-09,394.8894958496094
2021-06-10,396.7250061035156
2021-06-11,397.380615234375
2021-06-14,398.2703247070313
2021-06-15,397.5398254394531
2021-06-16,395.3202209472656
2021-06-17,395.1891174316406
2021-06-18,389.8578186035156
2021-06-21,395.4390563964844
2021-06-22,397.55316162109375
2021-06-23,397.073974609375
2021-06-24,399.4229736328125
2021-06-25,400.841796875
2021-06-28,401.6498107910156
2021-06-29,401.8659057617188
2021-06-30,402.2041931152344
2021-07-01,404.4309692382813
2021-07-02,407.5223083496094
2021-07-06,406.7799682617188
2021-07-07,408.2175903320313
2021-07-08,404.8914184570313
2021-07-09,409.2135009765625
2021-07-12,410.6793823242188
2021-07-13,409.279296875
2021-07-14,409.8900451660156
2021-07-15,408.4900512695313
2021-07-16,405.2860412597656
2021-07-19,399.3008728027344
2021-07-20,405.02294921875
2021-07-21,408.3021545410156
2021-07-22,409.15716552734375
2021-07-23,413.3666076660156
2021-07-26,414.3813781738281
2021-07-27,412.4927368164063
2021-07-28,412.3236083984375
2021-07-29,414.03369140625
2021-07-30,412.02294921875
2021-08-02,411.1585388183594
2021-08-03,414.5035400390625
2021-08-04,412.4645385742188
2021-08-05,415.0765686035156
2021-08-06,415.7625427246094
2021-08-09,415.4243469238281
2021-08-10,415.9410705566406
2021-08-11,416.974609375
2021-08-12,418.2243347167969
2021-08-13,418.98529052734375
2021-08-16,419.971923828125
2021-08-17,417.2189025878906
2021-08-18,412.6524658203125
2021-08-19,413.2914123535156
2021-08-20,416.5799865722656
2021-08-23,420.2445373535156
2021-08-24,420.9115295410156
2021-08-25,421.7947387695313
2021-08-26,419.3047790527344
2021-08-27,423.0538635253906
2021-08-30,424.9142456054688
2021-08-31,424.28466796875
2021-09-01,424.5101623535156
2021-09-02,425.8162231445313
2021-09-03,425.712890625
2021-09-07,424.1907653808594
2021-09-08,423.6740112304688
2021-09-09,421.8605651855469
2021-09-10,418.5343322753906
2021-09-13,419.60546875
2021-09-14,417.3410949707031
2021-09-15,420.8269653320313
2021-09-16,420.159912109375
2021-09-17,416.0671081542969
2021-09-20,409.1294555664063
2021-09-21,408.7430419921875
2021-09-22,412.7302856445313
2021-09-23,417.744873046875
2021-09-24,418.43304443359375
2021-09-27,417.2359924316406
2021-09-28,408.8278503417969
2021-09-29,409.5159606933594
2021-09-30,404.5107421875
2021-10-01,409.3179931640625
2021-10-04,404.0394287109375
2021-10-05,408.2434692382813
2021-10-06,409.9400939941406
2021-10-07,413.4843444824219
2021-10-08,412.7302856445313
2021-10-11,409.74212646484375
2021-10-12,408.7336120605469
2021-10-13,410.2040710449219
2021-10-14,417.1039123535156
2021-10-15,420.2805786132813
2021-10-18,421.5247497558594
2021-10-19,424.77685546875
2021-10-20,426.4452209472656
2021-10-21,427.5574645996094
2021-10-22,427.1144104003906
2021-10-25,429.4049377441406
2021-10-26,429.79144287109375
2021-10-27,427.8873901367188
2021-10-28,432.0159912109375
2021-10-29,432.89263916015625
2021-11-01,433.6372985839844
2021-11-02,435.39056396484375
2021-11-03,438.0487060546875
2021-11-04,440.113037109375
2021-11-05,441.6399841308594
2021-11-08,442.0170593261719
2021-11-09,440.55609130859375
2021-11-10,437.0118103027344
2021-11-11,437.1531982421875
2021-11-12,440.4523620605469
2021-11-15,440.6031799316406
2021-11-16,442.3469543457031
2021-11-17,441.2724304199219
2021-11-18,442.7711181640625
2021-11-19,441.9793701171875
2021-11-22,440.7351379394531
2021-11-23,441.3195495605469
2021-11-24,442.4977722167969
2021-11-26,432.6286926269531
2021-11-29,437.9355773925781
2021-11-30,429.4143676757813
2021-12-01,424.6448364257813
2021-12-02,431.14886474609375
2021-12-03,427.3973083496094
2021-12-06,432.4590148925781
2021-12-07,441.4043884277344
2021-12-08,442.5732116699219
2021-12-09,439.5851440429688
2021-12-10,443.7232360839844
2021-12-13,439.7925109863281
2021-12-14,436.7667541503906
2021-12-15,443.5912170410156
2021-12-16,439.6794128417969
2021-12-17,434.9999694824219
2021-12-20,430.3743896484375
2021-12-21,438.0174255371094
2021-12-22,442.3971252441406
2021-12-23,445.1496887207031
2021-12-27,451.4495239257813
2021-12-28,451.0806274414063
2021-12-29,451.65765380859375
2021-12-30,450.4089660644531
2021-12-31,449.2738037109375
2022-01-03,451.8751525878906
2022-01-04,451.7237854003906
2022-01-05,443.0497131347656
2022-01-06,442.6334838867188
2022-01-07,440.8835754394531
2022-01-10,440.33502197265625
2022-01-11,444.3456726074219
2022-01-12,445.5469665527344
2022-01-13,439.4079895019531
2022-01-14,439.5877075195313
2022-01-18,431.8027038574219
2022-01-19,427.3191223144531
2022-01-20,422.5894775390625
2022-01-21,414.2937927246094
2022-01-24,416.05316162109375
2022-01-25,410.9736022949219
2022-01-26,409.9425659179688
2022-01-27,407.9182434082031
2022-01-28,418.0491027832031
2022-01-31,425.5785827636719
2022-02-01,428.4542236328125
2022-02-02,432.6162414550781
2022-02-03,422.4476318359375
2022-02-04,424.4341125488281
2022-02-07,423.0719299316406
2022-02-08,426.5528564453125
2022-02-09,432.7959899902344
2022-02-10,425.0204772949219
2022-02-11,416.6396484375
2022-02-14,415.2774963378906
2022-02-15,421.9747009277344
2022-02-16,422.4476318359375
2022-02-17,413.4235229492188
2022-02-18,410.74658203125
2022-02-22,406.3385620117188
2022-02-23,399.1307373046875
2022-02-24,405.1372375488281
2022-02-25,414.0761413574219
2022-02-28,413.0168151855469
2022-03-01,406.7264404296875
2022-03-02,414.2086486816406
2022-03-03,412.1465148925781
2022-03-04,408.7979736328125
2022-03-07,396.7469482421875
2022-03-08,393.7389831542969
2022-03-09,404.29541015625
2022-03-10,402.4697265625
2022-03-11,397.3524169921875
2022-03-14,394.4483642578125
2022-03-15,403.1224670410156
2022-03-16,412.06146240234375
2022-03-17,417.2166748046875
2022-03-18,421.786376953125
2022-03-21,421.6629943847656
2022-03-22,426.5970764160156
2022-03-23,421.1031799316406
2022-03-24,427.4510192871094
2022-03-25,429.53857421875
2022-03-28,432.5938720703125
2022-03-29,437.9454040527344
2022-03-30,435.2411804199219
2022-03-31,428.5422058105469
2022-04-01,429.75677490234375
2022-04-04,433.4382629394531
2022-04-05,427.9634399414063
2022-04-06,423.6840515136719
2022-04-07,425.8190002441406
2022-04-08,424.680419921875
2022-04-11,417.4216613769531
2022-04-12,415.8749694824219
2022-04-13,420.6382141113281
2022-04-14,415.4005737304688
2022-04-18,415.5714111328125
2022-04-19,422.2797546386719
2022-04-20,421.9666442871094
2022-04-21,415.65673828125
2022-04-22,404.2514953613281
2022-04-25,406.59515380859375
2022-04-26,394.8197937011719
2022-04-27,395.9300231933594
2022-04-28,405.9309692382813
2022-04-29,390.9295043945313
2022-05-02,393.2826843261719
2022-05-03,395.0854797363281
2022-05-04,407.1170959472656
2022-05-05,392.6469421386719
2022-05-06,390.3032531738281
2022-05-09,377.8067626953125
2022-05-10,378.67974853515625
2022-05-11,372.66400146484375
2022-05-12,372.27490234375
2022-05-13,381.17523193359375
2022-05-16,379.6286315917969
2022-05-17,387.4377136230469
2022-05-18,371.8194580078125
2022-05-19,369.5422058105469
2022-05-20,369.70355224609375
2022-05-23,376.6206970214844
2022-05-24,373.7456970214844
2022-05-25,377.0476379394531
2022-05-26,384.5816345214844
2022-05-27,394.0227966308594
2022-05-31,391.81195068359375
2022-06-01,388.6427001953125
2022-06-02,396.0439147949219
2022-06-03,389.5441589355469
2022-06-06,390.7302551269531
2022-06-07,394.4782409667969
2022-06-08,390.18939208984375
2022-06-09,380.9096374511719
2022-06-10,369.8648681640625
2022-06-13,355.8217468261719
2022-06-14,354.7495422363281
2022-06-15,359.8070068359375
2022-06-16,347.8987731933594
2022-06-17,348.64874267578125
2022-06-21,357.4255676269531
2022-06-22,356.7774963378906
2022-06-23,360.2747802734375
2022-06-24,371.7294006347656
2022-06-27,370.30950927734375
2022-06-28,362.7430114746094
2022-06-29,362.4475708007813
2022-06-30,359.5029296875
2022-07-01,363.3052978515625
2022-07-05,363.9913940429688
2022-07-06,365.2206726074219
2022-07-07,370.690673828125
2022-07-08,370.3857727050781
2022-07-11,366.1546325683594
2022-07-12,362.9145202636719
2022-07-13,361.0086059570313
2022-07-14,360.1319580078125
2022-07-15,367.0122985839844
2022-07-18,363.9818420410156
2022-07-19,373.81634521484375
2022-07-20,376.1987609863281
2022-07-21,380.0296020507813
2022-07-22,376.5037536621094
2022-07-25,376.961181640625
2022-07-26,372.501220703125
2022-07-27,382.173828125
2022-07-28,386.9671936035156
2022-07-29,392.6087036132813
2022-08-01,391.4459838867188
2022-08-02,388.8635559082031
2022-08-03,394.9529724121094
2022-08-04,394.6860961914063
2022-08-05,394.0191040039063
2022-08-08,393.56158447265625
2022-08-09,391.9988403320313
2022-08-10,400.2323303222656
2022-08-11,400.2323303222656
2022-08-12,407.0078430175781
2022-08-15,408.68499755859375
2022-08-16,409.485595703125
2022-08-17,406.57904052734375
2022-08-18,407.7607116699219
2022-08-19,402.2812194824219
2022-08-22,393.9046936035156
2022-08-23,392.9517822265625
2022-08-24,394.2096557617188
2022-08-25,399.7749938964844
2022-08-26,386.2428894042969
2022-08-29,383.6889953613281
2022-08-30,379.4768981933594
2022-08-31,376.5894470214844
2022-09-01,377.7711181640625
2022-09-02,373.7877502441406
2022-09-06,372.3774108886719
2022-09-07,379.0670776367188
2022-09-08,381.54486083984375
2022-09-09,387.4722290039063
2022-09-12,391.63665771484375
2022-09-13,374.6073303222656
2022-09-14,376.0367431640625
2022-09-15,371.76751708984375
2022-09-16,368.9313659667969
2022-09-19,371.7923889160156
2022-09-20,367.5247192382813
2022-09-21,361.11370849609375
2022-09-22,358.08038330078125
2022-09-23,352.08087158203125
2022-09-26,348.59783935546875
2022-09-27,347.7079162597656
2022-09-28,354.549560546875
2022-09-29,347.1432800292969
2022-09-30,341.7752990722656
2022-10-03,350.79864501953125
2022-10-04,361.668701171875
2022-10-05,360.82666015625
2022-10-06,357.1044006347656
2022-10-07,347.1432800292969
2022-10-10,344.4927978515625
2022-10-11,342.3111572265625
2022-10-12,341.1820373535156
2022-10-13,350.18621826171875
2022-10-14,342.2059326171875
2022-10-17,350.99957275390625
2022-10-18,355.12371826171875
2022-10-19,352.6071472167969
2022-10-20,349.6503601074219
2022-10-21,358.1473999023437
2022-10-24,362.5298767089844
2022-10-25,368.3189392089844
2022-10-26,365.5439758300781
2022-10-27,363.5919799804688
2022-10-28,372.2420959472656
2022-10-31,369.5532531738281
2022-11-01,367.9361572265625
2022-11-02,358.702392578125
2022-11-03,355.0088806152344
2022-11-04,360.1185607910156
2022-11-07,363.5632934570313
2022-11-08,365.52484130859375
2022-11-09,357.99432373046875
2022-11-10,377.6676330566406
2022-11-11,381.3228759765625
2022-11-14,378.07904052734375
2022-11-15,381.3037109375
2022-11-16,378.3948059082031
2022-11-17,377.2369384765625
2022-11-18,378.9497680664063
2022-11-21,377.5719299316406
2022-11-22,382.6528625488281
2022-11-23,385.0642395019531
2022-11-25,384.97802734375
2022-11-28,378.83502197265625
2022-11-29,378.184326171875
2022-11-30,390.0973510742188
2022-12-01,389.810302734375
2022-12-02,389.3605346679688
2022-12-05,382.356201171875
2022-12-06,376.84466552734375
2022-12-07,376.20355224609375
2022-12-08,379.1506652832031
2022-12-09,376.3183898925781
2022-12-12,381.7438354492188
2022-12-13,384.6336059570313
2022-12-14,382.1744384765625
2022-12-15,372.8258056640625
2022-12-16,368.4241943359375
2022-12-19,365.3000793457031
2022-12-20,365.7999267578125
2022-12-21,371.2695007324219
2022-12-22,365.9729309082031
2022-12-23,368.07806396484375
2022-12-27,366.6266174316406
2022-12-28,362.0701904296875
2022-12-29,368.5875854492188
2022-12-30,367.61669921875
2023-01-03,366.069091796875
2023-01-04,368.895263671875
2023-01-05,364.6848754882813
2023-01-06,373.0478210449219
2023-01-09,372.8363952636719
2023-01-10,375.4510192871094
2023-01-11,380.1996765136719
2023-01-12,381.5838317871094
2023-01-13,383.0643310546875
2023-01-17,382.3625183105469
2023-01-18,376.3257751464844
2023-01-19,373.5862121582031
2023-01-20,380.5457153320313
2023-01-23,385.1117858886719
2023-01-24,384.6983642578125
2023-01-25,384.8425598144531
2023-01-26,389.0721740722656
2023-01-27,389.9661254882813
2023-01-30,385.0732727050781
2023-01-31,390.7351379394531
2023-02-01,394.8878173828125
2023-02-02,400.6361389160156
2023-02-03,396.3777770996094
2023-02-06,393.9553833007813
2023-02-07,399.1077575683594
2023-02-08,394.7436218261719
2023-02-09,391.3215026855469
2023-02-10,392.2347412109375
2023-02-13,396.839111328125
2023-02-14,396.6565551757813
2023-02-15,397.9446411132813
2023-02-16,392.4653930664063
2023-02-17,391.4849243164063
2023-02-21,383.63134765625
2023-02-22,383.1026916503906
2023-02-23,385.14056396484375
2023-02-24,381.0263366699219
2023-02-27,382.3240966796875
2023-02-28,380.9109802246094
2023-03-01,379.4498596191406
2023-03-02,382.4009399414063
2023-03-03,388.5338134765625
2023-03-06,388.802978515625
2023-03-07,382.8431701660156
2023-03-08,383.4679870605469
2023-03-09,376.3930358886719
2023-03-10,370.9619140625
2023-03-13,370.4331970214844
2023-03-14,376.5565185546875
2023-03-15,374.2013549804688
2023-03-16,380.7668151855469
2023-03-17,376.3146362304688
2023-03-20,379.93304443359375
2023-03-21,384.92181396484375
2023-03-22,378.36029052734375
2023-03-23,379.3831787109375
2023-03-24,381.8726806640625
2023-03-27,382.5867004394531
2023-03-28,381.7279052734375
2023-03-29,387.27630615234375
2023-03-30,389.5438537597656
2023-03-31,395.0343322753906
2023-04-03,396.5396728515625
2023-04-04,394.3395690917969
2023-04-05,393.3070983886719
2023-04-06,394.8413391113281
2023-04-10,395.2466430664063
2023-04-11,395.352783203125
2023-04-12,393.7413330078125
2023-04-13,398.9712829589844
2023-04-14,397.9967346191406
2023-04-17,399.4248352050781
2023-04-18,399.6853332519531
2023-04-19,399.6178283691406
2023-04-20,397.4370422363281
2023-04-21,397.7457885742188
2023-04-24,398.1607055664063
2023-04-25,391.8403625488281
2023-04-26,390.1806945800781
2023-04-27,397.9484558105469
2023-04-28,401.3450317382813
2023-05-01,400.9397583007813
2023-05-02,396.4334411621094
2023-05-03,393.71240234375
2023-05-04,390.92376708984375
2023-05-05,398.1607055664063
2023-05-08,398.266845703125
2023-05-09,396.5203552246094
2023-05-10,398.37298583984375
2023-05-11,397.6782531738281
2023-05-12,397.15716552734375
2023-05-15,398.5274353027344
2023-05-16,395.8642272949219
2023-05-17,400.6695556640625
2023-05-18,404.5293273925781
2023-05-19,403.9407043457031
2023-05-22,404.1047058105469
2023-05-23,399.5695190429688
2023-05-24,396.67474365234375
2023-05-25,400.10986328125
2023-05-26,405.2915954589844
2023-05-30,405.4459838867188
2023-05-31,403.1977233886719
2023-06-01,407.0285034179688
2023-06-02,412.9145812988281
2023-06-05,412.1233520507813
2023-06-06,413.0206909179688
2023-06-07,411.5925598144531
2023-06-08,414.0821228027344
2023-06-09,414.82513427734375
2023-06-12,418.58837890625
2023-06-13,421.3481750488281
2023-06-14,421.849853515625
2023-06-15,427.0798034667969
2023-06-16,425.6251220703125
2023-06-20,423.4168701171875
2023-06-21,421.2473754882813
2023-06-22,422.7679748535156
2023-06-23,419.5718078613281
2023-06-26,417.8576049804688
2023-06-27,422.4386291503906
2023-06-28,422.6517333984375
2023-06-29,424.3175659179688
2023-06-30,429.3248291015625
2023-07-03,429.81878662109375
2023-07-05,429.1795349121094
2023-07-06,425.81884765625
2023-07-07,424.7436828613281
2023-07-10,425.81884765625
2023-07-11,428.5306091308594
2023-07-12,431.9785461425781
2023-07-13,435.4070739746094
2023-07-14,435.1359252929688
2023-07-17,436.6468505859375
2023-07-18,439.8913269042969
2023-07-19,440.86956787109375
2023-07-20,437.9446105957031
2023-07-21,437.9446105957031
2023-07-24,439.9010314941406
2023-07-25,441.1020202636719
2023-07-26,441.1697998046875
2023-07-27,438.2449035644531
2023-07-28,442.5354614257813
2023-07-31,443.3780212402344
2023-08-01,442.1093444824219
2023-08-02,435.9591979980469
2023-08-03,434.7098083496094
2023-08-04,432.7437438964844
2023-08-07,436.5208740234375
2023-08-08,434.6225891113281
2023-08-09,431.7170715332031
2023-08-10,431.87200927734375
2023-08-11,431.6202392578125
2023-08-14,434.0027465820313
2023-08-15,428.9470825195313
2023-08-16,425.7994689941406
2023-08-17,422.5548706054688
2023-08-18,422.75830078125
2023-08-21,425.50885009765625
2023-08-22,424.3563232421875
2023-08-23,429.0826721191406
2023-08-24,423.1359558105469
2023-08-25,426.1189880371094
2023-08-28,428.82122802734375
2023-08-29,435.0196838378906
2023-08-30,436.8114929199219
2023-08-31,436.1722412109375
2023-09-01,436.9858093261719
2023-09-05,435.0972290039063
2023-09-06,432.1722717285156
2023-09-07,430.8453979492188
2023-09-08,431.4942932128906
2023-09-11,434.3320617675781
2023-09-12,431.9494934082031
2023-09-13,432.4530944824219
2023-09-14,436.1818542480469
2023-09-15,430.9266662597656
2023-09-18,431.1793823242188
2023-09-19,430.2851867675781
2023-09-20,426.3294067382813
2023-09-21,419.2829284667969
2023-09-22,418.3401184082031
2023-09-25,420.0993041992188
2023-09-26,413.9275207519531
2023-09-27,414.0928039550781
2023-09-28,416.4934387207031
2023-09-29,415.4826354980469
2023-10-02,415.3174133300781
2023-10-03,409.7579040527344
2023-10-04,412.7417907714844
2023-10-05,412.5862731933594
2023-10-06,417.48480224609375
2023-10-09,420.1576232910156
2023-10-10,422.3445434570313
2023-10-11,424.0745239257813
2023-10-12,421.4892272949219
2023-10-13,419.3898315429688
2023-10-16,423.8024291992188
2023-10-17,423.782958984375
2023-10-18,418.1360473632813
2023-10-19,414.4620666503906
2023-10-20,409.369140625
2023-10-23,408.6596374511719
2023-10-24,411.7406921386719
2023-10-25,405.831298828125
2023-10-26,400.9716491699219
2023-10-27,399.1541137695313
2023-10-30,403.9263610839844
2023-10-31,406.4630432128906
2023-11-01,410.79791259765625
2023-11-02,418.6705932617188
2023-11-03,422.49029541015625
2023-11-06,423.4622192382813
2023-11-07,424.6673889160156
2023-11-08,424.9783935546875
2023-11-09,421.66412353515625
2023-11-10,428.244140625
2023-11-13,427.8359069824219
2023-11-14,436.13623046875
2023-11-15,437.0596008300781
2023-11-16,437.5941467285156
2023-11-17,438.138427734375
2023-11-20,441.5110473632813
2023-11-21,440.548828125
2023-11-22,442.249755859375
2023-11-24,442.5218200683594
2023-11-27,441.724853515625
2023-11-28,442.1622009277344
2023-11-29,441.8512268066406
2023-11-30,443.5909729003906
2023-12-01,446.2151794433594
2023-12-04,443.8728637695313
2023-12-05,443.785400390625
2023-12-06,441.9970703125
2023-12-07,445.3695983886719
2023-12-08,447.2843627929688
2023-12-11,449.0241088867188
2023-12-12,451.0748596191406
2023-12-13,457.2952880859375
2023-12-14,458.762939453125
2023-12-15,458.0074768066406
2023-12-18,460.5838623046875
2023-12-19,463.3846435546875
2023-12-20,456.96337890625
2023-12-21,461.2962646484375
2023-12-22,462.2232971191406
2023-12-26,464.1750793457031
2023-12-27,465.0143127441406
2023-12-28,465.1899719238281
2023-12-29,463.84326171875
2024-01-02,461.2474670410156
2024-01-03,457.4805908203125
2024-01-04,456.0069885253906
2024-01-05,456.6315612792969
2024-01-08,463.1504211425781
2024-01-09,462.44775390625
2024-01-10,465.0631408691406
2024-01-11,464.8582458496094
2024-01-12,465.1802062988281
2024-01-16,463.472412109375
2024-01-17,460.8961486816406
2024-01-18,464.9947814941406
2024-01-19,470.79150390625
2024-01-22,471.7869262695313
2024-01-23,473.1629333496094
2024-01-24,473.68011474609375
2024-01-25,476.2564086914063
2024-01-26,475.6513977050781
2024-01-29,479.4182434082031
2024-01-30,479.0474548339844
2024-01-31,471.2306823730469
2024-02-01,477.3982238769531
2024-02-02,482.4239196777344
2024-02-05,480.6673583984375
2024-02-06,482.0628967285156
2024-02-07,486.08349609375
2024-02-08,486.2981262207031
2024-02-09,489.1087341308594
2024-02-12,488.8940124511719
2024-02-13,482.1604614257813
2024-02-14,486.5421447753906
2024-02-15,489.899169921875
2024-02-16,487.45947265625
2024-02-20,484.7757873535156
2024-02-21,485.2149658203125
2024-02-22,495.2567138671875
2024-02-23,495.5982360839844
2024-02-26,493.7831115722656
2024-02-27,494.7004699707031
2024-02-28,494.0466613769531
2024-02-29,495.82269287109375
2024-03-01,500.4776306152344
2024-03-04,499.9409484863281
2024-03-05,494.94439697265625
2024-03-06,497.452392578125
2024-03-07,502.3903198242188
2024-03-08,499.3749084472656
2024-03-11,498.9454956054688
2024-03-12,504.3128356933594
2024-03-13,503.5224304199219
2024-03-14,502.5269775390625
2024-03-15,499.0762939453125
2024-03-18,502.0423889160156
2024-03-19,504.8323669433594
2024-03-20,509.501708984375
2024-03-21,511.18548583984375
2024-03-22,510.21630859375
2024-03-25,508.8066711425781
2024-03-26,507.8669128417969
2024-03-27,512.1349487304688
2024-03-28,512.037109375
2024-04-01,511.146240234375
2024-04-02,507.8963623046875
2024-04-03,508.4542236328125
2024-04-04,502.24798583984375
2024-04-05,507.4949340820313
2024-04-08,507.77874755859375
2024-04-09,508.3662414550781
2024-04-10,503.27587890625
2024-04-11,507.073974609375
2024-04-12,500.0748291015625
2024-04-15,493.8098449707031
2024-04-16,492.90924072265625
2024-04-17,489.9920654296875
2024-04-18,488.9837646484375
2024-04-19,484.7156982421875
2024-04-22,489.17962646484375
2024-04-23,494.9844970703125
2024-04-24,494.7495727539063
2024-04-25,492.87005615234375
2024-04-26,497.53948974609375
2024-04-29,499.3014526367188
2024-04-30,491.3919372558594
2024-05-01,489.7963562011719
2024-05-02,494.3775634765625
2024-05-03,500.5055847167969
2024-05-06,505.6741943359375
2024-05-07,506.232177734375
2024-05-08,506.2811584472656
2024-05-09,509.1982421875
2024-05-10,509.8541564941406
2024-05-13,509.9225463867188
2024-05-14,512.2621459960938
2024-05-15,518.6055908203125
2024-05-16,517.5385131835938
2024-05-17,518.2825317382812
2024-05-20,518.8796997070312
2024-05-21,520.1521606445312
2024-05-22,518.6546020507812
2024-05-23,514.8661499023438
2024-05-24,518.272705078125
2024-05-28,518.6349487304688
2024-05-29,515.0031127929688
2024-05-30,511.5867309570313
2024-05-31,516.2463989257812
2024-06-03,516.6672973632812
2024-06-04,517.244873046875
2024-06-05,523.3924560546875
2024-06-06,523.3826293945312
2024-06-07,522.746337890625
2024-06-10,524.361572265625
2024-06-11,525.6243286132812
2024-06-12,529.9412231445312
2024-06-13,531.00830078125
2024-06-14,531.3313598632812
2024-06-17,535.5601806640625
2024-06-18,536.9208984375
2024-06-20,535.4622802734375
2024-06-21,534.7445068359375
2024-06-24,533.0061645507812
2024-06-25,535.0587768554688
2024-06-26,535.7265014648438
2024-06-27,536.5711059570312
2024-06-28,534.4596557617188
2024-07-01,535.5595703125
2024-07-02,539.1636352539062
2024-07-03,541.56982421875
2024-07-05,544.69287109375
2024-07-08,545.3213500976562
2024-07-09,545.8516845703125
2024-07-10,551.2529296875
2024-07-11,546.4996948242188
2024-07-12,549.9468383789062
2024-07-15,551.459228515625
2024-07-16,554.7294921875
2024-07-17,546.9515380859375
2024-07-18,542.748291015625
2024-07-19,539.14404296875
2024-07-22,544.7025756835938
2024-07-23,543.8482055664062
2024-07-24,531.5232543945312
2024-07-25,528.7538452148438
2024-07-26,534.6756591796875
2024-07-29,534.9899291992188
2024-07-30,532.2794799804688
2024-07-31,540.9315185546875
2024-08-01,533.2713012695312
2024-08-02,523.3426513671875
2024-08-05,508.1011047363281
2024-08-06,512.7855224609375
2024-08-07,509.3580017089844
2024-08-08,521.133056640625
2024-08-09,523.4310302734375
2024-08-12,523.7060546875
2024-08-13,532.3187255859375
2024-08-14,533.9981079101562
2024-08-15,543.1509399414062
2024-08-16,544.3687133789062
2024-08-19,549.5736083984375
2024-08-20,548.679931640625
2024-08-21,550.5655517578125
2024-08-22,546.2444458007812
2024-08-23,552.0484619140625
2024-08-26,550.7325439453125
2024-08-27,551.4887084960938
2024-08-28,548.287109375
2024-08-29,548.336181640625
2024-08-30,553.5706787109375
2024-09-03,542.1787719726562
2024-09-04,541.0689697265625
2024-09-05,539.7529907226562
2024-09-06,530.6688232421875
2024-09-09,536.6103515625
2024-09-10,538.9476318359375
2024-09-11,544.4767456054688
2024-09-12,549.06298828125
2024-09-13,551.9306640625
2024-09-16,552.7456665039062
2024-09-17,552.9715576171875
2024-09-18,551.3316040039062
2024-09-19,560.7396240234375
2024-09-20,559.7703857421875
2024-09-23,561.169189453125
2024-09-24,562.77490234375
2024-09-25,561.53369140625
2024-09-26,563.7599487304688
2024-09-27,562.9423828125
2024-09-30,565.1981811523438
2024-10-01,560.1349487304688
2024-10-02,560.3712768554688
2024-10-03,559.3468017578125
2024-10-04,564.4298095703125
2024-10-07,559.3270874023438
2024-10-08,564.616943359375
2024-10-09,568.52783203125
2024-10-10,567.5328369140625
2024-10-11,570.9313354492188
2024-10-14,575.6005859375
2024-10-15,571.1283569335938
2024-10-16,573.6107788085938
2024-10-17,573.6599731445312
2024-10-18,575.8665771484375
2024-10-21,574.9208374023438
2024-10-22,574.615478515625
2024-10-23,569.364990234375
2024-10-24,570.596435546875
2024-10-25,570.3993530273438
2024-10-28,572.1627197265625
2024-10-29,573.0886840820312
2024-10-30,571.3549194335938
2024-10-31,560.1546630859375
2024-11-01,562.5186767578125
2024-11-04,561.30712890625
2024-11-05,568.0943603515625
2024-11-06,582.2203369140625
2024-11-07,586.72216796875
2024-11-08,589.263671875
2024-11-11,589.8251342773438
2024-11-12,587.9928588867188
2024-11-13,588.278564453125
2024-11-14,584.495849609375
2024-11-15,577.0092163085938
2024-11-18,579.3734741210938
2024-11-19,581.4913330078125
2024-11-20,581.6884155273438
2024-11-21,584.81103515625
2024-11-22,586.6236572265625
2024-11-25,588.6134643554688
2024-11-26,591.6869506835938
2024-11-27,589.89404296875
2024-11-29,593.55859375
2024-12-02,594.6224365234375
2024-12-03,594.8983154296875
2024-12-04,598.59228515625
2024-12-05,597.6072998046875
2024-12-06,598.7400512695312
2024-12-09,595.6567993164062
2024-12-10,593.8048095703125
2024-12-11,598.3953247070312
2024-12-12,595.31201171875
2024-12-13,595.1937866210938
2024-12-16,597.7352905273438
2024-12-17,595.2725830078125
2024-12-18,577.5314331054688
2024-12-19,577.3541259765625
2024-12-20,584.2886352539062
2024-12-23,587.7875366210938
2024-12-24,594.32080078125
2024-12-26,594.3603515625
2024-12-27,588.1038208007812
2024-12-30,581.392578125
2024-12-31,579.2774047851562
2025-01-02,577.854248046875
2025-01-03,585.079345703125
2025-01-06,588.4497680664062
2025-01-07,581.7979125976562
2025-01-08,582.6478271484375
2025-01-10,573.7522583007812
2025-01-13,574.6419067382812
2025-01-14,575.4326171875
2025-01-15,585.8997192382812
2025-01-16,584.7730102539062
2025-01-17,590.6439819335938
2025-01-21,596.0504760742188
2025-01-22,599.401123046875
2025-01-23,602.6727294921875
2025-01-24,600.913330078125
2025-01-27,592.4132080078125
2025-01-28,597.50341796875
2025-01-29,594.8248291015625
2025-01-30,598.017333984375
2025-01-31,594.8347778320312
2025-02-03,590.8317260742188
2025-02-04,594.7952270507812
2025-02-05,597.2068481445312
2025-02-06,599.2825317382812
2025-02-07,593.7969970703125
2025-02-10,597.8295288085938
2025-02-11,598.2842407226562
2025-02-12,596.3568725585938
2025-02-13,602.6528930664062
2025-02-14,602.6233520507812
2025-02-18,604.3925170898438
2025-02-19,605.8157958984375
2025-02-20,603.29541015625
2025-02-21,592.9765625
2025-02-24,590.2783203125
2025-02-25,587.3427734375
2025-02-26,587.63916015625
2025-02-27,578.2593383789062
2025-02-28,587.2835083007812
2025-03-03,576.9942626953125
2025-03-04,570.1644287109375
2025-03-05,576.29248046875
2025-03-06,566.0626220703125
2025-03-07,569.2352905273438
2025-03-10,554.073486328125
2025-03-11,549.4674682617188
2025-03-12,552.38330078125
2025-03-13,545.0197143554688
2025-03-14,556.2775268554688
2025-03-17,560.567138671875
2025-03-18,554.50830078125
2025-03-19,560.54736328125
2025-03-20,558.9264526367188
2025-03-21,559.1107788085938
2025-03-24,569.1236572265625
2025-03-25,570.49169921875
2025-03-26,563.6810913085938
2025-03-27,562.1841430664062
2025-03-28,550.8626708984375
2025-03-31,554.5604858398438
2025-04-01,556.1268310546875
2025-04-02,559.6461791992188
2025-04-03,532.06640625
2025-04-04,500.9176330566406
2025-04-07,500.0254211425781
2025-04-08,492.193603515625
2025-04-09,543.8834838867188
2025-04-10,520.0509643554688
2025-04-11,529.3301391601562
2025-04-14,534.4654541015625
2025-04-15,532.968505859375
2025-04-16,521.1216430664062
2025-04-17,521.8651733398438
2025-04-21,509.44342041015625
2025-04-22,522.6979370117188
2025-04-23,530.79736328125
2025-04-24,541.9701538085938
2025-04-25,545.885986328125
2025-04-28,546.0941772460938
2025-04-29,549.5342407226562
2025-04-30,549.7523193359375
2025-05-01,553.6483154296875
2025-05-02,561.8668212890625
2025-05-05,558.6448974609375
2025-05-06,553.9755249023438
2025-05-07,556.3052978515625
2025-05-08,560.1815185546875
2025-05-09,559.4677734375
2025-05-12,577.9567260742188
2025-05-13,581.7734985351562
2025-05-14,582.5170288085938
2025-05-15,585.3622436523438
2025-05-16,589.0699462890625
2025-05-19,589.7142944335938
2025-05-20,587.7315673828125
2025-05-21,577.8278198242188
2025-05-22,578.055908203125
2025-05-23,574.1101684570312
2025-05-27,586.0463256835938
2025-05-28,582.65576171875
2025-05-29,584.9557495117188
2025-05-30,584.3014526367188
2025-06-02,587.5928955078125
2025-06-03,590.943603515625
2025-06-04,590.7850341796875
2025-06-05,587.9298095703125
2025-06-06,593.96728515625
2025-06-09,594.5026245117188
2025-06-10,597.873291015625
2025-06-11,596.1680908203125
2025-06-12,598.5374755859375
2025-06-13,591.8457641601562
2025-06-16,597.4767456054688
2025-06-17,592.3712158203125
2025-06-18,592.281982421875
2025-06-20,590.8909912109375
2025-06-23,596.7274780273438
2025-06-24,603.3196411132812
2025-06-25,603.65771484375
2025-06-26,608.380615234375
2025-06-27,611.4032592773438
2025-06-30,614.3264770507812
2025-07-01,614.127685546875
2025-07-02,616.9117431640625
2025-07-03,621.7738647460938
2025-07-07,617.1403198242188
2025-07-08,616.8023681640625
2025-07-09,620.5010986328125
2025-07-10,622.2510375976562
2025-07-11,620.0636596679688
2025-07-14,621.246826171875
2025-07-15,618.592041015625
2025-07-16,620.66015625
2025-07-17,624.4583740234375
2025-07-18,624.0010375976562
2025-07-21,625.1842651367188
2025-07-22,625.2737426757812
2025-07-23,630.5932006835938
2025-07-24,630.802001953125
2025-07-25,633.4667358398438
2025-07-28,633.3076782226562
2025-07-29,631.6372680664062
2025-07-30,630.841796875
2025-07-31,628.475341796875
2025-08-01,618.1743774414062
2025-08-04,627.570556640625
2025-08-05,624.3887939453125
2025-08-06,629.17138671875
2025-08-07,628.6444091796875
2025-08-08,633.5462646484375
2025-08-11,632.29345703125
2025-08-12,639.0248413085938
2025-08-13,641.2123413085938
2025-08-14,641.27197265625
2025-08-15,639.7705688476562
2025-08-18,639.6314086914062
2025-08-19,636.1612548828125
2025-08-20,634.470947265625
2025-08-21,631.9255981445312
2025-08-22,641.6299438476562
2025-08-25,638.8060913085938
2025-08-26,641.4807739257812
2025-08-27,642.9423828125
2025-08-28,645.2192993164062
2025-08-29,641.3713989257812
2025-09-02,636.6187133789062
2025-09-03,640.06884765625
2025-09-04,645.418212890625
2025-09-05,643.5488891601562
2025-09-08,645.1298828125
2025-09-09,646.6212768554688
2025-09-10,648.4905395507812
2025-09-11,653.8796997070312
2025-09-12,653.6608276367188
2025-09-15,657.1409301757812
2025-09-16,656.2361450195312
2025-09-17,655.4208374023438
2025-09-18,658.4832153320312
2025-09-19,661.74462890625
2025-09-22,664.8753662109375
2025-09-23,661.256103515625
2025-09-24,659.1522216796875
2025-09-25,656.1112670898438
2025-09-26,659.8701782226562
2025-09-29,661.7246704101562
2025-09-30,664.21728515625
2025-10-01,666.4806518554688
2025-10-02,667.248291015625
2025-10-03,667.2384033203125
2025-10-06,669.6312866210938
2025-10-07,667.1486206054688
2025-10-08,671.1268920898438
2025-10-09,669.1826171875
2025-10-10,651.0960693359375
2025-10-13,661.0865478515625
2025-10-14,660.2789306640625
2025-10-15,663.2102661132812
2025-10-16,658.6936645507812
2025-10-17,662.4326171875
2025-10-20,669.3222045898438
2025-10-21,669.3121948242188
2025-10-22,665.83251953125
2025-10-23,669.7808837890625
2025-10-24,675.2546997070312
2025-10-27,683.2211303710938
2025-10-28,685.0357666015625
2025-10-29,685.3648071289062
2025-10-30,677.8270874023438
2025-10-31,680.050537109375
2025-11-03,681.3267822265625
2025-11-04,673.2506103515625
2025-11-05,675.583740234375
2025-11-06,668.3351440429688
2025-11-07,668.9931640625
2025-11-10,679.432373046875
2025-11-11,680.9877319335938
2025-11-12,681.3666381835938
2025-11-13,670.0599975585938
2025-11-14,669.9503784179688
2025-11-17,663.7088012695312
2025-11-18,658.1353149414062
2025-11-19,660.6777954101562
2025-11-20,650.6075439453125
2025-11-21,657.08837890625
2025-11-24,666.759765625
2025-11-25,673.03125
2025-11-26,677.6775512695312
2025-11-28,681.3765869140625
2025-12-01,678.2658081054688
2025-12-02,679.5220947265625
2025-12-03,681.8751220703125
2025-12-04,682.3736572265625
2025-12-05,683.6697998046875
2025-12-08,681.6159057617188
2025-12-09,681.027587890625
2025-12-10,685.5443115234375
2025-12-11,687.1395263671875
2025-12-12,679.7514038085938
2025-12-15,678.7244262695312
2025-12-16,676.8699340820312
2025-12-17,669.4219360351562
2025-12-18,674.4769287109375
2025-12-19,680.5900268554688
2025-12-22,684.8300170898438
2025-12-23,687.9600219726562
2025-12-24,690.3800048828125
2025-12-26,690.3099975585938
2025-12-29,687.8499755859375
2025-12-30,687.010009765625
2025-12-31,681.9199829101562
2026-01-02,683.1699829101562
2026-01-05,687.719970703125
2026-01-06,691.8099975585938
2026-01-07,689.5800170898438
2026-01-08,689.510009765625
2026-01-09,694.0700073242188
2026-01-12,695.1599731445312
2026-01-13,693.77001953125
2026-01-14,690.3599853515625
2026-01-15,692.239990234375
2026-01-16,691.6599731445312
2026-01-20,677.5800170898438
2026-01-21,685.4000244140625
2026-01-22,688.97998046875
