date,value
2005-01-03,48.709320068359375
2005-01-04,48.406063079833984
2005-01-05,48.48612976074219
2005-01-06,48.53190231323242
2005-01-07,48.49186325073242
2005-01-10,48.48612976074219
2005-01-11,48.58341979980469
2005-01-12,48.65780258178711
2005-01-13,48.852386474609375
2005-01-14,48.82379150390625
2005-01-18,48.806602478027344
2005-01-19,48.835182189941406
2005-01-20,48.92105102539063
2005-01-21,49.01830673217773
2005-01-24,49.01258850097656
2005-01-25,48.82949066162109
2005-01-26,48.8409538269043
2005-01-27,48.76651382446289
2005-01-28,49.01830673217773
2005-01-31,49.03548812866211
2005-02-01,49.00163650512695
2005-02-02,49.0073471069336
2005-02-03,48.9270133972168
2005-02-04,49.17959976196289
2005-02-07,49.27714157104492
2005-02-08,49.32311630249024
2005-02-09,49.56418228149414
2005-02-10,49.25419998168945
2005-02-11,49.1910400390625
2005-02-14,49.25419998168945
2005-02-15,49.17959976196289
2005-02-16,49.00163650512695
2005-02-17,48.892578125
2005-02-18,48.64577102661133
2005-02-22,48.65150833129883
2005-02-23,48.69168472290039
2005-02-24,48.61130905151367
2005-02-25,48.68017578125
2005-02-28,48.36452102661133
2005-03-01,48.36507797241211
2005-03-02,48.35933303833008
2005-03-03,48.33054733276367
2005-03-04,48.54924774169922
2005-03-07,48.56077575683594
2005-03-08,48.33054733276367
2005-03-09,47.96217346191406
2005-03-10,48.04856491088867
2005-03-11,47.84706878662109
2005-03-14,47.96217346191406
2005-03-15,47.87007522583008
2005-03-16,47.97947311401367
2005-03-17,48.16364288330078
2005-03-18,48.04278564453125
2005-03-21,47.98519134521485
2005-03-22,47.63411712646485
2005-03-23,47.74345397949219
2005-03-24,47.783729553222656
2005-03-28,47.62834930419922
2005-03-29,47.82402801513672
2005-03-30,47.933387756347656
2005-03-31,48.16936874389648
2005-04-01,48.26700592041016
2005-04-04,48.24385070800781
2005-04-05,48.24966812133789
2005-04-06,48.39402389526367
2005-04-07,48.2092399597168
2005-04-08,48.26120376586914
2005-04-11,48.40559768676758
2005-04-12,48.65967559814453
2005-04-13,48.68276596069336
2005-04-14,48.80979919433594
2005-04-15,49.12744522094727
2005-04-18,49.02348327636719
2005-04-19,49.30646514892578
2005-04-20,49.2775993347168
2005-04-21,48.92532730102539
2005-04-22,49.13323593139648
2005-04-25,49.13323593139648
2005-04-26,49.1101188659668
2005-04-27,49.26026916503906
2005-04-28,49.56058120727539
2005-04-29,49.38154220581055
2005-05-02,49.431922912597656
2005-05-03,49.49564743041992
2005-05-04,49.48410034179688
2005-05-05,49.64049530029297
2005-05-06,49.28711700439453
2005-05-09,49.28133010864258
2005-05-10,49.455108642578125
2005-05-11,49.518829345703125
2005-05-12,49.56518173217773
2005-05-13,49.69260787963867
2005-05-16,49.69840240478516
2005-05-17,49.76213836669922
2005-05-18,49.924354553222656
2005-05-19,49.773738861083984
2005-05-20,49.76792907714844
2005-05-23,49.99386596679688
2005-05-24,50.12713241577149
2005-05-25,49.947509765625
2005-05-26,49.976505279541016
2005-05-27,50.028594970703125
2005-05-31,50.289329528808594
2005-06-01,50.599571228027344
2005-06-02,50.58218002319336
2005-06-03,50.29166793823242
2005-06-06,50.425289154052734
2005-06-07,50.570560455322266
2005-06-08,50.47757339477539
2005-06-09,50.44853973388672
2005-06-10,50.12895584106445
2005-06-13,49.99529647827149
2005-06-14,49.93717575073242
2005-06-15,49.91974258422852
2005-06-16,50.0766487121582
2005-06-17,50.0185546875
2005-06-20,49.94302749633789
2005-06-21,50.099857330322266
2005-06-22,50.47757339477539
2005-06-23,50.425289154052734
2005-06-24,50.54729843139648
2005-06-27,50.588008880615234
2005-06-28,50.37301254272461
2005-06-29,50.35557174682617
2005-06-30,50.52989196777344
2005-07-01,50.0951042175293
2005-07-05,49.89106750488281
2005-07-06,49.99599075317383
2005-07-07,50.1125602722168
2005-07-08,49.93193435668945
2005-07-11,49.908573150634766
2005-07-12,49.78035354614258
2005-07-13,49.73371505737305
2005-07-14,49.66963958740234
2005-07-15,49.681251525878906
2005-07-18,49.599700927734375
2005-07-19,49.66963958740234
2005-07-20,49.762821197509766
2005-07-21,49.39569091796875
2005-07-22,49.62885284423828
2005-07-25,49.5413703918457
2005-07-26,49.57638168334961
2005-07-27,49.50642395019531
2005-07-28,49.72208786010742
2005-07-29,49.4247932434082
2005-08-01,49.32596969604492
2005-08-02,49.27924346923828
2005-08-03,49.40201568603516
2005-08-04,49.36692810058594
2005-08-05,49.10382843017578
2005-08-08,48.97517013549805
2005-08-09,49.11552047729492
2005-08-10,49.09212112426758
2005-08-11,49.30257797241211
2005-08-12,49.50141143798828
2005-08-15,49.437103271484375
2005-08-16,49.67095565795898
2005-08-17,49.47805404663086
2005-08-18,49.74110794067383
2005-08-19,49.7119026184082
2005-08-22,49.75283432006836
2005-08-23,49.84639358520508
2005-08-24,49.86978530883789
2005-08-25,49.8990364074707
2005-08-26,49.817138671875
2005-08-29,49.85221481323242
2005-08-30,50.08610534667969
2005-08-31,50.41349029541016
2005-09-01,50.462833404541016
2005-09-02,50.47457504272461
2005-09-06,50.316139221191406
2005-09-07,50.15195846557617
2005-09-08,50.15195846557617
2005-09-09,50.19298553466797
2005-09-12,50.03463745117188
2005-09-13,50.187137603759766
2005-09-14,50.0815544128418
2005-09-15,49.92900466918945
2005-09-16,49.73550415039063
2005-09-19,49.83522033691406
2005-09-20,49.79413604736328
2005-09-21,50.02290725708008
2005-09-22,50.05810546875
2005-09-23,49.78243255615234
2005-09-26,49.6533317565918
2005-09-27,49.68270111083984
2005-09-28,49.78243255615234
2005-09-29,49.67097091674805
2005-09-30,49.530155181884766
2005-10-03,49.340110778808594
2005-10-04,49.3636360168457
2005-10-05,49.481353759765625
2005-10-06,49.41658401489258
2005-10-07,49.481353759765625
2005-10-10,49.49312210083008
2005-10-11,49.3989372253418
2005-10-12,49.21062850952149
2005-10-13,49.13412094116211
2005-10-14,49.13412094116211
2005-10-17,49.07526779174805
2005-10-18,49.1458740234375
2005-10-19,49.20473861694336
2005-10-20,49.23415756225586
2005-10-21,49.45190048217773
2005-10-24,49.240047454833984
2005-10-25,49.01049041748047
2005-10-26,48.82219696044922
2005-10-27,48.93403244018555
2005-10-28,48.88105010986328
2005-10-31,48.9163703918457
2005-11-01,48.88567352294922
2005-11-02,48.7852668762207
2005-11-03,48.6140251159668
2005-11-04,48.59037780761719
2005-11-07,48.67897033691406
2005-11-08,48.92110061645508
2005-11-09,48.66128158569336
2005-11-10,48.9388313293457
2005-11-11,48.997825622558594
2005-11-14,48.779388427734375
2005-11-15,48.94474411010742
2005-11-16,49.1927375793457
2005-11-17,49.28722381591797
2005-11-18,49.169132232666016
2005-11-21,49.26358413696289
2005-11-22,49.43486404418945
2005-11-23,49.30495071411133
2005-11-25,49.45261764526367
2005-11-28,49.517555236816406
2005-11-29,49.24593734741211
2005-11-30,49.2222900390625
2005-12-01,49.11147689819336
2005-12-02,49.15296173095703
2005-12-05,49.00480270385742
2005-12-06,49.235877990722656
2005-12-07,49.20627212524414
2005-12-08,49.41961288452149
2005-12-09,49.20037078857422
2005-12-12,49.08773422241211
2005-12-13,49.20627212524414
2005-12-14,49.51439666748047
2005-12-15,49.44919967651367
2005-12-16,49.53812789916992
2005-12-19,49.56775665283203
2005-12-20,49.48474884033203
2005-12-21,49.41961288452149
2005-12-22,49.615142822265625
2005-12-23,49.73360061645508
2005-12-27,49.97066116333008
2005-12-28,49.81725692749024
2005-12-29,49.876739501953125
2005-12-30,49.89456558227539
2006-01-03,49.8886604309082
2006-01-04,49.97785186767578
2006-01-05,49.98971557617188
2006-01-06,49.9243049621582
2006-01-09,49.94808578491211
2006-01-10,49.74591064453125
2006-01-11,49.62101745605469
2006-01-12,49.79943084716797
2006-01-13,50.0194206237793
2006-01-17,50.07890319824219
2006-01-18,50.09672164916992
2006-01-19,49.971900939941406
2006-01-20,50.05510711669922
2006-01-23,50.04320907592773
2006-01-24,49.9599838256836
2006-01-25,49.65079116821289
2006-01-26,49.54374694824219
2006-01-27,49.57941436767578
2006-01-30,49.47239303588867
2006-01-31,49.54374694824219
2006-02-01,49.39107131958008
2006-02-02,49.39107131958008
2006-02-03,49.54016876220703
2006-02-06,49.46855163574219
2006-02-07,49.40893173217773
2006-02-08,49.37910461425781
2006-02-09,49.42680358886719
2006-02-10,49.283668518066406
2006-02-13,49.283668518066406
2006-02-14,49.212100982666016
2006-02-15,49.301544189453125
2006-02-16,49.27766799926758
2006-02-17,49.44469833374024
2006-02-21,49.38505172729492
2006-02-22,49.56999969482422
2006-02-23,49.450714111328125
2006-02-24,49.39107131958008
2006-02-27,49.29562377929688
2006-02-28,49.4924201965332
2006-03-01,49.39493942260742
2006-03-02,49.19740295410156
2006-03-03,49.07770156860352
2006-03-06,48.922142028808594
2006-03-07,48.94606018066406
2006-03-08,48.96998596191406
2006-03-09,49.01789474487305
2006-03-10,48.922142028808594
2006-03-13,48.88026809692383
2006-03-14,49.161529541015625
2006-03-15,49.071773529052734
2006-03-16,49.3829345703125
2006-03-17,49.281211853027344
2006-03-20,49.37697982788086
2006-03-21,49.173484802246094
2006-03-22,49.23329162597656
2006-03-23,49.10764694213867
2006-03-24,49.3231201171875
2006-03-27,49.21533203125
2006-03-28,48.97597503662109
2006-03-29,48.92814636230469
2006-03-30,48.78448486328125
2006-03-31,48.82042694091797
2006-04-03,48.7663459777832
2006-04-04,48.77241516113281
2006-04-05,48.88642501831055
2006-04-06,48.748348236083984
2006-04-07,48.52623748779297
2006-04-10,48.58625793457031
2006-04-11,48.67633819580078
2006-04-12,48.5622444152832
2006-04-13,48.30411148071289
2006-04-17,48.49021911621094
2006-04-18,48.646297454833984
2006-04-19,48.50821304321289
2006-04-20,48.46617889404297
2006-04-21,48.56826019287109
2006-04-24,48.62828826904297
2006-04-25,48.32215118408203
2006-04-26,48.29806137084961
2006-04-27,48.43014907836914
2006-04-28,48.51422500610352
2006-05-01,48.25151443481445
2006-05-02,48.3298225402832
2006-05-03,48.26358795166016
2006-05-04,48.2334213256836
2006-05-05,48.34794616699219
2006-05-08,48.37202835083008
2006-05-09,48.35393142700195
2006-05-10,48.378047943115234
2006-05-11,48.29370880126953
2006-05-12,48.11292266845703
2006-05-15,48.2153549194336
2006-05-16,48.39612579345703
2006-05-17,48.25755310058594
2006-05-18,48.60100936889648
2006-05-19,48.57086181640625
2006-05-22,48.63716506958008
2006-05-23,48.61909103393555
2006-05-24,48.691368103027344
2006-05-25,48.61306381225586
2006-05-26,48.65522766113281
2006-05-30,48.61306381225586
2006-05-31,48.46239471435547
2006-06-01,48.5434455871582
2006-06-02,48.91839218139648
2006-06-05,48.82164001464844
2006-06-06,48.86394500732422
2006-06-07,48.79746627807617
2006-06-08,48.86394500732422
2006-06-09,48.98491287231445
2006-06-12,48.96071243286133
2006-06-13,49.027252197265625
2006-06-14,48.70066833496094
2006-06-15,48.59183120727539
2006-06-16,48.56163024902344
2006-06-19,48.50713348388672
2006-06-20,48.47088623046875
2006-06-21,48.46481323242188
2006-06-22,48.30759811401367
2006-06-23,48.26526641845703
2006-06-26,48.23503112792969
2006-06-27,48.36201095581055
2006-06-28,48.20478057861328
2006-06-29,48.40434265136719
2006-06-30,48.573692321777344
2006-07-03,48.55060195922852
2006-07-05,48.37458419799805
2006-07-06,48.526363372802734
2006-07-07,48.6781005859375
2006-07-10,48.71455383300781
2006-07-11,48.76919174194336
2006-07-12,48.81169509887695
2006-07-13,48.92097473144531
2006-07-14,48.95735549926758
2006-07-17,48.91487121582031
2006-07-18,48.72666931152344
2006-07-19,49.03629684448242
2006-07-20,49.13948822021485
2006-07-21,49.10913848876953
2006-07-24,49.10913848876953
2006-07-25,49.06056213378906
2006-07-26,49.18204116821289
2006-07-27,49.17593383789063
2006-07-28,49.30948638916016
2006-07-31,49.38841247558594
2006-08-01,49.400028228759766
2006-08-02,49.44269180297852
2006-08-03,49.454872131347656
2006-08-04,49.69866561889648
2006-08-07,49.63158798217773
2006-08-08,49.63774490356445
2006-08-09,49.61333465576172
2006-08-10,49.625484466552734
2006-08-11,49.467041015625
2006-08-14,49.38173675537109
2006-08-15,49.61940002441406
2006-08-16,49.82666778564453
2006-08-17,49.8144760131836
2006-08-18,49.94853973388672
2006-08-21,50.00948333740234
2006-08-22,50.02779006958008
2006-08-23,49.97905349731445
2006-08-24,50.02779006958008
2006-08-25,50.0948371887207
2006-08-28,50.08872985839844
2006-08-29,50.13140869140625
2006-08-30,50.192359924316406
2006-08-31,50.25943374633789
2006-09-01,50.3340072631836
2006-09-05,50.16886520385742
2006-09-06,50.13214492797852
2006-09-07,50.16886520385742
2006-09-08,50.21779251098633
2006-09-11,50.12599182128906
2006-09-12,50.26677322387695
2006-09-13,50.31565856933594
2006-09-14,50.21779251098633
2006-09-15,50.18718338012695
2006-09-18,50.1137580871582
2006-09-19,50.41356658935547
2006-09-20,50.42581558227539
2006-09-21,50.78682708740234
2006-09-22,50.939735412597656
2006-09-25,51.11105346679688
2006-09-26,50.98255920410156
2006-09-27,50.97036361694336
2006-09-28,50.92140579223633
2006-09-29,50.866336822509766
2006-10-02,50.95595550537109
2006-10-03,50.94985580444336
2006-10-04,51.18321228027344
2006-10-05,51.00511932373047
2006-10-06,50.728759765625
2006-10-09,50.79017639160156
2006-10-10,50.48308944702149
2006-10-11,50.42168045043945
2006-10-12,50.45236206054688
2006-10-13,50.36641311645508
2006-10-16,50.45236206054688
2006-10-17,50.50762939453125
2006-10-18,50.495391845703125
2006-10-19,50.45236206054688
2006-10-20,50.44011306762695
2006-10-23,50.298824310302734
2006-10-24,50.36641311645508
2006-10-25,50.55062484741211
2006-10-26,50.72261047363281
2006-10-27,50.888427734375
2006-10-30,50.91298294067383
2006-10-31,51.140228271484375
2006-11-01,51.31772994995117
2006-11-02,51.17597579956055
2006-11-03,50.78762435913086
2006-11-06,50.83697128295898
2006-11-07,51.00951766967773
2006-11-08,51.120513916015625
2006-11-09,51.11434555053711
2006-11-10,51.22527313232422
2006-11-13,51.20067596435547
2006-11-14,51.30543518066406
2006-11-15,51.16365051269531
2006-11-16,51.0342025756836
2006-11-17,51.219120025634766
2006-11-20,51.24996566772461
2006-11-21,51.32392501831055
2006-11-22,51.40406036376953
2006-11-24,51.45953750610352
2006-11-27,51.50889587402344
2006-11-28,51.6013298034668
2006-11-29,51.539669036865234
2006-11-30,51.81092071533203
2006-12-01,51.930908203125
2006-12-04,51.924766540527344
2006-12-05,51.85667037963867
2006-12-06,51.77626037597656
2006-12-07,51.75770950317383
2006-12-08,51.52262496948242
2006-12-11,51.68345260620117
2006-12-12,51.77626037597656
2006-12-13,51.51022338867188
2006-12-14,51.429805755615234
2006-12-15,51.442195892333984
2006-12-18,51.4669303894043
2006-12-19,51.45454788208008
2006-12-20,51.442195892333984
2006-12-21,51.62774658203125
2006-12-22,51.39264297485352
2006-12-26,51.429805755615234
2006-12-27,51.29265213012695
2006-12-28,51.174800872802734
2006-12-29,51.149993896484375
2007-01-03,51.29890823364258
2007-01-04,51.48505783081055
2007-01-05,51.31751251220703
2007-01-08,51.35471725463867
2007-01-09,51.34230041503906
2007-01-10,51.25545501708984
2007-01-11,51.11895751953125
2007-01-12,51.01349639892578
2007-01-16,51.11276626586914
2007-01-17,51.01349639892578
2007-01-18,51.08176040649414
2007-01-19,51.00105667114258
2007-01-22,51.0941276550293
2007-01-23,50.94521331787109
2007-01-24,50.95143127441406
2007-01-25,50.75291061401367
2007-01-26,50.74666595458984
2007-01-29,50.709468841552734
2007-01-30,50.75910949707031
2007-01-31,50.94521331787109
2007-02-01,50.908504486083984
2007-02-02,50.95211410522461
2007-02-05,51.00810623168945
2007-02-06,51.15141677856445
2007-02-07,51.26350784301758
2007-02-08,51.275970458984375
2007-02-09,51.12025451660156
2007-02-12,51.05175018310547
2007-02-13,51.01436996459961
2007-02-14,51.30708694458008
2007-02-15,51.38807678222656
2007-02-16,51.444095611572266
2007-02-20,51.50642776489258
2007-02-21,51.50015258789063
2007-02-22,51.36937713623047
2007-02-23,51.574893951416016
2007-02-26,51.73680114746094
2007-02-27,52.17278671264648
2007-02-28,51.9921760559082
2007-03-01,52.039039611816406
2007-03-02,52.207740783691406
2007-03-05,52.23902130126953
2007-03-06,52.17028427124024
2007-03-07,52.26396179199219
2007-03-08,52.257755279541016
2007-03-09,51.96404647827149
2007-03-12,52.1077880859375
2007-03-13,52.338985443115234
2007-03-14,52.27021026611328
2007-03-15,52.21402359008789
2007-03-16,52.207740783691406
2007-03-19,52.1390266418457
2007-03-20,52.21402359008789
2007-03-21,52.28902053833008
2007-03-22,52.11403274536133
2007-03-23,52.03279495239258
2007-03-26,52.07654571533203
2007-03-27,52.06403732299805
2007-03-28,52.05777359008789
2007-03-29,51.98276901245117
2007-03-30,51.92028427124024
2007-04-02,51.97801208496094
2007-04-03,51.93413162231445
2007-04-04,52.0156478881836
2007-04-05,51.88395690917969
2007-04-09,51.64558792114258
2007-04-10,51.75216293334961
2007-04-11,51.68951034545898
2007-04-12,51.739654541015625
2007-04-13,51.65185546875
2007-04-16,51.7082405090332
2007-04-17,51.92786407470703
2007-04-18,52.04701232910156
2007-04-19,52.04076385498047
2007-04-20,51.984317779541016
2007-04-23,52.0909423828125
2007-04-24,52.191314697265625
2007-04-25,52.15998077392578
2007-04-26,52.00941467285156
2007-04-27,52.00941467285156
2007-04-30,52.23517990112305
2007-05-01,52.23773193359375
2007-05-02,52.17476272583008
2007-05-03,52.11811447143555
2007-05-04,52.25032043457031
2007-05-07,52.29442596435547
2007-05-08,52.29442596435547
2007-05-09,52.12443542480469
2007-05-10,52.25661087036133
2007-05-11,52.14958190917969
2007-05-14,52.07406997680664
2007-05-15,52.06772232055664
2007-05-16,52.0362663269043
2007-05-17,51.89773941040039
2007-05-18,51.74658966064453
2007-05-21,51.81586837768555
2007-05-22,51.67107772827149
2007-05-23,51.57027816772461
2007-05-24,51.6395378112793
2007-05-25,51.58285903930664
2007-05-29,51.47582626342773
2007-05-30,51.52619934082031
2007-05-31,51.50735855102539
2007-06-01,51.28541946411133
2007-06-04,51.36762619018555
2007-06-05,51.2032470703125
2007-06-06,51.22849655151367
2007-06-07,50.71645736694336
2007-06-08,50.81124877929688
2007-06-11,50.67852020263672
2007-06-12,50.318119049072266
2007-06-13,50.482521057128906
2007-06-14,50.49516677856445
2007-06-15,50.71645736694336
2007-06-18,50.69115447998047
2007-06-19,50.93770599365234
2007-06-20,50.77334976196289
2007-06-21,50.710105895996094
2007-06-22,50.86181640625
2007-06-25,51.02621078491211
2007-06-26,51.03883361816406
2007-06-27,51.03251647949219
2007-06-28,51.00093078613281
2007-06-29,51.26643753051758
2007-07-02,51.344512939453125
2007-07-03,51.19218444824219
2007-07-05,50.9066047668457
2007-07-06,50.78602981567383
2007-07-09,50.97008514404297
2007-07-10,51.319122314453125
2007-07-11,51.14142608642578
2007-07-12,50.99544906616211
2007-07-13,51.10971832275391
2007-07-16,51.31278991699219
2007-07-17,51.20486831665039
2007-07-18,51.388954162597656
2007-07-19,51.38261032104492
2007-07-20,51.63650894165039
2007-07-23,51.61739730834961
2007-07-24,51.75703430175781
2007-07-25,51.82687377929688
2007-07-26,52.2393684387207
2007-07-27,52.34095764160156
2007-07-30,52.20764923095703
2007-07-31,52.423458099365234
2007-08-01,52.27817153930664
2007-08-02,52.31639862060547
2007-08-03,52.65410614013672
2007-08-06,52.443824768066406
2007-08-07,52.43745803833008
2007-08-08,52.07427597045898
2007-08-09,52.36737823486328
2007-08-10,52.29095458984375
2007-08-13,52.37371826171875
2007-08-14,52.56486892700195
2007-08-15,52.66047286987305
2007-08-16,52.86433410644531
2007-08-17,52.90258026123047
2007-08-20,53.01729965209961
2007-08-21,53.24666595458984
2007-08-22,53.07460784912109
2007-08-23,53.093780517578125
2007-08-24,53.112884521484375
2007-08-27,53.25935363769531
2007-08-28,53.53334426879883
2007-08-29,53.329471588134766
2007-08-30,53.5970573425293
2007-08-31,53.60985565185547
2007-09-04,53.510013580322266
2007-09-05,53.84269332885742
2007-09-06,53.7275276184082
2007-09-07,54.303253173828125
2007-09-10,54.42477035522461
2007-09-11,54.30961227416992
2007-09-12,54.17531967163086
2007-09-13,53.8554801940918
2007-09-14,53.92580795288086
2007-09-17,53.957820892333984
2007-09-18,53.90022659301758
2007-09-19,53.70832443237305
2007-09-20,53.10063171386719
2007-09-21,53.3692626953125
2007-09-24,53.43963623046875
2007-09-25,53.44608688354492
2007-09-26,53.46527862548828
2007-09-27,53.637969970703125
2007-09-28,53.65715408325195
2007-10-01,53.721309661865234
2007-10-02,53.83693313598633
2007-10-03,53.79837417602539
2007-10-04,53.89469528198242
2007-10-05,53.41961669921875
2007-10-08,53.6121826171875
2007-10-09,53.44528579711914
2007-10-10,53.496620178222656
2007-10-11,53.50310897827149
2007-10-12,53.32330322265625
2007-10-15,53.37466430664063
2007-10-16,53.52236557006836
2007-10-17,53.84976196289063
2007-10-18,54.05523681640625
2007-10-19,54.51748275756836
2007-10-22,54.414772033691406
2007-10-23,54.40193939208984
2007-10-24,54.67806625366211
2007-10-25,54.63304138183594
2007-10-26,54.498291015625
2007-10-29,54.54319381713867
2007-10-30,54.60099411010742
2007-10-31,54.23506546020508
2007-11-01,54.67762756347656
2007-11-02,54.82584381103516
2007-11-05,54.76142501831055
2007-11-06,54.66476821899414
2007-11-07,54.86452102661133
2007-11-08,54.98691177368164
2007-11-09,55.31553649902344
2007-11-12,55.4122200012207
2007-11-13,55.128662109375
2007-11-14,55.16737365722656
2007-11-15,55.47666549682617
2007-11-16,55.47666549682617
2007-11-19,55.876121520996094
2007-11-20,55.7279167175293
2007-11-21,56.16607284545898
2007-11-23,55.99853897094727
2007-11-26,56.76529693603516
2007-11-27,56.23693084716797
2007-11-28,56.037200927734375
2007-11-29,56.3529167175293
2007-11-30,56.43022918701172
2007-12-03,56.65325927734375
2007-12-04,56.70499801635742
2007-12-05,56.4916877746582
2007-12-06,56.19425582885742
2007-12-07,55.83223724365234
2007-12-10,55.70290756225586
2007-12-11,56.46580123901367
2007-12-12,55.99383163452149
2007-12-13,55.580074310302734
2007-12-14,55.418434143066406
2007-12-17,55.74819946289063
2007-12-18,55.85808563232422
2007-12-19,56.30416488647461
2007-12-20,56.2136116027832
2007-12-21,55.8063850402832
2007-12-24,55.64471435546875
2007-12-26,55.37968826293945
2007-12-27,55.75146865844727
2007-12-28,56.19918823242188
2007-12-31,56.45875930786133
2008-01-02,56.861026763916016
2008-01-03,56.97787094116211
2008-01-04,57.12710952758789
2008-01-07,57.23088836669922
2008-01-08,57.35420989990234
2008-01-09,57.26332473754883
2008-01-10,57.1076545715332
2008-01-11,57.47100067138672
2008-01-14,57.49691390991211
2008-01-15,57.873329162597656
2008-01-16,57.76300430297852
2008-01-17,58.23014068603516
2008-01-18,58.14581680297852
2008-01-22,58.79471206665039
2008-01-23,58.52218627929688
2008-01-24,57.9901123046875
2008-01-25,58.52866744995117
2008-01-28,58.314571380615234
2008-01-29,58.08095550537109
2008-01-30,58.05497741699219
2008-01-31,58.35350036621094
2008-02-01,58.54289627075195
2008-02-04,58.21744155883789
2008-02-05,58.62749862670898
2008-02-06,58.52333068847656
2008-02-07,57.86592102050781
2008-02-08,58.3541145324707
2008-02-11,58.48427200317383
2008-02-12,58.36063766479492
2008-02-13,58.113277435302734
2008-02-14,57.79432678222656
2008-02-15,57.91802215576172
2008-02-19,57.501407623291016
2008-02-20,57.449344635009766
2008-02-21,58.04168701171875
2008-02-22,57.878944396972656
2008-02-25,57.49489974975586
2008-02-26,57.63810348510742
2008-02-27,57.77480697631836
2008-02-28,58.45176696777344
2008-02-29,59.07666015625
2008-03-03,58.926456451416016
2008-03-04,58.70444107055664
2008-03-05,58.4498405456543
2008-03-06,58.91994094848633
2008-03-07,59.12232971191406
2008-03-10,59.54672622680664
2008-03-11,58.90032196044922
2008-03-12,59.57939910888672
2008-03-13,59.26595687866211
2008-03-14,59.87973403930664
2008-03-17,60.18010711669922
2008-03-18,59.768741607666016
2008-03-19,60.28450012207031
2008-03-20,60.41512680053711
2008-03-24,59.350860595703125
2008-03-25,59.55976867675781
2008-03-26,59.60548782348633
2008-03-27,59.527103424072266
2008-03-28,59.76221466064453
2008-03-31,59.86669158935547
2008-04-01,59.343223571777344
2008-04-02,59.1466064453125
2008-04-03,59.1466064453125
2008-04-04,59.59870529174805
2008-04-07,59.20563507080078
2008-04-08,59.21217346191406
2008-04-09,59.56594467163086
2008-04-10,59.33009338378906
2008-04-11,59.58562088012695
2008-04-14,59.43489837646485
2008-04-15,59.16630935668945
2008-04-16,58.76663589477539
2008-04-17,58.62911224365234
2008-04-18,58.57014083862305
2008-04-21,58.57668685913086
2008-04-22,58.6225700378418
2008-04-23,58.563568115234375
2008-04-24,58.10499954223633
2008-04-25,58.02633666992188
2008-04-28,58.13122177124024
2008-04-29,58.235965728759766
2008-04-30,58.41943740844727
2008-05-01,58.41291427612305
2008-05-02,57.93968963623047
2008-05-05,58.02512741088867
2008-05-06,57.84107971191406
2008-05-07,58.07113265991211
2008-05-08,58.4456901550293
2008-05-09,58.51145553588867
2008-05-12,58.41291427612305
2008-05-13,57.92652130126953
2008-05-14,57.90681838989258
2008-05-15,58.228816986083984
2008-05-16,58.13028717041016
2008-05-19,58.261680603027344
2008-05-20,58.4391975402832
2008-05-21,58.3011360168457
2008-05-22,57.91997146606445
2008-05-23,58.17631912231445
2008-05-27,57.893653869628906
2008-05-28,57.45989227294922
2008-05-29,57.19050216674805
2008-05-30,57.38105392456055
2008-06-02,57.72202682495117
2008-06-03,58.02541732788086
2008-06-04,57.81436538696289
2008-06-05,57.51098251342773
2008-06-06,58.01223373413086
2008-06-09,57.59672927856445
2008-06-10,57.25379943847656
2008-06-11,57.31315994262695
2008-06-12,56.81190872192383
2008-06-13,56.679969787597656
2008-06-16,56.68656539916992
2008-06-17,56.87783050537109
2008-06-18,57.18777847290039
2008-06-19,56.858036041259766
2008-06-20,57.1218376159668
2008-06-23,57.09551239013672
2008-06-24,57.39884948730469
2008-06-25,57.39228057861328
2008-06-26,57.71540832519531
2008-06-27,57.99906539916992
2008-06-30,58.0385971069336
2008-07-01,57.88111877441406
2008-07-02,58.020111083984375
2008-07-03,58.03993988037109
2008-07-07,58.3112678527832
2008-07-08,58.456764221191406
2008-07-09,58.73474884033203
2008-07-10,58.75460815429688
2008-07-11,58.20537567138672
2008-07-14,58.51637649536133
2008-07-15,58.728118896484375
2008-07-16,58.19216537475586
2008-07-17,57.91420364379883
2008-07-18,57.715667724609375
2008-07-21,57.8480224609375
2008-07-22,57.64950180053711
2008-07-23,57.55688095092773
2008-07-24,58.05317306518555
2008-07-25,57.715667724609375
2008-07-28,58.04658889770508
2008-07-29,57.88111877441406
2008-07-30,57.99359130859375
2008-07-31,58.456764221191406
2008-08-01,58.48606491088867
2008-08-04,58.44618988037109
2008-08-05,58.14741897583008
2008-08-06,58.167327880859375
2008-08-07,58.71178817749024
2008-08-08,58.685203552246094
2008-08-11,58.399715423583984
2008-08-12,58.80474472045898
2008-08-13,58.6786003112793
2008-08-14,58.857872009277344
2008-08-15,59.07698822021485
2008-08-18,59.22308349609375
2008-08-19,59.13679885864258
2008-08-20,59.30942535400391
2008-08-21,59.18324661254883
2008-08-22,59.0106086730957
2008-08-25,59.40242385864258
2008-08-26,59.42226409912109
2008-08-27,59.50862503051758
2008-08-28,59.42226409912109
2008-08-29,59.34920883178711
2008-09-02,59.67234420776367
2008-09-03,59.81894302368164
2008-09-04,60.11872482299805
2008-09-05,59.98550033569336
2008-09-08,59.99216079711914
2008-09-09,60.26530075073242
2008-09-10,60.11210250854492
2008-09-11,60.00547409057617
2008-09-12,59.705665588378906
2008-09-15,60.8515510559082
2008-09-16,60.67830276489258
2008-09-17,61.22464370727539
2008-09-18,60.50512313842773
2008-09-19,59.42583847045898
2008-09-22,59.29929733276367
2008-09-23,59.29929733276367
2008-09-24,59.452518463134766
2008-09-25,59.27259063720703
2008-09-26,59.23274612426758
2008-09-29,60.05874252319336
2008-09-30,59.26594924926758
2008-10-01,59.68379592895508
2008-10-02,60.018062591552734
2008-10-03,60.24527740478516
2008-10-06,60.73332595825195
2008-10-07,60.68655014038086
2008-10-08,59.91106033325195
2008-10-09,59.30940628051758
2008-10-10,58.61421203613281
2008-10-13,58.213077545166016
2008-10-14,57.93901062011719
2008-10-15,58.41366195678711
2008-10-16,58.42699813842773
2008-10-17,58.79467010498047
2008-10-20,58.854862213134766
2008-10-21,59.47650146484375
2008-10-22,59.93120574951172
2008-10-23,60.011348724365234
2008-10-24,59.75732421875
2008-10-27,59.72391128540039
2008-10-28,59.24259567260742
2008-10-29,59.32947540283203
2008-10-30,58.87492752075195
2008-10-31,58.75455093383789
2008-11-03,58.84852600097656
2008-11-04,59.5529899597168
2008-11-05,59.86833572387695
2008-11-06,59.68717575073242
2008-11-07,59.47245407104492
2008-11-10,59.53288269042969
2008-11-11,59.75426483154297
2008-11-12,60.12328720092773
2008-11-13,59.68717575073242
2008-11-14,60.27762222290039
2008-11-17,60.53258514404297
2008-11-18,61.002254486083984
2008-11-19,61.65976333618164
2008-11-20,62.90099334716797
2008-11-21,62.32400131225586
2008-11-24,61.740264892578125
2008-11-25,62.8004150390625
2008-11-26,63.182804107666016
2008-11-28,63.310245513916016
2008-12-01,64.16726684570312
2008-12-02,64.5038070678711
2008-12-03,64.60475158691406
2008-12-04,65.00869750976562
2008-12-05,64.32206726074219
2008-12-08,64.07974243164062
2008-12-09,64.625
2008-12-10,64.56440734863281
2008-12-11,64.95480346679688
2008-12-12,65.1365966796875
2008-12-15,65.27799224853516
2008-12-16,66.31466674804688
2008-12-17,66.76568603515625
2008-12-18,67.21674346923828
2008-12-19,66.99457550048828
2008-12-22,66.81952667236328
2008-12-23,66.7858657836914
2008-12-24,66.71855163574219
2008-12-26,67.07536315917969
2008-12-29,67.22334289550781
2008-12-30,67.31791687011719
2008-12-31,66.57467651367188
2009-01-02,65.62194061279297
2009-01-05,65.50712585449219
2009-01-06,65.46651458740234
2009-01-07,65.48007202148438
2009-01-08,65.65574645996094
2009-01-09,65.95978546142578
2009-01-12,66.37195587158203
2009-01-13,66.41925048828125
2009-01-14,66.79085540771484
2009-01-15,66.73688507080078
2009-01-16,66.12196350097656
2009-01-20,66.0206298828125
2009-01-21,65.43280792236328
2009-01-22,65.00037384033203
2009-01-23,65.01384735107422
2009-01-26,64.85173797607422
2009-01-27,65.27735137939453
2009-01-28,64.85843658447266
2009-01-29,64.0138931274414
2009-01-30,63.98684310913086
2009-02-02,64.50586700439453
2009-02-03,63.95022964477539
2009-02-04,63.62499237060547
2009-02-05,63.7740478515625
2009-02-06,63.38777923583984
2009-02-09,63.25912857055664
2009-02-10,64.1060791015625
2009-02-11,64.60069274902344
2009-02-12,64.58041381835938
2009-02-13,64.07219696044922
2009-02-17,65.14958190917969
2009-02-18,64.67526245117188
2009-02-19,64.31612396240234
2009-02-20,64.49909210205078
2009-02-23,64.56002044677734
2009-02-24,64.31612396240234
2009-02-25,63.73340606689453
2009-02-26,63.57079315185547
2009-02-27,63.51655197143555
2009-03-02,64.1537857055664
2009-03-03,64.07230377197266
2009-03-04,63.74624252319336
2009-03-05,64.49354553222656
2009-03-06,64.18783569335938
2009-03-09,64.2149887084961
2009-03-10,63.74624252319336
2009-03-11,64.2013931274414
2009-03-12,64.38484954833984
2009-03-13,64.33728790283203
2009-03-16,63.97041320800781
2009-03-17,63.8481674194336
2009-03-18,66.03573608398438
2009-03-19,65.81156921386719
2009-03-20,65.81156921386719
2009-03-23,65.58733367919922
2009-03-24,65.4922103881836
2009-03-25,65.09818267822266
2009-03-26,65.2680435180664
2009-03-27,65.22725677490234
2009-03-30,65.50580596923828
2009-03-31,65.62128448486328
2009-04-01,65.78207397460938
2009-04-02,65.35284423828125
2009-04-03,64.60343170166016
2009-04-06,64.45352172851562
2009-04-07,64.61698150634766
2009-04-08,64.93724822998047
2009-04-09,64.55573272705078
2009-04-13,64.93724822998047
2009-04-14,65.27110290527344
2009-04-15,65.33242797851562
2009-04-16,65.07350158691406
2009-04-17,64.54889678955078
2009-04-20,64.99859619140625
2009-04-21,64.74650573730469
2009-04-22,64.58977508544922
2009-04-23,64.57610321044922
2009-04-24,64.32408142089844
2009-04-27,64.58977508544922
2009-04-28,64.27635955810547
2009-04-29,63.92890930175781
2009-04-30,63.819862365722656
2009-05-01,63.61482620239258
2009-05-04,63.67638397216797
2009-05-05,63.66266250610352
2009-05-06,63.69001770019531
2009-05-07,63.15697860717773
2009-05-08,63.23212814331055
2009-05-11,63.82674407958984
2009-05-12,63.785675048828125
2009-05-13,64.07952117919922
2009-05-14,64.08638000488281
2009-05-15,63.929161071777344
2009-05-18,63.55335998535156
2009-05-19,63.46450805664063
2009-05-20,63.66266250610352
2009-05-21,62.96562194824219
2009-05-22,62.59663009643555
2009-05-26,62.179805755615234
2009-05-27,61.47591781616211
2009-05-28,61.797122955322266
2009-05-29,62.494136810302734
2009-06-01,61.4742431640625
2009-06-02,61.67985534667969
2009-06-03,62.05682373046875
2009-06-04,61.33714294433594
2009-06-05,60.72714614868164
2009-06-08,60.41875457763672
2009-06-09,60.6792106628418
2009-06-10,60.31593704223633
2009-06-11,60.72714614868164
2009-06-12,61.04925537109375
2009-06-15,61.32345199584961
2009-06-16,61.66619873046875
2009-06-17,61.501686096191406
2009-06-18,60.75454711914063
2009-06-19,61.0356330871582
2009-06-22,61.36457061767578
2009-06-23,61.56334686279297
2009-06-24,61.33027648925781
2009-06-25,62.09798812866211
2009-06-26,62.180213928222656
2009-06-29,62.31048583984375
2009-06-30,62.14596176147461
2009-07-01,62.10610580444336
2009-07-02,62.312286376953125
2009-07-06,62.35347366333008
2009-07-07,62.60093307495117
2009-07-08,63.32267379760742
2009-07-09,62.951438903808594
2009-07-10,63.34325408935547
2009-07-13,63.1164665222168
2009-07-14,62.69723892211914
2009-07-15,61.88612365722656
2009-07-16,62.25730895996094
2009-07-17,61.83806610107422
2009-07-20,62.06483840942383
2009-07-21,62.75909805297852
2009-07-22,62.38790512084961
2009-07-23,61.78299331665039
2009-07-24,61.913665771484375
2009-07-27,61.62497329711914
2009-07-28,61.7486686706543
2009-07-29,61.78993606567383
2009-07-30,62.03734970092773
2009-07-31,62.66278839111328
2009-08-03,61.9969482421875
2009-08-04,61.81769180297852
2009-08-05,61.46619415283203
2009-08-06,61.46619415283203
2009-08-07,61.0594482421875
2009-08-10,61.45241165161133
2009-08-11,61.87978363037109
2009-08-12,61.70741271972656
2009-08-13,62.18992233276367
2009-08-14,62.38299560546875
2009-08-17,62.81034469604492
2009-08-18,62.58972930908203
2009-08-19,62.82413482666016
2009-08-20,62.98955535888672
2009-08-21,62.3484992980957
2009-08-24,62.734500885009766
2009-08-25,62.899940490722656
2009-08-26,62.982696533203125
2009-08-27,62.81034469604492
2009-08-28,62.95511245727539
2009-08-31,63.141239166259766
2009-09-01,63.30504989624024
2009-09-02,63.65063095092773
2009-09-03,63.42255783081055
2009-09-04,63.0423583984375
2009-09-08,62.8972053527832
2009-09-09,62.95249176025391
2009-09-10,63.42255783081055
2009-09-11,63.60917663574219
2009-09-14,63.23591995239258
2009-09-15,63.10456848144531
2009-09-16,63.05620193481445
2009-09-17,63.36723709106445
2009-09-18,63.02851486206055
2009-09-21,62.98707962036133
2009-09-22,63.15292739868164
2009-09-23,63.29121017456055
2009-09-24,63.46402359008789
2009-09-25,63.71982192993164
2009-09-28,63.83043670654297
2009-09-29,63.80274200439453
2009-09-30,63.85113906860352
2009-10-01,64.33148193359375
2009-10-02,64.30372619628906
2009-10-05,64.29680633544922
2009-10-06,64.0888900756836
2009-10-07,64.49784851074219
2009-10-08,64.26210021972656
2009-10-09,63.64527893066406
2009-10-12,63.83235931396485
2009-10-13,63.97793960571289
2009-10-14,63.541259765625
2009-10-15,63.3333854675293
2009-10-16,63.62442779541016
2009-10-19,63.721492767333984
2009-10-20,63.86703872680664
2009-10-21,63.721492767333984
2009-10-22,63.534366607666016
2009-10-23,63.22246170043945
2009-10-26,62.862064361572266
2009-10-27,63.40265274047852
2009-10-28,63.59672546386719
2009-10-29,63.29179763793945
2009-10-30,63.76317596435547
2009-11-02,63.59535217285156
2009-11-03,63.44855117797852
2009-11-04,63.27378845214844
2009-11-05,63.28781127929688
2009-11-06,63.476470947265625
2009-11-09,63.50446701049805
2009-11-10,63.55339813232422
2009-11-11,63.73512268066406
2009-11-12,63.75611114501953
2009-11-13,63.80501937866211
2009-11-16,64.14755249023438
2009-11-17,64.2873764038086
2009-11-18,64.12657928466797
2009-11-19,64.20352935791016
2009-11-20,64.1964340209961
2009-11-23,64.1055908203125
2009-11-24,64.4341049194336
2009-11-25,64.65080261230469
2009-11-27,64.94439697265625
2009-11-30,65.04926300048828
2009-12-01,64.6905517578125
2009-12-02,64.55750274658203
2009-12-03,64.2562026977539
2009-12-04,63.77981948852539
2009-12-07,63.9549446105957
2009-12-08,64.17916107177734
2009-12-09,64.05303955078125
2009-12-10,63.83588790893555
2009-12-11,63.52064895629883
2009-12-14,63.52064895629883
2009-12-15,63.31744384765625
2009-12-16,63.31744384765625
2009-12-17,63.87789916992188
2009-12-18,63.56267547607422
2009-12-21,62.9111328125
2009-12-22,62.63092803955078
2009-12-23,62.60291290283203
2009-12-24,62.37868118286133
2009-12-28,62.21057891845703
2009-12-29,62.37474822998047
2009-12-30,62.48710632324219
2009-12-31,62.18526840209961
2010-01-04,62.33966064453125
2010-01-05,62.61339569091797
2010-01-06,62.360748291015625
2010-01-07,62.360748291015625
2010-01-08,62.43794631958008
2010-01-11,62.48004150390625
2010-01-12,62.92924118041992
2010-01-13,62.6274299621582
2010-01-14,62.92223358154297
2010-01-15,63.20302200317383
2010-01-19,63.09071731567383
2010-01-20,63.30827713012695
2010-01-21,63.53991317749024
2010-01-22,63.59603118896485
2010-01-25,63.4556884765625
2010-01-26,63.58198928833008
2010-01-27,63.43463134765625
2010-01-28,63.41353225708008
2010-01-29,63.65921401977539
2010-02-01,63.44087219238281
2010-02-02,63.546485900878906
2010-02-03,63.24371719360352
2010-02-04,63.76478576660156
2010-02-05,63.969120025634766
2010-02-08,63.91275405883789
2010-02-09,63.567630767822266
2010-02-10,63.39167022705078
2010-02-11,63.31416702270508
2010-02-12,63.462032318115234
2010-02-16,63.60285568237305
2010-02-17,63.26487350463867
2010-02-18,63.03950881958008
2010-02-19,63.07476806640625
2010-02-22,63.02544021606445
2010-02-23,63.504241943359375
2010-02-24,63.539459228515625
2010-02-25,63.77187347412109
2010-02-26,63.87046051025391
2010-03-01,63.93685531616211
2010-03-02,63.97211456298828
2010-03-03,63.9085807800293
2010-03-04,64.02155303955078
2010-03-05,63.717918395996094
2010-03-08,63.54845428466797
2010-03-09,63.71087646484375
2010-03-10,63.60493850708008
2010-03-11,63.54845428466797
2010-03-12,63.64730453491211
2010-03-15,63.64730453491211
2010-03-16,63.89447021484375
2010-03-17,63.97211456298828
2010-03-18,63.80268096923828
2010-03-19,63.717918395996094
2010-03-22,63.92979431152344
2010-03-23,63.79561233520508
2010-03-24,63.16014099121094
2010-03-25,62.927127838134766
2010-03-26,63.0754280090332
2010-03-29,62.983585357666016
2010-03-30,63.04713439941406
2010-03-31,63.19546508789063
2010-04-01,63.06446075439453
2010-04-05,62.49796295166016
2010-04-06,62.68199920654297
2010-04-07,63.0715217590332
2010-04-08,63.00070190429688
2010-04-09,63.0715217590332
2010-04-12,63.24142074584961
2010-04-13,63.36180114746094
2010-04-14,63.19186401367188
2010-04-15,63.29814147949219
2010-04-16,63.680511474609375
2010-04-19,63.5246696472168
2010-04-20,63.553001403808594
2010-04-21,63.75840377807617
2010-04-22,63.60966491699219
2010-04-23,63.43265914916992
2010-04-26,63.47513961791992
2010-04-27,64.06995391845703
2010-04-28,63.74419784545898
2010-04-29,63.85041427612305
2010-04-30,64.23990631103516
2010-05-03,64.071533203125
2010-05-04,64.50482940673828
2010-05-05,64.75341796875
2010-05-06,65.46366882324219
2010-05-07,65.28608703613281
2010-05-10,64.7889404296875
2010-05-11,64.86705780029297
2010-05-12,64.70366668701172
2010-05-13,64.8812484741211
2010-05-14,65.30026245117188
2010-05-17,65.15825653076172
2010-05-18,65.63410949707031
2010-05-19,65.69091796875
2010-05-20,66.3301773071289
2010-05-21,66.36568450927734
2010-05-24,66.36568450927734
2010-05-25,66.59297180175781
2010-05-26,66.45797729492188
2010-05-27,65.82586669921875
2010-05-28,66.12419891357422
2010-06-01,66.20966339111328
2010-06-02,65.8321762084961
2010-06-03,65.73956298828125
2010-06-04,66.65121459960938
2010-06-07,66.92185974121094
2010-06-08,66.71537017822266
2010-06-09,66.72247314453125
2010-06-10,66.10281372070312
2010-06-11,66.52305603027344
2010-06-14,66.46611785888672
2010-06-15,66.25952911376953
2010-06-16,66.4447250366211
2010-06-17,66.75810241699219
2010-06-18,66.62281799316406
2010-06-21,66.5728988647461
2010-06-22,66.97171020507812
2010-06-23,67.22097778320312
2010-06-24,67.16405487060547
2010-06-25,67.27091979980469
2010-06-28,67.74813079833984
2010-06-29,68.04006958007812
2010-06-30,68.13980102539062
2010-07-01,68.10985565185547
2010-07-02,67.98841857910156
2010-07-06,68.15271759033203
2010-07-07,67.93846130371094
2010-07-08,67.7741928100586
2010-07-09,67.5956802368164
2010-07-12,67.70993041992188
2010-07-13,67.37429809570312
2010-07-14,67.70993041992188
2010-07-15,68.05984497070312
2010-07-16,68.45259094238281
2010-07-19,68.27407836914062
2010-07-20,68.34546661376953
2010-07-21,68.78108978271484
2010-07-22,68.40260314941406
2010-07-23,68.18122863769531
2010-07-26,68.15982818603516
2010-07-27,67.92418670654297
2010-07-28,68.21690368652344
2010-07-29,68.35978698730469
2010-07-30,68.75963592529297
2010-08-02,68.5469970703125
2010-08-03,68.86925506591797
2010-08-04,68.58283996582031
2010-08-05,68.91212463378906
2010-08-06,69.36323547363281
2010-08-09,69.34891510009766
2010-08-10,69.69971466064453
2010-08-11,70.09351348876953
2010-08-12,69.91454315185547
2010-08-13,70.21519470214844
2010-08-16,70.72358703613281
2010-08-17,70.3655776977539
2010-08-18,70.29399871826172
2010-08-19,70.60902404785156
2010-08-20,70.37992095947266
2010-08-23,70.47300720214844
2010-08-24,71.03141784667969
2010-08-25,70.70928192138672
2010-08-26,71.03141784667969
2010-08-27,70.21519470214844
2010-08-30,70.7522201538086
2010-08-31,71.06717681884766
2010-09-01,70.55549621582031
2010-09-02,70.26112365722656
2010-09-03,69.85921478271484
2010-09-07,70.41192626953125
2010-09-08,70.21815490722656
2010-09-09,69.6654281616211
2010-09-10,69.46444702148438
2010-09-13,69.79462432861328
2010-09-14,70.1463394165039
2010-09-15,69.90232849121094
2010-09-16,69.65829467773438
2010-09-17,69.81615447998047
2010-09-20,70.0314712524414
2010-09-21,70.68472290039062
2010-09-22,70.79228973388672
2010-09-23,70.89278411865234
2010-09-24,70.54113006591797
2010-09-27,71.08660888671875
2010-09-28,71.32344818115234
2010-09-29,71.15119934082031
2010-09-30,71.06510162353516
2010-10-01,71.10324096679688
2010-10-04,71.35501098632812
2010-10-05,71.36943817138672
2010-10-06,71.82986450195312
2010-10-07,71.90182495117188
2010-10-08,71.93058013916016
2010-10-11,72.00255584716797
2010-10-12,71.79385375976562
2010-10-13,71.79385375976562
2010-10-14,71.3837890625
2010-10-15,71.07439422607422
2010-10-18,71.41255950927734
2010-10-19,71.6572036743164
2010-10-20,71.61399841308594
2010-10-21,71.21832275390625
2010-10-22,71.23994445800781
2010-10-25,71.21832275390625
2010-10-26,70.7435073852539
2010-10-27,70.33336639404297
2010-10-28,70.7435073852539
2010-10-29,71.06007385253906
2010-11-01,70.9410629272461
2010-11-02,71.17908477783203
2010-11-03,71.40983581542969
2010-11-04,71.98670196533203
2010-11-05,71.68387603759766
2010-11-08,71.70551300048828
2010-11-09,71.0997085571289
2010-11-10,71.36652374267578
2010-11-11,71.28723907470703
2010-11-12,70.69586944580078
2010-11-15,69.78717803955078
2010-11-16,70.30643463134766
2010-11-17,70.10452270507812
2010-11-18,69.93868255615234
2010-11-19,70.08283996582031
2010-11-22,70.45785522460938
2010-11-23,70.60212707519531
2010-11-24,69.84483337402344
2010-11-26,70.14776611328125
2010-11-29,70.29920196533203
2010-11-30,70.42179107666016
2010-12-01,69.49567413330078
2010-12-02,69.32228088378906
2010-12-03,69.32946014404297
2010-12-06,69.76318359375
2010-12-07,68.60655975341797
2010-12-08,68.02093505859375
2010-12-09,68.16553497314453
2010-12-10,67.58716583251953
2010-12-13,67.80408477783203
2010-12-14,67.08837890625
2010-12-15,66.8136215209961
2010-12-16,67.21129608154297
2010-12-17,67.78964233398438
2010-12-20,67.7823715209961
2010-12-21,67.9269790649414
2010-12-22,67.73897552490234
2010-12-23,67.50041198730469
2010-12-27,67.76068878173828
2010-12-28,67.04888916015625
2010-12-29,67.80270385742188
2010-12-30,67.6650161743164
2010-12-31,68.00566864013672
2011-01-03,67.79549407958984
2011-01-04,67.95499420166016
2011-01-05,67.22283172607422
2011-01-06,67.5707778930664
2011-01-07,68.02017211914062
2011-01-10,68.25214385986328
2011-01-11,67.98397064208984
2011-01-12,67.7882308959961
2011-01-13,68.2448959350586
2011-01-14,68.05640411376953
2011-01-18,67.88967895507812
2011-01-19,68.06367492675781
2011-01-20,67.53458404541016
2011-01-21,67.75920867919922
2011-01-24,67.76646423339844
2011-01-25,68.10718536376953
2011-01-26,67.69402313232422
2011-01-27,67.94768524169922
2011-01-28,68.25941467285156
2011-01-31,67.99120330810547
2011-02-01,67.675048828125
2011-02-02,67.51520538330078
2011-02-03,67.13011932373047
2011-02-04,66.71585845947266
2011-02-07,66.68679809570312
2011-02-08,66.22900390625
2011-02-09,66.60686492919922
2011-02-10,66.38887786865234
2011-02-11,66.69405364990234
2011-02-14,66.71585845947266
2011-02-15,66.86846160888672
2011-02-16,66.77400970458984
2011-02-17,67.0211410522461
2011-02-18,67.0064926147461
2011-02-22,67.65326690673828
2011-02-23,67.48615264892578
2011-02-24,67.66055297851562
2011-02-25,67.8785629272461
2011-02-28,67.84947967529297
2011-03-01,67.92671966552734
2011-03-02,67.56980895996094
2011-03-03,67.11088562011719
2011-03-04,67.59169006347656
2011-03-07,67.42411804199219
2011-03-08,67.2638931274414
2011-03-09,67.65717315673828
2011-03-10,68.2326431274414
2011-03-11,68.07238006591797
2011-03-14,68.22528076171875
2011-03-15,68.47295379638672
2011-03-16,69.05567932128906
2011-03-17,68.84443664550781
2011-03-18,68.80068969726562
2011-03-21,68.44380950927734
2011-03-22,68.48023223876953
2011-03-23,68.39282989501953
2011-03-24,68.04318237304688
2011-03-25,67.86112976074219
2011-03-28,67.88296508789062
2011-03-29,67.68634033203125
2011-03-30,67.91943359375
2011-03-31,67.74463653564453
2011-04-01,67.88920593261719
2011-04-04,68.04258728027344
2011-04-05,67.6993408203125
2011-04-06,67.40718841552734
2011-04-07,67.4145278930664
2011-04-08,67.21731567382812
2011-04-11,67.30494689941406
2011-04-12,67.68472290039062
2011-04-13,67.94762420654297
2011-04-14,67.7212905883789
2011-04-15,68.21784973144531
2011-04-18,68.38581848144531
2011-04-19,68.47341918945312
2011-04-20,68.2032470703125
2011-04-21,68.25434875488281
2011-04-25,68.49536895751953
2011-04-26,68.78748321533203
2011-04-27,68.59028625488281
2011-04-28,68.85318756103516
2011-04-29,68.99197387695312
2011-05-02,68.970703125
2011-05-03,69.15380096435547
2011-05-04,69.32949829101562
2011-05-05,69.67363739013672
2011-05-06,69.71018981933594
2011-05-09,69.81273651123047
2011-05-10,69.47596740722656
2011-05-11,69.72489166259766
2011-05-12,69.57109069824219
2011-05-13,69.84204864501953
2011-05-16,70.01041412353516
2011-05-17,70.21544647216797
2011-05-18,69.81273651123047
2011-05-19,69.88591003417969
2011-05-20,70.0543441772461
2011-05-23,70.14957427978516
2011-05-24,70.22273254394531
2011-05-25,70.23003387451172
2011-05-26,70.61813354492188
2011-05-27,70.61080169677734
2011-05-31,70.72057342529297
2011-06-01,71.30341339111328
2011-06-02,70.87771606445312
2011-06-03,71.15665435791016
2011-06-06,71.11260223388672
2011-06-07,71.24468231201172
2011-06-08,71.39884948730469
2011-06-09,71.11260223388672
2011-06-10,71.34014129638672
2011-06-13,71.18602752685547
2011-06-14,70.62084197998047
2011-06-15,71.38419342041016
2011-06-16,71.5823745727539
2011-06-17,71.53099060058594
2011-06-20,71.42090606689453
2011-06-21,71.325439453125
2011-06-22,71.296142578125
2011-06-23,71.6704330444336
2011-06-24,71.971435546875
2011-06-27,71.69251251220703
2011-06-28,71.0318374633789
2011-06-29,70.60613250732422
2011-06-30,70.36388397216797
2011-07-01,70.18807220458984
2011-07-05,70.62955474853516
2011-07-06,70.7546157836914
2011-07-07,70.48236846923828
2011-07-08,71.23289489746094
2011-07-11,71.77733612060547
2011-07-12,71.88037872314453
2011-07-13,71.99810028076172
2011-07-14,71.58605194091797
2011-07-15,71.88037872314453
2011-07-18,71.83621978759766
2011-07-19,72.1085205078125
2011-07-20,71.75528717041016
2011-07-21,71.35797119140625
2011-07-22,71.63020324707031
2011-07-25,71.40206909179688
2011-07-26,71.70379638671875
2011-07-27,71.58605194091797
2011-07-28,71.72583770751953
2011-07-29,72.59410858154297
2011-08-01,72.85813903808594
2011-08-02,73.52933502197266
2011-08-03,73.5884017944336
2011-08-04,74.5619125366211
2011-08-05,73.69900512695312
2011-08-08,74.87174224853516
2011-08-09,75.30694580078125
2011-08-10,76.30266571044922
2011-08-11,75.18155670166016
2011-08-12,75.70523071289062
2011-08-15,75.42488861083984
2011-08-16,75.7716064453125
2011-08-17,76.30266571044922
2011-08-18,76.7009506225586
2011-08-19,76.78207397460938
2011-08-22,76.64195251464844
2011-08-23,76.33214569091797
2011-08-24,75.51343536376953
2011-08-25,75.97814178466797
2011-08-26,76.22150421142578
2011-08-29,75.71997833251953
2011-08-30,76.24362182617188
2011-08-31,75.970703125
2011-09-01,76.576171875
2011-09-02,77.27841186523438
2011-09-06,77.38191223144531
2011-09-07,76.96793365478516
2011-09-08,77.34492492675781
2011-09-09,77.72195434570312
2011-09-12,77.48535919189453
2011-09-13,77.25623321533203
2011-09-14,77.30062103271484
2011-09-15,76.7239990234375
2011-09-16,76.87181091308594
2011-09-19,77.50020599365234
2011-09-20,77.60365295410156
2011-09-21,77.93634033203125
2011-09-22,78.66079711914062
2011-09-23,78.01029205322266
2011-09-26,77.68498229980469
2011-09-27,77.16751098632812
2011-09-28,77.1823501586914
2011-09-29,77.1823501586914
2011-09-30,77.67019653320312
2011-10-03,78.38943481445312
2011-10-04,77.98948669433594
2011-10-05,77.66352844238281
2011-10-06,77.12284088134766
2011-10-07,76.72279357910156
2011-10-10,75.91545867919922
2011-10-11,76.16732025146484
2011-10-12,75.9080810546875
2011-10-13,76.21176147460938
2011-10-14,75.83403778076172
2011-10-17,76.33025360107422
2011-10-18,76.24877166748047
2011-10-19,76.36729431152344
2011-10-20,76.21176147460938
2011-10-21,76.07099914550781
2011-10-24,76.03399658203125
2011-10-25,76.68582153320312
2011-10-26,76.12287902832031
2011-10-27,75.20440673828125
2011-10-28,75.65621948242188
2011-10-31,76.67098236083984
2011-11-01,77.59059143066406
2011-11-02,77.4050064086914
2011-11-03,77.04134368896484
2011-11-04,77.27142333984375
2011-11-07,77.36051940917969
2011-11-08,77.0116958618164
2011-11-09,77.69447326660156
2011-11-10,77.31598663330078
2011-11-11,76.95977020263672
2011-11-14,77.44213104248047
2011-11-15,77.33826446533203
2011-11-16,77.6202392578125
2011-11-17,77.77613830566406
2011-11-18,77.48668670654297
2011-11-21,77.70195770263672
2011-11-22,77.93941497802734
2011-11-23,78.2066421508789
2011-11-25,77.70930480957031
2011-11-28,77.716796875
2011-11-29,77.56830596923828
2011-11-30,77.1156005859375
2011-12-01,77.09331512451172
2011-12-02,77.43536376953125
2011-12-05,77.39075469970703
2011-12-06,77.18995666503906
2011-12-07,77.53946685791016
2011-12-08,77.93362426757812
2011-12-09,77.39820098876953
2011-12-12,77.6658706665039
2011-12-13,78.02275848388672
2011-12-14,78.3499984741211
2011-12-15,78.28308868408203
2011-12-16,78.66236114501953
2011-12-19,78.93006134033203
2011-12-20,78.2162094116211
2011-12-21,77.96331787109375
2011-12-22,78.05998992919922
2011-12-23,77.740234375
2011-12-27,77.78419494628906
2011-12-28,78.27588653564453
2011-12-29,78.37275695800781
2011-12-30,78.64836120605469
2012-01-03,78.1492691040039
2012-01-04,77.90338134765625
2012-01-05,77.91830444335938
2012-01-06,78.22373962402344
2012-01-09,78.23863220214844
2012-01-10,78.08214569091797
2012-01-11,78.53662109375
2012-01-12,78.37275695800781
2012-01-13,78.72283172607422
2012-01-17,78.79734802246094
2012-01-18,78.55155181884766
2012-01-19,78.08214569091797
2012-01-20,77.81398010253906
2012-01-23,77.64263916015625
2012-01-24,77.7320327758789
2012-01-25,78.10453796386719
2012-01-26,78.52178192138672
2012-01-27,78.76018524169922
2012-01-30,79.02833557128906
2012-01-31,79.32630157470703
2012-02-01,79.05091857910156
2012-02-02,79.16283416748047
2012-02-03,78.5359878540039
2012-02-06,78.75234985351562
2012-02-07,78.244873046875
2012-02-08,78.28223419189453
2012-02-09,78.1030502319336
2012-02-10,78.54344177246094
2012-02-13,78.49116516113281
2012-02-14,78.65536499023438
2012-02-15,78.71512603759766
2012-02-16,78.3568115234375
2012-02-17,78.27474212646484
2012-02-21,77.99115753173828
2012-02-22,78.29715728759766
2012-02-23,78.40911865234375
2012-02-24,78.46874237060547
2012-02-27,78.73004913330078
2012-02-28,78.76734161376953
2012-02-29,78.45386505126953
2012-03-01,78.1997299194336
2012-03-02,78.51363372802734
2012-03-05,78.35663604736328
2012-03-06,78.68558502197266
2012-03-07,78.53614044189453
2012-03-08,78.3043441772461
2012-03-09,78.24457550048828
2012-03-12,78.22211456298828
2012-03-13,77.6614761352539
2012-03-14,76.77190399169922
2012-03-15,76.74950408935547
2012-03-16,76.72705841064453
2012-03-19,76.25607299804688
2012-03-20,76.29351043701172
2012-03-21,76.68220520019531
2012-03-22,76.7793960571289
2012-03-23,77.06343841552734
2012-03-26,76.97374725341797
2012-03-27,77.39984130859375
2012-03-28,77.2652587890625
2012-03-29,77.58675384521484
2012-03-30,77.2054443359375
2012-04-02,77.39042663574219
2012-04-03,76.82128143310547
2012-04-04,77.21075439453125
2012-04-05,77.55518341064453
2012-04-09,78.34891510009766
2012-04-10,78.71585845947266
2012-04-11,78.40885925292969
2012-04-12,78.2515640258789
2012-04-13,78.72331237792969
2012-04-16,78.70088195800781
2012-04-17,78.61845397949219
2012-04-18,78.77574920654297
2012-04-19,78.86557006835938
2012-04-20,78.87309265136719
2012-04-23,79.03031158447266
2012-04-24,78.82816314697266
2012-04-25,78.73081970214844
2012-04-26,78.99287414550781
2012-04-27,79.07524871826172
2012-04-30,79.14269256591797
2012-05-01,78.99871063232422
2012-05-02,79.14867401123047
2012-05-03,79.14116668701172
2012-05-04,79.45618438720703
2012-05-07,79.43368530273438
2012-05-08,79.61363983154297
2012-05-09,79.68115997314453
2012-05-10,79.56863403320312
2012-05-11,79.8311538696289
2012-05-14,80.18367004394531
2012-05-15,80.20616912841797
2012-05-16,80.26618957519531
2012-05-17,80.56620025634766
2012-05-18,80.51371002197266
2012-05-21,80.3037109375
2012-05-22,80.13116455078125
2012-05-23,80.34121704101562
2012-05-24,80.16866302490234
2012-05-25,80.40119171142578
2012-05-29,80.33367156982422
2012-05-30,81.09870910644531
2012-05-31,81.41372680664062
2012-06-01,82.11306762695312
2012-06-04,81.63980865478516
2012-06-05,81.36934661865234
2012-06-06,80.83605194091797
2012-06-07,81.03136444091797
2012-06-08,81.09141540527344
2012-06-11,81.30926513671875
2012-06-12,80.8735580444336
2012-06-13,81.30174255371094
2012-06-14,81.08392333984375
2012-06-15,81.45948791503906
2012-06-18,81.43695068359375
2012-06-19,81.15909576416016
2012-06-20,80.99378967285156
2012-06-21,81.16651153564453
2012-06-22,80.81350708007812
2012-06-25,81.25669860839844
2012-06-26,81.07638549804688
2012-06-27,81.18909454345703
2012-06-28,81.45205688476562
2012-06-29,81.07638549804688
2012-07-02,81.4525375366211
2012-07-03,81.24946594238281
2012-07-05,81.4676284790039
2012-07-06,81.75349426269531
2012-07-09,81.97919464111328
2012-07-10,82.01680755615234
2012-07-11,81.94156646728516
2012-07-12,82.12964630126953
2012-07-13,82.06197357177734
2012-07-16,82.24250030517578
2012-07-17,82.03187561035156
2012-07-18,82.11457824707031
2012-07-19,81.99424743652344
2012-07-20,82.31769561767578
2012-07-23,82.45314025878906
2012-07-24,82.61109161376953
2012-07-25,82.65631103515625
2012-07-26,82.40047454833984
2012-07-27,81.80615997314453
2012-07-30,82.0694580078125
2012-07-31,82.21239471435547
2012-08-01,81.91254425048828
2012-08-02,82.10845947265625
2012-08-03,81.67894744873047
2012-08-06,81.73178100585938
2012-08-07,81.30227661132812
2012-08-08,81.1892318725586
2012-08-09,81.12897491455078
2012-08-10,81.3625717163086
2012-08-13,81.30978393554688
2012-08-14,80.91043853759766
2012-08-15,80.503662109375
2012-08-16,80.30770874023438
2012-08-17,80.40571594238281
2012-08-20,80.450927734375
2012-08-21,80.51866149902344
2012-08-22,81.14398956298828
2012-08-23,81.28723907470703
2012-08-24,81.24954223632812
2012-08-27,81.46048736572266
2012-08-28,81.49060821533203
2012-08-29,81.43782806396484
2012-08-30,81.58856201171875
2012-08-31,82.11597442626953
2012-09-04,81.92809295654297
2012-09-05,81.89791870117188
2012-09-06,81.33961486816406
2012-09-07,81.44525146484375
2012-09-10,81.48300170898438
2012-09-11,81.33203125
2012-09-12,80.93218231201172
2012-09-13,81.16609954833984
2012-09-14,80.4040756225586
2012-09-17,80.57003784179688
2012-09-18,80.77372741699219
2012-09-19,80.96235656738281
2012-09-20,81.00764465332031
2012-09-21,81.18116760253906
2012-09-24,81.36228942871094
2012-09-25,81.66401672363281
2012-09-26,82.0035171508789
2012-09-27,81.8300552368164
2012-09-28,81.8300552368164
2012-10-01,81.98188781738281
2012-10-02,81.92900085449219
2012-10-03,82.01206970214844
2012-10-04,81.68724060058594
2012-10-05,81.31707000732422
2012-10-08,81.58147430419922
2012-10-09,81.4152603149414
2012-10-10,81.61172485351562
2012-10-11,81.68724060058594
2012-10-12,81.69479370117188
2012-10-15,81.71745300292969
2012-10-16,81.3321304321289
2012-10-17,80.81847381591797
2012-10-18,80.67494201660156
2012-10-19,81.014892578125
2012-10-22,80.74293518066406
2012-10-23,81.12818908691406
2012-10-24,80.95445251464844
2012-10-25,80.65987396240234
2012-10-26,81.17353057861328
2012-10-31,81.50596618652344
2012-11-01,81.34326934814453
2012-11-02,81.41140747070312
2012-11-05,81.60804748535156
2012-11-06,81.23735809326172
2012-11-07,81.9182357788086
2012-11-08,82.28130340576172
2012-11-09,82.28887176513672
2012-11-12,82.34186553955078
2012-11-13,82.44021606445312
2012-11-14,82.4628677368164
2012-11-15,82.4250259399414
2012-11-16,82.47797393798828
2012-11-19,82.31155395507812
2012-11-20,81.97113800048828
2012-11-21,81.8501205444336
2012-11-23,81.80475616455078
2012-11-26,81.94087982177734
2012-11-27,82.13002014160156
2012-11-28,82.2359390258789
2012-11-29,82.31910705566406
2012-11-30,82.303955078125
2012-12-03,82.27143096923828
2012-12-04,82.41535186767578
2012-12-05,82.48355865478516
2012-12-06,82.5289535522461
2012-12-07,82.29415893554688
2012-12-10,82.3698959350586
2012-12-11,82.21084594726562
2012-12-12,81.86244201660156
2012-12-13,81.70337677001953
2012-12-14,81.88516998291016
2012-12-17,81.45342254638672
2012-12-18,81.13529968261719
2012-12-19,81.24893188476562
2012-12-20,81.30194091796875
2012-12-21,81.5216064453125
2012-12-24,81.43826293945312
2012-12-26,81.60587310791016
2012-12-27,81.77274322509766
2012-12-28,81.96241760253906
2012-12-31,81.5300521850586
2013-01-02,81.15837860107422
2013-01-03,80.74119567871094
2013-01-04,80.7791519165039
2013-01-07,80.82463836669922
2013-01-08,81.02188873291016
2013-01-09,81.06736755371094
2013-01-10,80.83224487304688
2013-01-11,81.09014129638672
2013-01-14,81.059814453125
2013-01-15,81.25701141357422
2013-01-16,81.36317443847656
2013-01-17,80.99151611328125
2013-01-18,81.21908569335938
2013-01-22,81.2873306274414
2013-01-23,81.3252182006836
2013-01-24,81.18875122070312
2013-01-25,80.65020751953125
2013-01-28,80.48328399658203
2013-01-29,80.36197662353516
2013-01-30,80.40748596191406
2013-01-31,80.47573852539062
2013-02-01,80.20227813720703
2013-02-04,80.66559600830078
2013-02-05,80.37702178955078
2013-02-06,80.62003326416016
2013-02-07,80.65803527832031
2013-02-08,80.71879577636719
2013-02-11,80.63526153564453
2013-02-12,80.55170440673828
2013-02-13,80.27068328857422
2013-02-14,80.61247253417969
2013-02-15,80.53645324707031
2013-02-19,80.40737915039062
2013-02-20,80.58206176757812
2013-02-21,80.74160766601562
2013-02-22,80.84027862548828
2013-02-25,81.46310424804688
2013-02-26,81.31120300292969
2013-02-27,81.27326965332031
2013-02-28,81.38712310791016
2013-03-01,81.59016418457031
2013-03-04,81.40008544921875
2013-03-05,81.31644439697266
2013-03-06,81.0578842163086
2013-03-07,80.74612426757812
2013-03-08,80.33551788330078
2013-03-11,80.3735580444336
2013-03-12,80.59403228759766
2013-03-13,80.52558898925781
2013-03-14,80.54840850830078
2013-03-15,80.82976531982422
2013-03-18,81.095947265625
2013-03-19,81.34685516357422
2013-03-20,81.03506469726562
2013-03-21,81.24803924560547
2013-03-22,81.2784194946289
2013-03-25,81.33924102783203
2013-03-26,81.42289733886719
2013-03-27,81.77266693115234
2013-03-28,81.62057495117188
2013-04-01,81.8375473022461
2013-04-02,81.67770385742188
2013-04-03,82.02032470703125
2013-04-04,82.34774780273438
2013-04-05,82.6066665649414
2013-04-08,82.34007263183594
2013-04-09,82.37060546875
2013-04-10,82.02793884277344
2013-04-11,82.11927795410156
2013-04-12,82.5761489868164
2013-04-15,82.7589340209961
2013-04-16,82.52285766601562
2013-04-17,82.67517852783203
2013-04-18,82.72084045410156
2013-04-19,82.67517852783203
2013-04-22,82.72084045410156
2013-04-23,82.66753387451172
2013-04-24,82.70560455322266
2013-04-25,82.61426544189453
2013-04-26,82.91118621826172
2013-04-29,82.8807144165039
2013-04-30,82.86547088623047
2013-05-01,83.13617706298828
2013-05-02,83.13617706298828
2013-05-03,82.42716217041016
2013-05-06,82.32039642333984
2013-05-07,82.20608520507812
2013-05-08,82.30522155761719
2013-05-09,82.28988647460938
2013-05-10,81.82489776611328
2013-05-13,81.67998504638672
2013-05-14,81.35215759277344
2013-05-15,81.56568145751953
2013-05-16,81.95450592041016
2013-05-17,81.51229095458984
2013-05-20,81.4513168334961
2013-05-21,81.66480255126953
2013-05-22,81.01679229736328
2013-05-23,81.10063934326172
2013-05-24,81.13111877441406
2013-05-28,80.1781997680664
2013-05-29,80.5059814453125
2013-05-30,80.51360321044922
2013-05-31,80.29249572753906
2013-06-03,80.40852355957031
2013-06-04,80.202392578125
2013-06-05,80.59175109863281
2013-06-06,80.69099426269531
2013-06-07,80.06500244140625
2013-06-10,79.86656951904297
2013-06-11,80.06500244140625
2013-06-12,79.70623779296875
2013-06-13,80.30926513671875
2013-06-14,80.41619873046875
2013-06-17,80.225341796875
2013-06-18,80.17948913574219
2013-06-19,79.08023071289062
2013-06-20,78.72147369384766
2013-06-21,77.88933563232422
2013-06-24,77.69847106933594
2013-06-25,77.60688018798828
2013-06-26,77.91984558105469
2013-06-27,78.3397445678711
2013-06-28,78.24813079833984
2013-07-01,78.27796936035156
2013-07-02,78.30855560302734
2013-07-03,78.15564727783203
2013-07-05,76.8408203125
2013-07-08,77.29180145263672
2013-07-09,77.42176818847656
2013-07-10,77.14656066894531
2013-07-11,77.91867065429688
2013-07-12,77.85751342773438
2013-07-15,78.10213470458984
2013-07-16,78.14037322998047
2013-07-17,78.4843521118164
2013-07-18,78.11743927001953
2013-07-19,78.5455093383789
2013-07-22,78.53787231445312
2013-07-23,78.44615936279297
2013-07-24,77.91867065429688
2013-07-25,78.0333251953125
2013-07-26,78.10213470458984
2013-07-29,77.94160461425781
2013-07-30,77.91867065429688
2013-07-31,77.97221374511719
2013-08-01,77.28401947021484
2013-08-02,77.94231414794922
2013-08-05,77.69739532470703
2013-08-06,77.72036743164062
2013-08-07,78.00357818603516
2013-08-08,78.11833953857422
2013-08-09,78.17195892333984
2013-08-12,78.01891326904297
2013-08-13,77.31466674804688
2013-08-14,77.38352966308594
2013-08-15,76.95486450195312
2013-08-16,76.65634155273438
2013-08-19,76.3271484375
2013-08-20,76.74051666259766
2013-08-21,76.25828552246094
2013-08-22,76.22765350341797
2013-08-23,76.65634155273438
2013-08-26,76.80937194824219
2013-08-27,77.24574279785156
2013-08-28,76.93193054199219
2013-08-29,77.00845336914062
2013-08-30,76.86302947998047
2013-09-03,76.4267578125
2013-09-04,76.1738052368164
2013-09-05,75.59112548828125
2013-09-06,76.05109405517578
2013-09-09,76.2044448852539
2013-09-10,75.85179901123047
2013-09-11,76.23505401611328
2013-09-12,76.24281311035156
2013-09-13,76.34242248535156
2013-09-16,76.5111083984375
2013-09-17,76.6644287109375
2013-09-18,77.61504364013672
2013-09-19,77.34673309326172
2013-09-20,77.42340850830078
2013-09-23,77.71471405029297
2013-09-24,77.99842834472656
2013-09-25,78.21309661865234
2013-09-26,78.0444107055664
2013-09-27,78.15174102783203
2013-09-30,78.28204345703125
2013-10-01,78.1077651977539
2013-10-02,78.23829650878906
2013-10-03,78.34579467773438
2013-10-04,78.13081359863281
2013-10-07,78.19990539550781
2013-10-08,78.16155242919922
2013-10-09,78.02326965332031
2013-10-10,77.8543930053711
2013-10-11,77.96957397460938
2013-10-14,77.70845794677734
2013-10-15,77.72386169433594
2013-10-16,78.1000747680664
2013-10-17,78.54541778564453
2013-10-18,78.55305480957031
2013-10-21,78.49930572509766
2013-10-22,79.04446411132812
2013-10-23,79.18267059326172
2013-10-24,79.02141571044922
2013-10-25,79.15961456298828
2013-10-28,79.08281707763672
2013-10-29,79.19036102294922
2013-10-30,78.98307037353516
2013-10-31,78.89091491699219
2013-11-01,78.453369140625
2013-11-04,78.60711669921875
2013-11-05,78.2534408569336
2013-11-06,78.49180603027344
2013-11-07,78.69941711425781
2013-11-08,77.81510162353516
2013-11-11,77.77662658691406
2013-11-12,77.70740509033203
2013-11-13,78.03041076660156
2013-11-14,78.4072036743164
2013-11-15,78.34569549560547
2013-11-18,78.62249755859375
2013-11-19,78.33030700683594
2013-11-20,77.899658203125
2013-11-21,77.9688949584961
2013-11-22,78.19190979003906
2013-11-25,78.2534408569336
2013-11-26,78.42256164550781
2013-11-27,78.24568939208984
2013-11-29,78.19959259033203
2013-12-02,77.86373138427734
2013-12-03,78.00234985351562
2013-12-04,77.64802551269531
2013-12-05,77.45551300048828
2013-12-06,77.52484130859375
2013-12-09,77.61727905273438
2013-12-10,77.94078063964844
2013-12-11,77.6403579711914
2013-12-12,77.41700744628906
2013-12-13,77.53255462646484
2013-12-16,77.4940185546875
2013-12-17,77.7405014038086
2013-12-18,77.44779205322266
2013-12-19,77.12433624267578
2013-12-20,77.36312103271484
2013-12-23,77.11661529541016
2013-12-24,76.81622314453125
2013-12-26,76.74983978271484
2013-12-27,76.70357513427734
2013-12-30,76.91185760498047
2013-12-31,76.56468200683594
2014-01-02,76.86558532714844
2014-01-03,76.81929016113281
2014-01-06,77.03529357910156
2014-01-07,77.15876770019531
2014-01-08,76.78070068359375
2014-01-09,76.9813003540039
2014-01-10,77.62942504882812
2014-01-13,77.8531494140625
2014-01-14,77.5599365234375
2014-01-15,77.49054718017578
2014-01-16,77.70654296875
2014-01-17,77.89170837402344
2014-01-21,77.80682373046875
2014-01-22,77.5908203125
2014-01-23,78.11547088623047
2014-01-24,78.43177032470703
2014-01-27,78.19259643554688
2014-01-28,78.30829620361328
2014-01-29,78.67864227294922
2014-01-30,78.60147857666016
2014-01-31,78.91009521484375
2014-02-03,79.3390121459961
2014-02-04,79.09944152832031
2014-02-05,78.8134765625
2014-02-06,78.66663360595703
2014-02-07,78.87532043457031
2014-02-10,78.91395568847656
2014-02-11,78.56614685058594
2014-02-12,78.38072204589844
2014-02-13,78.75167083740234
2014-02-14,78.69758605957031
2014-02-18,78.89075469970703
2014-02-19,78.73617553710938
2014-02-20,78.65120697021484
2014-02-21,78.75167083740234
2014-02-24,78.67439270019531
2014-02-25,78.94491577148438
2014-02-26,79.17667388916016
2014-02-27,79.26946258544922
2014-02-28,79.19214630126953
2014-03-03,79.58386993408203
2014-03-04,78.97235870361328
2014-03-05,79.0574722290039
2014-03-06,78.71692657470703
2014-03-07,78.37630462646484
2014-03-10,78.46146392822266
2014-03-11,78.53887939453125
2014-03-12,78.84849548339844
2014-03-13,79.31294250488281
2014-03-14,79.32064056396484
2014-03-17,79.00331115722656
2014-03-18,79.19681549072266
2014-03-19,78.46146392822266
2014-03-20,78.47694396972656
2014-03-21,78.62397766113281
2014-03-24,78.65496063232422
2014-03-25,78.60858154296875
2014-03-26,78.94136047363281
2014-03-27,79.01879119873047
2014-03-28,78.74011993408203
2014-03-31,78.74786376953125
2014-04-01,78.58500671386719
2014-04-02,78.24375915527344
2014-04-03,78.29804229736328
2014-04-04,78.77887725830078
2014-04-07,78.96499633789062
2014-04-08,79.07359313964844
2014-04-09,79.0503158569336
2014-04-10,79.38379669189453
2014-04-11,79.54667663574219
2014-04-14,79.42257690429688
2014-04-15,79.51564025878906
2014-04-16,79.39155578613281
2014-04-17,78.94172668457031
2014-04-21,78.92623138427734
2014-04-22,78.89521789550781
2014-04-23,79.09686279296875
2014-04-24,79.07359313964844
2014-04-25,79.18214416503906
2014-04-28,79.06582641601562
2014-04-29,79.13566589355469
2014-04-30,79.34500885009766
2014-05-01,79.57347106933594
2014-05-02,79.69000244140625
2014-05-05,79.64344787597656
2014-05-06,79.73664855957031
2014-05-07,79.79879760742188
2014-05-08,79.88430786132812
2014-05-09,79.82209014892578
2014-05-12,79.61231231689453
2014-05-13,79.9230728149414
2014-05-14,80.28834533691406
2014-05-15,80.57576751708984
2014-05-16,80.40487670898438
2014-05-19,80.3038558959961
2014-05-20,80.53694915771484
2014-05-21,80.41259765625
2014-05-22,80.32715606689453
2014-05-23,80.49036407470703
2014-05-27,80.51361846923828
2014-05-28,80.95652770996094
2014-05-29,80.85553741455078
2014-05-30,80.79331970214844
2014-06-02,80.42369842529297
2014-06-03,80.01890563964844
2014-06-04,79.95662689208984
2014-06-05,80.07344818115234
2014-06-06,80.01111602783203
2014-06-09,79.8944091796875
2014-06-10,79.75433349609375
2014-06-11,79.86332702636719
2014-06-12,80.17462158203125
2014-06-13,80.01890563964844
2014-06-16,80.01890563964844
2014-06-17,79.68423461914062
2014-06-18,80.10455322265625
2014-06-19,79.90221405029297
2014-06-20,79.99559020996094
2014-06-23,79.94108581542969
2014-06-24,80.26799774169922
2014-06-25,80.3458023071289
2014-06-26,80.55595397949219
2014-06-27,80.55595397949219
2014-06-30,80.61822509765625
2014-07-01,80.35467529296875
2014-07-02,80.02722930908203
2014-07-03,79.86339569091797
2014-07-07,80.058349609375
2014-07-08,80.42488098144531
2014-07-09,80.44043731689453
2014-07-10,80.61199188232422
2014-07-11,80.74455261230469
2014-07-14,80.5652084350586
2014-07-15,80.49501037597656
2014-07-16,80.61199188232422
2014-07-17,81.07987213134766
2014-07-18,80.9161376953125
2014-07-21,80.93949890136719
2014-07-22,81.04092407226562
2014-07-23,81.0331039428711
2014-07-24,80.70555877685547
2014-07-25,81.01746368408203
2014-07-28,80.92391967773438
2014-07-29,81.0331039428711
2014-07-30,80.46383666992188
2014-07-31,80.44043731689453
2014-08-01,80.91390991210938
2014-08-04,80.96078491210938
2014-08-05,80.99983978271484
2014-08-06,81.0700912475586
2014-08-07,81.43730163574219
2014-08-08,81.36699676513672
2014-08-11,81.32794952392578
2014-08-12,81.21077728271484
2014-08-13,81.47638702392578
2014-08-14,81.64044189453125
2014-08-15,81.96858978271484
2014-08-18,81.71073913574219
2014-08-19,81.62481689453125
2014-08-20,81.38264465332031
2014-08-21,81.55451202392578
2014-08-22,81.56228637695312
2014-08-25,81.62481689453125
2014-08-26,81.60916900634766
2014-08-27,81.83575439453125
2014-08-28,81.94514465332031
2014-08-29,81.95292663574219
2014-09-02,81.42938232421875
2014-09-03,81.54680633544922
2014-09-04,81.25720977783203
2014-09-05,81.28068542480469
2014-09-08,81.19458770751953
2014-09-09,81.00676727294922
2014-09-10,80.80333709716797
2014-09-11,80.70160675048828
2014-09-12,80.39639282226562
2014-09-15,80.54507446289062
2014-09-16,80.52159118652344
2014-09-17,80.31810760498047
2014-09-18,80.26333618164062
2014-09-19,80.56855010986328
2014-09-22,80.74067687988281
2014-09-23,80.91283416748047
2014-09-24,80.6858901977539
2014-09-25,81.07723236083984
2014-09-26,80.9050521850586
2014-09-29,81.16329956054688
2014-09-30,81.09285736083984
2014-10-01,81.77423095703125
2014-10-02,81.53117370605469
2014-10-03,81.50758361816406
2014-10-06,81.6408920288086
2014-10-07,82.11918640136719
2014-10-08,82.40924835205078
2014-10-09,82.26812744140625
2014-10-10,82.58954620361328
2014-10-13,83.02079772949219
2014-10-14,83.18544006347656
2014-10-15,83.65585327148438
2014-10-16,83.428466796875
2014-10-17,83.18544006347656
2014-10-20,83.30302429199219
2014-10-21,83.07565307617188
2014-10-22,83.05208587646484
2014-10-23,82.70720672607422
2014-10-24,82.77774047851562
2014-10-27,82.86398315429688
2014-10-28,82.66019439697266
2014-10-29,82.38575744628906
2014-10-30,82.47195434570312
2014-10-31,82.33866119384766
2014-11-03,82.30807495117188
2014-11-04,82.30023193359375
2014-11-05,82.32378387451172
2014-11-06,82.07246398925781
2014-11-07,82.59860229492188
2014-11-10,82.26094055175781
2014-11-11,82.26876068115234
2014-11-12,82.2374038696289
2014-11-13,82.37088012695312
2014-11-14,82.54365539550781
2014-11-17,82.44941711425781
2014-11-18,82.54365539550781
2014-11-19,82.32378387451172
2014-11-20,82.4729995727539
2014-11-21,82.6379165649414
2014-11-24,82.73210906982422
2014-11-25,82.93635559082031
2014-11-26,83.07776641845703
2014-11-28,83.39977264404297
2014-12-01,83.19520568847656
2014-12-02,82.82546997070312
2014-12-03,82.85687255859375
2014-12-04,83.14800262451172
2014-12-05,82.68385314941406
2014-12-08,82.95921325683594
2014-12-09,83.26599884033203
2014-12-10,83.64362335205078
2014-12-11,83.50202178955078
2014-12-12,84.18645477294922
2014-12-15,83.87963104248047
2014-12-16,84.304443359375
2014-12-17,83.72228240966797
2014-12-18,83.2502670288086
2014-12-19,83.55708312988281
2014-12-22,83.55708312988281
2014-12-23,82.8647689819336
2014-12-24,82.92469024658203
2014-12-26,83.03497314453125
2014-12-29,83.3185806274414
2014-12-30,83.41315460205078
2014-12-31,83.50765991210938
2015-01-02,83.93316650390625
2015-01-05,84.44526672363281
2015-01-06,85.0125503540039
2015-01-07,84.996826171875
2015-01-08,84.65008544921875
2015-01-09,85.06768798828125
2015-01-12,85.36708068847656
2015-01-13,85.4458999633789
2015-01-14,85.83979797363281
2015-01-15,86.57254028320312
2015-01-16,85.93438720703125
2015-01-20,86.13134002685547
2015-01-21,85.72166442871094
2015-01-22,85.5089340209961
2015-01-23,86.06827545166016
2015-01-26,85.87133026123047
2015-01-27,85.989501953125
2015-01-28,86.65135192871094
2015-01-29,86.34406280517578
2015-01-30,87.10041809082031
2015-02-02,86.99151611328125
2015-02-03,86.2575912475586
2015-02-04,86.39961242675781
2015-02-05,86.08396911621094
2015-02-06,85.12117767333984
2015-02-09,85.08168029785156
2015-02-10,84.86865234375
2015-02-11,84.83705139160156
2015-02-12,84.86865234375
2015-02-13,84.58451080322266
2015-02-17,83.98471069335938
2015-02-18,84.38724517822266
2015-02-19,84.1741714477539
2015-02-20,84.12677764892578
2015-02-23,84.51351928710938
2015-02-24,85.07380676269531
2015-02-25,85.15277862548828
2015-02-26,84.6476821899414
2015-02-27,84.94757080078125
2015-03-02,84.31522369384766
2015-03-03,84.1334228515625
2015-03-04,84.19664001464844
2015-03-05,84.24408721923828
2015-03-06,83.38252258300781
2015-03-09,83.7697982788086
2015-03-10,84.12550354003906
2015-03-11,84.27569580078125
2015-03-12,84.35469818115234
2015-03-13,84.22823333740234
2015-03-16,84.52075958251953
2015-03-17,84.69463348388672
2015-03-18,85.66686248779297
2015-03-19,85.26371002197266
2015-03-20,85.61151123046875
2015-03-23,85.72218322753906
2015-03-24,85.98299407958984
2015-03-25,85.61151123046875
2015-03-26,85.12936401367188
2015-03-27,85.4613265991211
2015-03-30,85.45343017578125
2015-03-31,85.67477416992188
2015-04-01,86.08250427246094
2015-04-02,85.83707427978516
2015-04-06,85.94788360595703
2015-04-07,86.01914978027344
2015-04-08,85.93994140625
2015-04-09,85.59158325195312
2015-04-10,85.56786346435547
2015-04-13,85.7420654296875
2015-04-14,85.99539947509766
2015-04-15,86.0428466796875
2015-04-16,86.1062240600586
2015-04-17,86.28038024902344
2015-04-20,86.12207794189453
2015-04-21,85.93994140625
2015-04-22,85.44120788574219
2015-04-23,85.70247650146484
2015-04-24,86.0033187866211
2015-04-27,85.86872863769531
2015-04-28,85.4728775024414
2015-04-29,85.15616607666016
2015-04-30,85.13241577148438
2015-05-01,84.6669921875
2015-05-04,84.4925308227539
2015-05-05,84.34980773925781
2015-05-06,83.93753814697266
2015-05-07,84.29429626464844
2015-05-08,84.61940002441406
2015-05-11,83.78683471679688
2015-05-12,83.85026550292969
2015-05-13,83.73927307128906
2015-05-14,84.02472686767578
2015-05-15,84.6273422241211
2015-05-18,84.05644226074219
2015-05-19,83.68379974365234
2015-05-20,83.86614990234375
2015-05-21,84.36566162109375
2015-05-22,84.17540740966797
2015-05-26,84.69869232177734
2015-05-27,84.65113067626953
2015-05-28,84.73042297363281
2015-05-29,84.77796936035156
2015-06-01,84.40391540527344
2015-06-02,83.81627655029297
2015-06-03,83.10153198242188
2015-06-04,83.50645446777344
2015-06-05,82.90298461914062
2015-06-08,83.02207946777344
2015-06-09,82.75208282470703
2015-06-10,82.43441009521484
2015-06-11,83.08558654785156
2015-06-12,83.03794860839844
2015-06-15,83.2364730834961
2015-06-16,83.55422973632812
2015-06-17,83.60186767578125
2015-06-18,83.53827667236328
2015-06-19,83.9830322265625
2015-06-22,83.27619934082031
2015-06-23,83.02207946777344
2015-06-24,83.26826477050781
2015-06-25,83.06175994873047
2015-06-26,82.66468811035156
2015-06-29,83.62566375732422
2015-06-30,83.3953628540039
2015-07-01,82.95945739746094
2015-07-02,83.2537612915039
2015-07-06,83.84236145019531
2015-07-07,84.0650405883789
2015-07-08,84.39912414550781
2015-07-09,83.81053161621094
2015-07-10,83.22991943359375
2015-07-13,83.00714874267578
2015-07-14,83.26969909667969
2015-07-15,83.58784484863281
2015-07-16,83.5560073852539
2015-07-17,83.56398010253906
2015-07-20,83.39692687988281
2015-07-21,83.62757873535156
2015-07-22,83.73101806640625
2015-07-23,84.07295989990234
2015-07-24,84.15254211425781
2015-07-27,84.43096923828125
2015-07-28,84.19232940673828
2015-07-29,84.07295989990234
2015-07-30,84.16844940185547
2015-07-31,84.66161346435547
2015-08-03,84.91974639892578
2015-08-04,84.48159790039062
2015-08-05,84.15493774414062
2015-08-06,84.44972229003906
2015-08-07,84.78431701660156
2015-08-10,84.43379211425781
2015-08-11,84.99140930175781
2015-08-12,84.95954895019531
2015-08-13,84.73648071289062
2015-08-14,84.64886474609375
2015-08-17,84.80021667480469
2015-08-18,84.66477966308594
2015-08-19,85.1826171875
2015-08-20,85.41364288330078
2015-08-21,85.75617980957031
2015-08-24,85.89956665039062
2015-08-25,85.4295425415039
2015-08-26,84.90380859375
2015-08-27,84.85599517822266
2015-08-28,84.87196350097656
2015-08-31,84.72854614257812
2015-09-01,85.10909271240234
2015-09-02,84.87773132324219
2015-09-03,85.08515167236328
2015-09-04,85.34845733642578
2015-09-08,84.97346496582031
2015-09-09,85.00538635253906
2015-09-10,84.81393432617188
2015-09-11,85.03727722167969
2015-09-14,85.11711883544922
2015-09-15,84.44690704345703
2015-09-16,84.42289733886719
2015-09-17,85.12506866455078
2015-09-18,85.5240249633789
2015-09-21,85.03727722167969
2015-09-22,85.46017456054688
2015-09-23,85.36442565917969
2015-09-24,85.49208068847656
2015-09-25,85.26866149902344
2015-09-28,85.75534057617188
2015-09-29,86.05062103271484
2015-09-30,86.06659698486328
2015-10-01,86.13371276855469
2015-10-02,86.54924774169922
2015-10-05,86.06974029541016
2015-10-06,86.24555206298828
2015-10-07,86.02981567382812
2015-10-08,85.80608367919922
2015-10-09,85.85401916503906
2015-10-12,86.14167785644531
2015-10-13,86.22156524658203
2015-10-14,86.69309997558594
2015-10-15,86.39741516113281
2015-10-16,86.3254623413086
2015-10-19,86.28553771972656
2015-10-20,85.98982238769531
2015-10-21,86.28553771972656
2015-10-22,86.37342834472656
2015-10-23,85.88594818115234
2015-10-26,86.1097183227539
2015-10-27,86.3254623413086
2015-10-28,85.87794494628906
2015-10-29,85.35057830810547
2015-10-30,85.51839447021484
2015-11-02,85.27273559570312
2015-11-03,85.04857635498047
2015-11-04,84.9605484008789
2015-11-05,84.90453338623047
2015-11-06,84.32832336425781
2015-11-09,84.18428802490234
2015-11-10,84.34434509277344
2015-11-11,84.30435943603516
2015-11-12,84.35234069824219
2015-11-13,84.6724624633789
2015-11-16,84.78449249267578
2015-11-17,84.76053619384766
2015-11-18,84.72044372558594
2015-11-19,84.90453338623047
2015-11-20,84.79252624511719
2015-11-23,84.90453338623047
2015-11-24,84.98458862304688
2015-11-25,85.03260040283203
2015-11-27,85.12065124511719
2015-11-30,85.15265655517578
2015-12-01,85.60555267333984
2015-12-02,85.36506652832031
2015-12-03,84.46736145019531
2015-12-04,84.7799301147461
2015-12-07,85.05247497558594
2015-12-08,85.10059356689453
2015-12-09,85.22880554199219
2015-12-10,85.0444107055664
2015-12-11,85.7257308959961
2015-12-14,85.09251403808594
2015-12-15,84.8760986328125
2015-12-16,84.65168762207031
2015-12-17,85.0043716430664
2015-12-18,85.30891418457031
2015-12-21,85.34901428222656
2015-12-22,85.10857391357422
2015-12-23,84.91617584228516
2015-12-24,85.07190704345703
2015-12-28,85.08800506591797
2015-12-29,84.63839721679688
2015-12-30,84.67049407958984
2015-12-31,84.766845703125
2016-01-04,85.12816619873047
2016-01-05,85.10405731201172
2016-01-06,85.61782836914062
2016-01-07,85.80243682861328
2016-01-08,86.01924896240234
2016-01-11,85.74628448486328
2016-01-12,86.1315689086914
2016-01-13,86.46878051757812
2016-01-14,86.29217529296875
2016-01-15,86.69358825683594
2016-01-19,86.58119201660156
2016-01-20,87.00665283203125
2016-01-21,86.78992462158203
2016-01-22,86.59721374511719
2016-01-25,86.88624572753906
2016-01-26,86.95048522949219
2016-01-27,87.01469421386719
2016-01-28,87.12709045410156
2016-01-29,87.5926513671875
2016-02-01,87.39090728759766
2016-02-02,88.0099868774414
2016-02-03,87.91352081298828
2016-02-04,88.12249755859375
2016-02-05,88.23506164550781
2016-02-08,88.89431762695312
2016-02-09,88.91035461425781
2016-02-10,89.17572021484375
2016-02-11,89.5857162475586
2016-02-12,88.9023208618164
2016-02-16,88.63702392578125
2016-02-17,88.41999816894531
2016-02-18,88.83002471923828
2016-02-19,88.83002471923828
2016-02-22,88.7415771484375
2016-02-23,88.9184341430664
2016-02-24,88.9184341430664
2016-02-25,89.18376922607422
2016-02-26,88.7496109008789
2016-02-29,88.89431762695312
2016-03-01,88.19955444335938
2016-03-02,88.0465087890625
2016-03-03,88.15119171142578
2016-03-04,87.85333251953125
2016-03-07,87.67621612548828
2016-03-08,88.18343353271484
2016-03-09,87.83717346191406
2016-03-10,87.52323150634766
2016-03-11,87.27366638183594
2016-03-14,87.3381118774414
2016-03-15,87.32196044921875
2016-03-16,87.78083801269531
2016-03-17,87.87747955322266
2016-03-18,88.03044891357422
2016-03-21,87.78083801269531
2016-03-22,87.5957260131836
2016-03-23,87.99823760986328
2016-03-24,87.90966033935547
2016-03-28,88.03848266601562
2016-03-29,88.63428497314453
2016-03-30,88.51351928710938
2016-03-31,88.83552551269531
2016-04-01,88.80978393554688
2016-04-04,88.91455841064453
2016-04-05,89.26934051513672
2016-04-06,89.0758285522461
2016-04-07,89.53549194335938
2016-04-08,89.39835357666016
2016-04-11,89.3822250366211
2016-04-12,89.0274429321289
2016-04-13,89.09194946289062
2016-04-14,88.88230895996094
2016-04-15,89.14840698242188
2016-04-18,89.05970001220703
2016-04-19,88.91455841064453
2016-04-20,88.4630126953125
2016-04-21,88.3178939819336
2016-04-22,88.22113037109375
2016-04-25,88.1243667602539
2016-04-26,87.93887329101562
2016-04-27,88.42272186279297
2016-04-28,88.7291259765625
2016-04-29,88.69680786132812
2016-05-02,88.43923950195312
2016-05-03,88.96412658691406
2016-05-04,89.12567138671875
2016-05-05,89.36786651611328
2016-05-06,89.15794372558594
2016-05-09,89.32752990722656
2016-05-10,89.31136322021484
2016-05-11,89.4486312866211
2016-05-12,89.2063980102539
2016-05-13,89.54558563232422
2016-05-16,89.2225341796875
2016-05-17,89.10138702392578
2016-05-18,88.38272094726562
2016-05-19,88.47154235839844
2016-05-20,88.5280990600586
2016-05-23,88.58463287353516
2016-05-24,88.43923950195312
2016-05-25,88.3989028930664
2016-05-26,88.67344665527344
2016-05-27,88.50386810302734
2016-05-31,88.60884857177734
2016-06-01,88.57891082763672
2016-06-02,88.85387420654297
2016-06-03,89.67874908447266
2016-06-06,89.4442367553711
2016-06-07,89.57364654541016
2016-06-08,89.67874908447266
2016-06-09,89.81627655029297
2016-06-10,90.13167572021484
2016-06-13,90.30960845947266
2016-06-14,90.28536224365234
2016-06-15,90.56024932861328
2016-06-16,90.65730285644533
2016-06-17,90.3499984741211
2016-06-20,89.96182250976562
2016-06-21,89.75960540771484
2016-06-22,89.93756866455078
2016-06-23,89.50891876220703
2016-06-24,90.74623107910156
2016-06-27,91.53075408935548
2016-06-28,91.51457214355467
2016-06-29,91.1425323486328
2016-06-30,91.34473419189452
2016-07-01,91.58604431152344
2016-07-05,92.08817291259766
2016-07-06,92.10435485839844
2016-07-07,91.9828872680664
2016-07-08,92.16107177734376
2016-07-11,91.6751480102539
2016-07-12,91.13257598876952
2016-07-13,91.36739349365234
2016-07-14,90.9867935180664
2016-07-15,90.6385269165039
2016-07-18,90.61425018310548
2016-07-19,90.85719299316406
2016-07-20,90.67091369628906
2016-07-21,90.87335968017578
2016-07-22,90.8005142211914
2016-07-25,90.72763061523438
2016-07-26,90.78429412841795
2016-07-27,91.17303466796876
2016-07-28,91.2216339111328
2016-07-29,91.5698699951172
2016-08-01,91.25196075439452
2016-08-02,91.03301239013672
2016-08-03,91.08169555664062
2016-08-04,91.30059814453124
2016-08-05,90.7329559326172
2016-08-08,90.6843032836914
2016-08-09,91.00865173339844
2016-08-10,91.25196075439452
2016-08-11,90.81404113769533
2016-08-12,91.13842010498048
2016-08-15,90.87076568603516
2016-08-16,90.71671295166016
2016-08-17,90.8626937866211
2016-08-18,91.0249252319336
2016-08-19,90.71671295166016
2016-08-22,90.91944885253906
2016-08-23,90.9113311767578
2016-08-24,90.8788833618164
2016-08-25,90.7329559326172
2016-08-26,90.3842315673828
2016-08-29,90.75726318359376
2016-08-30,90.7491455078125
2016-08-31,90.64369201660156
2016-09-01,90.78581237792967
2016-09-02,90.55037689208984
2016-09-06,90.97261810302734
2016-09-07,91.02135467529295
2016-09-08,90.57467651367188
2016-09-09,90.144287109375
2016-09-12,90.22543334960938
2016-09-13,89.89250946044922
2016-09-14,90.09553527832033
2016-09-15,90.11994171142578
2016-09-16,90.21735382080078
2016-09-19,90.06304168701172
2016-09-20,90.20111846923828
2016-09-21,90.3472900390625
2016-09-22,90.61530303955078
2016-09-23,90.6558837890625
2016-09-26,90.91583251953124
2016-09-27,91.07007598876952
2016-09-28,91.02947235107422
2016-09-29,91.08631896972656
2016-09-30,90.8589324951172
2016-10-03,90.6475067138672
2016-10-04,90.23279571533205
2016-10-05,90.02947998046875
2016-10-06,89.8424072265625
2016-10-07,89.97257232666016
2016-10-10,89.73673248291016
2016-10-11,89.71234893798828
2016-10-12,89.71234893798828
2016-10-13,89.89933776855469
2016-10-14,89.62284851074219
2016-10-17,89.8180160522461
2016-10-18,89.9969253540039
2016-10-19,90.03765869140625
2016-10-20,89.95629119873047
2016-10-21,90.05384826660156
2016-10-24,89.9318618774414
2016-10-25,89.9156265258789
2016-10-26,89.72042846679688
2016-10-27,89.41144561767578
2016-10-28,89.42770385742188
2016-10-31,89.50090789794922
2016-11-01,89.50413513183594
2016-11-02,89.77287292480469
2016-11-03,89.71589660644531
2016-11-04,89.99274444580078
2016-11-07,89.61812591552734
2016-11-08,89.30055236816406
2016-11-09,87.94059753417969
2016-11-10,87.41129302978516
2016-11-11,87.23214721679688
2016-11-14,86.72725677490234
2016-11-15,86.72725677490234
2016-11-16,86.80867767333984
2016-11-17,86.42595672607422
2016-11-18,86.04319763183594
2016-11-21,86.1164779663086
2016-11-22,86.19794464111328
2016-11-23,85.8884506225586
2016-11-25,85.81520080566406
2016-11-28,86.20610809326172
2016-11-29,86.29566192626953
2016-11-30,85.71749114990234
2016-12-01,85.39045715332031
2016-12-02,85.77374267578125
2016-12-05,85.7411117553711
2016-12-06,85.77374267578125
2016-12-07,86.05918884277344
2016-12-08,85.73294830322266
2016-12-09,85.29256439208984
2016-12-12,85.30889892578125
2016-12-13,85.35785675048828
2016-12-14,84.64836120605469
2016-12-15,84.41185760498047
2016-12-16,84.51788330078125
2016-12-19,84.9093246459961
2016-12-20,84.72991943359375
2016-12-21,84.86851501464844
2016-12-22,84.83174133300781
2016-12-23,84.9134521484375
2016-12-27,84.79093933105469
2016-12-28,85.101318359375
2016-12-29,85.3626937866211
2016-12-30,85.61592102050781
2017-01-03,85.5750503540039
2017-01-04,85.673095703125
2017-01-05,86.2284927368164
2017-01-06,85.83642578125
2017-01-09,86.16314697265625
2017-01-10,86.12230682373047
2017-01-11,86.22030639648438
2017-01-12,86.26932525634766
2017-01-13,86.08148193359375
2017-01-17,86.51438903808594
2017-01-18,85.90179443359375
2017-01-19,85.5750503540039
2017-01-20,85.61592102050781
2017-01-23,86.06515502929688
2017-01-24,85.73844146728516
2017-01-25,85.31369018554688
2017-01-26,85.42802429199219
2017-01-27,85.53421020507812
2017-01-30,85.509765625
2017-01-31,85.80377197265625
2017-02-01,85.63932800292969
2017-02-02,85.67208862304688
2017-02-03,85.73753356933594
2017-02-06,86.14653015136719
2017-02-07,86.30193328857422
2017-02-08,86.6536636352539
2017-02-09,86.1383056640625
2017-02-10,86.0810775756836
2017-02-13,85.95018005371094
2017-02-14,85.63932800292969
2017-02-15,85.47574615478516
2017-02-16,85.81932067871094
2017-02-17,86.04837799072266
2017-02-21,86.00745391845703
2017-02-22,86.14653015136719
2017-02-23,86.37557220458984
2017-02-24,86.7763671875
2017-02-27,86.46556091308594
2017-02-28,86.4246597290039
2017-03-01,85.82252502441406
2017-03-02,85.57682037353516
2017-03-03,85.65877532958984
2017-03-06,85.64234161376953
2017-03-07,85.51947021484375
2017-03-08,85.2327880859375
2017-03-09,84.9952163696289
2017-03-10,85.17546844482422
2017-03-13,84.96244049072266
2017-03-14,85.05255126953125
2017-03-15,85.79798889160156
2017-03-16,85.56046295166016
2017-03-17,85.78976440429688
2017-03-20,85.9946060180664
2017-03-21,86.2812728881836
2017-03-22,86.44512939453125
2017-03-23,86.35499572753906
2017-03-24,86.40413665771484
2017-03-27,86.61711883544922
2017-03-28,86.32225036621094
2017-03-29,86.56802368164062
2017-03-30,86.32225036621094
2017-03-31,86.4942626953125
2017-04-03,86.92005157470703
2017-04-04,86.7969970703125
2017-04-05,86.96107482910156
2017-04-06,86.90363311767578
2017-04-07,86.6411361694336
2017-04-10,86.7969970703125
2017-04-11,87.1989974975586
2017-04-12,87.46971893310547
2017-04-13,87.73219299316406
2017-04-17,87.5927734375
2017-04-18,88.09323120117188
2017-04-19,87.8635025024414
2017-04-20,87.66661071777344
2017-04-21,87.7076416015625
2017-04-24,87.52710723876953
2017-04-25,87.07593536376953
2017-04-26,87.30562591552734
2017-04-27,87.36306762695312
2017-04-28,87.45329284667969
2017-05-01,87.26432037353516
2017-05-02,87.44509887695312
2017-05-03,87.26432037353516
2017-05-04,87.0671157836914
2017-05-05,87.0835952758789
2017-05-08,86.86991119384766
2017-05-09,86.7713851928711
2017-05-10,86.73851013183594
2017-05-11,86.80421447753906
2017-05-12,87.24787902832031
2017-05-15,87.19035339355469
2017-05-16,87.30542755126953
2017-05-17,88.00381469726562
2017-05-18,87.97911834716797
2017-05-19,87.95449829101562
2017-05-22,87.85591888427734
2017-05-23,87.6258773803711
2017-05-24,87.80656433105469
2017-05-25,87.85591888427734
2017-05-26,87.91336822509766
2017-05-30,88.13523864746094
2017-05-31,88.17636108398438
2017-06-01,88.13025665283203
2017-06-02,88.51700592041016
2017-06-05,88.3688735961914
2017-06-06,88.64868927001953
2017-06-07,88.4841079711914
2017-06-08,88.34416961669922
2017-06-09,88.26187896728516
2017-06-12,88.24546813964844
2017-06-13,88.27840423583984
2017-06-14,88.73918151855469
2017-06-15,88.58280944824219
2017-06-16,88.63221740722656
2017-06-19,88.3853530883789
2017-06-20,88.6075439453125
2017-06-21,88.59929656982422
2017-06-22,88.68158721923828
2017-06-23,88.70625305175781
2017-06-26,88.78034210205078
2017-06-27,88.34416961669922
2017-06-28,88.26187896728516
2017-06-29,87.9327621459961
2017-06-30,87.72705841064453
2017-07-03,87.40480041503906
2017-07-05,87.47074890136719
2017-07-06,87.30592346191406
2017-07-07,87.16584014892578
2017-07-10,87.28120422363281
2017-07-11,87.39661407470703
2017-07-12,87.65206909179688
2017-07-13,87.56140899658203
2017-07-14,87.68499755859375
2017-07-17,87.7921142578125
2017-07-18,88.11357116699219
2017-07-19,88.11357116699219
2017-07-20,88.13826751708984
2017-07-21,88.29486846923828
2017-07-24,88.23715209960938
2017-07-25,87.74269104003906
2017-07-26,88.02290344238281
2017-07-27,87.88280487060547
2017-07-28,88.03115844726562
2017-07-31,88.05587005615234
2017-08-01,88.27458190917969
2017-08-02,88.19207000732422
2017-08-03,88.49745178222656
2017-08-04,88.25810241699219
2017-08-07,88.3075942993164
2017-08-08,88.23336029052734
2017-08-09,88.34062194824219
2017-08-10,88.67076110839844
2017-08-11,88.76981353759766
2017-08-14,88.55519104003906
2017-08-15,88.29109191894531
2017-08-16,88.45616912841797
2017-08-17,88.76981353759766
2017-08-18,88.78633117675781
2017-08-21,88.84412384033203
2017-08-22,88.67076110839844
2017-08-23,88.97614288330078
2017-08-24,88.8358383178711
2017-08-25,88.98446655273438
2017-08-28,89.06703186035156
2017-08-29,89.27327728271484
2017-08-30,89.19900512695312
2017-08-31,89.33932495117188
2017-09-01,89.07652282714844
2017-09-05,89.69644927978516
2017-09-06,89.48151397705078
2017-09-07,89.86998748779297
2017-09-08,89.80391693115234
2017-09-11,89.2913818359375
2017-09-12,89.07652282714844
2017-09-13,88.89457702636719
2017-09-14,88.91117858886719
2017-09-15,89.01858520507812
2017-09-18,88.67137145996094
2017-09-19,88.57222747802734
2017-09-20,88.39861297607422
2017-09-21,88.2829360961914
2017-09-22,88.43994140625
2017-09-25,88.70452117919922
2017-09-26,88.63008880615234
2017-09-27,88.17546081542969
2017-09-28,88.15897369384766
2017-09-29,88.05143737792969
2017-10-02,87.95130157470703
2017-10-03,88.07549285888672
2017-10-04,88.05062103271484
2017-10-05,87.9595947265625
2017-10-06,87.85195922851562
2017-10-09,87.95130157470703
2017-10-10,87.98443603515625
2017-10-11,88.0837631225586
2017-10-12,88.16651916503906
2017-10-13,88.46456146240234
2017-10-16,88.31558227539062
2017-10-17,88.28243255615234
2017-10-18,88.05888366699219
2017-10-19,88.14997863769531
2017-10-20,87.78571319580078
2017-10-23,87.86851501464844
2017-10-24,87.6036148071289
2017-10-25,87.46284484863281
2017-10-26,87.34697723388672
2017-10-27,87.62841796875
2017-10-30,87.94303131103516
2017-10-31,87.88504028320312
2017-11-01,87.93810272216797
2017-11-02,88.05419158935547
2017-11-03,88.19514465332031
2017-11-06,88.30292510986328
2017-11-07,88.33609008789062
2017-11-08,88.22832489013672
2017-11-09,88.19514465332031
2017-11-10,87.74742889404297
2017-11-13,87.70600891113281
2017-11-14,87.8303451538086
2017-11-15,88.1453857421875
2017-11-16,87.92154693603516
2017-11-17,88.03766632080078
2017-11-20,87.89669799804688
2017-11-21,87.91323852539062
2017-11-22,88.19514465332031
2017-11-24,88.12053680419922
2017-11-27,88.17858123779297
2017-11-28,88.19514465332031
2017-11-29,87.91323852539062
2017-11-30,87.6396255493164
2017-12-01,87.96348571777344
2017-12-04,87.92195129394531
2017-12-05,87.98839569091797
2017-12-06,88.17111206054688
2017-12-07,88.01329803466797
2017-12-08,87.94688415527344
2017-12-11,87.88874053955078
2017-12-12,87.8139877319336
2017-12-13,88.17111206054688
2017-12-14,88.13787841796875
2017-12-15,88.12127685546875
2017-12-18,87.92195129394531
2017-12-19,87.52336883544922
2017-12-20,87.26594543457031
2017-12-21,87.3275146484375
2017-12-22,87.36075592041016
2017-12-26,87.39404296875
2017-12-27,87.76828002929688
2017-12-28,87.66016387939453
2017-12-29,87.80160522460938
2018-01-02,87.51045989990234
2018-01-03,87.60198211669922
2018-01-04,87.56037139892578
2018-01-05,87.45223999023438
2018-01-08,87.41062927246094
2018-01-09,86.99481964111328
2018-01-10,86.96990966796875
2018-01-11,87.02806854248047
2018-01-12,86.96990966796875
2018-01-16,87.01148223876953
2018-01-17,86.82015991210938
2018-01-18,86.54572296142578
2018-01-19,86.32118225097656
2018-01-22,86.28787231445312
2018-01-23,86.53744506835938
2018-01-24,86.3710708618164
2018-01-25,86.56233215332031
2018-01-26,86.30455017089844
2018-01-29,86.08831024169922
2018-01-30,85.88868713378906
2018-01-31,85.91358947753906
2018-02-01,85.47045135498047
2018-02-02,85.15387725830078
2018-02-05,85.85364532470703
2018-02-06,85.478759765625
2018-02-07,85.2288589477539
2018-02-08,85.30384063720703
2018-02-09,85.15387725830078
2018-02-12,85.12890625
2018-02-13,85.27053833007812
2018-02-14,84.75401306152344
2018-02-15,84.77901458740234
2018-02-16,84.97891998291016
2018-02-20,84.88729095458984
2018-02-21,84.63741302490234
2018-02-22,84.75401306152344
2018-02-23,85.07890319824219
2018-02-26,85.17890167236328
2018-02-27,84.9123306274414
2018-02-28,85.11223602294922
2018-03-01,85.4785385131836
2018-03-02,85.16146087646484
2018-03-05,85.05298614501953
2018-03-06,85.04467010498047
2018-03-07,85.04467010498047
2018-03-08,85.21986389160156
2018-03-09,85.03630065917969
2018-03-12,85.23656463623047
2018-03-13,85.37837982177734
2018-03-14,85.54529571533203
2018-03-15,85.51189422607422
2018-03-16,85.4117431640625
2018-03-19,85.32829284667969
2018-03-20,85.16146087646484
2018-03-21,85.21986389160156
2018-03-22,85.57028198242188
2018-03-23,85.68711853027344
2018-03-26,85.4534912109375
2018-03-27,85.9374008178711
2018-03-28,85.92074584960938
2018-03-29,86.09596252441406
2018-04-02,86.18370056152344
2018-04-03,85.90790557861328
2018-04-04,85.85774230957031
2018-04-05,85.64041900634766
2018-04-06,86.01651000976562
2018-04-09,86.03326416015625
2018-04-10,85.88282775878906
2018-04-11,85.96637725830078
2018-04-12,85.65716552734375
2018-04-13,85.73237609863281
2018-04-16,85.69059753417969
2018-04-17,85.74073791503906
2018-04-18,85.40641021728516
2018-04-19,85.17243194580078
2018-04-20,84.8882827758789
2018-04-23,84.80467987060547
2018-04-24,84.70438385009766
2018-04-25,84.52054595947266
2018-04-26,84.76288604736328
2018-04-27,84.9049301147461
2018-04-30,84.99690246582031
2018-05-01,84.86376190185547
2018-05-02,84.88052368164062
2018-05-03,85.09822082519531
2018-05-04,85.10662078857422
2018-05-07,85.06468200683594
2018-05-08,84.92237854003906
2018-05-09,84.72981262207031
2018-05-10,84.9056396484375
2018-05-11,84.91400146484375
2018-05-14,84.72981262207031
2018-05-15,84.26085662841797
2018-05-16,84.0850601196289
2018-05-17,84.0348129272461
2018-05-18,84.36136627197266
2018-05-21,84.41996002197266
2018-05-22,84.38655090332031
2018-05-23,84.77167510986328
2018-05-24,84.9893569946289
2018-05-25,85.32425689697266
2018-05-29,86.2453842163086
2018-05-30,85.87693786621094
2018-05-31,85.83509063720703
2018-06-01,85.51795196533203
2018-06-04,85.21593475341797
2018-06-05,85.43406677246094
2018-06-06,85.09004974365234
2018-06-07,85.45081329345703
2018-06-08,85.3333740234375
2018-06-11,85.24946594238281
2018-06-12,85.1991195678711
2018-06-13,85.09846496582031
2018-06-14,85.36691284179688
2018-06-15,85.43406677246094
2018-06-18,85.4759750366211
2018-06-19,85.70252990722656
2018-06-20,85.42564392089844
2018-06-21,85.65219116210938
2018-06-22,85.6689682006836
2018-06-25,85.78643798828125
2018-06-26,85.82835388183594
2018-06-27,86.1555404663086
2018-06-28,86.0716781616211
2018-06-29,86.00456237792969
2018-07-02,85.94573974609375
2018-07-03,86.16427612304688
2018-07-05,86.17266845703125
2018-07-06,86.248291015625
2018-07-09,86.02979278564453
2018-07-10,85.96250915527344
2018-07-11,86.13904571533203
2018-07-12,86.10540771484375
2018-07-13,86.248291015625
2018-07-16,86.10540771484375
2018-07-17,86.05499267578125
2018-07-18,85.98773193359375
2018-07-19,86.22310638427734
2018-07-20,85.92049407958984
2018-07-23,85.50021362304688
2018-07-24,85.55905151367188
2018-07-25,85.50021362304688
2018-07-26,85.40775299072266
2018-07-27,85.54226684570312
2018-07-30,85.43301391601562
2018-07-31,85.5506820678711
2018-08-01,85.3485107421875
2018-08-02,85.44956970214844
2018-08-03,85.66858673095703
2018-08-06,85.71068572998047
2018-08-07,85.53382110595703
2018-08-08,85.60960388183594
2018-08-09,85.84542846679688
2018-08-10,86.21601104736328
2018-08-13,86.19070434570312
2018-08-14,86.10650634765625
2018-08-15,86.31705474853516
2018-08-16,86.29178619384766
2018-08-17,86.32548522949219
2018-08-20,86.59498596191406
2018-08-21,86.47705841064453
2018-08-22,86.6370620727539
2018-08-23,86.62867736816406
2018-08-24,86.65392303466797
2018-08-27,86.4602279663086
2018-08-28,86.26649475097656
2018-08-29,86.24125671386719
2018-08-30,86.40128326416016
2018-08-31,86.41812896728516
2018-09-04,86.22063446044922
2018-09-05,86.2122573852539
2018-09-06,86.38945007324219
2018-09-07,86.00126647949219
2018-09-10,86.05186462402344
2018-09-11,85.73961639404297
2018-09-12,85.8409194946289
2018-09-13,85.83247375488281
2018-09-14,85.672119140625
2018-09-17,85.6889877319336
2018-09-18,85.33455657958984
2018-09-19,85.19110107421875
2018-09-20,85.19953155517578
2018-09-21,85.2332992553711
2018-09-24,85.14045715332031
2018-09-25,85.05607604980469
2018-09-26,85.33455657958984
2018-09-27,85.33455657958984
2018-09-28,85.37677764892578
2018-10-01,85.1603012084961
2018-10-02,85.38011169433594
2018-10-03,84.74594116210938
2018-10-04,84.526123046875
2018-10-05,84.32312774658203
2018-10-08,84.35700225830078
2018-10-09,84.51764678955078
2018-10-10,84.5599136352539
2018-10-11,84.90660095214844
2018-10-12,84.80510711669922
2018-10-15,84.85585021972656
2018-10-16,84.847412109375
2018-10-17,84.60218048095703
2018-10-18,84.75440979003906
2018-10-19,84.65291595458984
2018-10-22,84.66981506347656
2018-10-23,84.88967895507812
2018-10-24,85.34632110595703
2018-10-25,85.14335632324219
2018-10-26,85.5239028930664
2018-10-29,85.51543426513672
2018-10-30,85.32941436767578
2018-10-31,85.11800384521484
2018-11-01,85.19087982177734
2018-11-02,84.71632385253906
2018-11-05,84.76716613769531
2018-11-06,84.67395782470703
2018-11-07,84.67395782470703
2018-11-08,84.55529022216797
2018-11-09,84.88580322265625
2018-11-12,85.1400146484375
2018-11-13,85.20782470703125
2018-11-14,85.38582611083984
2018-11-15,85.44512176513672
2018-11-16,85.70781707763672
2018-11-19,85.83491516113281
2018-11-20,85.81793212890625
2018-11-21,85.8010482788086
2018-11-23,85.85185241699219
2018-11-26,85.78410339355469
2018-11-27,85.8687744140625
2018-11-28,85.86035919189453
2018-11-29,86.08073425292969
2018-11-30,86.25016784667969
2018-12-03,86.43864440917969
2018-12-04,86.83778381347656
2018-12-06,87.05860137939453
2018-12-07,87.31333923339844
2018-12-10,87.36431121826172
2018-12-11,87.14350128173828
2018-12-12,86.90571594238281
2018-12-13,86.9566879272461
2018-12-14,87.092529296875
2018-12-17,87.34727478027344
2018-12-18,87.56258392333984
2018-12-19,87.86898040771484
2018-12-20,87.75830841064453
2018-12-21,87.83491516113281
2018-12-24,88.05612182617188
2018-12-26,87.63919067382812
2018-12-27,87.86044311523438
2018-12-28,88.33697509765625
2018-12-31,88.66883087158203
2019-01-02,88.85604858398438
2019-01-03,89.56230926513672
2019-01-04,88.83904266357422
2019-01-07,88.59224700927734
2019-01-08,88.37097930908203
2019-01-09,88.42205047607422
2019-01-10,88.3795166015625
2019-01-11,88.64325714111328
2019-01-14,88.59224700927734
2019-01-15,88.50716400146484
2019-01-16,88.45606231689453
2019-01-17,88.2944107055664
2019-01-18,88.0135726928711
2019-01-22,88.31996154785156
2019-01-23,88.27738952636719
2019-01-24,88.55823516845703
2019-01-25,88.35397338867188
2019-01-28,88.3795166015625
2019-01-29,88.63481140136719
2019-01-30,88.83904266357422
2019-01-31,89.24748229980469
2019-02-01,88.76995086669922
2019-02-04,88.5738296508789
2019-02-05,88.72725677490234
2019-02-06,88.7955093383789
2019-02-07,89.08544921875
2019-02-08,89.20482635498047
2019-02-11,89.06840515136719
2019-02-12,88.94898223876953
2019-02-13,88.72725677490234
2019-02-14,89.14513397216797
2019-02-15,89.05989074707031
2019-02-19,89.21333312988281
2019-02-20,89.19627380371094
2019-02-21,88.93199920654297
2019-02-22,89.19627380371094
2019-02-25,89.05989074707031
2019-02-26,89.32421875
2019-02-27,89.0086898803711
2019-02-28,88.77849578857422
2019-03-01,88.48710632324219
2019-03-04,88.76052856445312
2019-03-05,88.8117904663086
2019-03-06,89.0595474243164
2019-03-07,89.35861206054688
2019-03-08,89.48673248291016
2019-03-11,89.41837310791016
2019-03-12,89.66616821289062
2019-03-13,89.63199615478516
2019-03-14,89.50384521484375
2019-03-15,89.78575134277344
2019-03-18,89.66616821289062
2019-03-19,89.6063461303711
2019-03-20,90.23007202148438
2019-03-21,90.1873016357422
2019-03-22,90.85372924804688
2019-03-25,91.08441162109376
2019-03-26,91.0075454711914
2019-03-27,91.27238464355467
2019-03-28,91.2809066772461
2019-03-29,91.13565063476562
2019-04-01,90.50899505615234
2019-04-02,90.66311645507812
2019-04-03,90.38055419921876
2019-04-04,90.47474670410156
2019-04-05,90.5175323486328
2019-04-08,90.37201690673828
2019-04-09,90.53468322753906
2019-04-10,90.7486801147461
2019-04-11,90.54327392578124
2019-04-12,90.1237564086914
2019-04-15,90.24359130859376
2019-04-16,89.93539428710938
2019-04-17,89.95256042480469
2019-04-18,90.16651916503906
2019-04-22,90.03816223144531
2019-04-23,90.20077514648438
2019-04-24,90.54327392578124
2019-04-25,90.43196868896484
2019-04-26,90.6716537475586
2019-04-29,90.48332214355467
2019-04-30,90.66311645507812
2019-05-01,90.62194061279295
2019-05-02,90.36457824707033
2019-05-03,90.48469543457033
2019-05-06,90.7162628173828
2019-05-07,91.02509307861328
2019-05-08,90.85354614257812
2019-05-09,91.09368133544922
2019-05-10,91.03369903564452
2019-05-13,91.48834228515624
2019-05-14,91.4025421142578
2019-05-15,91.69422149658205
2019-05-16,91.5140609741211
2019-05-17,91.55696105957033
2019-05-20,91.4025421142578
2019-05-21,91.29959869384766
2019-05-22,91.57412719726562
2019-05-23,92.13174438476562
2019-05-24,92.1059799194336
2019-05-28,92.50914764404295
2019-05-29,92.474853515625
2019-05-30,92.80941009521484
2019-05-31,93.42707061767578
2019-06-03,93.87659454345705
2019-06-04,93.53276824951172
2019-06-05,93.53276824951172
2019-06-06,93.51556396484376
2019-06-07,93.88516998291016
2019-06-10,93.42101287841795
2019-06-11,93.42101287841795
2019-06-12,93.66170501708984
2019-06-13,93.893798828125
2019-06-14,93.96253204345705
2019-06-17,93.94532012939452
2019-06-18,94.12584686279295
2019-06-19,94.38367462158205
2019-06-20,94.53839874267578
2019-06-21,94.15159606933594
2019-06-24,94.47824096679688
2019-06-25,94.62437438964844
2019-06-26,94.237548828125
2019-06-27,94.52123260498048
2019-06-28,94.5641860961914
2019-07-01,94.44534301757812
2019-07-02,94.78117370605467
2019-07-03,94.9620132446289
2019-07-05,94.35929107666016
2019-07-08,94.2645492553711
2019-07-09,94.20426940917967
2019-07-10,94.25594329833984
2019-07-11,93.7909927368164
2019-07-12,93.89434814453124
2019-07-15,94.09236907958984
2019-07-16,93.88570404052734
2019-07-17,94.32479095458984
2019-07-18,94.55730438232422
2019-07-19,94.38507080078124
2019-07-22,94.42813873291016
2019-07-23,94.2731475830078
2019-07-24,94.41094207763672
2019-07-25,94.24735260009766
2019-07-26,94.23011016845705
2019-07-29,94.3162078857422
2019-07-30,94.35929107666016
2019-07-31,94.60034942626952
2019-08-01,95.6733856201172
2019-08-02,95.87173461914062
2019-08-05,96.69977569580078
2019-08-06,96.85504150390624
2019-08-07,96.85504150390624
2019-08-08,96.86369323730467
2019-08-09,96.7169952392578
2019-08-12,97.32945251464844
2019-08-13,96.9844207763672
2019-08-14,97.6313247680664
2019-08-15,98.25237274169922
2019-08-16,97.99359130859376
2019-08-19,97.52779388427734
2019-08-20,97.95909118652344
2019-08-21,97.70035552978516
2019-08-22,97.48470306396484
2019-08-23,98.1402359008789
2019-08-26,98.04537963867188
2019-08-27,98.46796417236328
2019-08-28,98.5024871826172
2019-08-29,98.31273651123048
2019-08-30,98.338623046875
2019-09-03,98.55464935302734
2019-09-04,98.71011352539062
2019-09-05,97.91529083251952
2019-09-06,97.97573852539062
2019-09-09,97.3709487915039
2019-09-10,96.66251373291016
2019-09-11,96.56747436523438
2019-09-12,96.35143280029295
2019-09-13,95.47019958496094
2019-09-16,95.88487243652344
2019-09-17,96.13548278808594
2019-09-18,96.17002868652344
2019-09-19,96.21324920654295
2019-09-20,96.76619720458984
2019-09-23,96.90441131591795
2019-09-24,97.38822174072266
2019-09-25,96.74889373779295
2019-09-26,96.95628356933594
2019-09-27,97.09449005126952
2019-09-30,97.17224884033205
2019-10-01,97.44134521484376
2019-10-02,97.7788314819336
2019-10-03,98.289306640625
2019-10-04,98.47970581054688
2019-10-07,98.1509017944336
2019-10-08,98.35856628417967
2019-10-09,98.10763549804688
2019-10-10,97.49327850341795
2019-10-11,96.82698059082033
2019-10-14,97.09525299072266
2019-10-15,96.62799072265624
2019-10-16,96.8183135986328
2019-10-17,96.78370666503906
2019-10-18,96.8702621459961
2019-10-21,96.5155029296875
2019-10-22,96.74044036865234
2019-10-23,96.77505493164062
2019-10-24,96.75777435302734
2019-10-25,96.55008697509766
2019-10-28,96.18668365478516
2019-10-29,96.27322387695312
2019-10-30,96.74044036865234
2019-10-31,97.35482788085938
2019-11-01,97.1710968017578
2019-11-04,96.67716979980467
2019-11-05,96.1571807861328
2019-11-06,96.4344711303711
2019-11-07,95.66322326660156
2019-11-08,95.5332260131836
2019-11-11,95.63724517822266
2019-11-12,95.68055725097656
2019-11-13,95.94056701660156
2019-11-14,96.42583465576172
2019-11-15,96.34784698486328
2019-11-18,96.51248168945312
2019-11-19,96.69446563720705
2019-11-20,97.0498046875
2019-11-21,96.80714416503906
2019-11-22,96.78982543945312
2019-11-25,96.83311462402344
2019-11-26,97.01513671875
2019-11-27,96.7637939453125
2019-11-29,96.68582916259766
2019-12-02,96.33869171142578
2019-12-03,97.1978530883789
2019-12-04,96.8246841430664
2019-12-05,96.59901428222656
2019-12-06,96.30397033691406
2019-12-09,96.3820343017578
2019-12-10,96.26925659179688
2019-12-11,96.66849517822266
2019-12-12,95.9047622680664
2019-12-13,96.46885681152344
2019-12-16,96.0176010131836
2019-12-17,96.02623748779295
2019-12-18,95.7659149169922
2019-12-19,95.84064483642578
2019-12-20,95.84064483642578
2019-12-23,95.7537612915039
2019-12-24,95.91887664794922
2019-12-26,96.05792236328124
2019-12-27,96.19698333740234
2019-12-30,96.13611602783205
2019-12-31,95.78851318359376
2020-01-02,96.23172760009766
2020-01-03,96.8748550415039
2020-01-06,96.77053833007812
2020-01-07,96.63147735595705
2020-01-08,96.40552520751952
2020-01-09,96.4750747680664
2020-01-10,96.68362426757812
2020-01-13,96.57064819335938
2020-01-14,96.7618637084961
2020-01-15,97.0052261352539
2020-01-16,96.80531311035156
2020-01-17,96.7270965576172
2020-01-21,97.10948944091795
2020-01-22,97.12686157226562
2020-01-23,97.37019348144533
2020-01-24,97.71783447265624
2020-01-27,98.3783187866211
2020-01-28,98.04808044433594
2020-01-29,98.5173568725586
2020-01-30,98.61296844482422
2020-01-31,99.10832977294922
2020-02-03,99.0239486694336
2020-02-04,98.4495849609375
2020-02-05,98.02313995361328
2020-02-06,98.0927734375
2020-02-07,98.56269073486328
2020-02-10,98.75416564941406
2020-02-11,98.51921081542967
2020-02-12,98.266845703125
2020-02-13,98.35382843017578
2020-02-14,98.5975112915039
2020-02-18,98.75416564941406
2020-02-19,98.73675537109376
2020-02-20,99.0239486694336
2020-02-21,99.42420959472656
2020-02-24,100.1987533569336
2020-02-25,100.47722625732422
2020-02-26,100.4250259399414
2020-02-27,100.91234588623048
2020-02-28,102.04364776611328
2020-03-02,101.97393035888672
2020-03-03,103.1588897705078
2020-03-04,102.9323272705078
2020-03-05,103.84719848632812
2020-03-06,104.90142059326172
2020-03-09,105.84242248535156
2020-03-10,103.89944458007812
2020-03-11,102.8626708984375
2020-03-12,102.9149169921875
2020-03-13,102.2440414428711
2020-03-16,104.94499206542967
2020-03-17,102.313720703125
2020-03-18,100.89356231689452
2020-03-19,101.22463989257812
2020-03-20,103.8036117553711
2020-03-23,105.03211975097656
2020-03-24,104.3176498413086
2020-03-25,104.378662109375
2020-03-26,104.63134002685548
2020-03-27,105.40675354003906
2020-03-30,105.65070343017578
2020-03-31,105.84242248535156
2020-04-01,106.27332305908205
2020-04-02,106.29074096679688
2020-04-03,106.36927795410156
2020-04-06,105.88949584960938
2020-04-07,105.41845703125
2020-04-08,105.28761291503906
2020-04-09,105.51443481445312
2020-04-13,105.28761291503906
2020-04-14,105.42718505859376
2020-04-15,106.36927795410156
2020-04-16,106.482666015625
2020-04-17,106.2035140991211
2020-04-20,106.482666015625
2020-04-21,106.77925872802734
2020-04-22,106.44778442382812
2020-04-23,106.51751708984376
2020-04-24,106.5437469482422
2020-04-27,105.97673797607422
2020-04-28,106.43905639648438
2020-04-29,106.3866958618164
2020-04-30,106.13372802734376
2020-05-01,106.28045654296876
2020-05-04,106.29788208007812
2020-05-05,106.21929168701172
2020-05-06,105.82634735107422
2020-05-07,106.47258758544922
2020-05-08,106.12325286865234
2020-05-11,105.82634735107422
2020-05-12,106.17564392089844
2020-05-13,106.39395904541016
2020-05-14,106.55989074707033
2020-05-15,106.49002838134766
2020-05-18,105.83509063720705
2020-05-19,106.1319808959961
2020-05-20,106.1581802368164
2020-05-21,106.22803497314452
2020-05-22,106.4289093017578
2020-05-26,106.14945220947266
2020-05-27,106.23677825927734
2020-05-28,106.14073181152344
2020-05-29,106.48130798339844
2020-06-01,106.4393539428711
2020-06-02,106.2645034790039
2020-06-03,105.6351547241211
2020-06-04,105.21558380126952
2020-06-05,104.6911392211914
2020-06-08,104.80476379394533
2020-06-09,105.18061065673828
2020-06-10,105.96728515625
2020-06-11,106.3431625366211
2020-06-12,106.107177734375
2020-06-15,106.019775390625
2020-06-16,105.80123901367188
2020-06-17,105.96728515625
2020-06-18,106.2033462524414
2020-06-19,106.23827362060548
2020-06-22,106.14212036132812
2020-06-23,106.107177734375
2020-06-24,106.3082275390625
2020-06-25,106.32566833496094
2020-06-26,106.61414337158205
2020-06-29,106.71907806396484
2020-06-30,106.52677154541016
2020-07-01,106.3604965209961
2020-07-02,106.4917221069336
2020-07-06,106.3342514038086
2020-07-07,106.6755142211914
2020-07-08,106.50923919677734
2020-07-09,106.85042572021484
2020-07-10,106.64044189453124
2020-07-13,106.75421905517578
2020-07-14,106.74542999267578
2020-07-15,106.71045684814452
2020-07-16,106.7891845703125
2020-07-17,106.76296997070312
2020-07-20,106.83294677734376
2020-07-21,106.9466781616211
2020-07-22,106.98169708251952
2020-07-23,107.08666229248048
2020-07-24,107.03417205810548
2020-07-27,106.86793518066406
2020-07-28,107.1216812133789
2020-07-29,107.26163482666016
2020-07-30,107.41038513183594
2020-07-31,107.4366226196289
2020-08-03,107.38406372070312
2020-08-04,107.75184631347656
2020-08-05,107.392822265625
2020-08-06,107.5154266357422
2020-08-07,107.28775787353516
2020-08-10,107.1739501953125
2020-08-11,106.80618286132812
2020-08-12,106.49095153808594
2020-08-13,106.27206420898438
2020-08-14,106.3246078491211
2020-08-17,106.49971771240234
2020-08-18,106.68357849121094
2020-08-19,106.54349517822266
2020-08-20,106.8499755859375
2020-08-21,106.92876434326172
2020-08-24,106.77989196777344
2020-08-25,106.52601623535156
2020-08-26,106.48221588134766
2020-08-27,106.105712890625
2020-08-28,106.28082275390624
2020-08-31,106.39468383789062
2020-09-01,106.74337768554688
2020-09-02,106.89234924316406
2020-09-03,107.03252410888672
2020-09-04,106.43671417236328
2020-09-08,106.6645278930664
2020-09-09,106.6119613647461
2020-09-10,106.74337768554688
2020-09-11,106.90987396240234
2020-09-14,106.81349182128906
2020-09-15,106.76089477539062
2020-09-16,106.69956970214844
2020-09-17,106.73462677001952
2020-09-18,106.6382293701172
2020-09-21,106.8310089111328
2020-09-22,106.8310089111328
2020-09-23,106.8310089111328
2020-09-24,106.88358306884766
2020-09-25,106.97122955322266
2020-09-28,106.95365142822266
2020-09-29,107.03252410888672
2020-09-30,106.74337768554688
2020-10-01,106.80387115478516
2020-10-02,106.69866943359376
2020-10-05,106.02350616455078
2020-10-06,106.26904296875
2020-10-07,105.96217346191406
2020-10-08,106.15505981445312
2020-10-09,106.10246276855467
2020-10-12,106.2164077758789
2020-10-13,106.45317840576172
2020-10-14,106.48826599121094
2020-10-15,106.37425231933594
2020-10-16,106.31287384033205
2020-10-19,106.13748931884766
2020-10-20,105.9095458984375
2020-10-21,105.76927947998048
2020-10-22,105.40099334716795
2020-10-23,105.550048828125
2020-10-26,105.83063507080078
2020-10-27,106.06737518310548
2020-10-28,106.05860900878906
2020-10-29,105.6114501953125
2020-10-30,105.26947021484376
2020-11-02,105.45020294189452
2020-11-03,105.2133560180664
2020-11-04,106.09945678710938
2020-11-05,106.0819320678711
2020-11-06,105.72218322753906
2020-11-09,104.94134521484376
2020-11-10,104.64303588867188
2020-11-11,104.80973052978516
2020-11-12,105.40635681152344
2020-11-13,105.26593780517578
2020-11-16,105.18701934814452
2020-11-17,105.4589614868164
2020-11-18,105.42388153076172
2020-11-19,105.53797149658205
2020-11-20,105.72218322753906
2020-11-23,105.51163482666016
2020-11-24,105.3449478149414
2020-11-25,105.38002014160156
2020-11-27,105.69588470458984
2020-11-30,105.62567901611328
2020-12-01,105.06380462646484
2020-12-02,104.88819885253906
2020-12-03,105.16917419433594
2020-12-04,104.75653076171876
2020-12-07,105.0813217163086
2020-12-08,105.18673706054688
2020-12-09,105.03746795654295
2020-12-10,105.27452087402344
2020-12-11,105.48524475097656
2020-12-14,105.4237289428711
2020-12-15,105.31841278076172
2020-12-16,105.2306137084961
2020-12-17,105.1541748046875
2020-12-18,105.06631469726562
2020-12-21,105.13658142089844
2020-12-22,105.31233215332033
2020-12-23,105.09268951416016
2020-12-24,105.24201202392578
2020-12-28,105.25081634521484
2020-12-29,105.2332763671875
2020-12-30,105.30354309082033
2020-12-31,105.37379455566406
2021-01-04,105.400146484375
2021-01-05,105.1541748046875
2021-01-06,104.53927612304688
2021-01-07,104.1702880859375
2021-01-08,103.8716049194336
2021-01-11,103.6695785522461
2021-01-12,103.65199279785156
2021-01-13,104.0121612548828
2021-01-14,103.77496337890624
2021-01-15,104.05606079101562
2021-01-19,104.11756896972656
2021-01-20,104.16152954101562
2021-01-21,104.0121612548828
2021-01-22,104.1702880859375
2021-01-25,104.59193420410156
2021-01-26,104.55682373046876
2021-01-27,104.67980194091795
2021-01-28,104.40748596191406
2021-01-29,104.22297668457033
2021-02-01,104.35310363769533
2021-02-02,104.0893783569336
2021-02-03,103.83441925048828
2021-02-04,103.7992935180664
2021-02-05,103.57952880859376
2021-02-08,103.62345886230467
2021-02-09,103.70257568359376
2021-02-10,103.96629333496094
2021-02-11,103.8872528076172
2021-02-12,103.54436492919922
2021-02-16,102.79717254638672
2021-02-17,102.8674774169922
2021-02-18,102.85869598388672
2021-02-19,102.44551849365234
2021-02-22,102.27848052978516
2021-02-23,102.3576202392578
2021-02-24,102.2169952392578
2021-02-25,100.85446166992188
2021-02-26,101.75984954833984
2021-03-01,101.6455307006836
2021-03-02,101.8302230834961
2021-03-03,101.28490447998048
2021-03-04,100.78352355957033
2021-03-05,100.64279174804688
2021-03-08,100.24696350097656
2021-03-09,100.721923828125
2021-03-10,100.93302917480467
2021-03-11,100.8978500366211
2021-03-12,100.16779327392578
2021-03-15,100.29100036621094
2021-03-16,100.27336883544922
2021-03-17,100.10620880126952
2021-03-18,99.48174285888672
2021-03-19,99.42017364501952
2021-03-22,99.74561309814452
2021-03-23,100.23818969726562
2021-03-24,100.3701400756836
2021-03-25,100.23818969726562
2021-03-26,99.90392303466795
2021-03-29,99.5608901977539
2021-03-30,99.4729232788086
2021-03-31,99.33220672607422
2021-04-01,99.77224731445312
2021-04-05,99.4906234741211
2021-04-06,99.97471618652344
2021-04-07,99.91307830810548
2021-04-08,100.25633239746094
2021-04-09,99.99230194091795
2021-04-12,99.9306869506836
2021-04-13,100.34439849853516
2021-04-14,100.2211456298828
2021-04-15,100.86363220214844
2021-04-16,100.59081268310548
2021-04-19,100.48518371582033
2021-04-20,100.78440856933594
2021-04-21,100.83724212646484
2021-04-22,100.91641235351562
2021-04-23,100.78440856933594
2021-04-26,100.67879486083984
2021-04-27,100.28275299072266
2021-04-28,100.41478729248048
2021-04-29,100.23873901367188
2021-04-30,100.3267593383789
2021-05-03,100.4975814819336
2021-05-04,100.62970733642578
2021-05-05,100.7530288696289
2021-05-06,100.79705047607422
2021-05-07,100.832275390625
2021-05-10,100.62970733642578
2021-05-11,100.46237182617188
2021-05-12,99.97799682617188
2021-05-13,100.31266021728516
2021-05-14,100.5328140258789
2021-05-17,100.43597412109376
2021-05-18,100.43597412109376
2021-05-19,100.1365203857422
2021-05-20,100.55045318603516
2021-05-21,100.58565521240234
2021-05-24,100.6825714111328
2021-05-25,101.05245208740234
2021-05-26,100.93797302246094
2021-05-27,100.7618179321289
2021-05-28,100.7530288696289
2021-06-01,100.73448944091795
2021-06-02,100.8490753173828
2021-06-03,100.593505859375
2021-06-04,101.14871978759766
2021-06-07,101.06942749023438
2021-06-08,101.36026000976562
2021-06-09,101.67752075195312
2021-06-10,102.03888702392578
2021-06-11,101.88902282714844
2021-06-14,101.57176971435548
2021-06-15,101.58934783935548
2021-06-16,100.89314270019533
2021-06-17,101.25450134277344
2021-06-18,101.8273468017578
2021-06-21,101.50123596191406
2021-06-22,101.68631744384766
2021-06-23,101.48360443115234
2021-06-24,101.46598052978516
2021-06-25,101.25450134277344
2021-06-28,101.57176971435548
2021-06-29,101.62462615966795
2021-06-30,101.78327178955078
2021-07-01,101.7100601196289
2021-07-02,102.08047485351562
2021-07-06,102.61844635009766
2021-07-07,102.91828918457033
2021-07-08,103.18286895751952
2021-07-09,102.66254425048828
2021-07-12,102.60960388183594
2021-07-13,102.2920913696289
2021-07-14,102.73309326171876
2021-07-15,103.16519165039062
2021-07-16,103.14757537841795
2021-07-19,104.0294952392578
2021-07-20,103.8971939086914
2021-07-21,103.29747772216795
2021-07-22,103.53560638427734
2021-07-23,103.37687683105467
2021-07-26,103.30632781982422
2021-07-27,103.7472915649414
2021-07-28,103.83544158935548
2021-07-29,103.51798248291016
2021-07-30,103.80900573730467
2021-08-02,104.26437377929688
2021-08-03,104.29086303710938
2021-08-04,104.26437377929688
2021-08-05,103.88489532470705
2021-08-06,103.2759780883789
2021-08-09,103.05538940429688
2021-08-10,102.86122131347656
2021-08-11,102.9759750366211
2021-08-12,102.87003326416016
2021-08-13,103.4613037109375
2021-08-16,103.69074249267578
2021-08-17,103.63780212402344
2021-08-18,103.58485412597656
2021-08-19,103.81432342529295
2021-08-20,103.71723175048828
2021-08-23,103.7436752319336
2021-08-24,103.4613037109375
2021-08-25,103.05538940429688
2021-08-26,103.05538940429688
2021-08-27,103.39070892333984
2021-08-30,103.59368133544922
2021-08-31,103.39955139160156
2021-09-01,103.44369506835938
2021-09-02,103.56730651855467
2021-09-03,103.32008361816406
2021-09-07,102.91385650634766
2021-09-08,103.1964340209961
2021-09-09,103.48785400390624
2021-09-10,103.16111755371094
2021-09-13,103.28472900390624
2021-09-14,103.67328643798828
2021-09-15,103.49667358398438
2021-09-16,103.16990661621094
2021-09-17,102.86968231201172
2021-09-20,103.39071655273438
2021-09-21,103.32889556884766
2021-09-22,103.42603302001952
2021-09-23,102.48998260498048
2021-09-24,102.18090057373048
2021-09-27,101.90715026855467
2021-09-28,101.51858520507812
2021-09-29,101.6245574951172
2021-09-30,101.74818420410156
2021-10-01,102.16354370117188
2021-10-04,102.0398178100586
2021-10-05,101.72166442871094
2021-10-06,101.74818420410156
2021-10-07,101.34170532226562
2021-10-08,101.1207504272461
2021-10-11,100.8733367919922
2021-10-12,101.33284759521484
2021-10-13,101.52727508544922
2021-10-14,101.76588439941406
2021-10-15,101.26216888427734
2021-10-18,101.1207504272461
2021-10-19,100.7584457397461
2021-10-20,100.71429443359376
2021-10-21,100.44915771484376
2021-10-22,100.70540618896484
2021-10-25,100.82915496826172
2021-10-26,100.95287322998048
2021-10-27,101.51842498779295
2021-10-28,101.25328826904295
2021-10-29,101.2975082397461
2021-11-01,101.28953552246094
2021-11-02,101.53713989257812
2021-11-03,101.21880340576172
2021-11-04,101.76708984375
2021-11-05,102.32421112060548
2021-11-08,101.88201141357422
2021-11-09,102.3507308959961
2021-11-10,101.47525024414062
2021-11-11,101.1480712890625
2021-11-12,101.3603057861328
2021-11-15,100.96233367919922
2021-11-16,100.87393951416016
2021-11-17,101.23648834228516
2021-11-18,101.29837799072266
2021-11-19,101.572509765625
2021-11-22,100.8296890258789
2021-11-23,100.41404724121094
2021-11-24,100.7235870361328
2021-11-26,102.02352905273438
2021-11-29,101.79360961914062
2021-11-30,102.40379333496094
2021-12-01,102.5967254638672
2021-12-02,102.37545776367188
2021-12-03,102.9772720336914
2021-12-06,102.4639663696289
2021-12-07,102.0745620727539
2021-12-08,101.7471160888672
2021-12-09,102.0037841796875
2021-12-10,102.0745620727539
2021-12-13,102.56129455566406
2021-12-14,102.3843231201172
2021-12-15,102.2338638305664
2021-12-16,102.53150939941406
2021-12-17,102.76178741455078
2021-12-20,102.67323303222656
2021-12-21,102.26576232910156
2021-12-22,102.36319732666016
2021-12-23,102.15060424804688
2021-12-27,102.18605041503906
2021-12-28,102.16831970214844
2021-12-29,101.64568328857422
2021-12-30,101.98231506347656
2021-12-31,101.86715698242188
2022-01-03,100.91936492919922
2022-01-04,100.86619567871094
2022-01-05,100.44100952148438
2022-01-06,100.1929702758789
2022-01-07,99.86522674560548
2022-01-10,99.8386459350586
2022-01-11,100.07784271240234
2022-01-12,100.0955581665039
2022-01-13,100.41443634033205
2022-01-14,99.7235107421875
2022-01-18,98.9706039428711
2022-01-19,99.20977020263672
2022-01-20,99.42233276367188
2022-01-21,99.99810791015624
2022-01-24,99.90953063964844
2022-01-25,99.7766571044922
2022-01-26,99.06800079345705
2022-01-27,99.4843292236328
2022-01-28,99.71466064453124
2022-01-31,99.71466064453124
2022-02-01,99.57989501953124
2022-02-02,99.78380584716795
2022-02-03,99.35822296142578
2022-02-04,98.59568786621094
2022-02-07,98.62227630615234
2022-02-08,98.3031005859375
2022-02-09,98.43608856201172
2022-02-10,97.53170776367188
2022-02-11,98.5425033569336
2022-02-14,97.85974884033205
2022-02-15,97.5671844482422
2022-02-16,97.77111053466795
2022-02-17,98.2942123413086
2022-02-18,98.6134262084961
2022-02-22,98.60458374023438
2022-02-23,98.09031677246094
2022-02-24,98.32083129882812
2022-02-25,98.2942123413086
2022-02-28,99.41139221191406
2022-03-01,100.37962341308594
2022-03-02,98.8709716796875
2022-03-03,99.2969207763672
2022-03-04,100.281982421875
2022-03-07,99.85603332519533
2022-03-08,99.20816802978516
2022-03-09,98.59583282470705
2022-03-10,98.14323425292967
2022-03-11,98.11660766601562
2022-03-14,96.87418365478516
2022-03-15,96.8298110961914
2022-03-16,96.69671630859376
2022-03-17,96.51033020019533
2022-03-18,96.7943115234375
2022-03-21,95.53414916992188
2022-03-22,95.0105438232422
2022-03-23,95.6495132446289
2022-03-24,95.11701965332033
2022-03-25,94.14086151123048
2022-03-28,94.35385131835938
2022-03-29,94.82418823242188
2022-03-30,95.1968994140625
2022-03-31,95.37442016601562
2022-04-01,94.75337982177734
2022-04-04,94.6912078857422
2022-04-05,93.5628433227539
2022-04-06,93.23411560058594
2022-04-07,93.00309753417967
2022-04-08,92.53223419189452
2022-04-11,92.08799743652344
2022-04-12,92.53223419189452
2022-04-13,92.736572265625
2022-04-14,91.90145874023438
2022-04-18,91.63491821289062
2022-04-19,91.03076934814452
2022-04-20,91.74153900146484
2022-04-21,91.23509979248048
2022-04-22,91.27954864501952
2022-04-25,91.86589813232422
2022-04-26,92.47894287109376
2022-04-27,91.963623046875
2022-04-28,91.83038330078124
2022-04-29,91.34172821044922
2022-05-02,90.66121673583984
2022-05-03,90.7679672241211
2022-05-04,91.35506439208984
2022-05-05,90.43883514404295
2022-05-06,89.92288208007812
2022-05-09,90.59007263183594
2022-05-10,90.89248657226562
2022-05-11,91.4529266357422
2022-05-12,91.75535583496094
2022-05-13,91.27499389648438
2022-05-16,91.65750122070312
2022-05-17,90.96365356445312
2022-05-18,91.61298370361328
2022-05-19,91.94216918945312
2022-05-20,92.36913299560548
2022-05-23,91.80870819091795
2022-05-24,92.60040283203124
2022-05-25,92.78721618652344
2022-05-26,92.74272918701172
2022-05-27,92.87614440917967
2022-05-31,91.90657043457033
2022-06-01,91.38909912109376
2022-06-02,91.5226821899414
2022-06-03,91.34456634521484
2022-06-06,90.65876770019533
2022-06-07,91.0239028930664
2022-06-08,90.68547058105467
2022-06-09,90.6053237915039
2022-06-10,89.71469116210938
2022-06-13,88.12045288085938
2022-06-14,87.41681671142578
2022-06-15,88.6369857788086
2022-06-16,89.2159652709961
2022-06-17,89.24266052246094
2022-06-21,88.77949523925781
2022-06-22,89.90174102783203
2022-06-23,90.4094009399414
2022-06-24,90.0887451171875
2022-06-27,89.58111572265625
2022-06-28,89.69689178466797
2022-06-29,90.41828918457033
2022-06-30,91.1130142211914
2022-07-01,92.08975219726562
2022-07-05,92.42872619628906
2022-07-06,91.64373779296876
2022-07-07,91.08177185058594
2022-07-08,90.52872467041016
2022-07-11,91.24234008789062
2022-07-12,91.45642852783205
2022-07-13,91.84890747070312
2022-07-14,91.3404769897461
2022-07-15,91.65264129638672
2022-07-18,91.3850326538086
2022-07-19,90.96580505371094
2022-07-20,90.87662506103516
2022-07-21,91.91133880615234
2022-07-22,92.96389770507812
2022-07-25,92.63381958007812
2022-07-26,92.66954040527344
2022-07-27,92.85685729980467
2022-07-28,93.7755889892578
2022-07-29,93.8113021850586
2022-08-01,94.35995483398438
2022-08-02,93.05535125732422
2022-08-03,93.43956756591795
2022-08-04,93.91314697265624
2022-08-05,92.554931640625
2022-08-08,93.10002136230467
2022-08-09,92.8230209350586
2022-08-10,92.8766098022461
2022-08-11,92.26006317138672
2022-08-12,92.6264190673828
2022-08-15,92.92131805419922
2022-08-16,92.81409454345705
2022-08-17,92.18856811523438
2022-08-18,92.36731719970705
2022-08-19,91.57205200195312
2022-08-22,91.16993713378906
2022-08-23,90.94652557373048
2022-08-24,90.64273834228516
2022-08-25,91.22354125976562
2022-08-26,91.11630249023438
2022-08-29,90.59806060791016
2022-08-30,90.57123565673828
2022-08-31,90.19595336914062
2022-09-01,89.47891998291016
2022-09-02,89.980224609375
2022-09-06,88.9776611328125
2022-09-07,89.55950164794922
2022-09-08,89.22828674316406
2022-09-09,89.23725891113281
2022-09-12,89.02238464355469
2022-09-13,88.5210952758789
2022-09-14,88.56587982177734
2022-09-15,88.26153564453125
2022-09-16,88.33316802978516
2022-09-19,88.08251953125
2022-09-20,87.53646087646484
2022-09-21,87.88555145263672
2022-09-22,86.56078338623047
2022-09-23,86.66815948486328
2022-09-26,85.22696685791016
2022-09-27,84.64513397216797
2022-09-28,86.55180358886719
2022-09-29,86.14897918701172
2022-09-30,85.92520904541016
2022-10-03,86.94498443603516
2022-10-04,87.12433624267578
2022-10-05,86.29920959472656
2022-10-06,85.8238525390625
2022-10-07,85.40231323242188
2022-10-10,84.90003204345703
2022-10-11,85.11531066894531
2022-10-12,85.39332580566406
2022-10-13,85.03457641601562
2022-10-14,84.55923461914062
2022-10-17,84.64892578125
2022-10-18,84.86418151855469
2022-10-19,83.97623443603516
2022-10-20,83.34841918945312
2022-10-21,83.53677368164062
2022-10-24,83.42913818359375
2022-10-25,84.46954345703125
2022-10-26,84.90003204345703
2022-10-27,85.5009765625
2022-10-28,85.06148529052734
2022-10-31,84.67579650878906
2022-11-01,84.66056823730469
2022-11-02,84.51673126220703
2022-11-03,84.14823150634766
2022-11-04,83.96843719482422
2022-11-07,83.6718521118164
2022-11-08,84.2291030883789
2022-11-09,84.51673126220703
2022-11-10,86.41326904296875
2022-11-11,86.23348999023438
2022-11-14,86.0267562866211
2022-11-15,86.66495513916016
2022-11-16,87.30309295654297
2022-11-17,86.70986938476562
2022-11-18,86.4042739868164
2022-11-21,86.350341796875
2022-11-22,86.84468841552734
2022-11-23,87.31208801269531
2022-11-25,87.28512573242188
2022-11-28,87.3210678100586
2022-11-29,86.95255279541016
2022-11-30,87.73452758789062
2022-12-01,88.69279479980469
2022-12-02,88.87291717529297
2022-12-05,87.97229766845703
2022-12-06,88.5126724243164
2022-12-07,89.2872085571289
2022-12-08,88.78285217285156
2022-12-09,88.12541198730469
2022-12-12,87.99929809570312
2022-12-13,88.79186248779297
2022-12-14,89.03504180908203
2022-12-15,89.20829772949219
2022-12-16,88.98270416259766
2022-12-19,88.26081085205078
2022-12-20,87.6201171875
2022-12-21,87.72840118408203
2022-12-22,87.70132446289062
2022-12-23,87.30427551269531
2022-12-27,86.5733642578125
2022-12-28,86.36580657958984
2022-12-29,86.7899169921875
2022-12-30,86.42900085449219
2023-01-03,87.10577392578125
2023-01-04,87.77352142333984
2023-01-05,87.64717864990234
2023-01-06,88.77516174316406
2023-01-09,89.000732421875
2023-01-10,88.4412612915039
2023-01-11,89.00978088378906
2023-01-12,89.80382537841797
2023-01-13,89.32559204101562
2023-01-17,89.04584503173828
2023-01-18,90.25502014160156
2023-01-19,90.08361053466795
2023-01-20,89.4880142211914
2023-01-23,89.19924926757812
2023-01-24,89.71361541748047
2023-01-25,89.81288146972656
2023-01-26,89.4880142211914
2023-01-27,89.35264587402344
2023-01-30,89.07294464111328
2023-01-31,89.52410888671875
2023-02-01,90.1679916381836
2023-02-02,90.13182067871094
2023-02-03,89.1642074584961
2023-02-06,88.39554595947266
2023-02-07,88.17852020263672
2023-02-08,88.50406646728516
2023-02-09,88.10617065429688
2023-02-10,87.68113708496094
2023-02-13,87.88915252685547
2023-02-14,87.4912338256836
2023-02-15,87.22899627685547
2023-02-16,86.93960571289062
2023-02-17,87.18376922607422
2023-02-21,86.23426818847656
2023-02-22,86.38800048828125
2023-02-23,86.72259521484375
2023-02-24,86.1980972290039
2023-02-27,86.46034240722656
2023-02-28,86.59596252441406
2023-03-01,85.9036636352539
2023-03-02,85.55028533935547
2023-03-03,86.23896026611328
2023-03-06,86.08488464355469
2023-03-07,86.09396362304688
2023-03-08,86.06678009033203
2023-03-09,86.60142517089844
2023-03-10,88.1962661743164
2023-03-13,89.2655029296875
2023-03-14,88.42277526855469
2023-03-15,89.70045471191406
2023-03-16,88.89398193359375
2023-03-17,89.94512176513672
2023-03-20,89.5826644897461
2023-03-21,88.80337524414062
2023-03-22,89.97232818603516
2023-03-23,90.48884582519533
2023-03-24,90.51599884033205
2023-03-27,89.40142059326172
2023-03-28,89.3470687866211
2023-03-29,89.19303131103516
2023-03-30,89.32894897460938
2023-03-31,89.81829071044922
2023-04-03,90.24137878417967
2023-04-04,90.8224868774414
2023-04-05,91.20378875732422
2023-04-06,91.2310562133789
2023-04-10,90.33216094970705
2023-04-11,90.29588317871094
2023-04-12,90.55915069580078
2023-04-13,90.2595443725586
2023-04-14,89.81466674804688
2023-04-17,89.24263000488281
2023-04-18,89.38787078857422
2023-04-19,89.1972427368164
2023-04-20,89.71475982666016
2023-04-21,89.49685668945312
2023-04-24,89.93267822265625
2023-04-25,90.8224868774414
2023-04-26,90.46835327148438
2023-04-27,89.87821197509766
2023-04-28,90.55010223388672
2023-05-01,89.48431396484375
2023-05-02,90.6492691040039
2023-05-03,91.24087524414062
2023-05-04,91.2226791381836
2023-05-05,90.7311782836914
2023-05-08,90.1760482788086
2023-05-09,90.06680297851562
2023-05-10,90.7402801513672
2023-05-11,91.07704162597656
2023-05-12,90.53097534179688
2023-05-15,90.33073425292967
2023-05-16,90.03948211669922
2023-05-17,89.7482681274414
2023-05-18,89.19305419921875
2023-05-19,88.85630798339844
2023-05-22,88.6925048828125
2023-05-23,88.838134765625
2023-05-24,88.61056518554688
2023-05-25,88.055419921875
2023-05-26,88.21923828125
2023-05-30,88.91093444824219
2023-05-31,89.2476806640625
2023-06-01,89.4958267211914
2023-06-02,88.78423309326172
2023-06-05,88.75686645507812
2023-06-06,88.81160736083984
2023-06-07,88.16386413574219
2023-06-08,88.75686645507812
2023-06-09,88.43756866455078
2023-06-12,88.58353424072266
2023-06-13,87.95405578613281
2023-06-14,88.07266998291016
2023-06-15,88.75686645507812
2023-06-16,88.37371826171875
2023-06-20,88.63827514648438
2023-06-21,88.72037506103516
2023-06-22,88.21858978271484
2023-06-23,88.58353424072266
2023-06-26,88.80248260498047
2023-06-27,88.49230194091797
2023-06-28,88.84809875488281
2023-06-29,87.93579864501953
2023-06-30,88.12739562988281
2023-07-03,87.74513244628906
2023-07-05,87.324462890625
2023-07-06,86.61116790771484
2023-07-07,86.50143432617188
2023-07-10,86.94953918457031
2023-07-11,87.1324234008789
2023-07-12,87.98290252685547
2023-07-13,88.7145004272461
2023-07-14,88.27554321289062
2023-07-17,88.42184448242188
2023-07-18,88.52243041992188
2023-07-19,88.82422637939453
2023-07-20,88.12005615234375
2023-07-21,88.19322967529297
2023-07-24,87.98290252685547
2023-07-25,87.81830596923828
2023-07-26,88.12005615234375
2023-07-27,87.15985870361328
2023-07-28,87.44334411621094
2023-07-31,87.55309295654297
2023-08-01,87.04151153564453
2023-08-02,86.86730194091797
2023-08-03,86.22554779052734
2023-08-04,87.1423568725586
2023-08-07,86.93148803710938
2023-08-08,87.3715591430664
2023-08-09,87.42656707763672
2023-08-10,86.75730895996094
2023-08-11,86.29890441894531
2023-08-14,86.161376953125
2023-08-15,85.99634552001953
2023-08-16,85.66629791259766
2023-08-17,85.5562973022461
2023-08-18,85.81298065185547
2023-08-21,85.2812271118164
2023-08-22,85.31790924072266
2023-08-23,86.24388122558594
2023-08-24,85.92302703857422
2023-08-25,85.8955078125
2023-08-28,86.13386535644531
2023-08-29,86.74813079833984
2023-08-30,86.73896789550781
2023-08-31,86.91314697265625
2023-09-01,86.38189697265625
2023-09-05,85.85796356201172
2023-09-06,85.63737487792969
2023-09-07,85.93148040771484
2023-09-08,85.94989013671875
2023-09-11,85.80281829833984
2023-09-12,85.92231750488281
2023-09-13,86.02342224121094
2023-09-14,85.83036804199219
2023-09-15,85.5638198852539
2023-09-18,85.64656829833984
2023-09-19,85.33406066894531
2023-09-20,85.26971435546875
2023-09-21,84.635498046875
2023-09-22,84.96638488769531
2023-09-25,84.34137725830078
2023-09-26,84.31380462646484
2023-09-27,83.93695831298828
2023-09-28,84.16673278808594
2023-09-29,84.18513488769531
2023-10-02,83.50224304199219
2023-10-03,82.81108093261719
2023-10-04,83.33636474609375
2023-10-05,83.49301147460938
2023-10-06,83.00460052490234
2023-10-09,84.06438446044922
2023-10-10,83.89849853515625
2023-10-11,84.35929870605469
2023-10-12,83.54832458496094
2023-10-13,84.08281707763672
2023-10-16,83.58515930175781
2023-10-17,82.7649917602539
2023-10-18,82.37793731689453
2023-10-19,81.97245788574219
2023-10-20,82.45166015625
2023-10-23,82.8387222290039
2023-10-24,82.98616027832031
2023-10-25,82.25811767578125
2023-10-26,82.88479614257812
2023-10-27,83.01380920410156
2023-10-30,82.73735046386719
2023-10-31,82.56222534179688
2023-11-01,83.51317596435547
2023-11-02,84.03068542480469
2023-11-03,84.67755889892578
2023-11-06,84.18777465820312
2023-11-07,84.66832733154297
2023-11-08,85.01023864746094
2023-11-09,84.16929626464844
2023-11-10,84.26170349121094
2023-11-13,84.21549987792969
2023-11-14,85.4815673828125
2023-11-15,84.8161849975586
2023-11-16,85.4538345336914
2023-11-17,85.50927734375
2023-11-20,85.6294174194336
2023-11-21,85.74031829833984
2023-11-22,85.71257019042969
2023-11-24,85.26899719238281
2023-11-27,85.91588592529297
2023-11-28,86.29478454589844
2023-11-29,86.74762725830078
2023-11-30,86.32250213623047
2023-12-01,87.13697814941406
2023-12-04,86.7756118774414
2023-12-05,87.38715362548828
2023-12-06,87.74853515625
2023-12-07,87.61882019042969
2023-12-08,87.05359649658203
2023-12-11,87.06288146972656
2023-12-12,87.2481918334961
2023-12-13,88.54540252685547
2023-12-14,89.28145599365234
2023-12-15,89.20709228515625
2023-12-18,89.01192474365234
2023-12-19,89.17920684814453
2023-12-20,89.61600494384766
2023-12-21,89.47661590576172
2023-12-22,89.39295959472656
2023-12-26,89.44873046875
2023-12-27,90.14572143554688
2023-12-28,89.8018798828125
2023-12-29,89.57882690429688
2024-01-02,89.24427795410156
2024-01-03,89.45802307128906
2024-01-04,88.91902923583984
2024-01-05,88.59375762939453
2024-01-08,88.89112854003906
2024-01-09,88.85392761230469
2024-01-10,88.71454620361328
2024-01-11,89.18850708007812
2024-01-12,89.43013763427734
2024-01-16,88.70526123046875
2024-01-17,88.41716766357422
2024-01-18,88.22198486328125
2024-01-19,88.23128509521484
2024-01-22,88.50080871582031
2024-01-23,88.27774810791016
2024-01-24,88.02684020996094
2024-01-25,88.40786743164062
2024-01-26,88.24988555908203
2024-01-29,88.77960968017578
2024-01-30,88.90040588378906
2024-01-31,89.64389038085938
2024-02-01,90.19913482666016
2024-02-02,89.02528381347656
2024-02-05,88.15888977050781
2024-02-06,88.63401794433594
2024-02-07,88.47564697265625
2024-02-08,88.18684387207031
2024-02-09,88.02847290039062
2024-02-12,88.1123046875
2024-02-13,87.14342498779297
2024-02-14,87.469482421875
2024-02-15,87.71170806884766
2024-02-16,87.32975769042969
2024-02-20,87.47879028320312
2024-02-21,87.1993179321289
2024-02-22,87.20863342285156
2024-02-23,87.60923767089844
2024-02-26,87.47879028320312
2024-02-27,87.2831802368164
2024-02-28,87.59993743896484
2024-02-29,87.77691650390625
2024-03-01,88.17765045166016
2024-03-04,87.98149108886719
2024-03-05,88.52326202392578
2024-03-06,88.73809051513672
2024-03-07,88.8875503540039
2024-03-08,88.95294189453125
2024-03-11,88.84083557128906
2024-03-12,88.47655487060547
2024-03-13,88.28038787841797
2024-03-14,87.62654876708984
2024-03-15,87.47708129882812
2024-03-18,87.37433624267578
2024-03-19,87.62654876708984
2024-03-20,87.8320541381836
2024-03-21,87.84137725830078
2024-03-22,88.27104949951172
2024-03-25,88.03752136230469
2024-03-26,88.1683120727539
2024-03-27,88.50457763671875
2024-03-28,88.42051696777344
2024-04-01,87.62045288085938
2024-04-02,87.43309783935547
2024-04-03,87.53614807128906
2024-04-04,87.83594512939453
2024-04-05,87.25511169433594
2024-04-08,87.05838012695312
2024-04-09,87.4050064086914
2024-04-10,86.24333953857422
2024-04-11,86.12155151367188
2024-04-12,86.47754669189453
2024-04-15,85.9248275756836
2024-04-16,85.58757019042969
2024-04-17,86.13091278076172
2024-04-18,85.8311538696289
2024-04-19,85.94356536865234
2024-04-22,85.95292663574219
2024-04-23,86.06535339355469
2024-04-24,85.80303192138672
2024-04-25,85.47515869140625
2024-04-26,85.70935821533203
2024-04-29,86.05599212646484
2024-04-30,85.65314483642578
2024-05-01,85.99236297607422
2024-05-02,86.39636993408203
2024-05-03,86.87557220458984
2024-05-06,86.95073699951172
2024-05-07,87.17623138427734
2024-05-08,86.93195343017578
2024-05-09,87.19505310058594
2024-05-10,86.91316223144531
2024-05-13,87.01651000976562
2024-05-14,87.27019500732422
2024-05-15,87.92792510986328
2024-05-16,87.75880432128906
2024-05-17,87.4863052368164
2024-05-20,87.35477447509766
2024-05-21,87.58027648925781
2024-05-22,87.467529296875
2024-05-23,87.15745544433594
2024-05-24,87.27019500732422
2024-05-28,86.7816162109375
2024-05-29,86.35877227783203
2024-05-30,86.79100799560547
2024-05-31,87.19505310058594
2024-06-03,87.7661361694336
2024-06-04,88.24677276611328
2024-06-05,88.56719207763672
2024-06-06,88.52947998046875
2024-06-07,87.59650421142578
2024-06-10,87.40801239013672
2024-06-11,87.86979675292969
2024-06-12,88.35986328125
2024-06-13,88.94412994384766
2024-06-14,89.1514663696289
2024-06-17,88.73682403564453
2024-06-18,89.12319946289062
2024-06-20,88.89701843261719
2024-06-21,88.91587829589844
2024-06-24,88.99126434326172
2024-06-25,89.066650390625
2024-06-26,88.52947998046875
2024-06-27,88.72740173339844
2024-06-28,88.25617980957031
2024-07-01,87.5992202758789
2024-07-02,87.93006896972656
2024-07-03,88.51615142822266
2024-07-05,89.0076904296875
2024-07-08,89.03604125976562
2024-07-09,88.91314697265625
2024-07-10,88.99822998046875
2024-07-11,89.56539916992188
2024-07-12,89.75445556640625
2024-07-15,89.47087860107422
2024-07-16,89.86787414550781
2024-07-17,89.94351959228516
2024-07-18,89.68827056884766
2024-07-19,89.40470886230469
2024-07-22,89.31961822509766
2024-07-23,89.38579559326172
2024-07-24,89.18729400634766
2024-07-25,89.38579559326172
2024-07-26,89.8111572265625
2024-07-29,89.96241760253906
2024-07-30,90.15147399902344
2024-07-31,90.81317901611328
2024-08-01,91.20096588134766
2024-08-02,92.61369323730467
2024-08-05,92.70849609375
2024-08-06,91.88362121582033
2024-08-07,91.55176544189452
2024-08-08,91.27681732177734
2024-08-09,91.64656829833984
2024-08-12,91.902587890625
2024-08-13,92.31026458740234
2024-08-14,92.43352508544922
2024-08-15,91.8551788330078
2024-08-16,92.03533172607422
2024-08-19,92.15858459472656
2024-08-20,92.52835083007812
2024-08-21,92.71797943115234
2024-08-22,92.2913055419922
2024-08-23,92.71797943115234
2024-08-26,92.6042022705078
2024-08-27,92.56627655029295
2024-08-28,92.51886749267578
2024-08-29,92.35769653320312
2024-08-30,92.03533172607422
2024-09-03,92.64202880859376
2024-09-04,93.1840591430664
2024-09-05,93.40279388427734
2024-09-06,93.53591918945312
2024-09-09,93.66905212402344
2024-09-10,94.0684585571289
2024-09-11,94.00189208984376
2024-09-12,93.84973907470705
2024-09-13,94.03042602539062
2024-09-16,94.27765655517578
2024-09-17,94.1064910888672
2024-09-18,93.69757843017578
2024-09-19,93.62150573730467
2024-09-20,93.5929946899414
2024-09-23,93.53591918945312
2024-09-24,93.64053344726562
2024-09-25,93.26014709472656
2024-09-26,93.1935806274414
2024-09-27,93.56446075439452
2024-09-30,93.30770111083984
2024-10-01,93.64723205566406
2024-10-02,93.38018798828124
2024-10-03,92.90331268310548
2024-10-04,92.0068130493164
2024-10-07,91.67300415039062
2024-10-08,91.7492904663086
2024-10-09,91.40593719482422
2024-10-10,91.39640808105467
2024-10-11,91.4250259399414
2024-10-14,91.26290130615234
2024-10-15,91.73020935058594
2024-10-16,91.87328338623048
2024-10-17,91.39640808105467
2024-10-18,91.50131225585938
2024-10-21,90.79557037353516
2024-10-22,90.709716796875
2024-10-23,90.4999008178711
2024-10-24,90.70018768310548
2024-10-25,90.4999008178711
2024-10-28,90.29009246826172
2024-10-29,90.32823944091795
2024-10-30,90.19471740722656
2024-10-31,90.14701080322266
2024-11-01,89.61317443847656
2024-11-04,90.09153747558594
2024-11-05,90.1393585205078
2024-11-06,89.21138000488281
2024-11-07,89.92890930175781
2024-11-08,90.12022399902344
2024-11-11,89.87150573730469
2024-11-12,89.30704498291016
2024-11-13,89.24964904785156
2024-11-14,89.24006652832031
2024-11-15,89.2783432006836
2024-11-18,89.47924041748047
2024-11-19,89.67058563232422
2024-11-20,89.5366439819336
2024-11-21,89.48882293701172
2024-11-22,89.54620361328125
2024-11-25,90.5124740600586
2024-11-26,90.3211441040039
2024-11-27,90.68468475341795
2024-11-29,91.06736755371094
2024-12-02,91.05967712402344
2024-12-03,90.8005828857422
2024-12-04,91.1460418701172
2024-12-05,91.1364517211914
2024-12-06,91.42434692382812
2024-12-09,91.107666015625
2024-12-10,90.94452667236328
2024-12-11,90.6758270263672
2024-12-12,90.33036041259766
2024-12-13,89.90811920166016
2024-12-16,89.93690490722656
2024-12-17,89.93690490722656
2024-12-18,89.24176788330078
2024-12-19,88.83739471435547
2024-12-20,89.16474151611328
2024-12-23,88.7699966430664
2024-12-24,88.81814575195312
2024-12-26,88.8855209350586
2024-12-27,88.65446472167969
2024-12-30,89.17436218261719
2024-12-31,89.01068878173828
2025-01-02,89.058837890625
2025-01-03,88.91441345214844
2025-01-06,88.8277816772461
2025-01-07,88.42339324951172
2025-01-08,88.57743835449219
2025-01-10,87.93236541748047
2025-01-13,87.7783203125
2025-01-14,87.80719757080078
2025-01-15,88.73148345947266
2025-01-16,88.94330596923828
2025-01-17,89.01068878173828
2025-01-21,89.30915832519531
2025-01-22,89.07809448242188
2025-01-23,88.84701538085938
2025-01-24,89.02994537353516
2025-01-27,89.60762786865234
2025-01-28,89.61726379394531
2025-01-29,89.5113525390625
2025-01-30,89.70390319824219
2025-01-31,89.55949401855469
2025-02-03,89.62325286865234
2025-02-04,89.84539031982422
2025-02-05,90.36695861816406
2025-02-06,90.26071166992188
2025-02-07,89.9612808227539
2025-02-10,89.94198608398438
2025-02-11,89.71016693115234
2025-02-12,89.09201049804688
2025-02-13,89.75846099853516
2025-02-14,90.13514709472656
2025-02-18,89.65221405029297
2025-02-19,89.7970962524414
2025-02-20,89.98062133789062
2025-02-21,90.51182556152344
2025-02-24,90.70501708984376
2025-02-25,91.41975402832033
2025-02-26,91.67090606689452
2025-02-27,91.56463623046876
2025-02-28,92.06688690185548
2025-03-03,92.40108489990234
2025-03-04,92.11048126220705
2025-03-05,91.59708404541016
2025-03-06,91.54866027832033
2025-03-07,91.43242645263672
2025-03-10,92.07174682617188
2025-03-11,91.7423858642578
2025-03-12,91.4711685180664
2025-03-13,91.8392562866211
2025-03-14,91.51961517333984
2025-03-17,91.59708404541016
2025-03-18,91.70362854003906
2025-03-19,91.98455810546876
2025-03-20,92.12017822265624
2025-03-21,92.0426788330078
2025-03-24,91.50991821289062
2025-03-25,91.6648941040039
2025-03-26,91.45179748535156
2025-03-27,91.37429809570312
2025-03-28,92.11048126220705
2025-03-31,92.3817138671875
2025-04-01,92.70628356933594
2025-04-02,92.61881256103516
2025-04-03,93.57115173339844
2025-04-04,93.83351135253906
2025-04-07,92.71601104736328
2025-04-08,92.24954223632812
2025-04-09,91.95802307128906
2025-04-10,91.38467407226562
2025-04-11,90.86965942382812
2025-04-14,91.59847259521484
2025-04-15,91.8705596923828
2025-04-16,92.26898956298828
2025-04-17,92.00662231445312
2025-04-21,91.51100158691406
2025-04-22,91.57904052734376
2025-04-23,91.67620086669922
2025-04-24,92.17181396484376
2025-04-25,92.52164459228516
2025-04-28,92.89090728759766
2025-04-29,93.21159362792967
2025-04-30,93.35735321044922
2025-05-01,92.95081329345705
2025-05-02,92.32684326171876
2025-05-05,92.1611099243164
2025-05-06,92.39509582519533
2025-05-07,92.63883209228516
2025-05-08,91.91737365722656
2025-05-09,91.9856185913086
2025-05-12,91.40065002441406
2025-05-13,91.33241271972656
2025-05-14,90.9911880493164
2025-05-15,91.58590698242188
2025-05-16,91.61515045166016
2025-05-19,91.56640625
2025-05-20,91.44940948486328
2025-05-21,90.81568908691406
2025-05-22,91.15692901611328
2025-05-23,91.42015838623048
2025-05-27,91.80038452148438
2025-05-28,91.54690551757812
2025-05-29,91.92713928222656
2025-05-30,92.20011138916016
2025-06-02,91.88710021972656
2025-06-03,91.799072265625
2025-06-04,92.47399139404295
2025-06-05,92.20011901855467
2025-06-06,91.4665069580078
2025-06-09,91.63278198242188
2025-06-10,91.78929138183594
2025-06-11,92.17076110839844
2025-06-12,92.57180786132812
2025-06-13,92.2294692993164
2025-06-16,91.9653549194336
2025-06-17,92.4153060913086
2025-06-18,92.47399139404295
2025-06-20,92.53268432617188
2025-06-23,92.85546875
2025-06-24,93.1782684326172
2025-06-25,93.21739196777344
2025-06-26,93.54996490478516
2025-06-27,93.30541229248048
2025-06-30,93.67710876464844
2025-07-01,93.50343322753906
2025-07-02,93.30718231201172
2025-07-03,92.9833755493164
2025-07-07,92.6889877319336
2025-07-08,92.5516128540039
2025-07-09,93.0324249267578
2025-07-10,92.9833755493164
2025-07-11,92.5516128540039
2025-07-14,92.51236724853516
2025-07-15,92.14930725097656
2025-07-16,92.40442657470705
2025-07-17,92.375
2025-07-18,92.630126953125
2025-07-21,92.95394134521484
2025-07-22,93.2188720703125
2025-07-23,92.88524627685548
2025-07-24,92.74787902832033
2025-07-25,92.9637451171875
2025-07-28,92.75767517089844
2025-07-29,93.36605834960938
2025-07-30,93.04225158691406
2025-07-31,93.12073516845705
2025-08-01,94.19281768798828
2025-08-04,94.32079315185548
2025-08-05,94.25188446044922
2025-08-06,94.18297576904295
2025-08-07,94.11406707763672
2025-08-08,93.8974838256836
2025-08-11,93.92701721191406
2025-08-12,93.90733337402344
2025-08-13,94.2420425415039
2025-08-14,93.93685150146484
2025-08-15,93.74981689453124
2025-08-18,93.66120910644533
2025-08-19,93.8974838256836
2025-08-20,94.0353012084961
2025-08-21,93.75965881347656
2025-08-22,94.28141021728516
2025-08-25,94.09437561035156
2025-08-26,94.34048461914062
2025-08-27,94.51769256591795
2025-08-28,94.7342758178711
2025-08-29,94.65550994873048
2025-09-02,94.37303924560548
2025-09-03,94.69896697998048
2025-09-04,95.12367248535156
2025-09-05,95.587890625
2025-09-08,95.88419342041016
2025-09-09,95.6570281982422
2025-09-10,95.91382598876952
2025-09-11,96.06197357177734
2025-09-12,95.7854232788086
2025-09-15,95.94344329833984
2025-09-16,96.0027084350586
2025-09-17,95.79530334472656
2025-09-18,95.47923278808594
2025-09-19,95.43972778320312
2025-09-22,95.28170776367188
2025-09-23,95.54837799072266
2025-09-24,95.29158020019533
2025-09-25,95.08416748046876
2025-09-26,95.0347900390625
2025-09-29,95.31134033203124
2025-09-30,95.2718276977539
2025-10-01,95.59281158447266
2025-10-02,95.69188690185548
2025-10-03,95.50365447998048
2025-10-06,95.22625732421876
2025-10-07,95.46401977539062
2025-10-08,95.48383331298828
2025-10-09,95.41448211669922
2025-10-10,96.0089111328125
2025-10-13,96.05844116210938
2025-10-14,96.30612182617188
2025-10-15,96.1971435546875
2025-10-16,96.64295959472656
2025-10-17,96.48445129394533
2025-10-20,96.6132354736328
2025-10-21,96.79156494140624
2025-10-22,96.8113784790039
2025-10-23,96.49435424804688
2025-10-24,96.58351135253906
2025-10-27,96.58351135253906
2025-10-28,96.67267608642578
2025-10-29,96.0485382080078
2025-10-30,95.90983581542967
2025-10-31,95.94947052001952
2025-11-03,95.90375518798828
2025-11-04,96.02301025390624
2025-11-05,95.56585693359376
2025-11-06,96.0528335571289
2025-11-07,96.09258270263672
2025-11-10,95.96337890625
2025-11-11,96.26153564453124
2025-11-12,96.28140258789062
2025-11-13,96.00313568115234
2025-11-14,95.84413146972656
2025-11-17,95.95344543457033
2025-11-18,96.1124496459961
2025-11-19,96.04288482666016
2025-11-20,96.27146911621094
2025-11-21,96.58949279785156
2025-11-24,96.73855590820312
2025-11-25,96.9870147705078
2025-11-26,97.06652069091795
2025-11-28,96.89757537841795
2025-12-01,96.37726593017578
2025-12-02,96.45700073242188
2025-12-03,96.65635681152344
2025-12-04,96.3573226928711
2025-12-05,96.15797424316406
2025-12-08,95.9586181640625
2025-12-09,95.8190689086914
2025-12-10,96.1280746459961
2025-12-11,96.13803100585938
2025-12-12,95.8788833618164
2025-12-15,95.9586181640625
2025-12-16,96.22774505615234
2025-12-17,96.2078094482422
2025-12-18,96.45700073242188
2025-12-19,96.23999786376952
2025-12-22,96.13999938964844
2025-12-23,96.0999984741211
2025-12-24,96.3499984741211
2025-12-26,96.44000244140624
2025-12-29,96.58000183105467
2025-12-30,96.4800033569336
2025-12-31,96.16000366210938
2026-01-02,96.08000183105467
2026-01-05,96.37000274658205
2026-01-06,96.3000030517578
2026-01-07,96.4800033569336
2026-01-08,96.19000244140624
2026-01-09,96.3000030517578
2026-01-12,96.18000030517578
2026-01-13,96.3000030517578
2026-01-14,96.5
2026-01-15,96.3000030517578
2026-01-16,95.93000030517578
2026-01-20,95.5500030517578
2026-01-21,95.8000030517578
2026-01-22,95.79000091552734
