Date,INTL_BONDS,EU_SMALL_CAP,EURO_STOXX_50,GOLD
2002-10-21,,,12.123392105102539,
2002-10-22,,,11.8809232711792,
2002-10-23,,,11.580259323120117,
2002-10-24,,,11.531768798828125,
2002-10-25,,,11.662699699401855,
2002-10-28,,,11.842129707336426,
2002-10-29,,,11.54146957397461,
2002-10-30,,,11.851826667785645,
2002-10-31,,,11.95366096496582,
2002-11-01,,,12.123392105102539,
2002-11-04,,,12.322211265563965,
2002-11-05,,,12.700465202331543,
2002-11-06,,,12.63742733001709,
2002-11-07,,,12.108843803405762,
2002-11-08,,,12.007006645202637,
2002-11-11,,,11.871222496032715,
2002-11-12,,,11.97790813446045,
2002-11-13,,,11.910017967224121,
2002-11-14,,,12.390104293823242,
2002-11-15,,,12.521038055419922,
2002-11-18,,,12.453145027160645,
2002-11-19,,,12.380410194396973,
2002-11-20,,,12.516195297241211,
2002-11-21,,,12.84109115600586,
2002-11-22,,,12.860494613647461,
2002-11-25,,,12.753798484802246,
2002-11-26,,,12.191286087036133,
2002-11-27,,,12.792603492736816,
2002-11-29,,,12.792603492736816,
2002-12-02,,,12.821696281433105,
2002-12-03,,,12.530736923217773,
2002-12-04,,,12.671366691589355,
2002-12-05,,,12.268867492675781,
2002-12-06,,,12.424055099487305,
2002-12-09,,,11.910017967224121,
2002-12-10,,,12.205829620361328,
2002-12-11,,,12.273723602294922,
2002-12-12,,,12.167036056518555,
2002-12-13,,,12.021554946899414,
2002-12-16,,,12.574384689331055,
2002-12-17,,,12.399803161621094,
2002-12-18,,,12.09429931640625,
2002-12-19,,,11.871222496032715,
2002-12-20,,,12.302820205688477,
2002-12-23,,,12.191286087036133,
2002-12-24,,,12.19613265991211,
2002-12-26,,,12.380410194396973,
2002-12-27,,,11.900321006774902,
2002-12-30,,,12.152482032775879,
2002-12-31,,,12.152482032775879,
2003-01-02,,,12.661672592163086,
2003-01-03,,,12.647122383117676,
2003-01-06,,,12.957481384277344,
2003-01-07,,,12.957481384277344,
2003-01-08,,,12.482244491577148,
2003-01-09,,,12.569538116455078,
2003-01-10,,,12.676222801208496,
2003-01-13,,,12.84109115600586,
2003-01-14,,,12.913836479187012,
2003-01-15,,,12.802302360534668,
2003-01-16,,,12.685918807983398,
2003-01-17,,,12.312515258789062,
2003-01-21,,,12.011858940124512,
2003-01-22,,,11.827583312988281,
2003-01-23,,,11.93911361694336,
2003-01-24,,,11.667549133300781,
2003-01-27,,,11.323246002197266,
2003-01-28,,,11.45903205871582,
2003-01-29,,,11.71605110168457,
2003-01-30,,,11.497820854187012,
2003-01-31,,,11.793630599975586,
2003-02-03,,,11.8809232711792,
2003-02-04,,,11.599658966064453,
2003-02-05,,,11.589964866638184,
2003-02-06,,,11.376587867736816,
2003-02-07,,,11.197166442871094,
2003-02-10,,,11.187467575073242,
2003-02-11,,,11.260202407836914,
2003-02-12,,,11.056534767150879,
2003-02-13,,,11.250511169433594,
2003-02-14,,,11.570562362670898,
2003-02-18,,,11.808181762695312,
2003-02-19,,,11.62391185760498,
2003-02-20,,,11.429932594299316,
2003-02-21,,,11.653007507324219,
2003-02-24,,,11.323246002197266,
2003-02-25,,,11.09533405303955,
2003-02-26,,,10.780117988586426,
2003-02-27,,,10.911046981811523,
2003-02-28,,,11.197166442871094,
2003-03-03,,,11.274747848510742,
2003-03-04,,,11.148673057556152,
2003-03-05,,,11.158370018005371,
2003-03-06,,,10.838315963745117,
2003-03-07,,,10.741323471069336,
2003-03-10,,,10.285483360290527,
2003-03-11,,,10.367920875549316,
2003-03-12,,,9.960582733154297,
2003-03-13,,,10.527948379516602,
2003-03-14,,,10.673437118530273,
2003-03-17,,,11.265059471130371,
2003-03-18,,,11.20201587677002,
2003-03-19,,,11.284455299377441,
2003-03-20,,,11.163217544555664,
2003-03-21,,,11.71292495727539,
2003-03-24,,,10.960234642028809,
2003-03-25,,,11.295304298400879,
2003-03-26,,,11.314730644226074,
2003-03-27,,,11.159335136413574,
2003-03-28,,,11.110779762268066,
2003-03-31,,,10.736854553222656,
2003-04-01,,,10.960234642028809,
2003-04-02,,,11.373002052307129,
2003-04-03,,,11.309871673583984,
2003-04-04,,,11.60124397277832,
2003-04-07,,,11.819765090942383,
2003-04-08,,,11.819765090942383,
2003-04-09,,,11.829474449157715,
2003-04-10,,,11.742064476013184,
2003-04-11,,,11.780916213989258,
2003-04-14,,,12.0528564453125,
2003-04-15,,,12.237387657165527,
2003-04-16,,,12.077140808105469,
2003-04-17,,,12.407352447509766,
2003-04-21,,,12.373359680175781,
2003-04-22,,,12.69871997833252,
2003-04-23,,,12.669580459594727,
2003-04-24,,,12.523902893066406,
2003-04-25,,,12.237387657165527,
2003-04-28,,,12.650157928466797,
2003-04-29,,,12.572457313537598,
2003-04-30,,,12.64044189453125,
2003-05-01,,,12.655020713806152,
2003-05-02,,,12.795844078063965,
2003-05-05,,,13.05807113647461,
2003-05-06,,,13.35429573059082,
2003-05-07,,,13.077497482299805,
2003-05-08,,,12.786131858825684,
2003-05-09,,,13.092065811157227,
2003-05-12,,,13.174617767333984,
2003-05-13,,,13.062931060791016,
2003-05-14,,,13.067790985107422,
2003-05-15,,,13.184330940246582,
2003-05-16,,,13.402857780456543,
2003-05-19,,,12.795844078063965,
2003-05-20,,,12.88811206817627,
2003-05-21,,,12.829835891723633,
2003-05-22,,,12.990087509155273,
2003-05-23,,,13.111488342285156,
2003-05-27,,,13.34943675994873,
2003-05-28,,,13.388287544250488,
2003-05-29,,,13.397995948791504,
2003-05-30,,,13.563105583190918,
2003-06-02,,,13.713644981384277,
2003-06-03,,,13.708786010742188,
2003-06-04,,,13.859330177307129,
2003-06-05,,,13.869049072265625,
2003-06-06,,,13.898176193237305,
2003-06-09,,,13.801056861877441,
2003-06-10,,,13.961304664611816,
2003-06-11,,,14.306090354919434,
2003-06-12,,,14.422636985778809,
2003-06-13,,,14.24782657623291,
2003-06-16,,,14.602310180664062,
2003-06-17,,,14.61688232421875,
2003-06-18,,,14.553750038146973,
2003-06-19,,,14.364368438720703,
2003-06-20,,,14.289390563964844,
2003-06-23,,,14.0082368850708,
2003-06-24,,,13.958913803100586,
2003-06-25,,,13.884928703308105,
2003-06-26,,,13.958913803100586,
2003-06-27,,,13.756680488586426,
2003-06-30,,,13.786280632019043,
2003-07-01,,,13.7418851852417,
2003-07-02,,,13.973714828491211,
2003-07-03,,,13.722158432006836,
2003-07-07,,,14.047701835632324,
2003-07-08,,,13.998377799987793,
2003-07-09,,,13.939183235168457,
2003-07-10,,,13.732015609741211,
2003-07-11,,,13.89479923248291,
2003-07-14,,,13.944117546081543,
2003-07-15,,,13.83066463470459,
2003-07-16,,,13.82573413848877,
2003-07-17,,,13.50512981414795,
2003-07-18,,,13.884928703308105,
2003-07-21,,,13.564311981201172,
2003-07-22,,,13.7418851852417,
2003-07-23,,,13.756680488586426,
2003-07-24,,,13.944117546081543,
2003-07-25,,,14.082222938537598,
2003-07-28,,,14.156210899353027,
2003-07-29,,,14.0082368850708,
2003-07-30,,,14.02303695678711,
2003-07-31,,,13.884928703308105,
2003-08-01,,,13.870122909545898,
2003-08-04,,,13.909591674804688,
2003-08-05,,,14.0082368850708,
2003-08-06,,,13.835597038269043,
2003-08-07,,,13.786280632019043,
2003-08-08,,,13.796149253845215,
2003-08-11,,,13.968778610229492,
2003-08-12,,,14.087163925170898,
2003-08-13,,,14.072362899780273,
2003-08-14,,,14.254864692687988,
2003-08-15,,,14.452163696289062,
2003-08-18,,,14.230201721191406,
2003-08-19,,,14.21047306060791,
2003-08-20,,,14.156210899353027,
2003-08-21,,,14.0082368850708,
2003-08-22,,,13.939183235168457,
2003-08-25,,,13.904658317565918,
2003-08-26,,,13.81587028503418,
2003-08-27,,,13.85533332824707,
2003-08-28,,,14.0082368850708,
2003-08-29,,,13.99344539642334,
2003-09-02,,,14.027966499328613,
2003-09-03,,,14.220340728759766,
2003-09-04,,,14.368311882019043,
2003-09-05,,,14.373250007629395,
2003-09-08,,,14.531086921691895,
2003-09-09,,,14.491625785827637,
2003-09-10,,,14.269660949707031,
2003-09-11,,,14.368311882019043,
2003-09-12,,,14.284459114074707,
2003-09-15,,,14.368311882019043,
2003-09-16,,,14.35351276397705,
2003-09-17,,,14.43243408203125,
2003-09-18,,,14.634659767150879,
2003-09-19,,,14.590271949768066,
2003-09-22,,,14.35726547241211,
2003-09-23,,,14.20357894897461,
2003-09-24,,,13.8862886428833,
2003-09-25,,,14.069722175598145,
2003-09-26,,,13.901163101196289,
2003-09-29,,,14.00527572631836,
2003-09-30,,,13.871418952941895,
2003-10-01,,,14.282896041870117,
2003-10-02,,,14.16391658782959,
2003-10-03,,,14.377095222473145,
2003-10-06,,,14.560532569885254,
2003-10-07,,,14.426669120788574,
2003-10-08,,,14.530787467956543,
2003-10-09,,,14.704293251037598,
2003-10-10,,,14.758828163146973,
2003-10-13,,,14.90755844116211,
2003-10-14,,,14.887724876403809,
2003-10-15,,,14.857975959777832,
2003-10-16,,,14.823280334472656,
2003-10-17,,,14.674551963806152,
2003-10-20,,,14.843106269836426,
2003-10-21,,,14.92243480682373,
2003-10-22,,,14.66463851928711,
2003-10-23,,,14.679512977600098,
2003-10-24,,,14.610107421875,
2003-10-27,,,14.714210510253906,
2003-10-28,,,14.778661727905273,
2003-10-29,,,14.872861862182617,
2003-10-30,,,14.912521362304688,
2003-10-31,,,14.887724876403809,
2003-11-03,,,15.071159362792969,
2003-11-04,,,15.026540756225586,
2003-11-05,,,14.957134246826172,
2003-11-06,,,15.031502723693848,
2003-11-07,,,15.155438423156738,
2003-11-10,,,15.041420936584473,
2003-11-11,,,15.0513277053833,
2003-11-12,,,15.343830108642578,
2003-11-13,,,15.428114891052246,
2003-11-14,,,15.477681159973145,
2003-11-17,,,15.214932441711426,
2003-11-18,,,15.165355682373047,
2003-11-19,,,15.294260025024414,
2003-11-20,,,15.110820770263672,
2003-11-21,,,15.27442741394043,
2003-11-24,,,15.467768669128418,
2003-11-25,,,15.42314624786377,
2003-11-26,,,15.606584548950195,
2003-11-28,,,15.705734252929688,
2003-12-01,,,15.958571434020996,
2003-12-02,,,16.023019790649414,
2003-12-03,,,16.206457138061523,
2003-12-04,,,16.18661880493164,
2003-12-05,,,16.102352142333984,
2003-12-08,,,16.231245040893555,
2003-12-09,,,16.191585540771484,
2003-12-10,,,16.127134323120117,
2003-12-11,,,16.389888763427734,
2003-12-12,,,16.444414138793945,
2003-12-15,,,16.48408317565918,
2003-12-16,,,16.603076934814453,
2003-12-17,,,16.593151092529297,
2003-12-18,,,16.890607833862305,
2003-12-19,,,16.746843338012695,
2003-12-22,,,16.803897857666016,
2003-12-23,,,16.913034439086914,
2003-12-24,,,17.01722526550293,
2003-12-26,,,17.032108306884766,
2003-12-29,,,17.146228790283203,
2003-12-30,,,17.121408462524414,
2003-12-31,,,17.42901611328125,
2004-01-02,,,17.463743209838867,
2004-01-05,,,17.7961483001709,
2004-01-06,,,17.890409469604492,
2004-01-07,,,17.642345428466797,
2004-01-08,,,17.99460220336914,
2004-01-09,,,17.83583641052246,
2004-01-12,,,17.815996170043945,
2004-01-13,,,17.766382217407227,
2004-01-14,,,17.890409469604492,
2004-01-15,,,17.83583641052246,
2004-01-16,,,17.701881408691406,
2004-01-20,,,17.949951171875,
2004-01-21,,,18.18312644958496,
2004-01-22,,,18.212894439697266,
2004-01-23,,,18.083904266357422,
2004-01-26,,,18.073976516723633,
2004-01-27,,,18.098787307739258,
2004-01-28,,,17.766382217407227,
2004-01-29,,,17.776302337646484,
2004-01-30,,,17.677078247070312,
2004-02-02,,,17.73164939880371,
2004-02-03,,,17.68700408935547,
2004-02-04,,,17.528247833251953,
2004-02-05,,,17.597686767578125,
2004-02-06,,,17.96977996826172,
2004-02-09,,,18.098787307739258,
2004-02-10,,,18.198017120361328,
2004-02-11,,,18.56018829345703,
2004-02-12,,,18.38158416748047,
2004-02-13,,,18.158321380615234,
2004-02-17,,,18.584991455078125,
2004-02-18,,,18.292287826538086,
2004-02-19,,,18.38158416748047,
2004-02-20,,,18.143444061279297,
2004-02-23,,,18.173198699951172,
2004-02-24,,,18.10375213623047,
2004-02-25,,,17.94498634338379,
2004-02-26,,,17.87057113647461,
2004-02-27,,,18.024370193481445,
2004-03-01,,,18.13351821899414,
2004-03-02,,,17.890409469604492,
2004-03-03,,,17.73661231994629,
2004-03-04,,,17.885452270507812,
2004-03-05,,,18.232736587524414,
2004-03-08,,,18.18312644958496,
2004-03-09,,,17.83583641052246,
2004-03-10,,,17.54808235168457,
2004-03-11,,,17.344667434692383,
2004-03-12,,,17.240482330322266,
2004-03-15,,,16.704662322998047,
2004-03-16,,,16.843584060668945,
2004-03-17,,,17.195831298828125,
2004-03-18,,,17.14125633239746,
2004-03-19,,,16.76915740966797,
2004-03-22,,,16.444931030273438,
2004-03-23,,,16.643543243408203,
2004-03-24,,,16.3356990814209,
2004-03-25,,,16.70313262939453,
2004-03-26,,,16.653472900390625,
2004-03-29,,,16.94145965576172,
2004-03-30,,,16.931528091430664,
2004-03-31,,,17.065587997436523,
2004-04-01,,,17.393299102783203,
2004-04-02,,,17.527359008789062,
2004-04-05,,,17.4975643157959,
2004-04-06,,,17.333711624145508,
2004-04-07,,,17.388334274291992,
2004-04-08,,,17.21950340270996,
2004-04-12,,,17.363506317138672,
2004-04-13,,,17.065587997436523,
2004-04-14,,,16.98117446899414,
2004-04-15,,,17.055654525756836,
2004-04-16,,,17.1003475189209,
2004-04-19,,,17.19965362548828,
2004-04-20,,,17.065587997436523,
2004-04-21,,,16.8868350982666,
2004-04-22,,,17.229442596435547,
2004-04-23,,,17.095378875732422,
2004-04-26,,,17.020896911621094,
2004-04-27,,,17.159929275512695,
2004-04-28,,,16.767671585083008,
2004-04-29,,,16.698163986206055,
2004-04-30,,,16.593887329101562,
2004-05-03,,,16.7627010345459,
2004-05-04,,,16.906702041625977,
2004-05-05,,,17.2691707611084,
2004-05-06,,,16.74781608581543,
2004-05-07,,,16.231416702270508,
2004-05-10,,,15.963302612304688,
2004-05-11,,,16.15694236755371,
2004-05-12,,,16.00798797607422,
2004-05-13,,,16.082462310791016,
2004-05-14,,,16.067567825317383,
2004-05-17,,,16.067567825317383,
2004-05-18,,,16.027849197387695,
2004-05-19,,,16.216537475585938,
2004-05-20,,,16.211566925048828,
2004-05-21,,,16.147018432617188,
2004-05-24,,,16.415138244628906,
2004-05-25,,,16.752777099609375,
2004-05-26,,,16.722980499267578,
2004-05-27,,,17.065587997436523,
2004-05-28,,,16.94642448425293,
2004-06-01,,,16.79746437072754,
2004-06-02,,,16.96628189086914,
2004-06-03,,,16.866971969604492,
2004-06-04,,,17.179792404174805,
2004-06-07,,,17.527359008789062,
2004-06-08,,,17.358535766601562,
2004-06-09,,,16.931528091430664,
2004-06-10,,,17.1003475189209,
2004-06-14,,,16.807392120361328,
2004-06-15,,,17.184755325317383,
2004-06-16,,,17.08047866821289,
2004-06-17,,,17.174827575683594,
2004-06-18,,,17.333711624145508,
2004-06-21,,,17.1761417388916,
2004-06-22,,,17.155941009521484,
2004-06-23,,,17.272096633911133,
2004-06-24,,,17.378164291381836,
2004-06-25,,,17.272096633911133,
2004-06-28,,,17.42865562438965,
2004-06-29,,,17.292299270629883,
2004-06-30,,,17.539772033691406,
2004-07-01,,,17.292299270629883,
2004-07-02,,,17.42865562438965,
2004-07-06,,,17.28725242614746,
2004-07-07,,,17.37310218811035,
2004-07-08,,,17.347848892211914,
2004-07-09,,,17.509456634521484,
2004-07-12,,,17.413515090942383,
2004-07-13,,,17.272096633911133,
2004-07-14,,,17.25694465637207,
2004-07-15,,,16.999378204345703,
2004-07-16,,,17.054933547973633,
2004-07-19,,,17.070087432861328,
2004-07-20,,,17.03473472595215,
2004-07-21,,,16.666059494018555,
2004-07-22,,,16.76706886291504,
2004-07-23,,,16.312536239624023,
2004-07-26,,,16.251937866210938,
2004-07-27,,,16.43879508972168,
2004-07-28,,,16.267086029052734,
2004-07-29,,,16.565052032470703,
2004-07-30,,,16.54484748840332,
2004-08-02,,,16.54990005493164,
2004-08-03,,,16.539796829223633,
2004-08-04,,,16.539796829223633,
2004-08-05,,,16.262027740478516,
2004-08-06,,,16.21658706665039,
2004-08-09,,,16.186275482177734,
2004-08-10,,,16.322633743286133,
2004-08-11,,,16.11052131652832,
2004-08-12,,,16.065067291259766,
2004-08-13,,,16.226688385009766,
2004-08-16,,,16.403444290161133,
2004-08-17,,,16.453947067260742,
2004-08-18,,,16.69131088256836,
2004-08-19,,,16.49435043334961,
2004-08-20,,,16.58526039123535,
2004-08-23,,,16.398391723632812,
2004-08-24,,,16.357988357543945,
2004-08-25,,,16.539796829223633,
2004-08-26,,,16.60545539855957,
2004-08-27,,,16.575153350830078,
2004-08-30,,,16.509498596191406,
2004-08-31,,,16.726665496826172,
2004-09-01,,,16.69131088256836,
2004-09-02,,,17.00948143005371,
2004-09-03,,,16.79735565185547,
2004-09-07,,,16.999378204345703,
2004-09-08,,,16.969074249267578,
2004-09-09,,,17.03473472595215,
2004-09-10,,,17.166040420532227,
2004-09-13,,,17.23169708251953,
2004-09-14,,,17.31755256652832,
2004-09-15,,,17.054933547973633,
2004-09-16,,,17.145841598510742,
2004-09-17,,,17.267044067382812,
2004-09-20,,,17.178213119506836,
2004-09-21,,,17.52339744567871,
2004-09-22,,,17.16806411743164,
2004-09-23,,,17.096994400024414,
2004-09-24,,,17.132526397705078,
2004-09-27,,,17.056381225585938,
2004-09-28,,,17.203596115112305,
2004-09-29,,,17.23912239074707,
2004-09-30,,,17.264509201049805,
2004-10-01,,,17.655384063720703,
2004-10-04,,,17.6300048828125,
2004-10-05,,,17.741680145263672,
2004-10-06,,,17.817827224731445,
2004-10-07,,,17.711223602294922,
2004-10-08,,,17.76198387145996,
2004-10-11,,,17.767065048217773,
2004-10-12,,,17.482791900634766,
2004-10-13,,,17.45741081237793,
2004-10-14,,,17.416797637939453,
2004-10-15,,,17.64015769958496,
2004-10-18,,,17.670610427856445,
2004-10-19,,,17.73152732849121,
2004-10-20,,,17.80767059326172,
2004-10-21,,,17.92950439453125,
2004-10-22,,,17.7772216796875,
2004-10-25,,,17.782297134399414,
2004-10-26,,,17.86351203918457,
2004-10-27,,,18.107177734375,
2004-10-28,,,18.264537811279297,
2004-10-29,,,18.36098861694336,
2004-11-01,,,18.391448974609375,
2004-11-02,,,18.452363967895508,
2004-11-03,,,18.59450340270996,
2004-11-04,,,18.914304733276367,
2004-11-05,,,19.01583480834961,
2004-11-08,,,18.88892364501953,
2004-11-09,,,18.85847282409668,
2004-11-10,,,18.883853912353516,
2004-11-11,,,19.173194885253906,
2004-11-12,,,19.269662857055664,
2004-11-15,,,19.137666702270508,
2004-11-16,,,19.010761260986328,
2004-11-17,,,19.32041358947754,
2004-11-18,,,19.269662857055664,44.380001068115234
2004-11-19,,,19.11736488342285,44.779998779296875
2004-11-22,,,19.19858741760254,44.95000076293945
2004-11-23,,,19.18842315673828,44.75
2004-11-24,,,19.345788955688477,45.04999923706055
2004-11-26,,,19.614845275878906,45.290000915527344
2004-11-29,,,19.655437469482422,45.400001525878906
2004-11-30,,,19.421937942504883,45.119998931884766
2004-12-01,,,19.873733520507812,45.380001068115234
2004-12-02,,,19.711284637451172,44.95000076293945
2004-12-03,,,19.83819580078125,45.599998474121094
2004-12-06,,,19.888954162597656,45.16999816894531
2004-12-07,,,19.81788444519043,45.11000061035156
2004-12-08,,,19.7823543548584,44.0099983215332
2004-12-09,,,19.76205062866211,43.779998779296875
2004-12-10,,,19.589458465576172,43.439998626708984
2004-12-13,,,19.929561614990234,43.90999984741211
2004-12-14,,,19.909265518188477,43.54999923706055
2004-12-15,,,20.086933135986328,43.9900016784668
2004-12-16,,,19.711284637451172,43.68000030517578
2004-12-17,,,19.584383010864258,44.189998626708984
2004-12-20,,,19.7678279876709,44.34000015258789
2004-12-21,,,19.92535972595215,44.220001220703125
2004-12-22,,,20.047319412231445,44.02000045776367
2004-12-23,,,20.316646575927734,44.27000045776367
2004-12-27,,,20.42845344543457,44.47999954223633
2004-12-28,,,20.47927474975586,44.369998931884766
2004-12-29,,,20.46910285949707,43.65999984741211
2004-12-30,,,20.48942756652832,43.83000183105469
2004-12-31,,,20.362390518188477,43.79999923706055
2005-01-03,,,20.275997161865234,43.02000045776367
2005-01-04,,,19.935531616210938,42.7400016784668
2005-01-05,,,19.910127639770508,42.66999816894531
2005-01-06,,,19.9456844329834,42.150001525878906
2005-01-07,,,19.803409576416016,41.84000015258789
2005-01-10,,,19.813568115234375,41.95000076293945
2005-01-11,,,19.66619873046875,42.209999084472656
2005-01-12,,,19.81864356994629,42.599998474121094
2005-01-13,,,19.691598892211914,42.599998474121094
2005-01-14,,,19.691598892211914,42.31999969482422
2005-01-18,,,19.7830810546875,42.31999969482422
2005-01-19,,,19.579811096191406,42.2599983215332
2005-01-20,,,19.310468673706055,42.25
2005-01-21,,,19.437522888183594,42.7400016784668
2005-01-24,,,19.473100662231445,42.77000045776367
2005-01-25,,,19.503582000732422,42.2400016784668
2005-01-26,,,19.711931228637695,42.689998626708984
2005-01-27,,,19.717010498046875,42.619998931884766
2005-01-28,,,19.65094566345215,42.689998626708984
2005-01-31,,,19.971101760864258,42.220001220703125
2005-02-01,,,20.016843795776367,42.099998474121094
2005-02-02,,,20.03716278076172,42.15999984741211
2005-02-03,,,19.996503829956055,41.68000030517578
2005-02-04,,,20.209941864013672,41.470001220703125
2005-02-07,,,20.04224395751953,41.27000045776367
2005-02-08,,,20.057483673095703,41.2599983215332
2005-02-09,,,19.996503829956055,41.310001373291016
2005-02-10,,,20.17436981201172,41.75
2005-02-11,,,20.28108787536621,42.08000183105469
2005-02-14,,,20.50467300415039,42.54999923706055
2005-02-15,,,20.555484771728516,42.58000183105469
2005-02-16,,,20.474201202392578,42.52000045776367
2005-02-17,,,20.550411224365234,42.72999954223633
2005-02-18,,,20.580904006958008,42.75
2005-02-22,,,20.52500343322754,43.56999969482422
2005-02-23,,,20.616474151611328,43.41999816894531
2005-02-24,,,20.458940505981445,43.33000183105469
2005-02-25,,,20.88580894470215,43.5
2005-02-28,,,20.6063175201416,43.529998779296875
2005-03-01,,,20.89596939086914,43.220001220703125
2005-03-02,,,20.631723403930664,43.25
2005-03-03,,,20.758758544921875,42.970001220703125
2005-03-04,,,21.139894485473633,43.380001068115234
2005-03-07,,,21.139894485473633,43.470001220703125
2005-03-08,,,21.160219192504883,44.029998779296875
2005-03-09,,,21.139894485473633,44.02000045776367
2005-03-10,,,21.211030960083008,44.20000076293945
2005-03-11,,,21.078908920288086,44.43000030517578
2005-03-14,,,20.946796417236328,44.029998779296875
2005-03-15,,,20.860382080078125,44.060001373291016
2005-03-16,,,20.834985733032227,44.310001373291016
2005-03-17,,,20.80958366394043,43.81999969482422
2005-03-18,,,20.728267669677734,43.88999938964844
2005-03-21,,,20.707958221435547,43.09000015258789
2005-03-22,,,20.341344833374023,42.650001525878906
2005-03-23,,,20.112220764160156,42.41999816894531
2005-03-24,,,20.366809844970703,42.38999938964844
2005-03-28,,,20.31588363647461,42.540000915527344
2005-03-29,,,20.086753845214844,42.560001373291016
2005-03-30,,,20.341344833374023,42.61000061035156
2005-03-31,,,20.137678146362305,42.81999969482422
2005-04-01,,,20.06130599975586,42.619998931884766
2005-04-04,,,19.93401336669922,42.400001525878906
2005-04-05,,,20.081666946411133,42.45000076293945
2005-04-06,,,20.137678146362305,42.630001068115234
2005-04-07,,,20.366809844970703,42.56999969482422
2005-04-08,,,20.366809844970703,42.689998626708984
2005-04-11,,,20.534833908081055,42.779998779296875
2005-04-12,,,20.468639373779297,42.84000015258789
2005-04-13,,,20.280235290527344,42.900001525878906
2005-04-14,,,20.06639289855957,42.310001373291016
2005-04-15,,,19.725255966186523,42.400001525878906
2005-04-18,,,19.674325942993164,42.689998626708984
2005-04-19,,,19.664142608642578,43.279998779296875
2005-04-20,,,19.373926162719727,43.400001525878906
2005-04-21,,,19.857627868652344,43.189998626708984
2005-04-22,,,19.908550262451172,43.38999938964844
2005-04-25,,,19.954364776611328,43.439998626708984
2005-04-26,,,19.567392349243164,43.63999938964844
2005-04-27,,,19.501211166381836,43.20000076293945
2005-04-28,,,19.266996383666992,43.0
2005-04-29,,,19.42483901977539,43.349998474121094
2005-05-02,,,19.450292587280273,42.880001068115234
2005-05-03,,,19.618328094482422,42.7599983215332
2005-05-04,,,19.842363357543945,42.900001525878906
2005-05-05,,,19.908550262451172,42.90999984741211
2005-05-06,,,19.913639068603516,42.52000045776367
2005-05-09,,,19.862714767456055,42.54999923706055
2005-05-10,,,19.674325942993164,42.63999938964844
2005-05-11,,,19.704883575439453,42.689998626708984
2005-05-12,,,19.552127838134766,42.15999984741211
2005-05-13,,,19.419750213623047,41.95000076293945
2005-05-16,,,19.521577835083008,41.880001068115234
2005-05-17,,,19.460477828979492,41.86000061035156
2005-05-18,,,19.79652976989746,42.04999923706055
2005-05-19,,,19.98491668701172,41.97999954223633
2005-05-20,,,19.806711196899414,41.650001525878906
2005-05-23,,,20.086753845214844,41.619998931884766
2005-05-24,,,19.928913116455078,41.72999954223633
2005-05-25,,,19.908550262451172,41.869998931884766
2005-05-26,,,19.93401336669922,41.689998626708984
2005-05-27,,,20.03584098815918,41.880001068115234
2005-05-31,,,19.679418563842773,41.650001525878906
2005-06-01,,,19.674325942993164,41.529998779296875
2005-06-02,,,19.928913116455078,42.099998474121094
2005-06-03,,,19.613222122192383,42.16999816894531
2005-06-06,,,19.755796432495117,42.47999954223633
2005-06-07,,,19.90345001220703,42.380001068115234
2005-06-08,,,19.73033332824707,42.34000015258789
2005-06-09,,,19.765979766845703,42.27000045776367
2005-06-10,,,19.715063095092773,42.619998931884766
2005-06-13,,,19.760887145996094,42.779998779296875
2005-06-14,,,19.669239044189453,42.599998474121094
2005-06-15,,,19.857627868652344,42.7400016784668
2005-06-16,,,19.771068572998047,43.459999084472656
2005-06-17,,,20.1885929107666,43.630001068115234
2005-06-20,,,19.96742057800293,43.65999984741211
2005-06-21,,,20.045120239257812,43.810001373291016
2005-06-22,,,20.09691047668457,43.720001220703125
2005-06-23,,,19.82757568359375,44.02000045776367
2005-06-24,,,19.7861328125,43.900001525878906
2005-06-27,,,19.667007446289062,43.90999984741211
2005-06-28,,,19.889726638793945,43.45000076293945
2005-06-29,,,19.92597198486328,43.630001068115234
2005-06-30,,,20.019214630126953,43.439998626708984
2005-07-01,,,19.869007110595703,42.70000076293945
2005-07-05,,,19.83793067932129,42.279998779296875
2005-07-06,,,19.843114852905273,42.25
2005-07-07,,,19.76024055480957,42.36000061035156
2005-07-08,,,20.153884887695312,42.2599983215332
2005-07-11,,,20.304100036621094,42.540000915527344
2005-07-12,,,20.625234603881836,42.63999938964844
2005-07-13,,,20.531997680664062,42.349998474121094
2005-07-14,,,20.614871978759766,41.900001525878906
2005-07-15,,,20.568265914916992,42.04999923706055
2005-07-18,,,20.568265914916992,42.0099983215332
2005-07-19,,,20.822063446044922,41.88999938964844
2005-07-20,,,20.951541900634766,42.20000076293945
2005-07-21,,,20.827241897583008,42.459999084472656
2005-07-22,,,20.72364044189453,42.45000076293945
2005-07-25,,,20.625234603881836,42.5099983215332
2005-07-26,,,20.620052337646484,42.25
2005-07-27,,,20.84795570373535,42.439998626708984
2005-07-28,,,21.055139541625977,42.75
2005-07-29,,,20.915292739868164,42.81999969482422
2005-08-01,,,21.06031608581543,43.130001068115234
2005-08-02,,,21.18463897705078,43.13999938964844
2005-08-03,,,21.443618774414062,43.529998779296875
2005-08-04,,,21.18981170654297,43.68000030517578
2005-08-05,,,21.013700485229492,43.599998474121094
2005-08-08,,,21.024065017700195,43.349998474121094
2005-08-09,,,21.438438415527344,43.34000015258789
2005-08-10,,,21.510948181152344,43.650001525878906
2005-08-11,,,21.697425842285156,44.45000076293945
2005-08-12,,,21.547208786010742,44.4900016784668
2005-08-15,,,21.474687576293945,44.130001068115234
2005-08-16,,,21.143199920654297,44.54999923706055
2005-08-17,,,21.024065017700195,43.90999984741211
2005-08-18,,,20.796165466308594,43.83000183105469
2005-08-19,,,21.00335121154785,43.599998474121094
2005-08-22,,,21.101757049560547,43.70000076293945
2005-08-23,,,20.951541900634766,43.7599983215332
2005-08-24,,,20.837589263916016,43.59000015258789
2005-08-25,,,20.842775344848633,43.72999954223633
2005-08-26,,,20.568265914916992,43.61000061035156
2005-08-29,,,20.744367599487305,43.56999969482422
2005-08-30,,,20.65113639831543,43.0099983215332
2005-08-31,,,21.086214065551758,43.400001525878906
2005-09-01,,,21.277864456176758,44.220001220703125
2005-09-02,,,21.298583984375,44.25
2005-09-06,,,21.697425842285156,44.27000045776367
2005-09-07,,,21.63525390625,44.33000183105469
2005-09-08,,,21.531667709350586,44.599998474121094
2005-09-09,,,21.738855361938477,44.84000015258789
2005-09-12,,,21.41254425048828,44.88999938964844
2005-09-13,,,21.215715408325195,44.560001373291016
2005-09-14,,,21.283044815063477,44.959999084472656
2005-09-15,,,21.169084548950195,45.41999816894531
2005-09-16,,,21.500591278076172,45.81999969482422
2005-09-19,,,21.2170352935791,46.25
2005-09-20,,,21.138996124267578,46.22999954223633
2005-09-21,,,21.02974510192871,47.060001373291016
2005-09-22,,,20.993303298950195,46.36000061035156
2005-09-23,,,20.94129753112793,46.279998779296875
2005-09-26,,,21.269052505493164,46.56999969482422
2005-09-27,,,21.1754093170166,46.25
2005-09-28,,,21.4095458984375,46.79999923706055
2005-09-29,,,21.576032638549805,47.099998474121094
2005-09-30,,,21.4511661529541,46.70000076293945
2005-10-03,,,21.383522033691406,46.41999816894531
2005-10-04,,,21.28987693786621,46.45000076293945
2005-10-05,,,21.07135772705078,46.36000061035156
2005-10-06,,,21.232643127441406,47.209999084472656
2005-10-07,,,21.237844467163086,47.36000061035156
2005-10-10,,,21.1337833404541,47.369998931884766
2005-10-11,,,21.07655906677246,47.38999938964844
2005-10-12,,,20.884056091308594,46.849998474121094
2005-10-13,,,20.842435836791992,47.02000045776367
2005-10-14,,,21.092166900634766,46.79999923706055
2005-10-17,,,20.967313766479492,47.2599983215332
2005-10-18,,,20.634334564208984,47.0
2005-10-19,,,20.75918960571289,46.34000015258789
2005-10-20,,,20.322160720825195,45.97999954223633
2005-10-21,,,20.36378288269043,46.52000045776367
2005-10-24,,,20.738380432128906,46.38999938964844
2005-10-25,,,20.66033363342285,47.060001373291016
2005-10-26,,,20.623918533325195,46.93000030517578
2005-10-27,,,20.43141746520996,47.18000030517578
2005-10-28,,,20.57188606262207,47.220001220703125
2005-10-31,,,20.62911605834961,46.400001525878906
2005-11-01,,,20.65513038635254,45.72999954223633
2005-11-02,,,20.915267944335938,46.130001068115234
2005-11-03,,,20.842435836791992,45.959999084472656
2005-11-04,,,20.634334564208984,45.5099983215332
2005-11-07,,,20.70716094970703,45.77000045776367
2005-11-08,,,20.634334564208984,45.90999984741211
2005-11-09,,,20.644731521606445,46.560001373291016
2005-11-10,,,20.62911605834961,46.47999954223633
2005-11-11,,,20.811222076416016,46.79999923706055
2005-11-14,,,20.748781204223633,46.619998931884766
2005-11-15,,,20.764394760131836,46.65999984741211
2005-11-16,,,20.608306884765625,47.779998779296875
2005-11-17,,,20.87364959716797,48.47999954223633
2005-11-18,,,21.045345306396484,48.459999084472656
2005-11-21,,,21.144203186035156,48.9900016784668
2005-11-22,,,21.253450393676758,49.31999969482422
2005-11-23,,,21.35230827331543,49.150001525878906
2005-11-25,,,21.138996124267578,49.41999816894531
2005-11-28,,,21.22744369506836,49.7400016784668
2005-11-29,,,21.232643127441406,49.79999923706055
2005-11-30,,,21.12338638305664,49.099998474121094
2005-12-01,,,21.477182388305664,50.16999816894531
2005-12-02,,,21.47197723388672,50.31999969482422
2005-12-05,,,21.497995376586914,50.779998779296875
2005-12-06,,,21.539613723754883,50.88999938964844
2005-12-07,,,21.341899871826172,51.31999969482422
2005-12-08,,,21.50839614868164,51.900001525878906
2005-12-09,,,21.58123779296875,52.400001525878906
2005-12-12,,,21.893400192260742,52.560001373291016
2005-12-13,,,22.033872604370117,51.650001525878906
2005-12-14,,,22.049497604370117,50.349998474121094
2005-12-15,,,21.92462158203125,50.2400016784668
2005-12-16,,,22.137937545776367,50.09000015258789
2005-12-19,,,22.128555297851562,50.220001220703125
2005-12-20,,,22.008747100830078,49.040000915527344
2005-12-21,,,22.097301483154297,49.369998931884766
2005-12-22,,,22.248376846313477,50.13999938964844
2005-12-23,,,22.25878143310547,50.119998931884766
2005-12-27,,,22.19106674194336,50.63999938964844
2005-12-28,,,22.243152618408203,51.470001220703125
2005-12-29,,,22.26399803161621,51.470001220703125
2005-12-30,,,22.07646369934082,51.58000183105469
2006-01-03,,,22.82137107849121,53.119998931884766
2006-01-04,,,23.092262268066406,53.29999923706055
2006-01-05,,,23.008907318115234,52.34000015258789
2006-01-06,,,23.311044692993164,53.720001220703125
2006-01-09,,,23.12871551513672,54.599998474121094
2006-01-10,,,23.024538040161133,54.060001373291016
2006-01-11,,,23.196435928344727,54.529998779296875
2006-01-12,,,22.92034912109375,54.43000030517578
2006-01-13,,,22.935977935791016,55.439998626708984
2006-01-17,,,22.7849063873291,55.2599983215332
2006-01-18,,,22.53486442565918,54.06999969482422
2006-01-19,,,22.696353912353516,55.59000015258789
2006-01-20,,,22.284826278686523,55.20000076293945
2006-01-23,,,22.613004684448242,55.77000045776367
2006-01-24,,,22.65468978881836,55.72999954223633
2006-01-25,,,22.82659339904785,56.13999938964844
2006-01-26,,,23.264156341552734,55.880001068115234
2006-01-27,,,23.118295669555664,55.630001068115234
2006-01-30,,,23.227684020996094,56.68000030517578
2006-01-31,,,23.43605613708496,56.70000076293945
2006-02-01,,,23.451688766479492,56.70000076293945
2006-02-02,,,23.186010360717773,56.97999954223633
2006-02-03,,,23.029735565185547,56.5
2006-02-06,,,22.935977935791016,56.720001220703125
2006-02-07,,,22.82659339904785,54.599998474121094
2006-02-08,,,23.008907318115234,54.83000183105469
2006-02-09,,,23.17560577392578,56.18000030517578
2006-02-10,,,23.087039947509766,54.790000915527344
2006-02-13,,,23.055789947509766,53.720001220703125
2006-02-14,,,23.30583381652832,54.4900016784668
2006-02-15,,,23.092262268066406,53.7599983215332
2006-02-16,,,23.311044692993164,54.52000045776367
2006-02-17,,,23.45688819885254,54.959999084472656
2006-02-21,,,23.441274642944336,55.119998931884766
2006-02-22,,,23.738187789916992,55.34000015258789
2006-02-23,,,23.634008407592773,54.63999938964844
2006-02-24,,,23.654836654663086,55.63999938964844
2006-02-27,,,23.66526985168457,55.220001220703125
2006-02-28,,,23.410017013549805,56.06999969482422
2006-03-01,,,23.639217376708984,56.099998474121094
2006-03-02,,,23.61317253112793,56.7400016784668
2006-03-03,,,23.508983612060547,56.279998779296875
2006-03-06,,,23.383960723876953,55.22999954223633
2006-03-07,,,23.17560577392578,54.95000076293945
2006-03-08,,,23.21727752685547,53.970001220703125
2006-03-09,,,23.23290252685547,54.2400016784668
2006-03-10,,,23.62358856201172,53.83000183105469
2006-03-13,,,23.785078048706055,54.310001373291016
2006-03-14,,,24.08721160888672,54.869998931884766
2006-03-15,,,24.186172485351562,55.119998931884766
2006-03-16,,,24.352863311767578,55.34000015258789
2006-03-17,,,24.388845443725586,55.119998931884766
2006-03-20,,,24.373212814331055,55.16999816894531
2006-03-21,,,24.195905685424805,54.83000183105469
2006-03-22,,,24.414928436279297,54.75
2006-03-23,,,24.107255935668945,54.70000076293945
2006-03-24,,,24.242847442626953,55.709999084472656
2006-03-27,,,23.982114791870117,56.38999938964844
2006-03-28,,,23.778732299804688,56.060001373291016
2006-03-29,,,24.00818634033203,57.06999969482422
2006-03-30,,,24.440998077392578,58.599998474121094
2006-03-31,,,24.315845489501953,58.099998474121094
2006-04-03,,,24.456649780273438,58.470001220703125
2006-04-04,,,24.66523551940918,58.33000183105469
2006-04-05,,,24.76952362060547,58.65999984741211
2006-04-06,,,24.618301391601562,59.279998779296875
2006-04-07,,,24.091615676879883,58.59000015258789
2006-04-10,,,24.154190063476562,59.599998474121094
2006-04-11,,,23.93518829345703,59.0099983215332
2006-04-12,,,23.851755142211914,59.43000030517578
2006-04-13,,,23.88823890686035,59.5
2006-04-17,,,24.102041244506836,61.09000015258789
2006-04-18,,,24.414928436279297,61.849998474121094
2006-04-19,,,24.76952362060547,63.75
2006-04-20,,,24.863386154174805,60.959999084472656
2006-04-21,,,25.051105499267578,63.20000076293945
2006-04-24,,,25.103256225585938,61.650001525878906
2006-04-25,,,25.12411880493164,62.779998779296875
2006-04-26,,,25.290987014770508,63.650001525878906
2006-04-27,,,25.322265625,62.959999084472656
2006-04-28,,,25.264911651611328,65.08999633789062
2006-05-01,,,25.280542373657227,65.16000366210938
2006-05-02,,,25.54128074645996,66.55000305175781
2006-05-03,,,25.290987014770508,66.45999908447266
2006-05-04,,,25.58300018310547,67.4800033569336
2006-05-05,,,26.03666877746582,67.98999786376953
2006-05-08,,,25.911529541015625,67.55999755859375
2006-05-09,,,26.03666877746582,69.68000030517578
2006-05-10,,,26.03666877746582,70.37999725341797
2006-05-11,,,25.786386489868164,71.02999877929688
2006-05-12,,,25.343120574951172,71.12000274658203
2006-05-15,,,25.098045349121094,67.41000366210938
2006-05-16,,,25.228418350219727,68.61000061035156
2006-05-17,,,24.201120376586914,68.1500015258789
2006-05-18,,,24.242847442626953,67.45999908447266
2006-05-19,,,24.456649780273438,65.58000183105469
2006-05-22,,,24.211565017700195,65.30000305175781
2006-05-23,,,24.284557342529297,66.37999725341797
2006-05-24,,,24.22197723388672,64.05999755859375
2006-05-25,,,24.753873825073242,64.69999694824219
2006-05-26,,,24.905101776123047,65.0999984741211
2006-05-30,,,24.36277961730957,65.11000061035156
2006-05-31,,,24.618301391601562,64.2300033569336
2006-06-01,,,24.884254455566406,62.560001373291016
2006-06-02,,,24.988534927368164,63.5
2006-06-05,,,24.394067764282227,63.290000915527344
2006-06-06,,,24.16461753845215,62.54999923706055
2006-06-07,,,23.91954231262207,62.279998779296875
2006-06-08,,,23.523223876953125,60.90999984741211
2006-06-09,,,23.418926239013672,60.45000076293945
2006-06-12,,,23.038259506225586,60.029998779296875
2006-06-13,,,22.485515594482422,55.91999816894531
2006-06-14,,,22.87661361694336,55.619998931884766
2006-06-15,,,23.601438522338867,57.31999969482422
2006-06-16,,21.938817977905273,23.38431167602539,57.68000030517578
2006-06-19,,21.999191284179688,23.192718505859375,56.36000061035156
2006-06-20,,21.891382217407227,23.485424041748047,57.29999923706055
2006-06-21,,21.93450927734375,23.91117286682129,58.33000183105469
2006-06-22,,21.891382217407227,23.730220794677734,57.72999954223633
2006-06-23,,21.891382217407227,23.671689987182617,57.9900016784668
2006-06-26,,21.977636337280273,23.767492294311523,58.279998779296875
2006-06-27,,21.964698791503906,23.315128326416016,57.68000030517578
2006-06-28,,21.97332191467285,23.554607391357422,57.540000915527344
2006-06-29,,21.97332191467285,24.469974517822266,59.52000045776367
2006-06-30,,22.887609481811523,24.826536178588867,61.22999954223633
2006-07-03,,23.042882919311523,25.05538558959961,62.18000030517578
2006-07-05,,22.86605453491211,24.544469833374023,62.5
2006-07-06,,22.86605453491211,24.87444305419922,63.02000045776367
2006-07-07,,23.03424835205078,24.69881820678711,62.630001068115234
2006-07-10,,22.857423782348633,24.84783172607422,62.02000045776367
2006-07-11,,22.857423782348633,24.7999267578125,63.810001373291016
2006-07-12,,22.779800415039062,24.38482666015625,64.91999816894531
2006-07-13,,22.503793716430664,23.889890670776367,65.55000305175781
2006-07-14,,22.266592025756836,23.724910736083984,65.8499984741211
2006-07-17,,22.266592025756836,23.363025665283203,63.95000076293945
2006-07-18,,22.266592025756836,23.325775146484375,62.900001525878906
2006-07-19,,22.098388671875,24.166627883911133,64.02999877929688
2006-07-20,,22.387338638305664,23.980350494384766,62.540000915527344
2006-07-21,,22.404592514038086,23.980350494384766,61.709999084472656
2006-07-24,,22.404592514038086,24.501893997192383,61.13999938964844
2006-07-25,,22.404592514038086,24.4965763092041,61.54999923706055
2006-07-26,,22.58572769165039,24.661558151245117,62.0
2006-07-27,,22.85310935974121,24.704116821289062,62.900001525878906
2006-07-28,,23.02562713623047,25.220354080200195,63.11000061035156
2006-07-31,,23.142070770263672,25.07135009765625,63.15999984741211
2006-08-01,,23.129131317138672,24.932960510253906,64.31999969482422
2006-08-02,,23.288698196411133,25.18842887878418,64.75
2006-08-03,,23.094627380371094,25.16714096069336,64.12000274658203
2006-08-04,,23.443954467773438,25.289535522460938,64.27999877929688
2006-08-07,,23.482769012451172,25.050050735473633,64.5
2006-08-08,,23.42671012878418,25.018117904663086,63.970001220703125
2006-08-09,,23.37495231628418,25.16714096069336,64.62999725341797
2006-08-10,,23.236948013305664,25.145849227905273,63.25
2006-08-11,,23.236948013305664,24.890398025512695,62.709999084472656
2006-08-14,,23.224008560180664,25.076669692993164,62.25
2006-08-15,,23.525903701782227,25.81640625,62.0099983215332
2006-08-16,,23.814855575561523,25.997343063354492,62.4900016784668
2006-08-17,,23.814855575561523,25.960100173950195,61.029998779296875
2006-08-18,,23.7846622467041,26.061203002929688,61.040000915527344
2006-08-21,,24.000320434570312,25.95477294921875,62.439998626708984
2006-08-22,,23.965789794921875,25.83770179748535,62.04999923706055
2006-08-23,,23.517274856567383,25.614173889160156,61.83000183105469
2006-08-24,,23.38789176940918,25.6833553314209,61.75
2006-08-25,,23.452585220336914,25.678035736083984,61.77000045776367
2006-08-28,,23.500022888183594,25.997343063354492,61.0
2006-08-29,,23.67684555053711,26.12506866455078,60.939998626708984
2006-08-30,,23.642343521118164,26.082494735717773,61.41999816894531
2006-08-31,,23.625099182128906,26.066537857055664,62.290000915527344
2006-09-01,,23.771728515625,26.135719299316406,62.13999938964844
2006-09-05,,23.888168334960938,26.077186584472656,63.36000061035156
2006-09-06,,23.612163543701172,25.656749725341797,62.86000061035156
2006-09-07,,23.36202049255371,25.401302337646484,61.25
2006-09-08,,23.32752227783203,25.41194725036621,60.63999938964844
2006-09-11,,23.232629776000977,25.41194725036621,58.5
2006-09-12,,23.448270797729492,25.811092376708984,58.31999969482422
2006-09-13,,23.504329681396484,25.827054977416992,58.619998931884766
2006-09-14,,23.67684555053711,25.843017578125,57.189998626708984
2006-09-15,,23.668230056762695,25.75103759765625,57.400001525878906
2006-09-18,,23.672523498535156,25.804519653320312,58.22999954223633
2006-09-19,,23.681154251098633,25.542516708374023,56.91999816894531
2006-09-20,,23.84503173828125,26.045135498046875,57.2599983215332
2006-09-21,,23.931299209594727,26.141372680664062,57.95000076293945
2006-09-22,,24.090862274169922,25.986316680908203,58.5
2006-09-25,,23.957172393798828,26.237621307373047,58.5
2006-09-26,,23.957172393798828,26.307132720947266,58.7400016784668
2006-09-27,,23.948545455932617,26.40337562561035,59.810001373291016
2006-09-28,,24.121061325073242,26.462194442749023,59.790000915527344
2006-09-29,,24.103811264038086,26.40337562561035,59.470001220703125
2006-10-02,,24.25043296813965,26.387331008911133,59.150001525878906
2006-10-03,,24.254743576049805,26.387331008911133,57.11000061035156
2006-10-04,,24.388442993164062,26.75093650817871,56.369998931884766
2006-10-05,,24.496257781982422,26.75093650817871,56.91999816894531
2006-10-06,,24.358253479003906,26.504981994628906,56.9900016784668
2006-10-09,,24.358253479003906,26.54239845275879,57.20000076293945
2006-10-10,,24.30218505859375,26.504981994628906,57.0
2006-10-11,,24.332378387451172,26.547740936279297,56.880001068115234
2006-10-12,,24.651527404785156,26.825788497924805,57.4900016784668
2006-10-13,,24.608383178710938,26.756277084350586,58.56999969482422
2006-10-16,,24.70758628845215,26.772321701049805,59.16999816894531
2006-10-17,,24.61701202392578,26.55310821533203,58.650001525878906
2006-10-18,,24.660139083862305,26.643993377685547,58.59000015258789
2006-10-19,,24.86714744567871,26.852523803710938,59.40999984741211
2006-10-20,,24.940475463867188,26.97550392150879,58.779998779296875
2006-10-23,,24.931852340698242,26.94877052307129,57.7599983215332
2006-10-24,,25.013784408569336,26.88995933532715,58.16999816894531
2006-10-25,,25.13022804260254,27.119869232177734,58.7599983215332
2006-10-26,,25.449371337890625,27.355144500732422,59.290000915527344
2006-10-27,,25.117292404174805,27.210763931274414,59.400001525878906
2006-10-30,,25.194927215576172,27.16800308227539,59.900001525878906
2006-10-31,,25.38467788696289,27.307022094726562,60.2400016784668
2006-11-01,,25.376052856445312,27.17334747314453,61.36000061035156
2006-11-02,,25.45800018310547,27.087791442871094,61.91999816894531
2006-11-03,,25.363115310668945,27.077104568481445,62.29999923706055
2006-11-06,,25.62619400024414,27.542295455932617,61.88999938964844
2006-11-07,,25.72970199584961,27.67595100402832,62.040000915527344
2006-11-08,,25.928081512451172,27.831031799316406,61.11000061035156
2006-11-09,,25.846155166625977,27.831031799316406,62.95000076293945
2006-11-10,,26.057462692260742,27.927278518676758,62.4900016784668
2006-11-13,,25.941024780273438,27.927278518676758,62.189998626708984
2006-11-14,,26.165285110473633,28.125106811523438,61.630001068115234
2006-11-15,,26.13509750366211,28.14649772644043,61.84000015258789
2006-11-16,,26.19979476928711,28.08767318725586,61.310001373291016
2006-11-17,,26.126474380493164,28.071632385253906,61.779998779296875
2006-11-20,,25.953960418701172,28.044910430908203,61.77000045776367
2006-11-21,,26.19979476928711,28.15718650817871,62.27000045776367
2006-11-22,,26.432666778564453,28.35502052307129,62.5
2006-11-24,,26.436992645263672,28.27480697631836,63.5
2006-11-27,,26.221351623535156,27.852407455444336,63.70000076293945
2006-11-28,,26.393856048583984,28.05023765563965,63.56999969482422
2006-11-29,,26.687131881713867,28.248083114624023,63.15999984741211
2006-11-30,,27.12702178955078,28.290864944458008,64.38999938964844
2006-12-01,,27.286598205566406,28.044910430908203,64.12000274658203
2006-12-04,,27.390098571777344,28.248083114624023,64.12000274658203
2006-12-05,,27.50653839111328,28.595638275146484,63.810001373291016
2006-12-06,,27.446165084838867,28.392459869384766,62.689998626708984
2006-12-07,,27.515165328979492,28.510086059570312,62.72999954223633
2006-12-08,,27.4720401763916,28.456607818603516,62.04999923706055
2006-12-11,,27.704923629760742,28.72931480407715,62.56999969482422
2006-12-12,,27.82998275756836,28.78278160095215,62.52000045776367
2006-12-13,,27.847238540649414,29.028745651245117,62.47999954223633
2006-12-14,,27.903303146362305,29.060821533203125,62.119998931884766
2006-12-15,,27.817058563232422,28.888790130615234,61.0
2006-12-18,,27.825681686401367,28.840543746948242,61.040000915527344
2006-12-19,,28.157764434814453,29.044208526611328,61.79999923706055
2006-12-20,,28.032697677612305,28.915586471557617,61.619998931884766
2006-12-21,,28.088733673095703,28.840543746948242,61.380001068115234
2006-12-22,,28.06702423095703,28.58863067626953,61.650001525878906
2006-12-26,,28.097423553466797,28.658313751220703,61.97999954223633
2006-12-27,,28.40584945678711,29.103172302246094,62.220001220703125
2006-12-28,,28.43625831604004,29.0495662689209,62.900001525878906
2006-12-29,,28.34502410888672,29.103172302246094,63.209999084472656
2007-01-03,,28.52313995361328,29.290754318237305,62.279998779296875
2007-01-04,,28.4970703125,29.27467155456543,61.650001525878906
2007-01-05,,28.2451229095459,28.765506744384766,60.16999816894531
2007-01-08,,28.349380493164062,28.781583786010742,60.47999954223633
2007-01-09,,28.34502410888672,28.7119140625,60.849998474121094
2007-01-10,,28.18864631652832,28.40105628967285,60.59000015258789
2007-01-11,,28.179964065551758,28.7119140625,60.630001068115234
2007-01-12,,28.479692459106445,28.920940399169922,62.16999816894531
2007-01-16,,28.566579818725586,28.845897674560547,61.970001220703125
2007-01-17,,28.644763946533203,28.67439842224121,62.63999938964844
2007-01-18,,28.670841217041016,28.583284378051758,62.2599983215332
2007-01-19,,28.883691787719727,28.937013626098633,63.0
2007-01-22,,28.866310119628906,28.658313751220703,62.720001220703125
2007-01-23,,28.935827255249023,28.883420944213867,64.2300033569336
2007-01-24,,29.035741806030273,29.08710479736328,64.33000183105469
2007-01-25,,28.72296714782715,28.67439842224121,64.05999755859375
2007-01-26,,28.79681396484375,28.770864486694336,64.16999816894531
2007-01-29,,28.814184188842773,28.840543746948242,63.77000045776367
2007-01-30,,28.91411018371582,29.135326385498047,64.22000122070312
2007-01-31,,29.0748348236084,29.301481246948242,64.83000183105469
2007-02-01,,29.244251251220703,29.478342056274414,65.22000122070312
2007-02-02,,29.418025970458984,29.38724136352539,64.27999877929688
2007-02-05,,29.439743041992188,29.253238677978516,64.30999755859375
2007-02-06,,29.70473289489746,29.43546485900879,64.79000091552734
2007-02-07,,29.782913208007812,29.601619720458984,64.62999725341797
2007-02-08,,29.765531539916992,29.601619720458984,65.5199966430664
2007-02-09,,29.513580322265625,29.38724136352539,66.12000274658203
2007-02-12,,29.5266056060791,29.19428825378418,65.66999816894531
2007-02-13,,29.717761993408203,29.66057586669922,65.83999633789062
2007-02-14,,30.06093978881836,29.95535659790039,66.37000274658203
2007-02-15,,30.121755599975586,29.933935165405273,66.41000366210938
2007-02-16,,30.03053855895996,29.88568687438965,66.36000061035156
2007-02-20,,30.338970184326172,29.933935165405273,65.30999755859375
2007-02-21,,30.217329025268555,29.783843994140625,67.3499984741211
2007-02-22,,30.399776458740234,29.88568687438965,67.1500015258789
2007-02-23,,30.40845489501953,29.94999885559082,67.72000122070312
2007-02-26,,30.521406173706055,30.078630447387695,68.0999984741211
2007-02-27,,28.518802642822266,28.652950286865234,65.41000366210938
2007-02-28,,28.92279624938965,28.861995697021484,66.4800033569336
2007-03-01,,28.50575828552246,28.438568115234375,65.81999969482422
2007-03-02,,28.384136199951172,28.06338119506836,63.709999084472656
2007-03-05,,27.450159072875977,27.559572219848633,62.93000030517578
2007-03-06,,28.562236785888672,28.342079162597656,64.1500015258789
2007-03-07,,28.636077880859375,28.288490295410156,64.30000305175781
2007-03-08,,29.17475128173828,28.577917098999023,64.4800033569336
2007-03-09,,29.283349990844727,28.669031143188477,64.25
2007-03-12,,29.578733444213867,28.73335838317871,64.37000274658203
2007-03-13,,28.822877883911133,27.977632522583008,63.720001220703125
2007-03-14,,28.944515228271484,28.06338119506836,63.939998626708984
2007-03-15,,29.035741806030273,28.1973819732666,63.97999954223633
2007-03-16,,29.12261962890625,28.339035034179688,64.62000274658203
2007-03-19,,29.465801239013672,28.784347534179688,64.73999786376953
2007-03-20,,29.713415145874023,29.0311279296875,65.2699966430664
2007-03-21,,30.686491012573242,29.67496681213379,65.81999969482422
2007-03-22,,30.391088485717773,29.653507232666016,65.76000213623047
2007-03-23,,30.347637176513672,29.8198184967041,65.1500015258789
2007-03-26,,30.577882766723633,29.782268524169922,65.83999633789062
2007-03-27,,30.42584991455078,29.7017879486084,65.69999694824219
2007-03-28,,30.13045310974121,29.42815399169922,66.05000305175781
2007-03-29,,30.412811279296875,29.835920333862305,65.6500015258789
2007-03-30,,30.577882766723633,29.85736846923828,65.73999786376953
2007-04-02,,30.83853530883789,30.012954711914062,65.8499984741211
2007-04-03,,30.990571975708008,30.340238571166992,65.83000183105469
2007-04-04,,31.034006118774414,30.511930465698242,66.80999755859375
2007-04-05,,31.303333282470703,30.790912628173828,66.86000061035156
2007-04-09,,31.320716857910156,30.678253173828125,66.52999877929688
2007-04-10,,31.594392776489258,30.989431381225586,67.16000366210938
2007-04-11,,31.39890480041504,30.833837509155273,67.08000183105469
2007-04-12,,31.637836456298828,31.06454849243164,66.98999786376953
2007-04-13,,31.85938262939453,31.35426902770996,67.83999633789062
2007-04-16,,32.1113395690918,31.77811622619629,68.4000015258789
2007-04-17,,32.07224655151367,31.79956817626953,68.0
2007-04-18,,32.10699462890625,31.75128746032715,68.37999725341797
2007-04-19,,31.781190872192383,31.665451049804688,67.52999877929688
2007-04-20,,32.01575469970703,32.19660949707031,68.69999694824219
2007-04-23,,31.93756103515625,31.896142959594727,68.26000213623047
2007-04-24,,31.933231353759766,31.949804306030273,67.7300033569336
2007-04-25,,32.22863006591797,32.34683609008789,67.88999938964844
2007-04-26,,32.063560485839844,32.175148010253906,66.87000274658203
2007-04-27,,32.063560485839844,32.16978073120117,67.55999755859375
2007-04-30,,32.041831970214844,32.19660949707031,67.08999633789062
2007-05-01,,32.146080017089844,32.175148010253906,66.69000244140625
2007-05-02,,32.385013580322266,32.34683609008789,66.66000366210938
2007-05-03,,32.34590148925781,32.34683609008789,67.48999786376953
2007-05-04,,32.632625579833984,32.61509323120117,68.19000244140625
2007-05-07,,32.7542610168457,32.620460510253906,68.25
2007-05-08,,32.532711029052734,32.36829376220703,67.87999725341797
2007-05-09,,32.48493957519531,32.49168395996094,67.44999694824219
2007-05-10,,31.985353469848633,31.719106674194336,66.0
2007-05-11,,32.3415641784668,32.405845642089844,66.44999694824219
2007-05-14,,32.21992874145508,32.244876861572266,66.27999877929688
2007-05-15,,32.3415641784668,32.475589752197266,66.54000091552734
2007-05-16,,32.628292083740234,32.513160705566406,65.5999984741211
2007-05-17,,32.5544319152832,32.35218811035156,65.05999755859375
2007-05-18,,32.76293182373047,32.9155387878418,65.5199966430664
2007-05-21,,32.60221862792969,32.63655090332031,65.66999816894531
2007-05-22,,32.70647048950195,32.67409896850586,65.19999694824219
2007-05-23,,32.797706604003906,32.840423583984375,65.54000091552734
2007-05-24,,32.49362564086914,32.45412826538086,64.75
2007-05-25,,32.73253631591797,32.754573822021484,64.94000244140625
2007-05-29,,32.58050537109375,32.76532745361328,65.06999969482422
2007-05-30,,32.680397033691406,32.88871765136719,64.72000122070312
2007-05-31,,32.87156295776367,33.09795379638672,65.54000091552734
2007-06-01,,32.993167877197266,33.33940887451172,66.44000244140625
2007-06-04,,33.17998504638672,33.40377426147461,66.54000091552734
2007-06-05,,32.980133056640625,33.189170837402344,66.37000274658203
2007-06-06,,32.3763313293457,32.58827590942383,66.41000366210938
2007-06-07,,31.285959243774414,31.8156795501709,65.26000213623047
2007-06-08,,31.781190872192383,32.29854965209961,64.22000122070312
2007-06-11,,31.594392776489258,32.282447814941406,64.69999694824219
2007-06-12,,31.26424217224121,31.68153953552246,64.0999984741211
2007-06-13,,31.55530548095703,32.20732498168945,64.52999877929688
2007-06-14,,31.737747192382812,32.65263748168945,64.5999984741211
2007-06-15,,32.154762268066406,33.15031814575195,64.8499984741211
2007-06-18,,31.985353469848633,33.19411087036133,64.94999694824219
2007-06-19,,32.02880096435547,33.303611755371094,65.4800033569336
2007-06-20,,31.54660415649414,32.849205017089844,64.70999908447266
2007-06-21,,31.74643325805664,33.0572395324707,64.55999755859375
2007-06-22,,31.42063331604004,32.712310791015625,64.77999877929688
2007-06-25,,31.320716857910156,32.64113998413086,64.43000030517578
2007-06-26,,31.46407127380371,32.48237991333008,63.619998931884766
2007-06-27,,31.585695266723633,32.6904296875,63.66999816894531
2007-06-28,,31.68128204345703,32.80540084838867,64.26000213623047
2007-06-29,,31.585695266723633,32.947750091552734,64.2699966430664
2007-07-02,,31.950611114501953,33.45144271850586,65.0199966430664
2007-07-03,,32.354610443115234,33.61020278930664,64.73999786376953
2007-07-05,,32.39805221557617,33.45144271850586,64.41999816894531
2007-07-06,,32.3415641784668,33.72517395019531,64.95999908447266
2007-07-09,,32.51532745361328,33.74160385131836,65.37999725341797
2007-07-10,,32.185184478759766,33.23244094848633,65.61000061035156
2007-07-11,,32.61091613769531,33.54997253417969,65.44000244140625
2007-07-12,,33.07572555541992,34.36026382446289,66.0199966430664
2007-07-13,,33.027931213378906,34.23981857299805,66.02999877929688
2007-07-16,,32.93236541748047,34.23432922363281,65.81999969482422
2007-07-17,,32.91064453125,34.08651351928711,65.75
2007-07-18,,33.062686920166016,33.88941955566406,66.62000274658203
2007-07-19,,33.01056671142578,34.08651351928711,67.01000213623047
2007-07-20,,32.92802429199219,33.52808380126953,67.58000183105469
2007-07-23,,32.80205535888672,33.74160385131836,67.47000122070312
2007-07-24,,32.211246490478516,33.05177307128906,67.47000122070312
2007-07-25,,32.19821548461914,32.882049560546875,66.9000015258789
2007-07-26,,31.186046600341797,31.803499221801758,65.6500015258789
2007-07-27,,30.75598907470703,31.370983123779297,65.41000366210938
2007-07-30,,31.451034545898438,32.022491455078125,65.7699966430664
2007-07-31,,31.19474220275879,31.88563346862793,65.79000091552734
2007-08-01,,31.438011169433594,32.06082534790039,65.93000030517578
2007-08-02,,31.485807418823242,32.1812629699707,65.88999938964844
2007-08-03,,30.75598907470703,31.743257522583008,66.69000244140625
2007-08-06,,31.168663024902344,32.19767761230469,66.5199966430664
2007-08-07,,31.159982681274414,32.52070617675781,66.4800033569336
2007-08-08,,31.390230178833008,32.860145568847656,66.7699966430664
2007-08-09,,30.165203094482422,31.923946380615234,65.45999908447266
2007-08-10,,29.77423858642578,31.568090438842773,66.56999969482422
2007-08-13,,29.908889770507812,31.442161560058594,66.26000213623047
2007-08-14,,29.49620819091797,30.982271194458008,66.29000091552734
2007-08-15,,28.64042854309082,30.25411033630371,66.12999725341797
2007-08-16,,28.34502410888672,30.30337142944336,64.68000030517578
2007-08-17,,28.714269638061523,31.020587921142578,65.01000213623047
2007-08-20,,28.79681396484375,30.790639877319336,65.12000274658203
2007-08-21,,28.471006393432617,30.713993072509766,65.06999969482422
2007-08-22,,29.2746639251709,31.414785385131836,65.4000015258789
2007-08-23,,29.474485397338867,31.332645416259766,65.30999755859375
2007-08-24,,30.1043701171875,32.04438781738281,66.11000061035156
2007-08-27,,29.921934127807617,31.748750686645508,65.9800033569336
2007-08-28,,29.109590530395508,30.87824821472168,65.58999633789062
2007-08-29,,30.178232192993164,31.75969886779785,66.06999969482422
2007-08-30,,29.878488540649414,31.568090438842773,65.80000305175781
2007-08-31,,30.42584991455078,32.049869537353516,66.5199966430664
2007-09-04,,30.734272003173828,32.279815673828125,67.44000244140625
2007-09-05,,30.36936378479004,31.743257522583008,67.55999755859375
2007-09-06,,30.430187225341797,31.923946380615234,68.86000061035156
2007-09-07,,30.13913345336914,31.464065551757812,69.38999938964844
2007-09-10,,30.04789924621582,31.51880645751953,69.62000274658203
2007-09-11,,30.282487869262695,31.967742919921875,70.5199966430664
2007-09-12,,30.27814292907715,32.011539459228516,70.45999908447266
2007-09-13,,30.165203094482422,32.21958923339844,70.08000183105469
2007-09-14,,29.791614532470703,32.0717658996582,69.98999786376953
2007-09-17,,29.109590530395508,31.787073135375977,70.97000122070312
2007-09-18,,29.882837295532227,33.18864440917969,71.69999694824219
2007-09-19,,29.778573989868164,33.40216827392578,71.43000030517578
2007-09-20,,29.778573989868164,33.55545425415039,72.72000122070312
2007-09-21,,29.995777130126953,33.75448226928711,72.33999633789062
2007-09-24,,29.84374237060547,33.54005813598633,72.27999877929688
2007-09-25,,29.656940460205078,33.60053253173828,72.33000183105469
2007-09-26,,29.6004638671875,33.770992279052734,72.0
2007-09-27,,30.043563842773438,34.089900970458984,72.69999694824219
2007-09-28,,30.11306381225586,34.24385070800781,73.51000213623047
2007-10-01,,30.186922073364258,34.5682487487793,73.9000015258789
2007-10-02,,30.30854034423828,34.375816345214844,72.3499984741211
2007-10-03,,30.33026885986328,34.15037155151367,71.9000015258789
2007-10-04,,30.75598907470703,34.27685546875,72.87000274658203
2007-10-05,,30.80811309814453,34.52976989746094,73.4000015258789
2007-10-08,,30.76032257080078,34.17237091064453,72.52999877929688
2007-10-09,,30.960153579711914,34.48579025268555,73.08999633789062
2007-10-10,,30.903690338134766,34.386802673339844,73.36000061035156
2007-10-11,20.093721389770508,31.086130142211914,34.57925796508789,73.91000366210938
2007-10-12,20.028112411499023,31.129594802856445,34.69471740722656,74.58999633789062
2007-10-15,19.97792625427246,31.094825744628906,34.469268798828125,75.13999938964844
2007-10-16,19.985645294189453,30.716896057128906,34.18335723876953,75.12000274658203
2007-10-17,20.055126190185547,31.034006118774414,34.573753356933594,74.5
2007-10-18,20.209535598754883,31.285959243774414,34.77718734741211,76.0
2007-10-19,20.282901763916016,30.682132720947266,34.22735595703125,75.69999694824219
2007-10-22,20.201833724975586,30.40845489501953,34.007415771484375,74.5999984741211
2007-10-23,20.286745071411133,31.086130142211914,34.48579025268555,75.2300033569336
2007-10-24,20.363969802856445,30.738615036010742,34.386802673339844,75.5199966430664
2007-10-25,20.41800880432129,31.14694595336914,34.61774444580078,76.02999877929688
2007-10-26,20.483627319335938,31.45538902282715,35.211570739746094,77.69000244140625
2007-10-29,20.529970169067383,31.494489669799805,35.442501068115234,78.12000274658203
2007-10-30,20.49909210205078,31.342445373535156,35.3160285949707,77.3499984741211
2007-10-31,20.518383026123047,31.91584587097168,35.79438018798828,78.62000274658203
2007-11-01,20.501380920410156,31.18170738220215,34.8046875,77.93000030517578
2007-11-02,20.659826278686523,31.65955352783203,35.250064849853516,79.83000183105469
2007-11-05,20.609596252441406,31.086130142211914,34.94765090942383,79.75
2007-11-06,20.679155349731445,31.446706771850586,35.44799041748047,81.43000030517578
2007-11-07,20.868513107299805,30.786399841308594,35.024620056152344,82.23999786376953
2007-11-08,20.953535079956055,31.060075759887695,35.27204895019531,82.2300033569336
2007-11-09,21.023099899291992,30.299861907958984,34.44178771972656,82.18000030517578
2007-11-12,21.042423248291016,29.70473289489746,33.990928649902344,78.30000305175781
2007-11-13,20.88010025024414,30.31723403930664,34.92015838623047,79.12000274658203
2007-11-14,20.9458065032959,29.96102523803711,34.79369354248047,80.27999877929688
2007-11-15,20.926488876342773,29.3789119720459,34.23835372924805,77.94999694824219
2007-11-16,20.930334091186523,29.687347412109375,34.595741271972656,77.75
2007-11-19,21.015363693237305,28.52747344970703,33.84246063232422,77.23999786376953
2007-11-20,21.10038948059082,28.714269638061523,34.63972473144531,79.47000122070312
2007-11-21,21.212444305419922,28.101760864257812,34.13389587402344,79.36000061035156
2007-11-23,21.189273834228516,28.61436653137207,34.766197204589844,81.25
2007-11-26,21.301340103149414,28.00619125366211,34.00192642211914,81.30000305175781
2007-11-27,21.177675247192383,28.51445770263672,34.55725860595703,80.0999984741211
2007-11-28,21.007633209228516,29.11391830444336,35.65692901611328,79.56999969482422
2007-11-29,21.030824661254883,28.909767150878906,35.211570739746094,78.27999877929688
2007-11-30,20.87238121032715,29.01401710510254,35.349021911621094,77.31999969482422
2007-12-03,20.966039657592773,28.944515228271484,35.24456024169922,78.27999877929688
2007-12-04,21.06279945373535,28.63174057006836,35.239051818847656,79.4000015258789
2007-12-05,20.84992790222168,28.60567283630371,35.54696273803711,78.62999725341797
2007-12-06,20.815095901489258,28.857633590698242,35.937339782714844,79.37000274658203
2007-12-07,20.74156379699707,28.84893798828125,35.821876525878906,78.5999984741211
2007-12-10,20.753171920776367,29.057451248168945,36.206764221191406,80.0
2007-12-11,20.87702178955078,28.484045028686523,35.21705627441406,78.83999633789062
2007-12-12,20.753171920776367,28.979263305664062,35.975830078125,80.48999786376953
2007-12-13,20.637060165405273,29.431041717529297,35.442501068115234,78.5
2007-12-14,20.358383178710938,27.95406150817871,34.524261474609375,78.5199966430664
2007-12-17,20.327421188354492,27.083362579345703,33.88096237182617,78.12999725341797
2007-12-18,20.358383178710938,27.339046478271484,34.25484085083008,79.25
2007-12-19,20.400962829589844,27.060123443603516,33.97443771362305,79.23999786376953
2007-12-20,20.366117477416992,27.046173095703125,34.27134323120117,78.66999816894531
2007-12-21,20.339021682739258,27.28789520263672,34.843017578125,80.0999984741211
2007-12-24,20.377735137939453,27.41807746887207,34.9660758972168,80.13999938964844
2007-12-26,20.474498748779297,27.45990562438965,35.094730377197266,81.5199966430664
2007-12-27,20.559656143188477,27.483156204223633,35.150665283203125,81.55999755859375
2007-12-28,20.74527359008789,27.948030471801758,35.603755950927734,83.0
2007-12-31,20.892854690551758,27.492443084716797,35.049983978271484,82.45999908447266
2008-01-02,21.021011352539062,27.836448669433594,34.98845291137695,84.86000061035156
2008-01-03,21.08313751220703,27.67839813232422,35.10591125488281,85.56999969482422
2008-01-04,21.133621215820312,27.07405662536621,34.38433837890625,85.12999725341797
2008-01-07,21.08701515197754,26.725414276123047,34.65282440185547,84.7699966430664
2008-01-08,21.063720703125,26.474380493164062,34.28922653198242,86.77999877929688
2008-01-09,20.98605728149414,26.307037353515625,34.501808166503906,86.55000305175781
2008-01-10,21.164676666259766,26.2977352142334,34.65282440185547,88.25
2008-01-11,21.15690803527832,25.749187469482422,34.17737579345703,88.58000183105469
2008-01-14,21.33555030822754,26.34421157836914,34.9660758972168,89.54000091552734
2008-01-15,21.32390594482422,25.567888259887695,33.74665832519531,87.98999786376953
2008-01-16,21.234594345092773,24.991437911987305,33.04185485839844,86.69999694824219
2008-01-17,21.234594345092773,24.53587532043457,32.365020751953125,86.5
2008-01-18,21.250120162963867,24.71717071533203,32.19721221923828,87.41999816894531
2008-01-22,21.114213943481445,24.43824577331543,30.457590103149414,88.16999816894531
2008-01-23,21.2073974609375,24.308090209960938,29.657669067382812,87.88999938964844
2008-01-24,21.250120162963867,24.79155731201172,31.033714294433594,90.08000183105469
2008-01-25,21.234594345092773,24.43824577331543,30.066011428833008,90.30000305175781
2008-01-28,21.277307510375977,24.92170524597168,30.877092361450195,91.75
2008-01-29,21.269546508789062,25.354045867919922,30.955421447753906,91.1500015258789
2008-01-30,21.38604164123535,25.632972717285156,30.972192764282227,92.05999755859375
2008-01-31,21.331666946411133,25.804967880249023,31.25747299194336,91.4000015258789
2008-02-01,21.4422664642334,26.153615951538086,31.766494750976562,89.3499984741211
2008-02-04,21.411102294921875,26.293079376220703,31.291032791137695,89.0999984741211
2008-02-05,21.259252548217773,25.251781463623047,29.540206909179688,87.68000030517578
2008-02-06,21.267038345336914,25.10301399230957,29.8366756439209,88.94999694824219
2008-02-07,21.126874923706055,24.89382553100586,29.652084350585938,89.8499984741211
2008-02-08,21.169708251953125,24.666027069091797,29.48426628112793,91.0
2008-02-11,21.282617568969727,24.879873275756836,29.57377815246582,91.33000183105469
2008-02-12,21.220306396484375,25.28896713256836,30.26738166809082,89.33000183105469
2008-02-13,21.177492141723633,25.739892959594727,30.70370101928711,89.44000244140625
2008-02-14,21.177492141723633,25.702699661254883,30.396047592163086,89.70999908447266
2008-02-15,21.267038345336914,25.758485794067383,30.284151077270508,89.1500015258789
2008-02-19,21.181392669677734,25.818920135498047,30.65894889831543,91.58000183105469
2008-02-20,21.17359733581543,26.065303802490234,30.653352737426758,93.23999786376953
2008-02-21,21.294292449951172,25.986270904541016,30.524702072143555,93.25
2008-02-22,21.403316497802734,26.311677932739258,30.79319190979004,93.38999938964844
2008-02-25,21.274829864501953,26.64638900756836,31.19593048095703,92.73999786376953
2008-02-26,21.4383602142334,27.050817489624023,31.777673721313477,93.70999908447266
2008-02-27,21.625272750854492,27.092660903930664,31.99584197998047,94.77999877929688
2008-02-28,21.827713012695312,27.064773559570312,31.710559844970703,95.98999786376953
2008-02-29,21.995159149169922,26.49297332763672,30.664533615112305,96.18000030517578
2008-03-03,22.034549713134766,26.60454750061035,30.8211612701416,97.23999786376953
2008-03-04,22.00334930419922,26.465084075927734,30.3457088470459,95.18000030517578
2008-03-05,22.042369842529297,26.664981842041016,30.809974670410156,97.72000122070312
2008-03-06,22.178924560546875,26.49762535095215,30.29535675048828,96.5
2008-03-07,22.159433364868164,26.162919998168945,29.937360763549805,96.08999633789062
2008-03-10,22.19843292236328,25.800317764282227,29.78633689880371,95.87000274658203
2008-03-11,22.093088150024414,26.460439682006836,30.815563201904297,95.98999786376953
2008-03-12,22.459863662719727,26.623144149780273,30.87151527404785,97.01000213623047
2008-03-13,22.522310256958008,26.7997989654541,31.039323806762695,98.33999633789062
2008-03-14,22.939828872680664,26.5255184173584,30.384849548339844,98.70999908447266
2008-03-17,22.76422882080078,26.167577743530273,30.088397979736328,99.16999816894531
2008-03-18,22.725208282470703,26.539470672607422,30.955421447753906,96.5
2008-03-19,22.55352020263672,25.42842674255371,29.864643096923828,93.04000091552734
2008-03-20,22.377933502197266,25.786376953125,30.09028434753418,89.91000366210938
2008-03-24,22.026752471923828,26.24658966064453,30.66701889038086,90.0999984741211
2008-03-25,22.48719024658203,26.43719482421875,31.266122817993164,92.7300033569336
2008-03-26,22.63546371459961,26.534814834594727,31.46770668029785,93.80000305175781
2008-03-27,22.60426139831543,26.70217514038086,31.434106826782227,93.45999908447266
2008-03-28,22.62765884399414,26.664981842041016,31.40052032470703,91.87999725341797
2008-03-31,22.615978240966797,27.088008880615234,31.55170249938965,90.41000366210938
2008-04-01,22.380931854248047,27.65980339050293,32.64914321899414,86.86000061035156
2008-04-02,22.404380798339844,27.552885055541992,32.677127838134766,89.2699966430664
2008-04-03,22.412195205688477,27.59471893310547,32.72754669189453,89.41999816894531
2008-04-04,22.517797470092773,27.53428840637207,32.90110397338867,90.25
2008-04-07,22.443479537963867,27.46920394897461,33.01869583129883,91.16999816894531
2008-04-08,22.427845001220703,27.157745361328125,32.93471145629883,90.3499984741211
2008-04-09,22.486515045166016,27.11125946044922,32.749935150146484,92.29000091552734
2008-04-10,22.486515045166016,26.93460464477539,32.5987548828125,91.7699966430664
2008-04-11,22.639041900634766,26.572010040283203,32.005245208740234,91.30000305175781
2008-04-14,22.6429500579834,26.771902084350586,32.128414154052734,91.11000061035156
2008-04-15,22.486515045166016,26.7533016204834,32.313175201416016,91.66000366210938
2008-04-16,22.607736587524414,27.194929122924805,33.24266052246094,93.2699966430664
2008-04-17,22.388742446899414,27.14844512939453,32.72754669189453,92.55999755859375
2008-04-18,22.2205867767334,27.171689987182617,33.192264556884766,90.62000274658203
2008-04-21,22.333999633789062,27.246063232421875,33.26505661010742,90.25
2008-04-22,22.474775314331055,27.078712463378906,32.88431167602539,90.2699966430664
2008-04-23,22.447406768798828,26.94853973388672,32.97949981689453,89.22000122070312
2008-04-24,22.14236831665039,26.76724624633789,32.7219352722168,87.22000122070312
2008-04-25,21.766950607299805,26.920663833618164,32.95709991455078,87.2699966430664
2008-04-28,21.95075225830078,27.15310287475586,32.9402961730957,87.69000244140625
2008-04-29,21.942930221557617,26.84164047241211,32.738731384277344,85.80999755859375
2008-04-30,22.087629318237305,26.892772674560547,32.95150375366211,86.6500015258789
2008-05-01,21.842533111572266,27.13914680480957,33.25386428833008,83.98999786376953
2008-05-02,21.81900405883789,27.125205993652344,33.21466064453125,84.58000183105469
2008-05-05,21.940568923950195,27.194929122924805,33.225868225097656,86.2699966430664
2008-05-06,21.97586441040039,27.515695571899414,33.41624069213867,86.62999725341797
2008-05-07,21.905271530151367,27.055469512939453,32.766719818115234,85.81999969482422
2008-05-08,21.971939086914062,27.30185317993164,32.8507194519043,87.23999786376953
2008-05-09,22.14055824279785,27.129863739013672,32.72754669189453,87.41999816894531
2008-05-12,22.117034912109375,27.52964210510254,33.12508773803711,86.98999786376953
2008-05-13,21.964096069335938,27.21818733215332,32.906707763671875,85.38999938964844
2008-05-14,21.8738956451416,27.01828384399414,33.080284118652344,85.19999694824219
2008-05-15,21.764095306396484,27.260011672973633,33.42744445800781,87.0
2008-05-16,21.920963287353516,27.538928985595703,33.7969856262207,89.0999984741211
2008-05-19,21.924882888793945,27.40877914428711,33.612213134765625,89.38999938964844
2008-05-20,22.13271713256836,27.464570999145508,33.53383255004883,90.9000015258789
2008-05-21,22.199386596679688,27.13914680480957,33.237060546875,91.95999908447266
2008-05-22,22.058216094970703,27.40877914428711,33.461036682128906,90.9800033569336
2008-05-23,22.16800880432129,27.31114959716797,33.069087982177734,91.2300033569336
2008-05-27,22.015079498291016,27.078712463378906,32.93471145629883,89.36000061035156
2008-05-28,21.917036056518555,27.101961135864258,33.12508773803711,89.13999938964844
2008-05-29,21.689598083496094,26.976438522338867,32.9402961730957,86.51000213623047
2008-05-30,21.756250381469727,26.897415161132812,33.01869583129883,87.44999694824219
2008-06-02,21.837657928466797,26.576663970947266,32.565147399902344,87.95999908447266
2008-06-03,21.743289947509766,26.49762535095215,32.39718246459961,86.87999725341797
2008-06-04,21.69611167907715,26.325620651245117,32.13962173461914,86.6500015258789
2008-06-05,21.719694137573242,26.911365509033203,32.60995864868164,86.44999694824219
2008-06-06,21.90055274963379,26.5255184173584,31.68606948852539,89.05999755859375
2008-06-09,21.664640426635742,26.200111389160156,31.680469512939453,87.98999786376953
2008-06-10,21.326496124267578,25.786376953125,31.221357345581055,85.55000305175781
2008-06-11,21.385486602783203,25.437728881835938,30.695009231567383,87.0199966430664
2008-06-12,20.945106506347656,25.191349029541016,30.655818939208984,85.5999984741211
2008-06-13,21.086668014526367,25.330810546875,30.963769912719727,85.83000183105469
2008-06-16,21.129924774169922,25.651561737060547,30.941373825073242,87.01000213623047
2008-06-17,21.23607635498047,25.735244750976562,31.019771575927734,87.25
2008-06-18,21.318628311157227,25.42842674255371,30.81260108947754,88.27999877929688
2008-06-19,21.263599395751953,25.23316764831543,30.70061492919922,88.41999816894531
2008-06-20,21.530967712402344,24.898469924926758,30.25724983215332,88.94999694824219
2008-06-23,21.37762451171875,24.56375503540039,30.003557205200195,87.08999633789062
2008-06-24,21.52702522277832,24.16862678527832,30.003557205200195,87.47000122070312
2008-06-25,21.58600425720215,24.610258102416992,30.476329803466797,87.41999816894531
2008-06-26,21.817989349365234,23.968730926513672,29.634563446044922,90.61000061035156
2008-06-27,21.84552001953125,23.92690086364746,29.697986602783203,91.47000122070312
2008-06-30,21.664640426635742,23.64797592163086,29.582687377929688,91.4000015258789
2008-07-01,21.700517654418945,23.113370895385742,29.40395736694336,92.66000366210938
2008-07-02,21.885793685913086,22.416065216064453,29.213703155517578,93.16999816894531
2008-07-03,21.803022384643555,22.30449676513672,29.52501678466797,92.05999755859375
2008-07-07,21.858182907104492,21.81173324584961,29.219457626342773,91.2300033569336
2008-07-08,21.72417640686035,21.85355567932129,29.501964569091797,90.86000061035156
2008-07-09,21.96858024597168,22.00697898864746,29.15027618408203,91.5
2008-07-10,21.9488582611084,21.983732223510742,29.432781219482422,93.52999877929688
2008-07-11,22.01981544494629,22.02092170715332,28.9254150390625,95.16000366210938
2008-07-14,22.15384292602539,21.78848648071289,28.752456665039062,95.91000366210938
2008-07-15,22.252397537231445,21.407291412353516,28.302751541137695,96.16999816894531
2008-07-16,22.173564910888672,21.77918815612793,28.85623550415039,94.44000244140625
2008-07-17,21.976438522338867,22.513683319091797,29.519268035888672,94.22000122070312
2008-07-18,21.90155601501465,22.890220642089844,29.865190505981445,94.16999816894531
2008-07-21,22.035573959350586,23.438777923583984,29.9747371673584,95.12000274658203
2008-07-22,21.889728546142578,23.317922592163086,30.107343673706055,93.05999755859375
2008-07-23,21.803022384643555,23.50385856628418,30.020862579345703,90.56999969482422
2008-07-24,21.87790298461914,22.946020126342773,29.51350212097168,91.33000183105469
2008-07-25,21.846364974975586,22.93671989440918,29.726831436157227,91.69000244140625
2008-07-28,21.980390548706055,22.578763961791992,29.248302459716797,91.7300033569336
2008-07-29,21.818767547607422,22.625253677368164,29.605749130249023,90.58999633789062
2008-07-30,21.972503662109375,22.86234474182129,29.801773071289062,89.5199966430664
2008-07-31,21.980390548706055,22.522991180419922,29.559629440307617,90.08000183105469
2008-08-01,21.961034774780273,22.66244125366211,29.161808013916016,89.56999969482422
2008-08-04,21.9294490814209,22.667089462280273,29.063798904418945,88.13999938964844
2008-08-05,21.85833168029785,23.32720947265625,29.865190505981445,86.08000183105469
2008-08-06,21.70035743713379,23.536401748657227,29.88248634338379,86.63999938964844
2008-08-07,21.704309463500977,23.1273193359375,29.27710723876953,86.08999633789062
2008-08-08,21.329063415527344,23.32255744934082,29.207927703857422,84.43000030517578
2008-08-11,21.119728088378906,23.355106353759766,29.052255630493164,81.12999725341797
2008-08-12,21.30931854248047,23.24354362487793,28.890819549560547,80.5199966430664
2008-08-13,21.29352378845215,22.834444046020508,28.4757080078125,81.55999755859375
2008-08-14,21.194778442382812,22.564821243286133,28.198972702026367,79.3499984741211
2008-08-15,20.969636917114258,22.48114013671875,27.904926300048828,77.62999725341797
2008-08-18,21.127635955810547,22.225465774536133,27.772329330444336,78.80000305175781
2008-08-19,21.182939529418945,21.932600021362305,27.420623779296875,80.43000030517578
2008-08-20,21.119728088378906,21.77918815612793,27.472515106201172,80.05999755859375
2008-08-21,21.28957176208496,22.07670783996582,27.55899429321289,82.30000305175781
2008-08-22,21.178983688354492,22.090656280517578,27.564767837524414,81.08000183105469
2008-08-25,21.28957176208496,21.867517471313477,27.2015323638916,80.93000030517578
2008-08-26,21.178983688354492,21.932600021362305,27.32261085510254,81.2300033569336
2008-08-27,21.08417510986328,22.09531021118164,27.605125427246094,81.36000061035156
2008-08-28,21.131574630737305,22.355628967285156,28.1009578704834,82.18000030517578
2008-08-29,21.036787033081055,22.267318725585938,27.968339920043945,81.70999908447266
2008-09-02,21.023706436157227,22.206872940063477,27.766559600830078,79.19999694824219
2008-09-03,21.003883361816406,22.141782760620117,27.674318313598633,78.88999938964844
2008-09-04,20.885000228881836,21.56069564819336,26.30788230895996,78.38999938964844
2008-09-05,20.766109466552734,21.481678009033203,26.07726287841797,78.9800033569336
2008-09-08,20.710630416870117,21.625789642333984,26.39437484741211,78.86000061035156
2008-09-09,20.734405517578125,21.016803741455078,25.68522071838379,76.48999786376953
2008-09-10,20.496625900268555,21.160911560058594,25.777454376220703,74.22000122070312
2008-09-11,20.449077606201172,20.86339569091797,25.82359504699707,73.08000183105469
2008-09-12,20.61948013305664,21.105133056640625,26.32518768310547,75.55000305175781
2008-09-15,20.774038314819336,20.482196807861328,25.20092010498047,77.55999755859375
2008-09-16,20.833477020263672,20.286954879760742,24.99335479736328,76.79000091552734
2008-09-17,20.36981964111328,19.729106903076172,24.16889762878418,85.45999908447266
2008-09-18,20.239038467407227,20.77507209777832,25.033720016479492,82.80000305175781
2008-09-19,20.667034149169922,21.528162002563477,27.078649520874023,85.9800033569336
2008-09-22,20.952381134033203,21.10978126525879,26.210927963256836,89.18000030517578
2008-09-23,21.102954864501953,20.48685073852539,25.794418334960938,88.31999969482422
2008-09-24,21.15845489501953,20.412473678588867,25.771282196044922,86.70999908447266
2008-09-25,21.348665237426758,20.458951950073242,26.598501205444336,86.44999694824219
2008-09-26,21.09899139404297,20.035932540893555,26.3613224029541,86.63999938964844
2008-09-29,20.476806640625,17.809192657470703,23.75238609313965,89.56999969482422
2008-09-30,20.564001083374023,18.74822998046875,24.6374568939209,85.06999969482422
2008-10-01,20.62875747680664,18.590177536010742,24.64902687072754,85.97000122070312
2008-10-02,20.656578063964844,18.139253616333008,23.46314811706543,82.33000183105469
2008-10-03,20.692346572875977,17.87427520751953,23.584623336791992,82.58999633789062
2008-10-06,20.79166603088379,16.786474227905273,22.149988174438477,84.27999877929688
2008-10-07,20.346664428710938,15.805597305297852,21.288063049316406,87.2699966430664
2008-10-08,19.544086456298828,15.642901420593262,20.755855560302734,89.41999816894531
2008-10-09,19.591758728027344,14.847968101501465,19.24603271484375,89.9000015258789
2008-10-10,19.071279525756836,14.792181015014648,18.441936492919922,83.22000122070312
2008-10-13,19.079227447509766,16.168201446533203,21.675647735595703,81.98999786376953
2008-10-14,19.500377655029297,15.805597305297852,21.10294532775879,82.19999694824219
2008-10-15,20.052648544311523,15.26635456085205,18.690685272216797,83.30999755859375
2008-10-16,19.559980392456055,15.271000862121582,19.53527069091797,79.29000091552734
2008-10-17,19.9930477142334,14.671314239501953,19.29230499267578,77.20999908447266
2008-10-20,19.9414005279541,14.759638786315918,20.258365631103516,78.5
2008-10-21,19.802343368530273,14.457474708557129,19.01463508605957,76.02999877929688
2008-10-22,19.464614868164062,13.829901695251465,17.3948917388916,71.70999908447266
2008-10-23,19.51628303527832,13.123294830322266,17.741975784301758,70.6500015258789
2008-10-24,19.289798736572266,12.602643966674805,16.752771377563477,72.20999908447266
2008-10-27,19.174575805664062,11.868149757385254,15.94290542602539,72.18000030517578
2008-10-28,19.170602798461914,12.53756332397461,18.089078903198242,73.79000091552734
2008-10-29,19.460641860961914,13.053568840026855,18.297313690185547,74.0
2008-10-30,19.647382736206055,13.574222564697266,18.65019416809082,72.70999908447266
2008-10-31,19.528188705444336,13.527734756469727,19.060924530029297,71.33999633789062
2008-11-03,19.47879409790039,13.681140899658203,18.748531341552734,71.0999984741211
2008-11-04,19.681949615478516,14.322664260864258,20.5476016998291,75.4800033569336
2008-11-05,19.7297420501709,14.234336853027344,19.28073501586914,72.80000305175781
2008-11-06,19.681949615478516,13.430107116699219,18.002290725708008,72.22000122070312
2008-11-07,19.765602111816406,13.55562973022461,19.19974708557129,72.5
2008-11-10,19.709835052490234,13.490548133850098,18.783246994018555,73.58000183105469
2008-11-11,19.522602081298828,13.2627592086792,17.996511459350586,72.05000305175781
2008-11-12,19.51862335205078,12.379507064819336,17.01887321472168,70.0
2008-11-13,19.69788932800293,13.076807975769043,18.742753982543945,72.1500015258789
2008-11-14,19.658056259155273,12.602643966674805,17.533729553222656,73.30000305175781
2008-11-17,19.61821174621582,12.300477027893066,17.128787994384766,72.6500015258789
2008-11-18,19.546520233154297,12.263287544250488,17.21556282043457,72.51000213623047
2008-11-19,19.47879409790039,11.714743614196777,16.041248321533203,72.26000213623047
2008-11-20,19.59829330444336,10.826838493347168,15.24294662475586,73.44999694824219
2008-11-21,19.51862335205078,11.533441543579102,15.966046333312988,78.8499984741211
2008-11-24,19.897045135498047,11.542738914489746,17.418033599853516,80.91000366210938
2008-11-25,20.155975341796875,11.733338356018066,17.776689529418945,80.87000274658203
2008-11-26,20.116146087646484,11.970417976379395,17.817174911499023,80.37999725341797
2008-11-28,20.036474227905273,11.970417976379395,17.71305274963379,80.30999755859375
2008-12-01,20.105148315429688,11.26846694946289,16.116451263427734,75.6500015258789
2008-12-02,20.216947555541992,11.403275489807129,17.21556282043457,76.94999694824219
2008-12-03,20.224946975708008,11.742630004882812,17.377532958984375,76.18000030517578
2008-12-04,20.157060623168945,11.561334609985352,16.943679809570312,75.5
2008-12-05,20.069215774536133,11.672901153564453,17.047809600830078,74.5199966430664
2008-12-08,20.324769973754883,11.88674545288086,18.14113426208496,76.19999694824219
2008-12-09,20.28484344482422,12.086637496948242,18.04857635498047,76.33000183105469
2008-12-10,20.328767776489258,12.435286521911621,18.736963272094727,79.75
2008-12-11,20.688138961791992,12.597994804382324,18.702255249023438,80.6500015258789
2008-12-12,20.67216682434082,12.467829704284668,18.783246994018555,80.80999755859375
2008-12-15,20.983627319335938,12.579395294189453,18.88158416748047,82.5999984741211
2008-12-16,21.638500213623047,13.169785499572754,20.27572250366211,84.45999908447266
2008-12-17,22.1296443939209,13.15119457244873,20.188945770263672,85.43000030517578
2008-12-18,21.92997932434082,13.016378402709961,19.598892211914062,83.87000274658203
2008-12-19,21.69439697265625,12.551506996154785,19.188264846801758,82.62999725341797
2008-12-22,21.742313385009766,13.558959007263184,18.949798583984375,83.45999908447266
2008-12-23,21.73433494567871,12.54788589477539,18.955604553222656,82.62999725341797
2008-12-24,21.742313385009766,12.744913101196289,19.04867172241211,83.45999908447266
2008-12-26,21.722349166870117,12.864166259765625,19.106830596923828,85.5999984741211
2008-12-29,21.87598991394043,12.993793487548828,19.095195770263672,86.3499984741211
2008-12-30,21.92802619934082,12.90046501159668,19.8687801361084,85.9000015258789
2008-12-31,21.767976760864258,13.092310905456543,19.979291915893555,86.5199966430664
2009-01-02,21.587900161743164,13.37749195098877,20.3166446685791,86.2300033569336
2009-01-05,21.327804565429688,13.232303619384766,19.798986434936523,84.4800033569336
2009-01-06,20.927663803100586,13.636740684509277,19.96765899658203,85.12999725341797
2009-01-07,21.243785858154297,13.693777084350586,19.69428253173828,82.75
2009-01-08,21.419828414916992,13.6834077835083,19.892047882080078,84.45999908447266
2009-01-09,21.287792205810547,13.320452690124512,19.002138137817383,83.91999816894531
2009-01-12,21.16773796081543,13.045647621154785,18.571727752685547,80.76000213623047
2009-01-13,20.935657501220703,12.610099792480469,18.222740173339844,80.87999725341797
2009-01-14,20.85563087463379,12.511579513549805,17.268857955932617,79.79000091552734
2009-01-15,20.88364601135254,12.661948204040527,17.22232437133789,80.38999938964844
2009-01-16,20.947650909423828,12.454546928405762,17.449161529541016,82.70999908447266
2009-01-20,20.547521591186523,11.26197338104248,15.954350471496582,84.5199966430664
2009-01-21,20.563512802124023,11.853081703186035,16.75119972229004,84.1500015258789
2009-01-22,20.567522048950195,11.624938011169434,16.280067443847656,84.58000183105469
2009-01-23,20.467479705810547,11.2879056930542,16.128843307495117,88.52999877929688
2009-01-26,20.447481155395508,11.609380722045898,16.594152450561523,88.94999694824219
2009-01-27,20.651554107666016,11.713080406188965,16.809362411499023,88.37999725341797
2009-01-28,20.695579528808594,12.23677921295166,17.530595779418945,87.41999816894531
2009-01-29,20.563512802124023,11.884190559387207,16.60578727722168,89.5
2009-01-30,20.30743408203125,11.837522506713867,16.332408905029297,91.30999755859375
2009-02-02,20.356365203857422,11.578269958496094,16.25098991394043,88.83999633789062
2009-02-03,20.43658447265625,11.733819007873535,16.838449478149414,88.47000122070312
2009-02-04,20.3363094329834,11.821968078613281,16.658130645751953,89.18000030517578
2009-02-05,20.248064041137695,12.091588973999023,16.902427673339844,90.12000274658203
2009-02-06,20.276145935058594,12.371582984924316,17.396814346313477,89.58999633789062
2009-02-09,20.416528701782227,12.776018142700195,17.5247745513916,88.31999969482422
2009-02-10,20.416528701782227,12.35084342956543,16.448745727539062,90.20999908447266
2009-02-11,20.43658447265625,12.304176330566406,16.687219619750977,92.29000091552734
2009-02-12,20.356365203857422,12.335294723510742,16.55925941467285,93.16999816894531
2009-02-13,20.300207138061523,12.542693138122559,16.390581130981445,92.55000305175781
2009-02-17,19.879037857055664,11.55752944946289,15.227302551269531,95.44999694824219
2009-02-18,19.794811248779297,11.526416778564453,15.20984935760498,96.91000366210938
2009-02-19,19.762718200683594,11.884190559387207,15.163322448730469,95.7699966430664
2009-02-20,20.131744384765625,11.370863914489746,14.872503280639648,97.80000305175781
2009-02-23,19.975313186645508,11.070133209228516,14.221067428588867,97.7300033569336
2009-02-24,20.01541519165039,11.2930908203125,14.88413143157959,94.7300033569336
2009-02-25,19.818876266479492,11.13753604888916,14.453729629516602,93.1500015258789
2009-02-26,19.73063850402832,11.298276901245117,14.395556449890137,93.05999755859375
2009-02-27,19.630367279052734,11.199759483337402,14.30250072479248,92.62999725341797
2009-03-02,19.525426864624023,10.577548027038574,13.406767845153809,90.93000030517578
2009-03-03,19.400814056396484,10.561996459960938,13.494012832641602,90.04000091552734
2009-03-04,19.45306968688965,10.8627290725708,14.034944534301758,88.98999786376953
2009-03-05,19.469152450561523,10.530884742736816,13.296262741088867,91.98999786376953
2009-03-06,19.416887283325195,10.453108787536621,13.2380952835083,92.29000091552734
2009-03-09,19.517383575439453,10.157561302185059,12.95891284942627,90.56999969482422
2009-03-10,19.577701568603516,10.541252136230469,13.976780891418457,88.13999938964844
2009-03-11,19.86713218688965,10.639771461486816,14.128005027770996,89.22000122070312
2009-03-12,20.0198974609375,10.629402160644531,14.756180763244629,91.0999984741211
2009-03-13,19.98773956298828,10.94050407409668,14.779440879821777,91.30000305175781
2009-03-16,20.044023513793945,11.03902816772461,14.948114395141602,90.80000305175781
2009-03-17,20.064119338989258,11.215316772460938,15.2854642868042,90.04000091552734
2009-03-18,20.739486694335938,11.573081016540527,15.803131103515625,93.08999633789062
2009-03-19,21.024913787841797,11.55752944946289,15.849656105041504,94.3499984741211
2009-03-20,20.900297164916992,11.319013595581055,15.643913269042969,93.58999633789062
2009-03-23,21.057077407836914,11.953056335449219,16.90871238708496,92.08000183105469
2009-03-24,20.70330810546875,11.85357666015625,16.27922248840332,90.94999694824219
2009-03-25,20.87618064880371,11.78028392791748,16.69305419921875,91.9800033569336
2009-03-26,20.79176139831543,12.078714370727539,16.856252670288086,91.93000030517578
2009-03-27,20.622913360595703,11.727925300598145,16.086885452270508,90.69000244140625
2009-03-30,20.542518615722656,11.392839431762695,15.195108413696289,89.9800033569336
2009-03-31,20.56260108947754,11.71221923828125,15.824593544006348,90.27999877929688
2009-04-01,20.602798461914062,11.92164134979248,16.133512496948242,91.02999877929688
2009-04-02,20.683212280273438,12.565633773803711,16.984479904174805,88.80000305175781
2009-04-03,20.743501663208008,12.87453842163086,17.287569046020508,87.58999633789062
2009-04-06,20.58673667907715,12.706995010375977,16.73384666442871,85.2699966430664
2009-04-07,20.542518615722656,12.64940071105957,16.32002067565918,86.73999786376953
2009-04-08,20.53847885131836,12.476622581481934,16.611448287963867,86.61000061035156
2009-04-09,20.361597061157227,12.9059476852417,17.124370574951172,86.30999755859375
2009-04-13,20.70732879638672,13.005428314208984,17.334192276000977,87.87999725341797
2009-04-14,20.72340202331543,13.005428314208984,17.170997619628906,87.37000274658203
2009-04-15,20.70330810546875,13.335271835327148,17.369169235229492,87.5
2009-04-16,20.61085319519043,13.413812637329102,17.549856185913086,85.80999755859375
2009-04-17,20.401813507080078,13.492344856262207,17.53236961364746,85.22000122070312
2009-04-20,20.341493606567383,12.733175277709961,16.512367248535156,86.94999694824219
2009-04-21,20.4339599609375,12.963541030883789,16.955345153808594,86.88999938964844
2009-04-22,20.393760681152344,13.22008991241455,16.87956428527832,87.37999725341797
2009-04-23,20.634967803955078,13.497584342956543,17.26425552368164,88.80000305175781
2009-04-24,20.8601016998291,13.717475891113281,17.75968360900879,89.72000122070312
2009-04-27,20.514371871948242,13.61276626586914,17.357511520385742,89.01000213623047
2009-04-28,20.80381202697754,13.581348419189453,17.270084381103516,87.75
2009-04-29,20.835960388183594,14.026388168334961,17.800479888916016,88.33000183105469
2009-04-30,20.74753189086914,14.099685668945312,18.021968841552734,87.2699966430664
2009-05-01,20.864110946655273,14.366704940795898,18.167678833007812,86.94999694824219
2009-05-04,20.99275016784668,14.953103065490723,18.907915115356445,88.63999938964844
2009-05-05,20.98471450805664,14.947869300842285,18.63979721069336,88.25
2009-05-06,21.069129943847656,15.183475494384766,19.100252151489258,89.54000091552734
2009-05-07,20.896265029907227,15.078756332397461,18.79717254638672,89.44000244140625
2009-05-08,21.24602699279785,15.424308776855469,19.70642852783203,89.9800033569336
2009-05-11,21.25003433227539,15.424308776855469,19.205175399780273,89.69000244140625
2009-05-12,21.254060745239258,15.026402473449707,19.286771774291992,90.69999694824219
2009-05-13,21.326417922973633,14.429532051086426,18.575679779052734,91.08999633789062
2009-05-14,21.366621017456055,14.539483070373535,18.785512924194336,91.02999877929688
2009-05-15,21.169633865356445,14.628491401672363,18.47077178955078,91.55000305175781
2009-05-18,21.306310653686523,15.015928268432617,19.391681671142578,90.36000061035156
2009-05-19,21.310344696044922,15.612796783447266,19.595685958862305,90.95999908447266
2009-05-20,21.59575843811035,15.874584197998047,19.78802490234375,92.25
2009-05-21,21.724407196044922,15.597090721130371,19.76471519470215,93.8499984741211
2009-05-22,21.76862335205078,15.853635787963867,19.951221466064453,94.1500015258789
2009-05-26,21.744503021240234,15.649443626403809,20.4000301361084,93.76000213623047
2009-05-27,21.64400291442871,15.654681205749512,19.910430908203125,93.44999694824219
2009-05-28,21.52340316772461,15.78557300567627,20.283456802368164,94.23999786376953
2009-05-29,21.86109733581543,15.837933540344238,20.563222885131836,96.19999694824219
2009-06-01,21.853044509887695,16.27773094177246,21.116941452026367,95.7300033569336
2009-06-02,21.993743896484375,16.74370574951172,21.350082397460938,96.36000061035156
2009-06-03,21.79676055908203,16.094484329223633,20.6564884185791,94.41000366210938
2009-06-04,21.76460838317871,16.272493362426758,20.88380241394043,96.2300033569336
2009-06-05,21.342512130737305,16.13636589050293,20.510770797729492,93.70999908447266
2009-06-08,21.426921844482422,16.021183013916016,20.365055084228516,93.55999755859375
2009-06-09,21.627925872802734,16.24108123779297,20.691463470458984,93.83000183105469
2009-06-10,21.39877700805664,16.220134735107422,20.551572799682617,93.86000061035156
2009-06-11,21.64801788330078,16.50286102294922,20.82552146911621,93.69999694824219
2009-06-12,21.635955810546875,16.22536277770996,20.808027267456055,92.16999816894531
2009-06-15,21.430953979492188,15.696566581726074,19.799684524536133,91.0999984741211
2009-06-16,21.479190826416016,15.754158020019531,19.578201293945312,91.93000030517578
2009-06-17,21.67214584350586,15.460960388183594,19.566547393798828,92.3499984741211
2009-06-18,21.55959129333496,15.387663841247559,19.67729377746582,91.61000061035156
2009-06-19,21.61585807800293,15.387663841247559,19.90134620666504,91.9000015258789
2009-06-22,21.54751968383789,14.707803726196289,19.278295516967773,90.54000091552734
2009-06-23,21.820880889892578,15.06732177734375,19.535907745361328,90.91999816894531
2009-06-24,21.684206008911133,15.072690963745117,19.6916561126709,91.44999694824219
2009-06-25,21.828916549682617,15.20146656036377,20.057098388671875,92.30999755859375
2009-06-26,21.973648071289062,15.496590614318848,19.835439682006836,92.29000091552734
2009-06-29,21.937458038330078,15.646834373474121,20.1529541015625,92.04000091552734
2009-06-30,21.973648071289062,15.437568664550781,19.949262619018555,91.18000030517578
2009-07-01,22.07415771484375,15.437568664550781,20.284748077392578,92.38999938964844
2009-07-02,21.989734649658203,15.249760627746582,19.619770050048828,91.25
2009-07-06,22.046016693115234,14.992198944091797,19.51193618774414,90.76000213623047
2009-07-07,21.845003128051758,14.943909645080566,18.936824798583984,90.70999908447266
2009-07-08,21.973648071289062,14.3804931640625,18.781063079833984,89.2699966430664
2009-07-09,22.154552459716797,14.5683012008667,19.158483505249023,89.51000213623047
2009-07-10,22.126413345336914,14.60049057006836,18.90687370300293,89.58000183105469
2009-07-13,22.090232849121094,14.680978775024414,19.46401023864746,90.19000244140625
2009-07-14,22.029935836791992,15.00292682647705,19.565858840942383,90.80999755859375
2009-07-15,22.146503448486328,15.31951904296875,20.464473724365234,92.23999786376953
2009-07-16,22.19473648071289,15.36781120300293,20.716083526611328,91.9800033569336
2009-07-17,22.130422592163086,15.469764709472656,20.626222610473633,91.93000030517578
2009-07-20,22.21886444091797,15.528786659240723,21.045568466186523,93.27999877929688
2009-07-21,22.279172897338867,15.571714401245117,21.063552856445312,93.12999725341797
2009-07-22,22.31937599182129,15.931224822998047,21.195344924926758,93.44000244140625
2009-07-23,22.23495864868164,16.129756927490234,21.632671356201172,93.26000213623047
2009-07-24,22.363590240478516,16.156591415405273,21.830366134643555,93.41000366210938
2009-07-27,22.34349822998047,16.339025497436523,21.878286361694336,93.70999908447266
2009-07-28,22.351531982421875,16.070741653442383,21.758481979370117,92.11000061035156
2009-07-29,22.238971710205078,15.86683464050293,21.62067985534668,91.19999694824219
2009-07-30,22.186702728271484,16.392690658569336,21.974140167236328,91.62000274658203
2009-07-31,22.661090850830078,16.634153366088867,22.2676944732666,93.3499984741211
2009-08-03,22.67314338684082,17.32097816467285,22.734968185424805,93.87000274658203
2009-08-04,22.636964797973633,17.385372161865234,22.866769790649414,94.68000030517578
2009-08-05,22.753536224365234,17.594642639160156,22.639116287231445,94.77999877929688
2009-08-06,22.59273910522461,17.594642639160156,22.477373123168945,94.5999984741211
2009-08-07,22.331445693969727,17.428295135498047,22.72298812866211,93.75
2009-08-10,22.283187866210938,17.43366813659668,22.489351272583008,92.93000030517578
2009-08-11,22.267112731933594,17.23512077331543,22.261701583862305,92.79000091552734
2009-08-12,22.39977264404297,17.487323760986328,22.65110206604004,92.94999694824219
2009-08-13,22.4641056060791,17.803909301757812,22.890735626220703,93.72000122070312
2009-08-14,22.51634979248047,17.82537269592285,22.62114715576172,93.0
2009-08-17,22.452043533325195,17.24048614501953,21.704559326171875,91.61000061035156
2009-08-18,22.439979553222656,17.567811965942383,21.962173461914062,92.05999755859375
2009-08-19,22.604801177978516,17.524883270263672,22.24972152709961,92.52999877929688
2009-08-20,22.677165985107422,17.970252990722656,22.453401565551758,92.2699966430664
2009-08-21,22.749515533447266,18.3780517578125,23.184288024902344,93.6500015258789
2009-08-24,22.761577606201172,18.501468658447266,23.35202980041504,92.33999633789062
2009-08-25,22.733440399169922,18.60342025756836,23.627599716186523,92.76000213623047
2009-08-26,22.66912078857422,18.71609878540039,23.5197696685791,92.79000091552734
2009-08-27,22.809816360473633,18.64098358154297,23.831279754638672,93.19000244140625
2009-08-28,22.72941780090332,18.80731964111328,23.663545608520508,93.87000274658203
2009-08-31,22.833932876586914,18.742923736572266,23.54372215270996,93.4000015258789
2009-09-01,22.6289119720459,18.243906021118164,22.717008590698242,93.9000015258789
2009-09-02,22.701274871826172,17.921958923339844,22.746963500976562,96.19000244140625
2009-09-03,22.793739318847656,18.179513931274414,22.908710479736328,97.45999908447266
2009-09-04,22.89022445678711,18.38340950012207,23.429901123046875,97.52999877929688
2009-09-08,23.131431579589844,19.365367889404297,23.819303512573242,97.43000030517578
2009-09-09,23.131431579589844,19.6336612701416,24.3045597076416,97.08000183105469
2009-09-10,23.095245361328125,19.7463436126709,24.484277725219727,97.69999694824219
2009-09-11,23.231924057006836,19.86440086364746,24.43635368347168,98.77999877929688
2009-09-14,23.368606567382812,19.853666305541992,24.61606788635254,97.95999908447266
2009-09-15,23.404787063598633,20.09513282775879,24.74188995361328,98.9000015258789
2009-09-16,23.44900894165039,20.400981903076172,25.25708770751953,99.91000366210938
2009-09-17,23.481164932250977,20.551225662231445,25.107328414916992,99.33999633789062
2009-09-18,23.388710021972656,20.513668060302734,25.1967830657959,98.66999816894531
2009-09-21,23.19976234436035,20.100322723388672,24.99262046813965,98.36000061035156
2009-09-22,23.489212036132812,20.43488121032715,25.328903198242188,99.66999816894531
2009-09-23,23.44097137451172,20.278406143188477,24.99262046813965,98.83000183105469
2009-09-24,23.256053924560547,19.911457061767578,24.638324737548828,97.55000305175781
2009-09-25,23.400760650634766,19.717208862304688,24.584285736083984,97.0
2009-09-28,23.473121643066406,19.943849563598633,25.136741638183594,97.05000305175781
2009-09-29,23.416851043701172,20.019393920898438,24.980613708496094,97.43000030517578
2009-09-30,23.489212036132812,19.87908935546875,24.81847381591797,98.8499984741211
2009-10-01,23.368606567382812,19.436616897583008,24.067853927612305,97.88999938964844
2009-10-02,23.461063385009766,19.236949920654297,23.833663940429688,98.37000274658203
2009-10-05,23.50528907775879,19.479772567749023,24.308048248291016,99.81999969482422
2009-10-06,23.573633193969727,19.9168643951416,24.87852668762207,102.27999877929688
2009-10-07,23.625898361206055,19.95463752746582,24.782453536987305,102.36000061035156
2009-10-08,23.822874069213867,20.332355499267578,25.12473487854004,103.63999938964844
2009-10-09,23.593732833862305,20.24602508544922,25.106712341308594,102.83999633789062
2009-10-12,23.714319229125977,20.45646858215332,25.412973403930664,103.55999755859375
2009-10-13,23.72639274597168,20.375530242919922,25.274852752685547,104.26000213623047
2009-10-14,23.774635314941406,20.850374221801758,26.121562957763672,104.18000030517578
2009-10-15,23.67815399169922,21.19572639465332,26.151588439941406,102.86000061035156
2009-10-16,23.5897159576416,21.001455307006836,25.539077758789062,103.18000030517578
2009-10-19,23.758548736572266,21.15255355834961,26.049495697021484,104.2300033569336
2009-10-20,23.77062225341797,21.006860733032227,25.809297561645508,103.41999816894531
2009-10-21,23.77865982055664,21.082406997680664,25.79127311706543,103.75
2009-10-22,23.798757553100586,21.141769409179688,26.067514419555664,103.91999816894531
2009-10-23,23.690216064453125,20.888153076171875,25.665184020996094,103.48999786376953
2009-10-26,23.477149963378906,20.397109985351562,24.980613708496094,101.86000061035156
2009-10-27,23.509309768676758,20.116512298583984,24.73440933227539,101.8499984741211
2009-10-28,23.428911209106445,19.361068725585938,24.055849075317383,100.7300033569336
2009-10-29,23.493223190307617,19.970821380615234,24.962602615356445,102.69000244140625
2009-10-30,23.517351150512695,19.112838745117188,23.81565284729004,102.52999877929688
2009-11-02,23.509309768676758,19.43121910095215,23.94175910949707,103.94999694824219
2009-11-03,23.420862197875977,19.280122756958008,23.767621994018555,106.45999908447266
2009-11-04,23.513322830200195,19.781963348388672,24.181955337524414,107.0999984741211
2009-11-05,23.5897159576416,20.181272506713867,24.674362182617188,106.9800033569336
2009-11-06,23.60579490661621,20.208242416381836,24.548261642456055,107.43000030517578
2009-11-09,23.851028442382812,20.7640323638916,25.4730224609375,108.19000244140625
2009-11-10,23.879150390625,20.612958908081055,25.40095329284668,108.38999938964844
2009-11-11,23.951513290405273,20.666912078857422,25.569091796875,109.5999984741211
2009-11-12,23.66608238220215,20.326961517333984,25.154756546020508,108.20999908447266
2009-11-13,23.907297134399414,20.56978416442871,25.599123001098633,109.73999786376953
2009-11-16,24.00779914855957,21.157957077026367,25.899372100830078,111.62999725341797
2009-11-17,23.923389434814453,21.12017822265625,25.737239837646484,111.97000122070312
2009-11-18,23.959556579589844,21.055431365966797,25.84531593322754,112.25
2009-11-19,23.935428619384766,20.607553482055664,25.44298553466797,112.30000305175781
2009-11-20,23.838945388793945,20.294586181640625,25.022647857666016,112.94000244140625
2009-11-23,23.951513290405273,20.521217346191406,25.62314224243164,114.29000091552734
2009-11-24,23.979656219482422,20.650732040405273,25.68318748474121,114.7300033569336
2009-11-25,24.21281623840332,20.710081100463867,26.07952117919922,116.62000274658203
2009-11-27,24.084169387817383,20.154279708862305,25.01064109802246,115.05999755859375
2009-11-30,24.228912353515625,19.965425491333008,25.0406494140625,115.63999938964844
2009-12-01,24.36557388305664,20.4996337890625,25.70720672607422,117.37999725341797
2009-12-02,24.313318252563477,20.710081100463867,25.809297561645508,119.18000030517578
2009-12-03,24.18467903137207,20.553590774536133,25.557086944580078,118.69999694824219
2009-12-04,23.83091926574707,20.267602920532227,25.563091278076172,113.75
2009-12-07,23.859060287475586,20.24062728881836,25.406965255737305,113.11000061035156
2009-12-08,23.77865982055664,19.765777587890625,24.80046844482422,110.94999694824219
2009-12-09,23.83091926574707,19.7603702545166,24.66835594177246,110.83999633789062
2009-12-10,23.750511169433594,19.625473022460938,24.83048439025879,110.81999969482422
2009-12-11,23.52136993408203,19.61467742919922,24.944581985473633,109.31999969482422
2009-12-14,23.682178497314453,19.776561737060547,25.09470558166504,110.23999786376953
2009-12-15,23.481164932250977,19.576913833618164,24.848508834838867,110.20999908447266
2009-12-16,23.408809661865234,19.598491668701172,25.274852752685547,111.58999633789062
2009-12-17,23.191726684570312,19.420425415039062,24.572277069091797,107.33999633789062
2009-12-18,23.139461517333984,19.42582130432129,24.511892318725586,108.94999694824219
2009-12-21,23.00277328491211,19.452922821044922,24.892261505126953,106.94999694824219
2009-12-22,22.950519561767578,19.534229278564453,25.031116485595703,106.16999816894531
2009-12-23,23.04700469970703,19.70766830444336,25.326950073242188,106.55000305175781
2009-12-24,22.9947452545166,19.756441116333008,25.39940071105957,108.36000061035156
2009-12-28,23.06308364868164,19.821481704711914,25.59260368347168,108.55000305175781
2009-12-29,22.945966720581055,19.886524200439453,25.59260368347168,107.47000122070312
2009-12-30,22.925783157348633,19.94614601135254,25.339027404785156,106.93000030517578
2009-12-31,22.950008392333984,19.783544540405273,25.043197631835938,107.30999755859375
2010-01-04,23.01462173461914,20.2713680267334,25.900510787963867,109.80000305175781
2010-01-05,23.123653411865234,20.363496780395508,25.77975845336914,109.69999694824219
2010-01-06,23.083276748657227,20.49358367919922,25.7435302734375,111.51000213623047
2010-01-07,22.950008392333984,20.639930725097656,25.665042877197266,110.81999969482422
2010-01-08,23.083276748657227,20.84589958190918,25.864274978637695,111.37000274658203
2010-01-11,23.24480628967285,21.10064125061035,26.021257400512695,112.8499984741211
2010-01-12,23.256927490234375,20.921781539916992,25.568449020385742,110.48999786376953
2010-01-13,23.333662033081055,20.965139389038086,25.809947967529297,111.54000091552734
2010-01-14,23.361927032470703,20.992246627807617,25.924652099609375,112.02999877929688
2010-01-15,23.329626083374023,20.90009307861328,25.133752822875977,110.86000061035156
2010-01-19,23.232685089111328,20.970563888549805,25.435623168945312,111.5199966430664
2010-01-20,22.881357192993164,20.477327346801758,24.584354400634766,108.94000244140625
2010-01-21,22.990398406982422,20.103334426879883,23.739116668701172,107.37000274658203
2010-01-22,23.006549835205078,19.702239990234375,23.364795684814453,107.16999816894531
2010-01-25,22.970203399658203,19.94072914123535,23.52780532836914,107.4800033569336
2010-01-26,22.98636245727539,19.7185115814209,23.467435836791992,107.55999755859375
2010-01-27,22.881357192993164,19.919052124023438,23.41912841796875,106.52999877929688
2010-01-28,22.800594329833984,19.756441116333008,22.86972999572754,106.4800033569336
2010-01-29,22.61482048034668,19.333677291870117,22.604080200195312,105.95999908447266
2010-02-01,22.657344818115234,19.534229278564453,23.189714431762695,108.3499984741211
2010-02-02,22.754552841186523,20.022031784057617,23.624406814575195,109.12999725341797
2010-02-03,22.681650161743164,19.984094619750977,23.310461044311523,108.69999694824219
2010-02-04,22.547998428344727,19.2198543548584,21.927888870239258,104.37000274658203
2010-02-05,22.377878189086914,18.585683822631836,21.54753303527832,104.68000030517578
2010-02-08,22.3859806060791,18.493549346923828,21.354337692260742,104.04000091552734
2010-02-09,22.580392837524414,19.106033325195312,22.235794067382812,105.41000366210938
2010-02-10,22.572288513183594,18.694093704223633,22.05466651916504,105.12000274658203
2010-02-11,22.60874366760254,18.981369018554688,21.964113235473633,107.12999725341797
2010-02-12,22.543930053710938,18.88380241394043,21.758840560913086,107.04000091552734
2010-02-16,22.697853088378906,19.2469482421875,22.435029983520508,109.62000274658203
2010-02-17,22.612804412841797,19.32282829284668,22.380695343017578,109.25
2010-02-18,22.59660530090332,19.23069190979004,22.573877334594727,109.9800033569336
2010-02-19,22.50345230102539,19.19816780090332,22.507478713989258,109.47000122070312
2010-02-22,22.616851806640625,19.425825119018555,22.44107437133789,109.06999969482422
2010-02-23,22.633060455322266,19.1927433013916,21.89166259765625,107.88999938964844
2010-02-24,22.714052200317383,19.100608825683594,22.066755294799805,107.36000061035156
2010-02-25,22.71001434326172,19.008466720581055,21.831287384033203,108.30999755859375
2010-02-26,22.66950798034668,19.11144256591797,22.102975845336914,109.43000030517578
2010-03-01,22.527746200561523,18.970523834228516,22.47728157043457,109.43000030517578
2010-03-02,22.641170501708984,19.19816780090332,22.525602340698242,111.0199966430664
2010-03-03,22.762662887573242,19.268627166748047,22.82141876220703,111.62999725341797
2010-03-04,22.641170501708984,19.404129028320312,22.74897575378418,110.83000183105469
2010-03-05,22.624958038330078,19.734758377075195,23.358749389648438,110.80999755859375
2010-03-08,22.677614212036133,19.837749481201172,23.41912841796875,109.87999725341797
2010-03-09,22.60874366760254,19.626361846923828,23.268186569213867,109.72000122070312
2010-03-10,22.657344818115234,19.767284393310547,23.53989028930664,108.47000122070312
2010-03-11,22.746471405029297,19.94072914123535,23.570070266723633,108.5999984741211
2010-03-12,22.87201499938965,20.168380737304688,23.6485538482666,107.94999694824219
2010-03-15,22.884180068969727,19.989511489868164,23.473464965820312,108.36000061035156
2010-03-16,22.997575759887695,20.293041229248047,23.817596435546875,110.4000015258789
2010-03-17,23.094772338867188,20.401443481445312,23.926267623901367,109.58999633789062
2010-03-18,22.97731590270996,20.330984115600586,23.69081687927246,110.33999633789062
2010-03-19,22.880123138427734,20.02745246887207,23.333559036254883,108.27999877929688
2010-03-22,22.851764678955078,20.18463706970215,23.363780975341797,107.75
2010-03-23,22.884180068969727,20.173791885375977,23.46050453186035,108.31999969482422
2010-03-24,22.616851806640625,19.886524200439453,23.06153106689453,106.30000305175781
2010-03-25,22.3859806060791,19.935306549072266,23.146162033081055,106.77999877929688
2010-03-26,22.454832077026367,20.23883628845215,23.412137985229492,108.58999633789062
2010-03-29,22.53584098815918,20.219276428222656,23.629758834838867,108.75
2010-03-30,22.580392837524414,20.317087173461914,23.50885772705078,107.97000122070312
2010-03-31,22.66545867919922,20.382291793823242,23.5148983001709,108.94999694824219
2010-04-01,22.673559188842773,20.81700325012207,24.0831241607666,110.26000213623047
2010-04-05,22.556102752685547,20.822433471679688,24.077089309692383,110.88999938964844
2010-04-06,22.515596389770508,20.909372329711914,23.865514755249023,111.02999877929688
2010-04-07,22.495338439941406,20.811565399169922,23.52094841003418,112.48999786376953
2010-04-08,22.479141235351562,21.039796829223633,23.436315536499023,112.6500015258789
2010-04-09,22.53584098815918,21.13216209411621,23.980363845825195,113.63999938964844
2010-04-12,22.633060455322266,21.284303665161133,24.282609939575195,113.01000213623047
2010-04-13,22.71809959411621,21.278871536254883,24.2463436126709,112.69000244140625
2010-04-14,22.746471405029297,21.56686782836914,24.5123291015625,113.02999877929688
2010-04-15,22.612804412841797,21.56142807006836,24.38538360595703,113.6500015258789
2010-04-16,22.568246841430664,21.224536895751953,23.732524871826172,111.23999786376953
2010-04-19,22.560144424438477,21.045215606689453,23.696250915527344,111.1500015258789
2010-04-20,22.633060455322266,21.219106674194336,23.841333389282227,111.45999908447266
2010-04-21,22.57634162902832,21.186506271362305,23.4907283782959,112.30999755859375
2010-04-22,22.394088745117188,21.045215606689453,23.134077072143555,111.83999633789062
2010-04-23,22.398134231567383,21.322338104248047,23.315420150756836,113.19000244140625
2010-04-26,22.410287857055664,21.371259689331055,23.345645904541016,112.75
2010-04-27,22.21587562561035,20.626819610595703,21.97948455810547,114.62999725341797
2010-04-28,22.053855895996094,20.192106246948242,21.90089988708496,114.30999755859375
2010-04-29,22.138912200927734,20.64854621887207,22.293819427490234,114.27999877929688
2010-04-30,22.337387084960938,20.501840591430664,22.160842895507812,115.36000061035156
2010-05-03,22.163225173950195,20.719192504882812,22.269634246826172,115.7300033569336
2010-05-04,22.00525665283203,20.039958953857422,21.042526245117188,114.87000274658203
2010-05-05,21.713626861572266,19.46397590637207,20.516603469848633,115.08999633789062
2010-05-06,21.454425811767578,18.034879684448242,19.52522850036621,118.48999786376953
2010-05-07,21.51113510131836,17.92076873779297,19.144397735595703,118.2699966430664
2010-05-10,21.782480239868164,19.154251098632812,21.217815399169922,117.56999969482422
2010-05-11,21.835134506225586,18.942331314086914,20.873262405395508,120.66000366210938
2010-05-12,21.746034622192383,19.409637451171875,21.151325225830078,121.4000015258789
2010-05-13,21.584033966064453,19.19771957397461,20.69795036315918,120.55999755859375
2010-05-14,21.48682403564453,18.69237518310547,19.80329704284668,120.37000274658203
2010-05-17,21.37746810913086,18.52935218811035,19.857698440551758,119.36000061035156
2010-05-18,21.215456008911133,17.958803176879883,19.555456161499023,119.48999786376953
2010-05-19,21.454425811767578,18.22506332397461,19.80933952331543,116.62999725341797
2010-05-20,21.567819595336914,17.524097442626953,19.150440216064453,115.83999633789062
2010-05-21,21.636672973632812,17.779489517211914,19.73680877685547,115.22000122070312
2010-05-24,21.53542137145996,17.659940719604492,18.99932289123535,116.83999633789062
2010-05-25,21.559730529785156,17.111120223999023,19.00536346435547,117.36000061035156
2010-05-26,21.312652587890625,17.100261688232422,18.479454040527344,118.47000122070312
2010-05-27,21.434165954589844,17.958803176879883,19.89397430419922,118.69000244140625
2010-05-28,21.523263931274414,17.822959899902344,19.47686767578125,118.87999725341797
2010-06-01,21.620466232299805,17.94793128967285,19.132307052612305,119.91000366210938
2010-06-02,21.422008514404297,18.19245719909668,19.670307159423828,119.77999877929688
2010-06-03,21.300504684448242,18.1652889251709,19.519184112548828,117.95999908447266
2010-06-04,21.308609008789062,17.350215911865234,18.328327178955078,119.19000244140625
2010-06-07,21.16684341430664,17.236101150512695,18.140933990478516,121.48999786376953
2010-06-08,21.260005950927734,17.214374542236328,18.425046920776367,121.0
2010-06-09,21.324804306030273,17.388254165649414,18.358552932739258,120.55999755859375
2010-06-10,21.409862518310547,17.88273811340332,19.343883514404297,118.97000122070312
2010-06-11,21.300504684448242,17.969667434692383,19.561498641967773,120.01000213623047
2010-06-14,21.474668502807617,18.290271759033203,19.77911949157715,119.5999984741211
2010-06-15,21.51113510131836,18.953189849853516,20.69795036315918,120.98999786376953
2010-06-16,21.5313777923584,18.55652618408203,20.49847412109375,120.33000183105469
2010-06-17,21.685283660888672,18.670635223388672,20.631460189819336,121.9000015258789
2010-06-18,21.70148468017578,18.681499481201172,20.6705322265625,122.83000183105469
2010-06-21,21.66504669189453,18.583694458007812,20.53408432006836,120.38999938964844
2010-06-22,21.78653907775879,18.409812927246094,20.267414093017578,121.44999694824219
2010-06-23,21.782480239868164,18.583694458007812,20.385250091552734,120.94999694824219
2010-06-24,21.66504669189453,18.33917236328125,19.858091354370117,121.30000305175781
2010-06-25,21.82703399658203,18.344608306884766,19.994531631469727,122.76000213623047
2010-06-28,21.750089645385742,18.109907150268555,19.882902145385742,121.08999633789062
2010-06-29,21.66504669189453,17.638303756713867,18.983644485473633,121.2699966430664
2010-06-30,21.77034568786621,17.78810691833496,18.958837509155273,121.68000030517578
2010-07-01,21.985004425048828,17.887975692749023,19.337141036987305,117.04000091552734
2010-07-02,22.0741024017334,17.9212646484375,19.14488983154297,118.48999786376953
2010-07-06,22.110559463500977,18.143203735351562,19.69064712524414,116.51000213623047
2010-07-07,22.252328872680664,18.503847122192383,20.620914459228516,117.7300033569336
2010-07-08,22.223979949951172,18.698040008544922,20.78215789794922,117.20999908447266
2010-07-09,22.191572189331055,18.792356491088867,20.862783432006836,118.36000061035156
2010-07-12,22.094362258911133,18.686941146850586,20.757349014282227,117.33999633789062
2010-07-13,22.337387084960938,19.025394439697266,21.247297286987305,118.36000061035156
2010-07-14,22.309032440185547,19.114160537719727,21.296911239624023,118.30000305175781
2010-07-15,22.572288513183594,19.358299255371094,21.45195770263672,118.2300033569336
2010-07-16,22.649248123168945,19.358299255371094,20.775955200195312,116.66999816894531
2010-07-19,22.742412567138672,18.931072235107422,20.974414825439453,115.7300033569336
2010-07-20,22.66950798034668,18.858943939208984,20.8937931060791,116.6500015258789
2010-07-21,22.637104034423828,18.592622756958008,20.385250091552734,115.8499984741211
2010-07-22,22.624958038330078,19.186294555664062,21.296911239624023,116.86000061035156
2010-07-23,22.633060455322266,19.48590660095215,21.563587188720703,116.08999633789062
2010-07-26,22.799114227294922,19.779972076416016,21.82406234741211,115.5199966430664
2010-07-27,22.799114227294922,19.81325912475586,22.01632308959961,113.51000213623047
2010-07-28,22.592557907104492,19.763322830200195,21.898479461669922,113.77999877929688
2010-07-29,23.009733200073242,19.852100372314453,21.954296112060547,114.29000091552734
2010-07-30,23.09882926940918,19.852100372314453,21.830263137817383,115.48999786376953
2010-08-02,23.16769790649414,20.451326370239258,22.779130935668945,115.54000091552734
2010-08-03,23.56056785583496,20.484619140625,22.72331428527832,115.98999786376953
2010-08-04,23.52005958557129,20.479068756103516,22.79774284362793,116.72000122070312
2010-08-05,23.55246925354004,20.60113525390625,22.78533935546875,116.9800033569336
2010-08-06,23.694223403930664,20.590044021606445,22.741924285888672,117.83999633789062
2010-08-09,23.641582489013672,20.678808212280273,22.841144561767578,117.4000015258789
2010-08-10,23.398557662963867,20.523454666137695,22.710906982421875,117.7300033569336
2010-08-11,23.179834365844727,19.513652801513672,21.365131378173828,117.33999633789062
2010-08-12,23.127193450927734,19.413782119750977,21.296911239624023,118.7699966430664
2010-08-13,22.811260223388672,19.441518783569336,21.024030685424805,118.73999786376953
2010-08-16,23.123136520385742,19.491456985473633,21.123262405395508,119.7300033569336
2010-08-17,23.1717472076416,19.80216407775879,21.49536895751953,119.75
2010-08-18,23.394500732421875,19.80216407775879,21.46436309814453,120.22000122070312
2010-08-19,23.337810516357422,19.502553939819336,20.912399291992188,120.38999938964844
2010-08-20,23.11098289489746,19.21403694152832,20.571300506591797,119.97000122070312
2010-08-23,23.046186447143555,19.38603973388672,20.515485763549805,119.77999877929688
2010-08-24,23.163637161254883,18.96990966796875,20.143381118774414,120.36000061035156
2010-08-25,23.31349754333496,18.96990966796875,20.143381118774414,121.36000061035156
2010-08-26,23.43096351623535,18.96990966796875,20.081361770629883,120.95999908447266
2010-08-27,23.402612686157227,19.341651916503906,20.583709716796875,121.01000213623047
2010-08-30,23.443113327026367,18.936614990234375,20.13097381591797,120.91000366210938
2010-08-31,23.495769500732422,19.15299415588379,20.20540428161621,122.08000183105469
2010-09-01,23.422874450683594,19.463720321655273,21.123262405395508,121.69000244140625
2010-09-02,23.463369369506836,19.463720321655273,21.396142959594727,122.29000091552734
2010-09-03,23.451217651367188,19.890933990478516,21.712430953979492,121.86000061035156
2010-09-07,23.398557662963867,19.6745548248291,21.067447662353516,122.69999694824219
2010-09-08,23.216285705566406,19.863197326660156,21.265901565551758,122.70999908447266
2010-09-09,23.13933563232422,19.763322830200195,21.476762771606445,121.55999755859375
2010-09-10,22.880123138427734,20.057392120361328,21.600799560546875,121.7300033569336
2010-09-13,23.439064025878906,20.36809539794922,22.084535598754883,121.62000274658203
2010-09-14,23.649677276611328,20.540096282958984,22.301597595214844,124.0199966430664
2010-09-15,23.349950790405273,20.606678009033203,22.27680015563965,123.94000244140625
2010-09-16,23.495769500732422,20.623329162597656,22.332609176635742,124.62999725341797
2010-09-17,23.34185791015625,20.50681495666504,22.02935791015625,124.54000091552734
2010-09-20,23.305400848388672,20.81281852722168,22.433271408081055,124.87000274658203
2010-09-21,23.54436683654785,21.09708595275879,22.569990158081055,126.01000213623047
2010-09-22,23.831937789916992,21.130521774291992,22.55755615234375,126.19999694824219
2010-09-23,23.99799919128418,20.99118995666504,22.128782272338867,126.30000305175781
2010-09-24,24.058759689331055,21.30331802368164,23.09198760986328,126.69000244140625
2010-09-27,24.19647216796875,21.425931930541992,22.799915313720703,126.72000122070312
2010-09-28,24.2977237701416,21.582012176513672,23.085771560668945,127.8499984741211
2010-09-29,24.26937484741211,21.60430145263672,22.87448501586914,127.94999694824219
2010-09-30,24.28559112548828,21.57643699645996,22.812345504760742,127.91000366210938
2010-10-01,24.38683319091797,21.87742042541504,23.017404556274414,128.91000366210938
2010-10-04,24.382780075073242,21.87742042541504,22.538911819458008,128.4600067138672
2010-10-05,24.642009735107422,22.27315902709961,23.458627700805664,130.99000549316406
2010-10-06,24.885007858276367,22.28431510925293,23.601547241210938,131.80999755859375
2010-10-07,24.856670379638672,22.351198196411133,23.64505386352539,130.3699951171875
2010-10-08,24.929561614990234,22.48497772216797,23.73204803466797,131.66000366210938
2010-10-11,24.945764541625977,22.496124267578125,23.669904708862305,132.2899932861328
2010-10-12,24.87286376953125,22.395801544189453,23.657472610473633,131.9600067138672
2010-10-13,24.90526008605957,22.930883407592773,24.167041778564453,134.07000732421875
2010-10-14,25.128036499023438,23.00892448425293,24.34103775024414,134.75
2010-10-15,24.93363380432129,23.00892448425293,24.291322708129883,133.67999267578125
2010-10-18,24.937671661376953,23.15383529663086,24.409391403198242,134.27999877929688
2010-10-19,24.47188949584961,22.691205978393555,23.719619750976562,130.11000061035156
2010-10-20,24.767560958862305,22.975467681884766,24.309972763061523,131.32000732421875
2010-10-21,24.710840225219727,22.819408416748047,24.390745162963867,129.47000122070312
2010-10-22,24.763498306274414,22.880722045898438,24.452899932861328,129.72999572753906
2010-10-25,24.868816375732422,22.99776840209961,24.415611267089844,130.85000610351562
2010-10-26,24.654150009155273,23.00892448425293,24.26025390625,130.8800048828125
2010-10-27,24.455686569213867,22.7469539642334,23.96196937561035,129.52000427246094
2010-10-28,24.662250518798828,22.986623764038086,24.222978591918945,131.24000549316406
2010-10-29,24.804004669189453,23.19285011291504,24.222978591918945,132.6199951171875
2010-11-01,24.763498306274414,22.813831329345703,23.95576286315918,131.9199981689453
2010-11-02,24.897167205810547,23.24301528930664,24.55232048034668,132.49000549316406
2010-11-03,25.047027587890625,23.4213924407959,24.583393096923828,131.57000732421875
2010-11-04,25.217145919799805,23.744665145874023,25.148874282836914,136.02999877929688
2010-11-05,24.982215881347656,23.52172088623047,24.738746643066406,136.3800048828125
2010-11-08,24.856670379638672,23.4715518951416,24.508813858032227,137.77999877929688
2010-11-09,24.593399047851562,23.070226669311523,24.222978591918945,135.58999633789062
2010-11-10,24.532636642456055,23.215152740478516,24.167041778564453,137.24000549316406
2010-11-11,24.398984909057617,22.763668060302734,23.800397872924805,137.66000366210938
2010-11-12,24.31797218322754,22.546283721923828,23.663686752319336,133.69000244140625
2010-11-15,24.054710388183594,22.574155807495117,23.69475746154785,132.4199981689453
2010-11-16,23.811683654785156,22.05021858215332,23.073347091674805,130.97000122070312
2010-11-17,23.880550384521484,22.161697387695312,23.22248649597168,130.3800048828125
2010-11-18,23.969646453857422,22.568578720092773,23.88740348815918,132.08999633789062
2010-11-19,23.95345115661621,22.657766342163086,23.99925994873047,132.1999969482422
2010-11-22,24.042558670043945,22.49054527282715,23.52076530456543,133.47999572753906
2010-11-23,23.742828369140625,21.88857650756836,22.545133590698242,134.41000366210938
2010-11-24,23.682083129882812,21.98332405090332,22.66320037841797,134.17999267578125
2010-11-26,23.463369369506836,21.866275787353516,22.22199821472168,133.11000061035156
2010-11-29,23.042123794555664,21.498403549194336,21.693788528442383,133.50999450683594
2010-11-30,23.1069278717041,21.19184112548828,21.153152465820312,135.4199981689453
2010-12-01,23.147438049316406,21.849557876586914,22.048002243041992,135.3800048828125
2010-12-02,23.358049392700195,22.295467376708984,22.656982421875,135.1999969482422
2010-12-03,23.572715759277344,22.568578720092773,22.94283676147461,138.07000732421875
2010-12-06,23.55246925354004,22.51842498779297,22.65077018737793,139.11000061035156
2010-12-07,23.32159996032715,22.540721893310547,22.806127548217773,136.5
2010-12-08,23.204139709472656,22.62989044189453,22.986339569091797,134.7899932861328
2010-12-09,23.19605255126953,22.66333770751953,23.160337448120117,135.3699951171875
2010-12-10,23.19605255126953,22.730220794677734,23.15412139892578,135.41000366210938
2010-12-13,23.459318161010742,23.070226669311523,23.458627700805664,136.0500030517578
2010-12-14,23.25274085998535,23.086952209472656,23.452404022216797,136.17999267578125
2010-12-15,23.10289192199707,23.00892448425293,22.986339569091797,134.6999969482422
2010-12-16,23.187931060791016,23.025644302368164,23.147907257080078,133.80999755859375
2010-12-17,23.22034454345703,22.942031860351562,22.931419372558594,134.1999969482422
2010-12-20,23.216285705566406,22.936460494995117,22.91890525817871,135.11000061035156
2010-12-21,23.163637161254883,23.003345489501953,23.100353240966797,135.32000732421875
2010-12-22,23.22034454345703,23.053512573242188,23.087841033935547,135.0500030517578
2010-12-23,23.305400848388672,23.075801849365234,22.956451416015625,134.66000366210938
2010-12-27,23.32159996032715,22.958757400512695,22.89388084411621,135.02000427246094
2010-12-28,23.34185791015625,23.003345489501953,22.737455368041992,137.22000122070312
2010-12-29,23.592939376831055,23.33220863342285,22.993989944458008,137.7100067138672
2010-12-30,23.621479034423828,23.39909553527832,22.88136100769043,137.02999877929688
2010-12-31,23.82937240600586,23.7167911529541,23.050296783447266,138.72000122070312
2011-01-03,23.821208953857422,23.766958236694336,23.250524520874023,138.0
2011-01-04,23.707075119018555,23.833845138549805,23.21298599243164,134.75
2011-01-05,23.368749618530273,23.59975242614746,22.993989944458008,134.3699951171875
2011-01-06,23.222023010253906,23.22072410583496,22.624834060668945,133.8300018310547
2011-01-07,23.1201171875,23.170555114746094,22.243175506591797,133.5800018310547
2011-01-10,23.23831558227539,23.059085845947266,22.074237823486328,134.1199951171875
2011-01-11,23.222023010253906,23.304330825805664,22.243175506591797,134.91000366210938
2011-01-12,23.385066986083984,23.761394500732422,23.21923828125,135.4600067138672
2011-01-13,23.597028732299805,23.923032760620117,23.794870376586914,134.0500030517578
2011-01-14,23.617416381835938,24.040082931518555,24.1014461517334,132.69000244140625
2011-01-18,23.658159255981445,24.22402000427246,24.214080810546875,133.42999267578125
2011-01-19,23.764144897460938,24.073522567749023,24.088945388793945,133.72000122070312
2011-01-20,23.65001106262207,23.850582122802734,24.357988357543945,131.1999969482422
2011-01-21,23.8171329498291,24.006649017333984,24.85852813720703,131.02999877929688
2011-01-24,23.97610855102539,24.118125915527344,25.058757781982422,130.36000061035156
2011-01-25,23.943506240844727,23.94532012939453,24.958641052246094,130.10000610351562
2011-01-26,23.91088104248047,24.22402000427246,24.971162796020508,131.16000366210938
2011-01-27,23.92719841003418,24.368934631347656,25.365337371826172,127.93000030517578
2011-01-28,23.853830337524414,23.95647430419922,24.55194664001465,130.27999877929688
2011-01-31,24.025028228759766,24.24074935913086,24.996187210083008,129.8699951171875
2011-02-01,24.196224212646484,24.69222640991211,25.640642166137695,130.8000030517578
2011-02-02,24.151384353637695,24.419103622436523,25.50299072265625,130.4499969482422
2011-02-03,24.057640075683594,24.346643447875977,25.240215301513672,132.1999969482422
2011-02-04,23.939416885375977,24.313207626342773,25.208921432495117,131.66000366210938
2011-02-07,23.849742889404297,24.44697380065918,25.334056854248047,131.67999267578125
2011-02-08,23.78453254699707,24.608619689941406,25.584333419799805,133.13999938964844
2011-02-09,23.674467086791992,24.675512313842773,25.640642166137695,133.07000732421875
2011-02-10,23.527721405029297,24.341068267822266,25.371599197387695,132.85000610351562
2011-02-11,23.531803131103516,24.380088806152344,25.321535110473633,132.32000732421875
2011-02-14,23.511436462402344,24.44697380065918,25.10881233215332,132.9499969482422
2011-02-15,23.584793090820312,24.290912628173828,25.11505889892578,133.97000122070312
2011-02-16,23.71115493774414,24.60305404663086,25.590585708618164,134.10000610351562
2011-02-17,23.894575119018555,24.558452606201172,25.740760803222656,135.0399932861328
2011-02-18,23.988340377807617,24.792558670043945,25.86589241027832,135.41000366210938
2011-02-22,24.033180236816406,24.028932571411133,24.877309799194336,136.2899932861328
2011-02-23,24.033180236816406,24.145980834960938,25.002452850341797,137.50999450683594
2011-02-24,24.049467086791992,24.056804656982422,25.021217346191406,136.47999572753906
2011-02-25,24.08208656311035,24.290912628173828,25.296512603759766,137.3800048828125
2011-02-28,24.184001922607422,24.653202056884766,25.62812614440918,137.66000366210938
2011-03-01,24.151384353637695,24.653202056884766,25.133838653564453,140.02999877929688
2011-03-02,24.33481216430664,24.697805404663086,25.296512603759766,139.9199981689453
2011-03-03,24.11063003540039,24.926328659057617,25.721986770629883,138.08999633789062
2011-03-04,24.289974212646484,24.943050384521484,25.340312957763672,139.35000610351562
2011-03-07,24.245134353637695,24.987642288208008,25.183900833129883,139.72000122070312
2011-03-08,24.065792083740234,24.80368995666504,25.240215301513672,139.36000061035156
2011-03-09,24.1595401763916,24.926328659057617,25.127582550048828,139.41000366210938
2011-03-10,24.01688003540039,24.296483993530273,24.589496612548828,137.77000427246094
2011-03-11,24.232906341552734,24.363353729248047,24.739652633666992,138.22000122070312
2011-03-14,24.473400115966797,24.207294464111328,24.60826301574707,138.86000061035156
2011-03-15,24.432645797729492,23.739089965820312,24.020112991333008,136.27000427246094
2011-03-16,24.5141658782959,23.387941360473633,23.069076538085938,136.24000549316406
2011-03-17,24.554927825927734,23.839414596557617,23.957542419433594,136.97000122070312
2011-03-18,24.660905838012695,24.368934631347656,24.316844940185547,138.3699951171875
2011-03-21,24.697601318359375,24.815235137939453,25.088096618652344,139.13999938964844
2011-03-22,24.664976119995117,24.764780044555664,24.968965530395508,139.0500030517578
2011-03-23,24.660905838012695,24.647043228149414,24.874910354614258,140.33999633789062
2011-03-24,24.636459350585938,24.921764373779297,25.508230209350586,139.22000122070312
2011-03-25,24.510093688964844,24.719919204711914,25.226057052612305,139.25999450683594
2011-03-28,24.477460861206055,24.826440811157227,25.182165145874023,138.5399932861328
2011-03-29,24.400041580200195,24.73673439025879,25.326385498046875,138.2100067138672
2011-03-30,24.391870498657227,25.03389549255371,25.614822387695312,138.6699981689453
2011-03-31,24.387792587280273,25.00586700439453,25.52704620361328,139.86000061035156
2011-04-01,24.37965202331543,24.93858528137207,25.903268814086914,139.1999969482422
2011-04-04,24.404111862182617,25.190887451171875,25.878192901611328,139.83999633789062
2011-04-05,24.277740478515625,25.129209518432617,25.878192901611328,142.0500030517578
2011-04-06,24.416337966918945,25.499248504638672,26.298303604125977,142.3800048828125
2011-04-07,24.37149429321289,25.398330688476562,26.223068237304688,142.50999450683594
2011-04-08,24.448949813842773,25.544111251831055,26.442533493041992,143.66000366210938
2011-04-11,24.477460861206055,25.544111251831055,26.386096954345703,142.63999938964844
2011-04-12,24.64052391052246,25.224525451660156,26.260690689086914,141.61000061035156
2011-04-13,24.60384178161621,25.40394401550293,26.216793060302734,141.89999389648438
2011-04-14,24.62830352783203,25.645030975341797,26.197980880737305,143.80999755859375
2011-04-15,24.677209854125977,25.521682739257812,25.965978622436523,145.0500030517578
2011-04-18,24.534536361694336,25.039505004882812,25.138269424438477,145.92999267578125
2011-04-19,24.67313575744629,25.26937484741211,25.351469039916992,145.92999267578125
2011-04-20,24.885089874267578,25.8076171875,26.172897338867188,146.5
2011-04-21,25.04405975341797,25.992637634277344,26.392370223999023,146.74000549316406
2011-04-25,25.060367584228516,25.902938842773438,26.386096954345703,146.8699951171875
2011-04-26,25.18673324584961,26.216909408569336,26.762331008911133,146.3800048828125
2011-04-27,25.357938766479492,26.51966667175293,27.439533233642578,149.1999969482422
2011-04-28,25.480220794677734,26.74394416809082,27.57748794555664,149.82000732421875
2011-04-29,25.57804298400879,26.985029220581055,27.60883331298828,152.3699951171875
2011-05-02,25.594358444213867,26.88970947265625,27.590024948120117,150.41000366210938
2011-05-03,25.484298706054688,26.542102813720703,27.521047592163086,149.8800048828125
2011-05-04,25.492443084716797,26.530885696411133,27.220073699951172,147.72999572753906
2011-05-05,25.256032943725586,25.92536735534668,26.41118049621582,143.47000122070312
2011-05-06,25.125587463378906,26.08234977722168,26.141544342041016,145.3000030517578
2011-05-09,25.137819290161133,25.874900817871094,26.072580337524414,147.3800048828125
2011-05-10,25.19896125793457,26.40753746032715,26.5240421295166,147.89999389648438
2011-05-11,25.011457443237305,25.919755935668945,25.978504180908203,146.5399932861328
2011-05-12,24.96254539489746,26.048704147338867,26.034944534301758,146.58999633789062
2011-05-13,24.811731338500977,25.661842346191406,25.5333194732666,145.6300048828125
2011-05-16,24.90546989440918,25.555313110351562,25.514495849609375,145.3699951171875
2011-05-17,24.85248565673828,25.729127883911133,25.552127838134766,144.74000549316406
2011-05-18,24.836177825927734,25.85247230529785,25.733966827392578,145.60000610351562
2011-05-19,24.966617584228516,26.015058517456055,25.9283504486084,145.64999389648438
2011-05-20,24.828035354614258,25.678672790527344,25.33266258239746,147.49000549316406
2011-05-23,24.722049713134766,25.14603042602539,24.755779266357422,147.8300018310547
2011-05-24,24.77911376953125,25.3310546875,24.81220817565918,148.58999633789062
2011-05-25,24.787269592285156,25.426366806030273,25.006591796875,148.5800018310547
2011-05-26,24.868785858154297,25.66745376586914,25.10691261291504,148.22000122070312
2011-05-27,25.125587463378906,25.830045700073242,25.35773468017578,149.6999969482422
2011-05-31,25.2315731048584,25.947784423828125,26.122739791870117,149.63999938964844
2011-06-01,25.176023483276367,25.81322479248047,25.288759231567383,149.91000366210938
2011-06-02,25.39249610900879,26.127195358276367,25.539587020874023,149.5
2011-06-03,25.596712112426758,26.099170684814453,25.740236282348633,150.22000122070312
2011-06-06,25.56812286376953,25.85247230529785,25.200973510742188,150.47999572753906
2011-06-07,25.653911590576172,25.98143768310547,25.564661026000977,150.4199981689453
2011-06-08,25.53952980041504,25.639423370361328,25.182165145874023,149.80999755859375
2011-06-09,25.470104217529297,25.81883430480957,25.545852661132812,150.55999755859375
2011-06-10,25.290386199951172,25.106781005859375,24.711883544921875,149.24000549316406
2011-06-13,25.37616539001465,25.123605728149414,24.787139892578125,147.77000427246094
2011-06-14,25.33123207092285,25.342260360717773,25.40789794921875,148.6699981689453
2011-06-15,25.090251922607422,24.433984756469727,24.27922248840332,149.1199951171875
2011-06-16,25.15151023864746,24.24895668029785,24.298032760620117,148.97000122070312
2011-06-17,25.24546241760254,24.355484008789062,25.032039642333984,149.94000244140625
2011-06-20,25.249542236328125,24.23774528503418,24.864328384399414,150.02999877929688
2011-06-21,25.351655960083008,24.54611587524414,25.580265045166016,150.75999450683594
2011-06-22,25.30264663696289,24.543216705322266,25.244876861572266,150.99000549316406
2011-06-23,25.155593872070312,24.003738403320312,24.81917381286621,148.33999633789062
2011-06-24,25.0779972076416,23.67888832092285,24.25804328918457,146.25999450683594
2011-06-27,25.090251922607422,24.026941299438477,24.664386749267578,145.72999572753906
2011-06-28,25.131105422973633,24.1313533782959,25.077180862426758,146.24000549316406
2011-06-29,25.18828010559082,24.508403778076172,25.63187026977539,147.17999267578125
2011-06-30,25.22911834716797,25.030485153198242,26.186561584472656,146.0
2011-07-01,25.255722045898438,25.26251220703125,26.560659408569336,144.92999267578125
2011-07-05,25.17386817932129,25.030485153198242,26.0382137298584,147.6300048828125
2011-07-06,25.141130447387695,24.827449798583984,25.71571922302246,148.91000366210938
2011-07-07,25.17386817932129,25.065288543701172,25.928571701049805,149.14999389648438
2011-07-08,25.145225524902344,24.804243087768555,25.199731826782227,150.25
2011-07-11,24.78916358947754,23.77750015258789,23.94844627380371,151.58999633789062
2011-07-12,24.793251037597656,23.59768295288086,23.703353881835938,152.77000427246094
2011-07-13,25.010164260864258,23.934127807617188,24.180646896362305,154.13999938964844
2011-07-14,25.075641632080078,23.696287155151367,23.96135902404785,154.5399932861328
2011-07-15,25.08793067932129,23.696287155151367,23.95489501953125,155.1999969482422
2011-07-18,24.948774337768555,23.127811431884766,23.490514755249023,156.57000732421875
2011-07-19,25.022443771362305,23.481657028198242,23.916200637817383,154.66000366210938
2011-07-20,25.23935317993164,23.76591682434082,24.38058853149414,156.02000427246094
2011-07-21,25.419429779052734,24.374996185302734,25.27712059020996,154.8300018310547
2011-07-22,25.411256790161133,24.461999893188477,25.21262550354004,156.1199951171875
2011-07-25,25.448078155517578,24.11394691467285,24.915925979614258,157.33999633789062
2011-07-26,25.558582305908203,24.357585906982422,25.115888595581055,157.77000427246094
2011-07-27,25.55449104309082,23.80650520324707,24.283842086791992,157.19000244140625
2011-07-28,25.505380630493164,23.76591682434082,24.135496139526367,157.32000732421875
2011-07-29,25.644529342651367,23.771705627441406,24.16775131225586,158.2899932861328
2011-08-01,25.539413452148438,23.38884925842285,23.490514755249023,157.72000122070312
2011-08-02,25.461395263671875,22.51872444152832,22.697168350219727,161.52000427246094
2011-08-03,25.625648498535156,22.62314796447754,22.903564453125,161.49000549316406
2011-08-04,25.252004623413086,20.755285263061523,21.06534194946289,160.63999938964844
2011-08-05,25.444974899291992,21.358566284179688,21.93607521057129,161.75
2011-08-08,25.440866470336914,19.479106903076172,20.07851219177246,167.1199951171875
2011-08-09,25.662601470947266,20.737884521484375,21.078248977661133,168.61000061035156
2011-08-10,25.49425506591797,20.343427658081055,19.27228355407715,174.5800018310547
2011-08-11,25.55994987487793,21.03952980041504,20.226863861083984,170.75
2011-08-12,25.662601470947266,21.451379776000977,20.923444747924805,169.97000122070312
2011-08-15,25.974651336669922,21.93864631652832,21.484590530395508,171.8000030517578
2011-08-16,25.929481506347656,21.50359344482422,21.058900833129883,173.9199981689453
2011-08-17,26.089622497558594,21.584800720214844,21.207242965698242,174.4199981689453
2011-08-18,26.06087875366211,20.48844337463379,20.033361434936523,177.72000122070312
2011-08-19,26.134790420532227,20.25641441345215,19.52382469177246,179.9499969482422
2011-08-22,26.064992904663086,20.552261352539062,19.814071655273438,184.58999633789062
2011-08-23,26.14299201965332,21.022119522094727,20.581602096557617,177.6699981689453
2011-08-24,25.986970901489258,21.114933013916016,20.691253662109375,171.64999389648438
2011-08-25,25.884313583374023,20.82489776611328,20.10430908203125,172.36000061035156
2011-08-26,26.07320785522461,21.01631736755371,20.272005081176758,177.47000122070312
2011-08-29,26.11425018310547,21.590600967407227,20.852502822875977,173.88999938964844
2011-08-30,26.097824096679688,21.486190795898438,20.65255355834961,179.10000610351562
2011-08-31,25.921274185180664,21.869041442871094,21.06534194946289,177.72000122070312
2011-09-01,25.900245666503906,21.54999351501465,20.665447235107422,177.8699951171875
2011-09-02,25.830106735229492,21.213550567626953,19.85276985168457,183.24000549316406
2011-09-06,25.57437515258789,20.459447860717773,18.820781707763672,182.89999389648438
2011-09-07,25.743497848510742,20.958322525024414,19.375476837158203,177.0800018310547
2011-09-08,25.644493103027344,20.58706283569336,18.9304256439209,181.80999755859375
2011-09-09,25.37224006652832,19.79815101623535,17.892004013061523,180.6999969482422
2011-09-12,25.347501754760742,19.07305335998535,17.55660629272461,176.6699981689453
2011-09-13,25.368133544921875,19.56612205505371,17.87909507751465,178.5399932861328
2011-09-14,25.347501754760742,19.96637535095215,18.453144073486328,177.2100067138672
2011-09-15,25.454734802246094,20.331832885742188,19.194881439208984,174.39999389648438
2011-09-16,25.409366607666016,20.35503578186035,19.001619338989258,176.02999877929688
2011-09-19,25.244373321533203,19.757551193237305,18.411468505859375,173.30999755859375
2011-09-20,25.19487190246582,20.070789337158203,18.476318359375,175.77999877929688
2011-09-21,24.99688148498535,19.502309799194336,17.82131576538086,173.58999633789062
2011-09-22,24.85664176940918,18.85841941833496,17.179279327392578,169.0500030517578
2011-09-23,24.852500915527344,18.852619171142578,17.484085083007812,159.8000030517578
2011-09-26,25.05876350402832,18.877132415771484,18.15854835510254,157.5800018310547
2011-09-27,25.120628356933594,19.61237907409668,18.833003997802734,160.6300048828125
2011-09-28,24.92675018310547,19.244752883911133,18.521713256835938,156.22000122070312
2011-09-29,24.99688148498535,19.57735824584961,19.118349075317383,157.6999969482422
2011-09-30,24.794750213623047,19.06969451904297,18.34012794494629,158.05999755859375
2011-10-03,24.585155487060547,18.63205337524414,17.66566276550293,160.9600067138672
2011-10-04,24.647294998168945,18.334447860717773,18.210424423217773,157.63999938964844
2011-10-05,24.705286026000977,18.748756408691406,18.735729217529297,159.4600067138672
2011-10-06,24.78812599182129,19.25642204284668,19.384241104125977,160.49000549316406
2011-10-07,24.9372615814209,19.454822540283203,19.248058319091797,159.17999267578125
2011-10-10,24.99112319946289,19.89830780029297,20.266231536865234,163.27000427246094
2011-10-11,25.094675064086914,20.020845413208008,20.246774673461914,162.10000610351562
2011-10-12,25.206510543823242,20.458494186401367,20.772075653076172,163.25999450683594
2011-10-13,25.202377319335938,20.458494186401367,20.66831398010254,162.3000030517578
2011-10-14,25.276939392089844,20.610204696655273,20.921239852905273,163.39999389648438
2011-10-17,25.14852523803711,20.184232711791992,20.130043029785156,162.6199951171875
2011-10-18,25.210660934448242,20.335948944091797,20.55806541442871,161.83999633789062
2011-10-19,25.102962493896484,20.172565460205078,20.21434783935547,159.8699951171875
2011-10-20,25.102962493896484,20.055858612060547,20.078163146972656,157.77000427246094
2011-10-21,25.260372161865234,20.353450775146484,20.713706970214844,159.52000427246094
2011-10-24,25.32250213623047,20.9019775390625,21.01852035522461,161.02000427246094
2011-10-25,25.314224243164062,20.80276870727539,20.603464126586914,165.58999633789062
2011-10-26,25.446773529052734,21.100372314453125,20.86287498474121,167.39999389648438
2011-10-27,25.79059410095215,22.109880447387695,22.646303176879883,169.5500030517578
2011-10-28,25.79059410095215,21.928983688354492,22.21827507019043,169.6199951171875
2011-10-31,25.314224243164062,21.05368423461914,20.940690994262695,167.33999633789062
2011-11-01,25.121532440185547,20.31260871887207,19.714988708496094,167.3800048828125
2011-11-02,25.200611114501953,20.540185928344727,20.058712005615234,169.05999755859375
2011-11-03,25.325450897216797,20.849454879760742,20.836925506591797,171.72000122070312
2011-11-04,25.213085174560547,20.680234909057617,20.181928634643555,170.85000610351562
2011-11-07,25.308807373046875,20.394298553466797,20.233808517456055,174.97999572753906
2011-11-08,25.421186447143555,20.645221710205078,20.674806594848633,173.52999877929688
2011-11-09,24.97169303894043,19.787439346313477,19.176719665527344,172.07000732421875
2011-11-10,25.021635055541992,19.979995727539062,19.643653869628906,171.13999938964844
2011-11-11,25.23389434814453,20.37095832824707,20.408903121948242,173.9600067138672
2011-11-14,25.109039306640625,20.085033416748047,19.77335548400879,173.1999969482422
2011-11-15,24.90509605407715,20.079204559326172,19.624195098876953,173.36000061035156
2011-11-16,24.65537452697754,19.834117889404297,19.26750946044922,171.50999450683594
2011-11-17,24.63874053955078,19.27976417541504,19.079442977905273,167.10000610351562
2011-11-18,24.68868064880371,19.49567222595215,19.29345703125,167.6199951171875
2011-11-21,24.497228622436523,18.98800277709961,18.742210388183594,163.5
2011-11-22,24.509716033935547,18.836280822753906,18.495777130126953,165.30999755859375
2011-11-23,24.280811309814453,18.246923446655273,17.80185890197754,164.8300018310547
2011-11-25,24.022762298583984,18.13021469116211,17.73700714111328,163.39999389648438
2011-11-28,24.106002807617188,18.731246948242188,18.85893440246582,166.6300048828125
2011-11-29,24.18091583251953,18.90631103515625,18.969194412231445,166.8800048828125
2011-11-30,24.613759994506836,19.71157455444336,20.123554229736328,170.1300048828125
2011-12-01,24.77925682067871,19.489831924438477,19.93548583984375,169.6300048828125
2011-12-02,24.754056930541992,19.460655212402344,19.922515869140625,169.82000732421875
2011-12-05,24.745664596557617,19.874963760375977,20.240283966064453,167.32000732421875
2011-12-06,24.8632869720459,19.734914779663086,20.311630249023438,168.17999267578125
2011-12-07,25.02710723876953,19.956655502319336,20.305137634277344,169.39999389648438
2011-12-08,24.800273895263672,19.25642204284668,19.416671752929688,165.97999572753906
2011-12-09,24.850675582885742,19.542354583740234,20.14301109313965,166.39999389648438
2011-12-12,24.63644790649414,18.8304500579834,19.196170806884766,161.99000549316406
2011-12-13,24.439016342163086,18.45115089416504,18.690330505371094,158.4499969482422
2011-12-14,24.45162582397461,18.497844696044922,18.41795539855957,152.88999938964844
2011-12-15,24.527233123779297,18.31694793701172,18.489290237426758,152.3300018310547
2011-12-16,24.61963653564453,18.293601989746094,18.2853946685791,155.22999572753906
2011-12-19,24.661643981933594,18.293601989746094,18.22657585144043,154.8699951171875
2011-12-20,24.74985694885254,18.86545753479004,19.063074111938477,156.97999572753906
2011-12-21,24.733057022094727,18.87132453918457,18.90623664855957,157.16000366210938
2011-12-22,24.745664596557617,19.047195434570312,19.102285385131836,156.0399932861328
2011-12-23,24.733057022094727,19.047195434570312,19.27873420715332,156.30999755859375
2011-12-27,24.804468154907227,19.123409271240234,19.21338653564453,154.91000366210938
2011-12-28,24.654144287109375,19.076509475708008,18.7493896484375,151.02999877929688
2011-12-29,24.700458526611328,19.08237648010254,19.1872501373291,150.33999633789062
2011-12-30,24.77203941345215,19.140989303588867,19.2852725982666,151.99000549316406
2012-01-03,25.020483016967773,19.774145126342773,19.964923858642578,155.9199981689453
2012-01-04,24.822572708129883,19.51033592224121,19.57935905456543,156.7100067138672
2012-01-05,24.5194034576416,19.322736740112305,19.089218139648438,157.77999877929688
2012-01-06,24.380447387695312,19.035476684570312,18.684036254882812,157.1999969482422
2012-01-09,24.460453033447266,19.275840759277344,18.81473731994629,156.5
2012-01-10,24.52781867980957,19.33445167541504,19.23298454284668,158.63999938964844
2012-01-11,24.506757736206055,19.287559509277344,19.174175262451172,159.6699981689453
2012-01-12,24.578336715698242,19.498605728149414,19.36368751525879,160.3800048828125
2012-01-13,24.49413299560547,19.410669326782227,18.99118423461914,159.25999450683594
2012-01-17,24.5615177154541,19.63344955444336,19.49439811706543,160.5
2012-01-18,24.704675674438477,20.17279624938965,19.814619064331055,161.60000610351562
2012-01-19,24.818361282348633,20.35453224182129,20.25248146057129,161.22000122070312
2012-01-20,24.940481185913086,20.571439743041992,20.232872009277344,162.07000732421875
2012-01-23,24.94890022277832,20.682823181152344,20.409320831298828,163.16000366210938
2012-01-24,24.944705963134766,20.70627212524414,20.36357879638672,162.00999450683594
2012-01-25,25.083648681640625,20.776628494262695,20.59884262084961,166.4199981689453
2012-01-26,25.180490493774414,20.87628746032715,20.683801651000977,167.27000427246094
2012-01-27,25.46682357788086,21.13423728942871,20.736072540283203,168.97000122070312
2012-01-30,25.357345581054688,20.81766700744629,20.330894470214844,168.02999877929688
2012-01-31,25.449981689453125,21.034574508666992,20.441999435424805,169.30999755859375
2012-02-01,25.658750534057617,21.315975189208984,20.88638687133789,169.55999755859375
2012-02-02,25.6629638671875,21.392189025878906,20.977880477905273,171.0500030517578
2012-02-03,25.553308486938477,21.790828704833984,21.311182022094727,167.63999938964844
2012-02-06,25.4099178314209,21.77325439453125,21.1870059967041,167.17999267578125
2012-02-07,25.460529327392578,21.890501022338867,21.409198760986328,169.6999969482422
2012-02-08,25.48160743713379,22.14845085144043,21.55951499938965,168.5
2012-02-09,25.45208740234375,22.324321746826172,21.631397247314453,168.02000427246094
2012-02-10,25.329803466796875,21.943260192871094,21.01708984375,167.13999938964844
2012-02-13,25.329803466796875,22.23638343811035,21.180469512939453,167.50999450683594
2012-02-14,25.312911987304688,21.960840225219727,20.964813232421875,167.1199951171875
2012-02-15,25.253883361816406,21.9022274017334,20.853710174560547,168.11000061035156
2012-02-16,25.296035766601562,22.11913299560547,21.1870059967041,168.0
2012-02-17,25.245441436767578,22.33017921447754,21.41573143005371,167.35000610351562
2012-02-21,25.312911987304688,22.38294792175293,21.54644012451172,171.02000427246094
2012-02-22,25.283395767211914,22.306724548339844,21.38306427001953,172.94000244140625
2012-02-23,25.42678451538086,22.38294792175293,21.605253219604492,173.02000427246094
2012-02-24,25.527997970581055,22.664348602294922,21.82745361328125,172.22999572753906
2012-02-27,25.515361785888672,22.46502685546875,21.64446258544922,171.6999969482422
2012-02-28,25.5786190032959,22.593996047973633,21.82745361328125,173.49000549316406
2012-02-29,25.515361785888672,22.54123306274414,21.52029800415039,164.2899932861328
2012-03-01,25.541547775268555,22.681934356689453,21.860124588012695,166.61000061035156
2012-03-02,25.393699645996094,22.500192642211914,21.592182159423828,166.33999633789062
2012-03-05,25.38103485107422,22.435710906982422,21.539901733398438,165.64999389648438
2012-03-06,25.24163246154785,21.497709274291992,20.513879776000977,162.6999969482422
2012-03-07,25.26698112487793,21.861183166503906,20.84063720703125,163.6300048828125
2012-03-08,25.419050216674805,22.324321746826172,21.48762321472168,165.27999877929688
2012-03-09,25.20786476135254,22.230527877807617,21.25235939025879,166.3800048828125
2012-03-12,25.19518280029297,22.11913299560547,21.311182022094727,165.07000732421875
2012-03-13,25.09381866455078,22.60572052001953,21.651002883911133,162.3000030517578
2012-03-14,24.90373420715332,22.41225814819336,21.566049575805664,159.57000732421875
2012-03-15,24.899520874023438,22.635028839111328,21.866661071777344,161.0800018310547
2012-03-16,24.95864486694336,22.892986297607422,22.074430465698242,161.3000030517578
2012-03-19,25.106483459472656,22.892986297607422,22.23172950744629,161.58999633789062
2012-03-20,25.0135498046875,22.717103958129883,21.949907302856445,160.1300048828125
2012-03-21,24.992443084716797,22.547101974487305,21.74016761779785,160.2100067138672
2012-03-22,25.017776489257812,22.248111724853516,21.438678741455078,159.57000732421875
2012-03-23,25.140277862548828,22.441570281982422,21.543540954589844,161.52999877929688
2012-03-26,25.28809928894043,22.978404998779297,21.877805709838867,164.39999389648438
2012-03-27,25.22475814819336,22.878442764282227,21.569759368896484,163.24000549316406
2012-03-28,25.212078094482422,22.607967376708984,21.32725715637207,161.50999450683594
2012-03-29,25.23741912841797,22.443342208862305,21.02576446533203,161.27999877929688
2012-03-30,25.317672729492188,22.649127960205078,21.268268585205078,162.1199951171875
2012-04-02,25.366748809814453,22.866683959960938,21.471445083618164,162.94000244140625
2012-04-03,25.142528533935547,22.46098518371582,20.868467330932617,159.88999938964844
2012-04-04,25.053688049316406,21.978822708129883,20.265478134155273,157.2100067138672
2012-04-05,24.93946647644043,21.831829071044922,20.022968292236328,158.30999755859375
2012-04-09,25.062150955200195,21.620159149169922,19.950883865356445,159.3699951171875
2012-04-10,25.10868263244629,21.16153335571289,19.35445785522461,161.10000610351562
2012-04-11,25.159460067749023,21.54371452331543,19.721477508544922,161.07000732421875
2012-04-12,25.320219039916992,22.025863647460938,20.003311157226562,162.6999969482422
2012-04-13,25.14675521850586,21.737756729125977,19.30857276916504,160.85000610351562
2012-04-16,25.17637825012207,21.537843704223633,19.531415939331055,160.4600067138672
2012-04-17,25.205991744995117,22.00823211669922,20.009868621826172,160.25
2012-04-18,25.244060516357422,21.931787490844727,19.669055938720703,159.30999755859375
2012-04-19,25.189058303833008,21.86123275756836,19.30857276916504,159.42999267578125
2012-04-20,25.235605239868164,21.9611873626709,19.65593910217285,159.5399932861328
2012-04-23,25.22713851928711,21.549598693847656,19.151275634765625,159.07000732421875
2012-04-24,25.29059600830078,21.667200088500977,19.387229919433594,159.3000030517578
2012-04-25,25.37520408630371,22.019990921020508,19.839460372924805,159.6199951171875
2012-04-26,25.4344425201416,22.137584686279297,19.963985443115234,161.02999877929688
2012-04-27,25.489442825317383,22.284574508666992,20.062307357788086,161.3800048828125
2012-04-30,25.59520721435547,22.284574508666992,19.839460372924805,161.8800048828125
2012-05-01,25.570621490478516,22.637372970581055,19.944326400756836,161.32000732421875
2012-05-02,25.511306762695312,22.31986427307129,19.62972640991211,160.58999633789062
2012-05-03,25.51555824279785,22.11993980407715,19.426542282104492,158.97000122070312
2012-05-04,25.45623016357422,21.73187828063965,19.111949920654297,159.47000122070312
2012-05-07,25.464704513549805,21.72011947631836,19.452760696411133,159.0800018310547
2012-05-08,25.401151657104492,21.408479690551758,19.118501663208008,156.0
2012-05-09,25.286745071411133,21.073331832885742,18.744911193847656,154.47000122070312
2012-05-10,25.30369758605957,21.190927505493164,18.974313735961914,154.77000427246094
2012-05-11,25.274036407470703,21.26148223876953,18.908777236938477,153.55999755859375
2012-05-14,25.155391693115234,20.855777740478516,18.39754867553711,151.3300018310547
2012-05-15,24.939308166503906,20.326595306396484,18.06983757019043,149.74000549316406
2012-05-16,24.841869354248047,20.35012435913086,17.98462677001953,149.4600067138672
2012-05-17,24.892698287963867,19.962047576904297,17.74868392944336,152.8000030517578
2012-05-18,24.939308166503906,19.650415420532227,17.840438842773438,154.5500030517578
2012-05-21,25.07065773010254,20.20311737060547,18.286123275756836,154.64999389648438
2012-05-22,24.888479232788086,20.209003448486328,18.18125343322754,152.0800018310547
2012-05-23,24.833385467529297,20.079639434814453,17.93875503540039,151.6199951171875
2012-05-24,24.833385467529297,19.768003463745117,17.78801155090332,151.41000366210938
2012-05-25,24.841869354248047,19.815053939819336,17.83388328552246,152.67999267578125
2012-05-29,24.799482345581055,20.009078979492188,17.892871856689453,151.02000427246094
2012-05-30,24.7020320892334,19.49165153503418,17.27022933959961,151.91000366210938
2012-05-31,24.846084594726562,19.59161376953125,17.329206466674805,151.6199951171875
2012-06-01,25.026493072509766,19.02715301513672,16.92940330505371,157.5
2012-06-04,25.06045150756836,19.121227264404297,17.27022933959961,157.32000732421875
2012-06-05,24.94159507751465,19.14475440979004,17.244009017944336,157.13999938964844
2012-06-06,25.1198787689209,19.726844787597656,17.866655349731445,157.2100067138672
2012-06-07,25.00950050354004,19.826814651489258,17.755239486694336,154.5
2012-06-08,24.984045028686523,19.885604858398438,17.840438842773438,154.72999572753906
2012-06-11,24.865201950073242,19.673933029174805,17.55205726623535,155.36000061035156
2012-06-12,24.831239700317383,19.56809425354004,17.81422233581543,156.4600067138672
2012-06-13,24.776052474975586,19.45050048828125,17.735570907592773,157.1199951171875
2012-06-14,24.831239700317383,19.56809425354004,17.97152328491211,157.75
2012-06-15,25.05620574951172,19.850322723388672,18.296188354492188,157.83999633789062
2012-06-18,24.962818145751953,19.78565216064453,17.98504638671875,157.92999267578125
2012-06-19,25.08167839050293,20.109041213989258,18.485567092895508,157.16000366210938
2012-06-20,25.085912704467773,20.25603485107422,18.566741943359375,155.97000122070312
2012-06-21,24.899152755737305,19.768003463745117,18.0932674407959,152.02000427246094
2012-06-22,24.924625396728516,20.15019989013672,18.323246002197266,152.63999938964844
2012-06-25,24.886425018310547,19.49024200439453,17.680675506591797,153.75999450683594
2012-06-26,24.86095428466797,19.47209358215332,17.741558074951172,152.6199951171875
2012-06-27,24.82699203491211,19.49024200439453,17.95799446105957,152.8300018310547
2012-06-28,24.797279357910156,19.278518676757812,17.937705993652344,151.0500030517578
2012-06-29,25.098648071289062,20.270580291748047,19.08755874633789,155.19000244140625
2012-07-02,25.1177921295166,20.49439811706543,19.2498836517334,155.08999633789062
2012-07-03,25.15179443359375,20.59117889404297,19.418983459472656,157.4600067138672
2012-07-05,24.96898078918457,20.191938400268555,18.75612449645996,155.67999267578125
2012-07-06,24.930706024169922,19.81084632873535,18.30971336364746,153.7100067138672
2012-07-09,24.994495391845703,19.71405792236328,18.296188354492188,154.0399932861328
2012-07-10,24.977479934692383,19.62937355041504,18.127084732055664,152.14999389648438
2012-07-11,25.032751083374023,19.659618377685547,18.289419174194336,152.99000549316406
2012-07-12,25.00299835205078,19.36321449279785,18.13385772705078,152.58999633789062
2012-07-13,25.092281341552734,19.58097267150879,18.38411521911621,154.13999938964844
2012-07-16,25.23681640625,19.653566360473633,18.35030174255371,154.2100067138672
2012-07-17,25.279340744018555,19.85923957824707,18.519386291503906,153.47000122070312
2012-07-18,25.338855743408203,19.835044860839844,18.681720733642578,153.0500030517578
2012-07-19,25.39837646484375,19.835044860839844,18.803468704223633,153.3800048828125
2012-07-20,25.228321075439453,19.71405792236328,18.08650779724121,153.6699981689453
2012-07-23,25.10076332092285,19.284568786621094,17.619800567626953,153.02999877929688
2012-07-24,24.96898078918457,19.024465560913086,17.227500915527344,153.52000427246094
2012-07-25,25.079517364501953,19.21198272705078,17.45747184753418,155.6699981689453
2012-07-26,25.33035659790039,19.762449264526367,18.37735366821289,156.77000427246094
2012-07-27,25.372873306274414,20.155641555786133,19.067264556884766,157.5399932861328
2012-07-30,25.33035659790039,20.155641555786133,19.019920349121094,157.42999267578125
2012-07-31,25.428150177001953,20.022560119628906,18.95227813720703,156.49000549316406
2012-08-01,25.32169532775879,20.12539291381836,18.959043502807617,155.13999938964844
2012-08-02,25.27485466003418,19.526535034179688,18.296188354492188,154.1300048828125
2012-08-03,25.538850784301758,20.22218132019043,19.500152587890625,155.5500030517578
2012-08-06,25.581417083740234,20.518590927124023,19.750411987304688,156.3000030517578
2012-08-07,25.513290405273438,20.609325408935547,20.129186630249023,156.27999877929688
2012-08-08,25.55162239074707,20.633520126342773,20.000673294067383,156.47999572753906
2012-08-09,25.466468811035156,20.566986083984375,19.899215698242188,156.99000549316406
2012-08-10,25.513290405273438,20.542787551879883,19.878923416137695,157.17999267578125
2012-08-13,25.521818161010742,20.603275299072266,19.865394592285156,155.99000549316406
2012-08-14,25.44517707824707,20.579084396362305,19.912738800048828,155.1300048828125
2012-08-15,25.35150909423828,20.639568328857422,19.8586368560791,155.6300048828125
2012-08-16,25.334468841552734,20.85129737854004,20.25093650817871,156.55999755859375
2012-08-17,25.313180923461914,21.032764434814453,20.29151725769043,156.72000122070312
2012-08-20,25.291887283325195,21.135602951049805,20.31181526184082,157.25999450683594
2012-08-21,25.449424743652344,21.41385841369629,20.54178237915039,158.8300018310547
2012-08-22,25.560138702392578,21.359416961669922,20.521488189697266,160.5399932861328
2012-08-23,25.628250122070312,21.141651153564453,20.244169235229492,161.88999938964844
2012-08-24,25.602712631225586,21.05091094970703,20.244169235229492,161.97000122070312
2012-08-27,25.61124038696289,21.250534057617188,20.36591911315918,161.36000061035156
2012-08-28,25.717679977416992,21.202146530151367,20.420034408569336,161.63999938964844
2012-08-29,25.61124038696289,21.208189010620117,20.31181526184082,160.58999633789062
2012-08-30,25.606964111328125,21.087207794189453,19.993906021118164,160.52000427246094
2012-08-31,25.73896598815918,21.250534057617188,20.345626831054688,164.22000122070312
2012-09-04,25.68912124633789,21.468303680419922,20.420034408569336,164.47999572753906
2012-09-05,25.744503021240234,21.468303680419922,20.440324783325195,164.30999755859375
2012-09-06,25.731721878051758,21.909889221191406,21.224931716918945,164.88999938964844
2012-09-07,26.042766571044922,22.436161041259766,21.664579391479492,168.44000244140625
2012-09-10,26.004417419433594,22.272836685180664,21.38726234436035,167.2899932861328
2012-09-11,26.191909790039062,22.545047760009766,21.853967666625977,167.89999389648438
2012-09-12,26.166353225708008,22.75071144104004,21.982481002807617,167.9199981689453
2012-09-13,26.35381317138672,23.210447311401367,22.286848068237305,171.30999755859375
2012-09-14,26.311208724975586,23.289085388183594,22.597991943359375,171.8000030517578
2012-09-17,26.247299194335938,23.349578857421875,22.48300552368164,170.39999389648438
2012-09-18,26.200424194335938,22.938230514526367,22.158336639404297,171.72000122070312
2012-09-19,26.285640716552734,23.119707107543945,22.29361343383789,171.74000549316406
2012-09-20,26.22597885131836,22.938230514526367,22.070411682128906,171.47000122070312
2012-09-21,26.213205337524414,23.053180694580078,22.20896339416504,171.9600067138672
2012-09-24,26.238771438598633,22.94086265563965,22.05274772644043,171.0500030517578
2012-09-25,26.22597885131836,22.631261825561523,21.82862091064453,170.77000427246094
2012-09-26,26.268604278564453,22.44914436340332,21.455076217651367,169.80999755859375
2012-09-27,26.358074188232422,22.710180282592773,21.719951629638672,172.33999633789062
2012-09-28,26.2430419921875,22.412715911865234,21.074737548828125,171.88999938964844
2012-10-01,26.220834732055664,22.52198600769043,21.312456130981445,172.2899932861328
2012-10-02,26.28486442565918,22.807310104370117,21.489028930664062,172.10000610351562
2012-10-03,26.203767776489258,22.789098739624023,21.414329528808594,172.41000366210938
2012-10-04,26.301923751831055,23.03799057006836,21.679208755493164,173.61000061035156
2012-10-05,26.28912925720215,23.068334579467773,21.862577438354492,172.6199951171875
2012-10-08,26.212305068969727,23.00763702392578,21.65882110595703,172.0500030517578
2012-10-09,26.1354923248291,22.606983184814453,21.12228775024414,170.99000549316406
2012-10-10,26.203767776489258,22.41878890991211,21.067947387695312,170.83999633789062
2012-10-11,26.250713348388672,22.619117736816406,21.312456130981445,171.32000732421875
2012-10-12,26.33606719970703,22.558412551879883,21.353195190429688,170.05999755859375
2012-10-15,26.28486442565918,22.704113006591797,21.590911865234375,168.35000610351562
2012-10-16,26.32326889038086,22.928714752197266,22.229333877563477,169.4199981689453
2012-10-17,26.40435218811035,23.238319396972656,22.534957885742188,169.5399932861328
2012-10-18,26.301923751831055,23.214038848876953,22.43308448791504,168.7899932861328
2012-10-19,26.216577529907227,22.880157470703125,21.964458465576172,166.97000122070312
2012-10-22,26.195232391357422,22.928714752197266,22.113872528076172,167.5800018310547
2012-10-23,26.084270477294922,22.72231674194336,21.52299690246582,165.42999267578125
2012-10-24,26.079994201660156,22.606983184814453,21.455076217651367,164.86000061035156
2012-10-25,26.028797149658203,22.62518882751465,21.48223876953125,166.02000427246094
2012-10-26,26.071474075317383,22.62518882751465,21.570537567138672,165.92999267578125
2012-10-31,26.13974952697754,22.69803810119629,21.679208755493164,166.8300018310547
2012-11-01,26.033065795898438,22.880157470703125,21.937292098999023,166.07000732421875
2012-11-02,25.9050235748291,22.831588745117188,21.679208755493164,162.60000610351562
2012-11-05,25.875150680541992,22.588764190673828,21.529781341552734,163.22999572753906
2012-11-06,25.956235885620117,22.861940383911133,21.760711669921875,166.3000030517578
2012-11-07,25.960525512695312,22.570552825927734,21.251325607299805,166.49000549316406
2012-11-08,25.990385055541992,22.39451026916504,21.006826400756836,167.99000549316406
2012-11-09,25.95197105407715,22.224529266357422,21.000028610229492,167.82000732421875
2012-11-12,25.956235885620117,22.224529266357422,21.061159133911133,167.4499969482422
2012-11-13,25.947708129882812,21.939207077026367,20.979656219482422,167.10000610351562
2012-11-14,25.794069290161133,21.76316261291504,20.816652297973633,167.13999938964844
2012-11-15,25.8026065826416,21.714597702026367,20.9117374420166,166.08999633789062
2012-11-16,25.742856979370117,21.641746520996094,20.741947174072266,165.8800048828125
2012-11-19,25.870891571044922,21.975635528564453,21.35999298095703,167.8699951171875
2012-11-20,25.789798736572266,22.030271530151367,21.46186637878418,167.38999938964844
2012-11-21,25.75992774963379,22.206321716308594,21.550159454345703,167.55999755859375
2012-11-23,25.977588653564453,22.588764190673828,22.14104461669922,169.61000061035156
2012-11-26,26.011716842651367,22.64339828491211,22.120668411254883,169.42999267578125
2012-11-27,25.973312377929688,22.58270263671875,21.88974952697754,168.7100067138672
2012-11-28,26.084270477294922,22.58270263671875,22.134252548217773,166.5500030517578
2012-11-29,26.1354923248291,22.94086265563965,22.35837745666504,167.17999267578125
2012-11-30,26.1354923248291,23.050121307373047,22.42630386352539,166.0500030517578
2012-12-03,26.13035774230957,23.18368148803711,22.49420928955078,166.1300048828125
2012-12-04,26.28872299194336,23.220108032226562,22.657211303710938,164.4199981689453
2012-12-05,26.215953826904297,23.5600643157959,22.711545944213867,164.1199951171875
2012-12-06,26.177433013916016,23.493288040161133,22.670795440673828,164.5
2012-12-07,26.113229751586914,23.45079803466797,22.514589309692383,165.16000366210938
2012-12-10,26.156028747558594,23.317243576049805,22.487424850463867,165.8000030517578
2012-12-11,26.215953826904297,23.511505126953125,22.81342124938965,165.64999389648438
2012-12-12,26.250194549560547,23.766468048095703,22.9356746673584,165.77000427246094
2012-12-13,26.13035774230957,23.766468048095703,22.881345748901367,164.3699951171875
2012-12-14,26.2073974609375,23.960723876953125,23.091888427734375,164.1300048828125
2012-12-17,26.198829650878906,24.130706787109375,23.193763732910156,164.44000244140625
2012-12-18,26.258760452270508,24.434228897094727,23.451847076416016,162.0800018310547
2012-12-19,26.292999267578125,24.67705726623535,23.438262939453125,161.69000244140625
2012-12-20,26.310131072998047,24.889537811279297,23.62843132019043,159.72999572753906
2012-12-21,26.271602630615234,24.53743553161621,23.465261459350586,160.3300018310547
2012-12-24,26.241628646850586,24.53988265991211,23.308242797851562,160.6199951171875
2012-12-26,26.2073974609375,24.582643508911133,23.35602569580078,160.77999877929688
2012-12-27,26.204387664794922,24.765968322753906,23.59497833251953,161.16000366210938
2012-12-28,26.238712310791016,24.533767700195312,23.123897552490234,160.5399932861328
2012-12-31,26.174360275268555,25.102048873901367,23.66324806213379,162.02000427246094
2013-01-02,26.092849731445312,25.187585830688477,23.909032821655273,163.1699981689453
2013-01-03,25.852603912353516,25.022619247436523,23.540361404418945,161.1999969482422
2013-01-04,25.77536964416504,25.3220272064209,23.745168685913086,160.44000244140625
2013-01-07,25.848302841186523,25.456459045410156,23.649593353271484,159.42999267578125
2013-01-08,25.882627487182617,25.389245986938477,23.58132553100586,160.55999755859375
2013-01-09,25.848302841186523,25.493127822875977,23.62228775024414,160.49000549316406
2013-01-10,25.95985221862793,26.01251792907715,24.100196838378906,161.97999572753906
2013-01-11,25.981300354003906,26.091949462890625,24.29818344116211,161.05999755859375
2013-01-14,26.01992416381836,26.049182891845703,24.352802276611328,161.5399932861328
2013-01-15,26.002748489379883,25.8536376953125,24.168468475341797,162.55999755859375
2013-01-16,25.964149475097656,25.664216995239258,24.004613876342773,162.64999389648438
2013-01-17,25.916954040527344,26.177505493164062,24.31184196472168,163.35000610351562
2013-01-18,25.856889724731445,26.281381607055664,24.25721549987793,163.08999633789062
2013-01-22,25.916954040527344,26.385255813598633,24.318662643432617,163.6699981689453
2013-01-23,25.955562591552734,26.354717254638672,24.195772171020508,163.2100067138672
2013-01-24,25.839725494384766,26.440248489379883,24.3664608001709,161.4199981689453
2013-01-25,25.869749069213867,26.813003540039062,24.81705665588379,160.64999389648438
2013-01-28,25.753915786743164,26.85576629638672,24.796567916870117,160.2899932861328
2013-01-29,25.826860427856445,26.7946720123291,24.81705665588379,160.99000549316406
2013-01-30,25.856889724731445,26.788549423217773,24.803407669067383,162.19000244140625
2013-01-31,25.929828643798828,26.53190803527832,24.537139892578125,161.1999969482422
2013-02-01,25.852462768554688,26.947425842285156,24.8512020111084,161.4499969482422
2013-02-04,25.796611785888672,26.31192970275879,23.745168685913086,162.0
2013-02-05,25.7149600982666,26.397472381591797,24.06606101989746,161.9600067138672
2013-02-06,25.620407104492188,26.556350708007812,23.786144256591797,162.38999938964844
2013-02-07,25.54306411743164,26.446352005004883,23.403804779052734,161.83999633789062
2013-02-08,25.59463119506836,26.57468605041504,23.59497833251953,161.57000732421875
2013-02-11,25.491500854492188,26.501346588134766,23.533536911010742,159.6999969482422
2013-02-12,25.581745147705078,26.757986068725586,23.85441780090332,159.88999938964844
2013-02-13,25.564542770385742,26.977970123291016,23.956825256347656,159.0500030517578
2013-02-14,25.54735565185547,26.684675216674805,23.64276885986328,158.35000610351562
2013-02-15,25.482906341552734,26.73356056213379,23.410642623901367,155.75999450683594
2013-02-19,25.512981414794922,26.996313095092773,23.915861129760742,155.3300018310547
2013-02-20,25.298110961914062,26.782434463500977,23.376502990722656,151.44000244140625
2013-02-21,25.298110961914062,26.305814743041992,22.830326080322266,152.6199951171875
2013-02-22,25.298110961914062,26.60523796081543,23.403804779052734,152.97000122070312
2013-02-25,25.272336959838867,25.523664474487305,22.48896026611328,154.33999633789062
2013-02-26,25.246549606323242,25.884201049804688,22.611852645874023,156.22000122070312
2013-02-27,25.34968376159668,26.281381607055664,23.110244750976562,154.57000732421875
2013-02-28,25.298110961914062,26.12860679626465,22.994182586669922,153.0
2013-03-01,25.184354782104492,25.890300750732422,22.850805282592773,152.44000244140625
2013-03-04,25.223142623901367,25.86586570739746,23.028318405151367,152.3000030517578
2013-03-05,25.274839401245117,26.12860679626465,23.35602569580078,152.3800048828125
2013-03-06,25.10247039794922,26.049182891845703,23.451602935791016,153.22999572753906
2013-03-07,25.175731658935547,26.263050079345703,23.676910400390625,152.69000244140625
2013-03-08,24.994733810424805,26.28748893737793,23.745168685913086,152.7100067138672
2013-03-11,24.97319221496582,26.20193862915039,23.76566505432129,152.99000549316406
2013-03-12,25.037830352783203,26.12860679626465,23.656429290771484,154.19000244140625
2013-03-13,24.951641082763672,25.981964111328125,23.533536911010742,153.66000366210938
2013-03-14,25.01628303527832,26.208051681518555,23.861238479614258,153.67999267578125
2013-03-15,25.14556312561035,26.415809631347656,23.833877563476562,154.0
2013-03-18,25.098163604736328,26.02472686767578,23.327648162841797,155.3800048828125
2013-03-19,25.076614379882812,25.963626861572266,23.12925910949707,156.0800018310547
2013-03-20,25.05506706237793,26.061399459838867,23.505512237548828,155.3699951171875
2013-03-21,25.141260147094727,25.90863609313965,23.170305252075195,156.25
2013-03-22,25.274839401245117,26.029056549072266,23.457624435424805,155.5500030517578
2013-03-25,25.20157814025879,25.808992385864258,22.814577102661133,155.24000549316406
2013-03-26,25.16710662841797,25.7050724029541,22.80088996887207,154.72000122070312
2013-03-27,25.132627487182617,25.49723243713379,22.424638748168945,155.36000061035156
2013-03-28,25.210205078125,25.527799606323242,22.602506637573242,154.4499969482422
2013-04-01,25.24472427368164,25.454437255859375,22.472524642944336,154.6699981689453
2013-04-02,25.231765747070312,25.601154327392578,22.862459182739258,152.42999267578125
2013-04-03,25.30512237548828,25.552249908447266,22.69827651977539,150.72999572753906
2013-04-04,25.339643478393555,25.5461368560791,22.821407318115234,150.2899932861328
2013-04-05,25.50790786743164,25.417766571044922,22.629867553710938,152.80999755859375
2013-04-08,25.412994384765625,25.30774688720703,22.72564697265625,152.16000366210938
2013-04-09,25.525175094604492,25.650056838989258,22.828250885009766,153.33999633789062
2013-04-10,25.348268508911133,25.986270904541016,23.313962936401367,150.75
2013-04-11,25.425939559936523,26.236900329589844,23.484987258911133,151.0500030517578
2013-04-12,25.456132888793945,26.298038482666016,23.355018615722656,143.9499969482422
2013-04-15,25.447507858276367,25.564468383789062,22.787216186523438,131.30999755859375
2013-04-16,25.594207763671875,25.94959259033203,23.23187828063965,132.8000030517578
2013-04-17,25.40867042541504,25.313838958740234,22.431488037109375,132.8699951171875
2013-04-18,25.456132888793945,25.161022186279297,22.41095542907715,134.3000030517578
2013-04-19,25.378469467163086,25.36886215209961,22.595664978027344,135.47000122070312
2013-04-22,25.482030868530273,25.44832992553711,22.787216186523438,137.89999389648438
2013-04-23,25.412994384765625,25.643945693969727,23.327648162841797,136.8800048828125
2013-04-24,25.438875198364258,25.851791381835938,23.669696807861328,138.3699951171875
2013-04-25,25.447507858276367,26.059633255004883,23.580764770507812,141.6300048828125
2013-04-26,25.594207763671875,26.126869201660156,23.649171829223633,140.91000366210938
2013-04-29,25.753843307495117,26.456966400146484,24.169076919555664,142.3000030517578
2013-04-30,25.887609481811523,26.579227447509766,24.141719818115234,142.77000427246094
2013-05-01,25.938112258911133,26.505870819091797,23.9638614654541,141.11000061035156
2013-05-02,25.851760864257812,26.628137588500977,24.12803077697754,141.9199981689453
2013-05-03,25.778348922729492,26.87877082824707,24.55217742919922,142.08999633789062
2013-05-06,25.661775588989258,26.88487434387207,24.449560165405273,142.14999389648438
2013-05-07,25.59699249267578,27.025476455688477,24.593219757080078,140.3800048828125
2013-05-08,25.76108169555664,27.355587005615234,24.94210433959961,142.4600067138672
2013-05-09,25.519268035888672,27.202754974365234,24.606916427612305,140.80999755859375
2013-05-10,25.21268653869629,27.2088623046875,24.70952033996582,139.60000610351562
2013-05-13,25.130653381347656,27.282228469848633,24.586381912231445,138.42999267578125
2013-05-14,25.00543975830078,27.214977264404297,24.688995361328125,137.80999755859375
2013-05-15,24.923389434814453,27.282228469848633,24.70952033996582,134.6300048828125
2013-05-16,24.97089195251465,27.251665115356445,24.55217742919922,134.08999633789062
2013-05-17,24.841346740722656,27.4472713470459,24.839494705200195,131.07000732421875
2013-05-20,24.91475486755371,27.63066291809082,24.887386322021484,135.1199951171875
2013-05-21,24.897489547729492,27.759031295776367,24.90106964111328,132.8800048828125
2013-05-22,24.716121673583984,27.410594940185547,24.682147979736328,131.94000244140625
2013-05-23,24.858617782592773,27.300559997558594,24.675304412841797,134.61000061035156
2013-05-24,24.884532928466797,27.325014114379883,24.62742805480957,133.75999450683594
2013-05-28,24.64703369140625,27.355587005615234,24.887386322021484,133.49000549316406
2013-05-29,24.711814880371094,27.49618148803711,24.78476905822754,134.8300018310547
2013-05-30,24.837034225463867,27.8323917388916,25.024202346801758,136.6999969482422
2013-05-31,24.763628005981445,27.422826766967773,24.4837646484375,133.9199981689453
2013-06-03,25.0157413482666,27.734590530395508,24.723196029663086,136.50999450683594
2013-06-04,24.898975372314453,27.624549865722656,24.545331954956055,135.22999572753906
2013-06-05,24.937889099121094,27.422826766967773,24.182767868041992,135.52000427246094
2013-06-06,25.20598602294922,27.814043045043945,24.346948623657227,136.52999877929688
2013-06-07,25.184371948242188,27.82628059387207,24.606916427612305,133.27999877929688
2013-06-10,24.981136322021484,27.838499069213867,24.600065231323242,133.94000244140625
2013-06-11,25.201671600341797,27.49618148803711,24.292219161987305,133.25
2013-06-12,25.270864486694336,27.593982696533203,24.20329475402832,134.25
2013-06-13,25.45680046081543,27.734590530395508,24.51797866821289,133.74000549316406
2013-06-14,25.569238662719727,27.673450469970703,24.25117301940918,134.42999267578125
2013-06-17,25.53464126586914,28.015785217285156,24.634265899658203,133.77000427246094
2013-06-18,25.422199249267578,28.229736328125,24.771095275878906,132.1300048828125
2013-06-19,25.045995712280273,27.752918243408203,24.169076919555664,130.58999633789062
2013-06-20,24.613574981689453,27.013246536254883,23.259241104125977,123.5999984741211
2013-06-21,24.345478057861328,26.87265396118164,23.110729217529297,125.05000305175781
2013-06-24,24.26331329345703,26.33564567565918,22.725425720214844,123.93000030517578
2013-06-25,24.332489013671875,26.191171646118164,22.942594528198242,123.47000122070312
2013-06-26,24.38871955871582,26.436134338378906,23.2718505859375,118.27999877929688
2013-06-27,24.505468368530273,26.79414176940918,23.404951095581055,115.94000244140625
2013-06-28,24.336822509765625,26.61827850341797,23.208799362182617,119.11000061035156
2013-07-01,24.40436553955078,26.819263458251953,23.432971954345703,121.12999725341797
2013-07-02,24.25714683532715,26.762741088867188,23.04067039489746,120.05000305175781
2013-07-03,24.322101593017578,26.850669860839844,22.97762107849121,120.73999786376953
2013-07-05,24.005998611450195,26.79414176940918,23.061687469482422,118.08999633789062
2013-07-08,24.070955276489258,27.07050132751465,23.432971954345703,119.51000213623047
2013-07-09,24.075288772583008,27.152141571044922,23.411951065063477,120.62000274658203
2013-07-10,24.1878662109375,27.20241355895996,23.552059173583984,120.94999694824219
2013-07-11,24.5819091796875,27.65462303161621,24.196561813354492,124.23999786376953
2013-07-12,24.499631881713867,27.723716735839844,24.02142333984375,124.12999725341797
2013-07-15,24.52128791809082,27.7425537109375,24.126501083374023,124.18000030517578
2013-07-16,24.772441864013672,27.7425537109375,24.133506774902344,124.88999938964844
2013-07-17,24.698837280273438,27.956098556518555,24.168535232543945,123.31999969482422
2013-07-18,24.67716407775879,28.201053619384766,24.476776123046875,124.01000213623047
2013-07-19,24.703153610229492,28.395755767822266,24.553831100463867,125.11000061035156
2013-07-22,24.876361846923828,28.584192276000977,24.679929733276367,128.83999633789062
2013-07-23,24.95429229736328,28.70980453491211,24.770994186401367,129.7100067138672
2013-07-24,24.716144561767578,28.65955352783203,24.96714973449707,127.4800033569336
2013-07-25,24.876361846923828,29.023841857910156,25.149293899536133,128.6699981689453
2013-07-26,24.971614837646484,28.986164093017578,25.198335647583008,128.77999877929688
2013-07-29,24.949953079223633,28.89194107055664,25.072223663330078,128.47000122070312
2013-07-30,24.872034072875977,28.70980453491211,25.114259719848633,128.1199951171875
2013-07-31,24.919654846191406,28.92335319519043,25.268369674682617,127.95999908447266
2013-08-01,24.63237762451172,29.224834442138672,25.625652313232422,126.61000061035156
2013-08-02,24.823036193847656,29.31905174255371,25.723726272583008,126.36000061035156
2013-08-05,24.853361129760742,29.46351432800293,25.6186466217041,125.69999694824219
2013-08-06,24.90102767944336,29.31905174255371,25.506555557250977,123.97000122070312
2013-08-07,25.11333656311035,29.47606658935547,25.625652313232422,124.1500015258789
2013-08-08,25.25631332397461,30.028783798217773,25.98992919921875,126.86000061035156
2013-08-09,25.234655380249023,30.028783798217773,25.96891212463379,126.86000061035156
2013-08-12,25.13932991027832,29.95969009399414,25.877840042114258,129.1300048828125
2013-08-13,24.918363571166992,30.022502899169922,25.99692726135254,127.73999786376953
2013-08-14,24.870691299438477,30.14812469482422,26.010942459106445,129.0
2013-08-15,24.953014373779297,29.97225570678711,25.99692726135254,131.69000244140625
2013-08-16,24.90102767944336,30.06646728515625,26.123046875,132.5800018310547
2013-08-19,24.76669692993164,29.991106033325195,25.78678321838379,132.00999450683594
2013-08-20,24.879348754882812,30.047630310058594,25.73773765563965,132.4499969482422
2013-08-21,24.71471405029297,29.802675247192383,25.471538543701172,132.07000732421875
2013-08-22,24.65837860107422,30.20465660095215,25.87084197998047,132.80999755859375
2013-08-23,24.719045639038086,30.42448616027832,26.038969039916992,134.89999389648438
2013-08-26,24.740697860717773,30.17952537536621,25.85683250427246,135.4499969482422
2013-08-27,24.879348754882812,29.488630294799805,25.156295776367188,136.75
2013-08-28,24.753713607788086,29.488630294799805,25.100248336791992,136.7100067138672
2013-08-29,24.63671875,29.501192092895508,25.002174377441406,135.8699951171875
2013-08-30,24.63237762451172,29.275083541870117,24.707942962646484,134.6199951171875
2013-09-03,24.448022842407227,29.771265029907227,24.94613265991211,136.4199981689453
2013-09-04,24.513090133666992,29.97225570678711,25.079227447509766,134.66000366210938
2013-09-05,24.265825271606445,29.984819412231445,25.02318572998047,132.1999969482422
2013-09-06,24.517440795898438,30.17952537536621,25.310407638549805,134.14999389648438
2013-09-09,24.552135467529297,30.562664031982422,25.60464096069336,133.91000366210938
2013-09-10,24.49140739440918,30.9457950592041,26.003944396972656,131.74000549316406
2013-09-11,24.673595428466797,31.272401809692383,26.256134033203125,131.6999969482422
2013-09-12,24.677927017211914,31.140499114990234,26.116029739379883,127.66999816894531
2013-09-13,24.76468276977539,31.209579467773438,26.263137817382812,127.81999969482422
2013-09-16,24.920848846435547,31.435697555541992,26.48030662536621,126.44999694824219
2013-09-17,24.942535400390625,31.391742706298828,26.599397659301758,126.5
2013-09-18,25.289566040039062,32.271053314208984,27.412010192871094,132.00999450683594
2013-09-19,25.254858016967773,31.950721740722656,27.285926818847656,131.75
2013-09-20,25.224510192871094,31.686927795410156,27.098438262939453,127.95999908447266
2013-09-23,25.241844177246094,31.63027000427246,27.014171600341797,127.55000305175781
2013-09-24,25.28089141845703,31.72471046447754,27.07736587524414,127.66000366210938
2013-09-25,25.27220916748047,31.83173179626465,27.182703018188477,128.7899932861328
2013-09-26,25.172439575195312,31.86951446533203,27.16864585876465,127.79000091552734
2013-09-27,25.293907165527344,31.844335556030273,27.175674438476562,128.97000122070312
2013-09-30,25.319929122924805,31.781368255615234,26.972030639648438,128.17999267578125
2013-10-01,25.407724380493164,32.10246276855469,27.302072525024414,124.58999633789062
2013-10-02,25.54245948791504,32.19689178466797,27.365276336669922,127.05999755859375
2013-10-03,25.57288360595703,32.19689178466797,27.16864585876465,127.18000030517578
2013-10-04,25.468564987182617,32.1213493347168,27.33016014099121,126.52999877929688
2013-10-07,25.538097381591797,31.875808715820312,27.231849670410156,127.63999938964844
2013-10-08,25.5294189453125,31.680625915527344,27.02118682861328,127.4000015258789
2013-10-09,25.42945098876953,31.479175567626953,27.105457305908203,126.11000061035156
2013-10-10,25.342533111572266,32.22208023071289,27.772552490234375,124.2699966430664
2013-10-11,25.433799743652344,32.44242477416992,27.80064582824707,122.5999984741211
2013-10-14,25.416419982910156,32.6564826965332,27.92003059387207,122.83000183105469
2013-10-15,25.342533111572266,32.5368766784668,27.828739166259766,123.7300033569336
2013-10-16,25.355560302734375,32.73203659057617,28.10260772705078,123.54000091552734
2013-10-17,25.69021987915039,33.21052932739258,28.432641983032227,127.41999816894531
2013-10-18,25.729341506958008,33.44977951049805,28.594154357910156,126.8499984741211
2013-10-21,25.685884475708008,33.70789337158203,28.552011489868164,126.9800033569336
2013-10-22,25.88580322265625,34.0667610168457,28.88205337524414,129.33999633789062
2013-10-23,25.937955856323242,33.94084167480469,28.6573486328125,128.69000244140625
2013-10-24,25.911867141723633,34.10452651977539,28.889076232910156,129.89999389648438
2013-10-25,25.933605194091797,34.08564758300781,28.868017196655273,130.4600067138672
2013-10-28,25.933605194091797,33.92194747924805,28.685436248779297,130.55999755859375
2013-10-29,25.84233283996582,33.972312927246094,28.875038146972656,129.77000427246094
2013-10-30,25.75975799560547,33.896766662597656,28.69948387145996,129.60000610351562
2013-10-31,25.638071060180664,33.77714920043945,28.67140007019043,127.73999786376953
2013-11-01,25.45865249633789,33.575687408447266,28.474781036376953,126.94999694824219
2013-11-04,25.528324127197266,33.84011459350586,28.57307243347168,126.80999755859375
2013-11-05,25.41945457458496,33.55679702758789,28.17282485961914,126.55999755859375
2013-11-06,25.432527542114258,34.05416488647461,28.50286293029785,127.19999694824219
2013-11-07,25.428157806396484,33.54420852661133,27.91300392150879,126.16000366210938
2013-11-08,25.175580978393555,33.67011260986328,27.997264862060547,124.27999877929688
2013-11-11,25.258331298828125,33.953433990478516,28.250057220458984,123.87000274658203
2013-11-12,25.127685546875,33.60087203979492,28.095565795898438,122.44999694824219
2013-11-13,25.267040252685547,33.6197624206543,28.22197151184082,122.8499984741211
2013-11-14,25.327999114990234,33.62605285644531,28.320289611816406,124.2699966430664
2013-11-15,25.3410701751709,33.81492233276367,28.418594360351562,124.31999969482422
2013-11-18,25.393325805664062,33.86529541015625,28.57307243347168,122.9000015258789
2013-11-19,25.380260467529297,33.733070373535156,28.404552459716797,122.94999694824219
2013-11-20,25.258331298828125,33.273494720458984,28.081533432006836,120.12000274658203
2013-11-21,25.201719284057617,33.64493942260742,28.36945343017578,119.94000244140625
2013-11-22,25.30187225341797,33.903072357177734,28.62223243713379,119.91999816894531
2013-11-25,25.284456253051758,33.95972442626953,28.587129592895508,120.45999908447266
2013-11-26,25.362838745117188,34.23044204711914,28.741615295410156,119.81999969482422
2013-11-27,25.30187225341797,34.4193115234375,28.860992431640625,119.45999908447266
2013-11-29,25.293161392211914,34.60819625854492,28.910146713256836,120.69999694824219
2013-12-02,25.141347885131836,34.43821334838867,28.692459106445312,117.58000183105469
2013-12-03,25.267854690551758,34.12971878051758,28.306245803833008,117.95999908447266
2013-12-04,25.224239349365234,33.928253173828125,28.060466766357422,119.95999908447266
2013-12-05,25.250402450561523,33.89047622680664,27.82171058654785,118.30000305175781
2013-12-06,25.31585121154785,34.3185920715332,28.29218864440918,118.55000305175781
2013-12-09,25.359464645385742,34.48229217529297,28.34134864807129,119.72000122070312
2013-12-10,25.437997817993164,34.50115966796875,28.144725799560547,121.81999969482422
2013-12-11,25.411828994750977,34.26822280883789,27.934062957763672,120.86000061035156
2013-12-12,25.289684295654297,33.928253173828125,27.730426788330078,118.29000091552734
2013-12-13,25.34202003479004,33.92194747924805,27.772552490234375,119.37999725341797
2013-12-16,25.394384384155273,34.21784591674805,28.250057220458984,119.69000244140625
2013-12-17,25.381288528442383,34.26822280883789,27.9761905670166,118.6500015258789
2013-12-18,25.280960083007812,34.87893295288086,28.50286293029785,117.61000061035156
2013-12-19,25.171886444091797,34.847442626953125,28.615211486816406,114.81999969482422
2013-12-20,25.22860336303711,35.0426025390625,28.811338424682617,115.94000244140625
2013-12-23,25.21986961364746,35.3825798034668,29.11469268798828,115.56999969482422
2013-12-24,25.2067928314209,35.62715530395508,29.192289352416992,116.0999984741211
2013-12-26,25.211139678955078,35.77213668823242,29.418045043945312,116.73999786376953
2013-12-27,25.13116455078125,35.8982048034668,29.545026779174805,117.12000274658203
2013-12-30,25.240436553955078,36.295326232910156,29.700220108032227,115.38999938964844
2013-12-31,25.236064910888672,36.47182846069336,29.77078628540039,116.12000274658203
2014-01-02,25.078716278076172,35.866695404052734,28.895986557006836,118.0
2014-01-03,25.017526626586914,36.0936164855957,28.804283142089844,119.29000091552734
2014-01-06,25.12679100036621,36.24489974975586,28.87482452392578,119.5
2014-01-07,25.144275665283203,36.49703598022461,29.248735427856445,118.81999969482422
2014-01-08,25.052509307861328,36.49703598022461,29.178178787231445,118.12000274658203
2014-01-09,25.04375648498535,36.698753356933594,29.135852813720703,118.45999908447266
2014-01-10,25.28850746154785,37.16519546508789,29.4392147064209,120.26000213623047
2014-01-13,25.362808227539062,37.03913879394531,29.171125411987305,121.0199966430664
2014-01-14,25.284133911132812,37.61275100708008,29.552066802978516,119.88999938964844
2014-01-15,25.161767959594727,37.71360778808594,29.897768020629883,119.66000366210938
2014-01-16,25.22294044494629,37.66947555541992,29.76372718811035,119.79000091552734
2014-01-17,25.148639678955078,37.524513244628906,29.43214988708496,120.93000030517578
2014-01-21,25.161767959594727,37.60015106201172,29.664941787719727,119.69999694824219
2014-01-22,25.13116455078125,37.833377838134766,29.573244094848633,119.19000244140625
2014-01-23,25.410877227783203,38.02878952026367,29.5379581451416,121.79000091552734
2014-01-24,25.393400192260742,36.723968505859375,28.4586124420166,122.29000091552734
2014-01-27,25.380298614501953,36.459228515625,28.423330307006836,120.95999908447266
2014-01-28,25.358442306518555,37.1904182434082,28.811338424682617,120.94999694824219
2014-01-29,25.38466453552246,36.793304443359375,28.30340003967285,122.47000122070312
2014-01-30,25.314722061157227,37.01393508911133,28.465662002563477,119.7699966430664
2014-01-31,25.34969139099121,36.553775787353516,28.0494384765625,120.08999633789062
2014-02-03,25.330028533935547,35.778438568115234,27.470945358276367,121.31999969482422
2014-02-04,25.35625457763672,36.16295623779297,27.71786117553711,120.98999786376953
2014-02-05,25.421829223632812,36.28901672363281,27.767244338989258,121.29000091552734
2014-02-06,25.430570602416992,36.90676498413086,28.388046264648438,121.23999786376953
2014-02-07,25.522382736206055,37.34800720214844,28.825448989868164,122.16999816894531
2014-02-10,25.49178123474121,37.36061096191406,28.64908218383789,122.91999816894531
2014-02-11,25.509260177612305,37.71990203857422,29.107641220092773,124.36000061035156
2014-02-12,25.3912353515625,37.85858917236328,29.100574493408203,124.43000030517578
2014-02-13,25.57921600341797,38.15483856201172,29.382774353027344,125.48999786376953
2014-02-14,25.631671905517578,38.457420349121094,29.516807556152344,127.1500015258789
2014-02-18,25.73223876953125,38.56456756591797,29.622621536254883,127.4000015258789
2014-02-19,25.631671905517578,38.299827575683594,29.418045043945312,126.2699966430664
2014-02-20,25.58795166015625,38.4952278137207,29.55913543701172,127.5999984741211
2014-02-21,25.65791130065918,38.589778900146484,29.636737823486328,127.58000183105469
2014-02-24,25.68414306640625,38.90496063232422,29.855432510375977,128.99000549316406
2014-02-25,25.75408172607422,38.86714172363281,29.890701293945312,129.2100067138672
2014-02-26,25.710363388061523,38.8419189453125,29.72843360900879,128.11000061035156
2014-02-27,25.81966781616211,39.11298751831055,29.78488540649414,128.1999969482422
2014-02-28,25.915843963623047,39.5037727355957,29.88365364074707,127.62000274658203
2014-03-03,25.89132308959961,38.249393463134766,29.00887680053711,130.2899932861328
2014-03-04,25.86067771911621,39.150794982910156,29.714338302612305,128.67999267578125
2014-03-05,25.89132308959961,39.36511993408203,29.76372718811035,128.88999938964844
2014-03-06,25.930721282958984,39.91352844238281,30.07411766052246,130.1699981689453
2014-03-07,25.9132137298584,39.85048294067383,29.834274291992188,129.08999633789062
2014-03-10,25.921974182128906,39.554222106933594,29.72843360900879,129.1300048828125
2014-03-11,25.878202438354492,39.27686309814453,29.545026779174805,129.86000061035156
2014-03-12,25.908836364746094,39.23904800415039,29.50269889831543,131.75999450683594
2014-03-13,25.996402740478516,38.47632598876953,28.726686477661133,132.2100067138672
2014-03-14,26.062063217163086,38.40067672729492,28.839561462402344,133.10000610351562
2014-03-17,26.105846405029297,39.11298751831055,29.326330184936523,131.63999938964844
2014-03-18,26.127723693847656,39.40293502807617,29.60851287841797,130.6199951171875
2014-03-19,25.79499626159668,38.961692810058594,29.19935417175293,128.08999633789062
2014-03-20,25.764371871948242,38.8419189453125,29.382774353027344,127.86000061035156
2014-03-21,25.882577896118164,38.43850326538086,29.295787811279297,128.47000122070312
2014-03-24,25.965755462646484,38.38932418823242,29.295787811279297,126.18000030517578
2014-03-25,25.95261573791504,38.70460891723633,29.713003158569336,126.41000366210938
2014-03-26,26.009525299072266,38.6163330078125,29.72005271911621,125.41000366210938
2014-03-27,26.018285751342773,38.75504684448242,29.77663803100586,124.58999633789062
2014-03-28,25.97450065612793,38.9063835144043,30.116046905517578,124.55999755859375
2014-03-31,25.996402740478516,39.42975997924805,30.16554832458496,123.61000061035156
2014-04-01,25.99113655090332,39.965763092041016,30.4695987701416,123.38999938964844
2014-04-02,25.859575271606445,39.915306091308594,30.40595245361328,124.31999969482422
2014-04-03,25.75432014465332,39.757652282714844,30.441328048706055,123.91999816894531
2014-04-04,25.92535972595215,39.625240325927734,30.377676010131836,125.56999969482422
2014-04-07,26.02182388305664,39.45497512817383,30.236257553100586,124.91000366210938
2014-04-08,26.15337562561035,39.13339614868164,30.264530181884766,126.08999633789062
2014-04-09,26.232328414916992,39.79550552368164,30.653461456298828,126.31999969482422
2014-04-10,26.32879638671875,39.089263916015625,29.974624633789062,127.01000213623047
2014-04-11,26.315635681152344,38.68568801879883,29.83320426940918,126.93000030517578
2014-04-14,26.276166915893555,38.111873626708984,29.995824813842773,127.8499984741211
2014-04-15,26.249860763549805,37.77766036987305,29.811988830566406,125.48999786376953
2014-04-16,26.25862693786621,38.40192794799805,30.200889587402344,125.54000091552734
2014-04-17,26.17091941833496,38.79289245605469,30.342321395874023,124.75
2014-04-21,26.13584327697754,38.83071517944336,30.40595245361328,124.23999786376953
2014-04-22,26.10076141357422,39.19645309448242,30.667591094970703,123.77999877929688
2014-04-23,26.10076141357422,39.253204345703125,30.547378540039062,123.76000213623047
2014-04-24,26.10076141357422,39.04511642456055,30.526172637939453,124.55999755859375
2014-04-25,26.17091941833496,38.88116455078125,30.257463455200195,125.43000030517578
2014-04-28,26.166534423828125,38.81181335449219,30.448394775390625,124.87999725341797
2014-04-29,26.144617080688477,39.13339614868164,30.695880889892578,124.86000061035156
2014-04-30,26.25862693786621,39.373023986816406,30.886791229248047,124.22000122070312
2014-05-01,26.30075454711914,39.27212142944336,30.950441360473633,123.80000305175781
2014-05-02,26.353429794311523,39.3477897644043,30.72415542602539,125.05999755859375
2014-05-05,26.35783576965332,39.30364990234375,30.7595272064209,126.22000122070312
2014-05-06,26.489501953125,39.391944885253906,30.582740783691406,125.9800033569336
2014-05-07,26.463171005249023,39.26581954956055,30.82316017150879,124.16999816894531
2014-05-08,26.47633934020996,39.297340393066406,30.89385986328125,124.16999816894531
2014-05-09,26.340267181396484,39.05773162841797,30.68880844116211,124.0999984741211
2014-05-12,26.309537887573242,39.4991340637207,30.999940872192383,124.94000244140625
2014-05-13,26.256885528564453,39.33517837524414,30.879730224609375,124.5999984741211
2014-05-14,26.37977409362793,39.0766487121582,30.851449966430664,125.80999755859375
2014-05-15,26.388553619384766,38.54696273803711,30.490821838378906,124.7699966430664
2014-05-16,26.392940521240234,38.01096725463867,30.603954315185547,124.5
2014-05-19,26.37977409362793,37.94792175292969,30.611026763916016,124.58000183105469
2014-05-20,26.344663619995117,37.834415435791016,30.427167892456055,124.69000244140625
2014-05-21,26.340267181396484,38.263206481933594,30.717086791992188,124.38999938964844
2014-05-22,26.28759765625,38.18123245239258,30.632247924804688,124.66999816894531
2014-05-23,26.278823852539062,38.376708984375,30.787805557250977,124.51000213623047
2014-05-27,26.305160522460938,38.96945571899414,31.169641494750977,121.8499984741211
2014-05-28,26.335891723632812,38.988372802734375,31.077716827392578,121.19999694824219
2014-05-29,26.33149528503418,39.284732818603516,31.176725387573242,120.94000244140625
2014-05-30,26.296375274658203,39.404541015625,31.29693031311035,120.43000030517578
2014-06-02,26.206758499145508,39.50543975830078,31.254487991333008,119.69999694824219
2014-06-03,26.17160987854004,39.44236755371094,31.127222061157227,120.01000213623047
2014-06-04,26.15403938293457,39.461299896240234,31.120147705078125,119.76000213623047
2014-06-05,26.272661209106445,39.73244094848633,31.57270622253418,120.66000366210938
2014-06-06,26.382488250732422,40.29365921020508,31.855548858642578,120.61000061035156
2014-06-09,26.32976722717285,40.167537689208984,31.78484535217285,120.6500015258789
2014-06-10,26.272661209106445,39.877471923828125,31.728273391723633,121.38999938964844
2014-06-11,26.277042388916016,39.36041259765625,31.4312744140625,121.41000366210938
2014-06-12,26.33416175842285,39.253204345703125,31.374713897705078,122.63999938964844
2014-06-13,26.299013137817383,39.02619171142578,31.325210571289062,122.95999908447266
2014-06-16,26.347352981567383,38.7991828918457,31.304004669189453,122.41999816894531
2014-06-17,26.23751449584961,38.71723175048828,31.33936309814453,122.27999877929688
2014-06-18,26.400054931640625,39.05142593383789,31.714128494262695,122.66999816894531
2014-06-19,26.40884780883789,38.54066848754883,31.89797592163086,126.94000244140625
2014-06-20,26.378093719482422,38.93791961669922,31.73845100402832,126.5
2014-06-23,26.457168579101562,38.943050384521484,31.630176544189453,126.8499984741211
2014-06-24,26.452781677246094,38.14082717895508,31.435283660888672,126.9800033569336
2014-06-25,26.527469635009766,38.1665153503418,31.399206161499023,126.98999786376953
2014-06-26,26.58458709716797,38.4553108215332,31.218746185302734,126.7300033569336
2014-06-27,26.663663864135742,38.58366012573242,31.262046813964844,126.66000366210938
2014-06-30,26.716388702392578,38.77619934082031,31.233173370361328,128.0399932861328
2014-07-01,26.71551513671875,39.11632537841797,31.485820770263672,127.69999694824219
2014-07-02,26.62752914428711,39.15483856201172,31.41362762451172,127.69999694824219
2014-07-03,26.583541870117188,39.30887222290039,31.62297248840332,127.16000366210938
2014-07-07,26.570344924926758,38.97514343261719,31.146560668945312,127.0199966430664
2014-07-08,26.601131439208984,38.4553108215332,30.699045181274414,127.06999969482422
2014-07-09,26.64512062072754,38.44888687133789,30.94443702697754,127.83999633789062
2014-07-10,26.618732452392578,37.79426956176758,30.453622817993164,128.5399932861328
2014-07-11,26.67591667175293,37.7878532409668,30.431955337524414,128.77999877929688
2014-07-14,26.67591667175293,37.9418830871582,30.6196346282959,125.72000122070312
2014-07-15,26.596742630004883,37.74293518066406,30.37421226501465,124.52999877929688
2014-07-16,26.587932586669922,37.7878532409668,30.63405990600586,124.97000122070312
2014-07-17,26.6539249420166,37.473384857177734,30.006084442138672,127.08999633789062
2014-07-18,26.67151641845703,37.511898040771484,30.359779357910156,126.12999725341797
2014-07-21,26.6539249420166,37.25517654418945,30.107135772705078,126.33999633789062
2014-07-22,26.605533599853516,37.07548141479492,30.316463470458984,125.73999786376953
2014-07-23,26.63633155822754,37.45412826538086,30.381420135498047,125.62000274658203
2014-07-24,26.596742630004883,37.588897705078125,30.63405990600586,124.3499984741211
2014-07-25,26.57913589477539,37.588897705078125,30.258712768554688,125.79000091552734
2014-07-28,26.557140350341797,37.36427688598633,30.208187103271484,125.58000183105469
2014-07-29,26.521940231323242,37.126834869384766,30.164880752563477,125.19999694824219
2014-07-30,26.376787185668945,37.11399459838867,30.12157440185547,124.83000183105469
2014-07-31,26.350379943847656,36.46579360961914,29.421411514282227,123.38999938964844
2014-08-01,26.398778915405273,36.119232177734375,29.1398983001709,124.37999725341797
2014-08-04,26.451555252075195,36.12565612792969,29.29148292541504,123.98999786376953
2014-08-05,26.345983505249023,35.72775650024414,28.764545440673828,123.87000274658203
2014-08-06,26.4207763671875,35.438941955566406,28.764545440673828,125.66999816894531
2014-08-07,26.403179168701172,35.175819396972656,28.338680267333984,126.18000030517578
2014-08-08,26.48676300048828,35.368350982666016,28.75733757019043,126.19000244140625
2014-08-11,26.48676300048828,35.73417663574219,28.735681533813477,125.95999908447266
2014-08-12,26.455965042114258,35.76625442504883,28.59131622314453,125.98999786376953
2014-08-13,26.473560333251953,35.67640686035156,28.82229232788086,126.19999694824219
2014-08-14,26.53074836730957,35.89460754394531,28.981098175048828,126.30999755859375
2014-08-15,26.64512062072754,35.92670440673828,28.84395408630371,125.4800033569336
2014-08-18,26.557140350341797,36.164154052734375,29.060501098632812,124.95999908447266
2014-08-19,26.464750289916992,36.266841888427734,29.132688522338867,124.68000030517578
2014-08-20,26.332786560058594,36.0550537109375,28.93779182434082,124.22000122070312
2014-08-21,26.35917854309082,36.356685638427734,29.29148292541504,122.87999725341797
2014-08-22,26.376787185668945,36.331024169921875,29.024398803710938,123.19000244140625
2014-08-25,26.36798667907715,36.529972076416016,29.45028305053711,122.73999786376953
2014-08-26,26.345983505249023,36.478633880615234,29.6812686920166,123.3499984741211
2014-08-27,26.455965042114258,36.73533630371094,29.739009857177734,123.31999969482422
2014-08-28,26.495553970336914,36.420867919921875,29.508028030395508,124.0
2014-08-29,26.411970138549805,36.318180084228516,29.493593215942383,123.86000061035156
2014-09-02,26.208078384399414,36.06789779663086,29.50081443786621,121.6500015258789
2014-09-03,26.252105712890625,36.2219123840332,29.84006118774414,122.1500015258789
2014-09-04,26.045124053955078,35.88819122314453,29.933908462524414,121.4800033569336
2014-09-05,26.0671443939209,36.02296829223633,30.09270668029785,122.05999755859375
2014-09-08,25.895395278930664,35.4517822265625,29.71734619140625,120.7300033569336
2014-09-09,25.824920654296875,35.368350982666016,29.645174026489258,120.87000274658203
2014-09-10,25.736845016479492,35.31059265136719,29.710140228271484,120.26000213623047
2014-09-11,25.65756607055664,35.06671905517578,29.601863861083984,119.47000122070312
2014-09-12,25.631145477294922,35.1373176574707,29.558557510375977,118.37999725341797
2014-09-15,25.63996124267578,35.150146484375,29.587425231933594,118.63999938964844
2014-09-16,25.679595947265625,35.11804962158203,29.66683006286621,118.83000183105469
2014-09-17,25.538673400878906,35.079551696777344,29.544116973876953,117.54000091552734
2014-09-18,25.53426170349121,35.297752380371094,29.7967529296875,117.77999877929688
2014-09-19,25.507827758789062,35.20149230957031,29.65498924255371,117.08999633789062
2014-09-22,25.538673400878906,35.221492767333984,29.56819725036621,116.8499984741211
2014-09-23,25.543079376220703,34.789432525634766,29.126998901367188,117.5999984741211
2014-09-24,25.503433227539062,34.71205139160156,29.40183448791504,117.05000305175781
2014-09-25,25.472599029541016,34.26066589355469,28.830440521240234,117.38999938964844
2014-09-26,25.371315002441406,34.034969329833984,29.02573013305664,117.05999755859375
2014-09-29,25.344892501831055,33.893096923828125,28.67131996154785,117.02999877929688
2014-09-30,25.2656192779541,33.80927658081055,28.7147159576416,116.20999908447266
2014-10-01,25.34893035888672,33.38367462158203,28.410921096801758,116.7699966430664
2014-10-02,25.40622329711914,33.17731857299805,27.991413116455078,116.73999786376953
2014-10-03,25.146167755126953,33.087039947509766,27.890159606933594,114.61000061035156
2014-10-06,25.362138748168945,33.20311737060547,27.99864959716797,116.02999877929688
2014-10-07,25.423856735229492,32.571163177490234,27.354915618896484,116.36000061035156
2014-10-08,25.62662124633789,32.94517135620117,27.904626846313477,117.47000122070312
2014-10-09,25.51641845703125,31.82313346862793,27.029436111450195,117.63999938964844
2014-10-10,25.45911979675293,31.3846435546875,26.609939575195312,117.58999633789062
2014-10-13,25.560495376586914,31.204084396362305,26.660564422607422,118.5199966430664
2014-10-14,25.613380432128906,31.34596061706543,26.769058227539062,118.58999633789062
2014-10-15,25.79851722717285,31.378206253051758,26.392946243286133,118.98999786376953
2014-10-16,25.741220474243164,31.05577850341797,25.995136260986328,119.22000122070312
2014-10-17,25.661876678466797,31.894075393676758,26.58823013305664,118.98999786376953
2014-10-20,25.719175338745117,32.1262321472168,26.675024032592773,119.80000305175781
2014-10-21,25.683921813964844,32.70658493041992,27.08006477355957,120.0199966430664
2014-10-22,25.569313049316406,32.58406448364258,26.675024032592773,119.33999633789062
2014-10-23,25.529638290405273,32.951637268066406,27.181333541870117,118.5199966430664
2014-10-24,25.525236129760742,33.15153503417969,27.311527252197266,118.3499984741211
2014-10-27,25.617794036865234,33.02255630493164,27.0511417388916,118.05999755859375
2014-10-28,25.65305519104004,33.42879867553711,27.514039993286133,118.0999984741211
2014-10-29,25.45911979675293,33.06769943237305,27.0511417388916,116.41000366210938
2014-10-30,25.401826858520508,33.20956802368164,27.188562393188477,115.19000244140625
2014-10-31,25.203466415405273,33.51908493041992,27.680408477783203,112.66000366210938
2014-11-03,24.987852096557617,33.27404022216797,27.347684860229492,112.1500015258789
2014-11-04,25.06281852722168,33.39011764526367,27.130693435668945,112.22000122070312
2014-11-05,24.912893295288086,33.40301513671875,27.28982162475586,109.79000091552734
2014-11-06,24.73651885986328,33.20956802368164,27.26813507080078,109.87999725341797
2014-11-07,24.86438751220703,33.157962799072266,27.072834014892578,112.97000122070312
2014-11-10,24.802661895751953,33.30628204345703,27.246427536010742,110.45999908447266
2014-11-11,24.855560302734375,33.4932975769043,27.427249908447266,112.04000091552734
2014-11-12,24.81589126586914,33.106380462646484,26.95710563659668,111.5
2014-11-13,24.837940216064453,32.996761322021484,27.087305068969727,111.66999816894531
2014-11-14,24.89525604248047,32.94517135620117,27.130693435668945,114.47000122070312
2014-11-17,24.81589126586914,32.85490417480469,27.26813507080078,114.05000305175781
2014-11-18,24.868803024291992,33.28050994873047,27.796125411987305,115.05000305175781
2014-11-19,24.762971878051758,33.29983901977539,27.80336570739746,113.68000030517578
2014-11-20,24.829111099243164,33.33207321166992,27.593612670898438,114.86000061035156
2014-11-21,24.75415802001953,33.26758575439453,28.034809112548828,115.38999938964844
2014-11-24,24.776199340820312,33.725440979003906,28.403684616088867,115.11000061035156
2014-11-25,24.89084243774414,33.996273040771484,28.59175682067871,115.37999725341797
2014-11-26,24.961387634277344,34.02852249145508,28.7147159576416,115.16000366210938
2014-11-28,24.86438751220703,33.79636764526367,28.656841278076172,112.11000061035156
2014-12-01,24.93052864074707,33.80281448364258,28.613447189331055,116.58000183105469
2014-12-02,24.710067749023438,33.738338470458984,28.533889770507812,115.13999938964844
2014-12-03,24.621871948242188,33.73188400268555,28.432632446289062,116.33000183105469
2014-12-04,24.6791934967041,33.88665771484375,28.21564483642578,115.87999725341797
2014-12-05,24.458728790283203,33.90599060058594,28.562822341918945,114.43000030517578
2014-12-08,24.55132484436035,33.783477783203125,28.273500442504883,115.77999877929688
2014-12-09,24.710067749023438,33.77058029174805,28.027578353881836,118.19000244140625
2014-12-10,24.851163864135742,33.525535583496094,27.67317008972168,117.95999908447266
2014-12-11,24.749757766723633,33.357879638671875,27.615312576293945,117.69000244140625
2014-12-12,24.837940216064453,32.89358901977539,26.91370964050293,117.41000366210938
2014-12-15,24.81589126586914,32.55182647705078,26.371240615844727,114.38999938964844
2014-12-16,25.027530670166016,32.53891372680664,26.63885498046875,114.94999694824219
2014-12-17,24.749757766723633,32.91938400268555,27.0511417388916,114.2699966430664
2014-12-18,24.69243049621582,33.48038864135742,27.658700942993164,115.1500015258789
2014-12-19,24.652738571166992,33.457759857177734,27.356203079223633,114.7699966430664
2014-12-22,24.665964126586914,33.6712760925293,27.531131744384766,112.55000305175781
2014-12-23,24.498411178588867,33.58716583251953,27.611324310302734,112.73999786376953
2014-12-24,24.560142517089844,33.82656478881836,27.720659255981445,112.7699966430664
2014-12-26,24.52928352355957,33.84596252441406,27.74981689453125,114.83000183105469
2014-12-29,24.55017852783203,33.53539276123047,27.531131744384766,113.66999816894531
2014-12-30,24.696876525878906,33.58716583251953,27.1010799407959,115.19999694824219
2014-12-31,24.599084854125977,33.302459716796875,26.867830276489258,113.58000183105469
2015-01-02,24.49237823486328,33.45127868652344,26.845962524414062,114.08000183105469
2015-01-05,24.43903350830078,33.00483322143555,25.70156478881836,115.80000305175781
2015-01-06,24.51460075378418,32.58426284790039,25.40999984741211,117.12000274658203
2015-01-07,24.447925567626953,32.94660186767578,25.708858489990234,116.43000030517578
2015-01-08,24.412342071533203,32.914249420166016,26.095182418823242,115.94000244140625
2015-01-09,24.50571632385254,33.07600784301758,25.70156478881836,117.26000213623047
2015-01-12,24.57240104675293,32.86249542236328,25.8327693939209,118.55999755859375
2015-01-13,24.541276931762695,32.90777587890625,25.956687927246094,118.16000366210938
2015-01-14,24.66132164001465,33.06952667236328,26.036869049072266,117.97000122070312
2015-01-15,24.652423858642578,32.80426025390625,25.97126579284668,120.94000244140625
2015-01-16,24.57240104675293,33.12776184082031,26.532543182373047,122.5199966430664
2015-01-20,24.412342071533203,33.38010787963867,26.75848388671875,124.19999694824219
2015-01-21,24.46125602722168,33.47715759277344,27.020902633666992,124.2300033569336
2015-01-22,24.194509506225586,33.56775665283203,27.130245208740234,125.2300033569336
2015-01-23,24.176721572875977,33.250709533691406,26.9261474609375,124.2300033569336
2015-01-26,24.15448760986328,33.85243606567383,27.429088592529297,122.98999786376953
2015-01-27,24.270090103149414,33.8136100769043,27.341629028320312,124.4000015258789
2015-01-28,24.198945999145508,33.457759857177734,26.678314208984375,123.41999816894531
2015-01-29,24.1055850982666,33.949485778808594,27.4072265625,120.76000213623047
2015-01-30,24.212278366088867,33.77479553222656,26.88970375061035,123.44999694824219
2015-02-02,24.278972625732422,34.07888412475586,27.370784759521484,122.41999816894531
2015-02-03,24.407909393310547,34.73887252807617,28.04138946533203,121.05000305175781
2015-02-04,24.29231071472168,34.25358963012695,27.44367790222168,121.58000183105469
2015-02-05,24.421245574951172,35.127079010009766,27.902896881103516,121.79000091552734
2015-02-06,24.092248916625977,34.54475021362305,27.225000381469727,118.63999938964844
2015-02-09,24.056684494018555,34.47358703613281,26.99173927307129,119.16999816894531
2015-02-10,23.9899959564209,35.010623931884766,27.378070831298828,118.47000122070312
2015-02-11,23.843286514282227,34.73887252807617,27.20313835144043,117.06999969482422
2015-02-12,24.110029220581055,35.55411911010742,27.939334869384766,117.33999633789062
2015-02-13,24.074478149414062,35.65765380859375,28.063261032104492,117.9800033569336
2015-02-17,24.025554656982422,35.87116241455078,28.121566772460938,116.01000213623047
2015-02-18,24.06557846069336,36.142906188964844,28.150714874267578,116.33999633789062
2015-02-19,23.972211837768555,36.01349639892578,28.150714874267578,115.94000244140625
2015-02-20,23.981103897094727,36.5052490234375,28.58078956604004,115.27999877929688
2015-02-23,23.9899959564209,36.324073791503906,28.383983612060547,115.43000030517578
2015-02-24,24.0522403717041,36.479366302490234,28.711990356445312,115.26000213623047
2015-02-25,24.150033950805664,36.68640899658203,28.67554473876953,115.69999694824219
2015-02-26,23.923301696777344,36.498775482177734,28.507898330688477,116.06999969482422
2015-02-27,23.949979782104492,36.6605339050293,28.617229461669922,116.16000366210938
2015-03-02,23.829944610595703,36.76405715942383,28.67554473876953,115.68000030517578
2015-03-03,23.816606521606445,36.4405517578125,28.398557662963867,115.47000122070312
2015-03-04,23.692123413085938,36.123504638671875,28.34024429321289,115.11000061035156
2015-03-05,23.638765335083008,36.38877868652344,28.420425415039062,115.0
2015-03-06,23.309772491455078,35.74822998046875,27.829998016357422,111.86000061035156
2015-03-09,23.34978485107422,35.90999221801758,27.946622848510742,111.97000122070312
2015-03-10,23.16304588317871,35.18531799316406,27.246864318847656,111.41999816894531
2015-03-11,23.05191421508789,35.0623893737793,27.44367790222168,110.75
2015-03-12,23.19417953491211,35.44413757324219,27.65505027770996,110.72000122070312
2015-03-13,22.945207595825195,35.314720153808594,27.458263397216797,110.87999725341797
2015-03-16,23.09636878967285,35.62529754638672,27.939334869384766,110.80999755859375
2015-03-17,23.109710693359375,35.392364501953125,27.8154239654541,110.20999908447266
2015-03-18,23.594314575195312,36.091156005859375,28.260061264038086,112.37000274658203
2015-03-19,23.336450576782227,35.728816986083984,27.83729362487793,112.29000091552734
2015-03-20,23.62099266052246,36.43406677246094,28.672142028808594,113.56999969482422
2015-03-23,23.91884994506836,36.78994369506836,28.80348777770996,114.29000091552734
2015-03-24,23.865514755249023,36.85464096069336,28.949438095092773,114.56999969482422
2015-03-25,23.892183303833008,36.76405715942383,28.74510955810547,114.7300033569336
2015-03-26,23.798826217651367,36.29819869995117,28.49698829650879,115.4800033569336
2015-03-27,23.821046829223633,36.31114959716797,28.63564109802246,115.05999755859375
2015-03-30,23.63433074951172,36.35643005371094,28.737802505493164,113.75
2015-03-31,23.616544723510742,36.007041931152344,28.329147338867188,113.66000366210938
2015-04-01,23.687667846679688,36.23350143432617,28.5772647857666,115.5999984741211
2015-04-02,23.80770492553711,36.71228790283203,28.876474380493164,115.27999877929688
2015-04-06,23.87439727783203,37.10697555541992,29.182964324951172,116.69000244140625
2015-04-07,23.7054500579834,36.75759506225586,29.000520706176758,116.11000061035156
2015-04-08,23.714351654052734,37.08109664916992,28.92025375366211,115.47000122070312
2015-04-09,23.47426986694336,37.009925842285156,28.847267150878906,114.66999816894531
2015-04-10,23.425355911254883,37.09404754638672,28.92025375366211,115.97000122070312
2015-04-13,23.38535499572754,36.951690673828125,28.752412796020508,115.13999938964844
2015-04-14,23.56319236755371,37.33992004394531,28.861867904663086,114.44000244140625
2015-04-15,23.674333572387695,37.43050003051758,28.956737518310547,115.43000030517578
2015-04-16,23.816606521606445,37.55989456176758,28.85457420349121,115.02999877929688
2015-04-17,23.87885093688965,37.15873336791992,28.351032257080078,115.5999984741211
2015-04-20,23.718795776367188,36.97110366821289,28.445903778076172,114.72000122070312
2015-04-21,23.66988754272461,37.32050323486328,28.5772647857666,115.37999725341797
2015-04-22,23.638765335083008,37.33345031738281,28.642948150634766,113.83000183105469
2015-04-23,23.75881004333496,37.51460647583008,28.72320556640625,114.66000366210938
2015-04-24,23.861066818237305,37.81222915649414,28.85457420349121,113.05000305175781
2015-04-27,23.92775535583496,38.16811752319336,29.248640060424805,115.33000183105469
2015-04-28,24.025554656982422,38.39455795288086,29.241344451904297,116.33000183105469
2015-04-29,24.083370208740234,38.31044387817383,28.839977264404297,115.51000213623047
2015-04-30,24.078907012939453,38.18104934692383,28.912954330444336,113.47000122070312
2015-05-01,23.92775535583496,38.349273681640625,29.182964324951172,113.08000183105469
2015-05-04,23.812158584594727,38.36220932006836,29.05889892578125,114.0999984741211
2015-05-05,23.75881004333496,38.04517364501953,28.50428581237793,114.41999816894531
2015-05-06,23.847732543945312,38.16164016723633,28.891054153442383,114.36000061035156
2015-05-07,23.78992462158203,38.09047317504883,28.752412796020508,113.41999816894531
2015-05-08,23.83439064025879,39.00276184082031,29.43107795715332,113.97000122070312
2015-05-11,23.674333572387695,39.00276184082031,29.05889892578125,113.52999877929688
2015-05-12,23.714351654052734,38.82807159423828,28.942136764526367,114.5
2015-05-13,23.83884048461914,39.19687271118164,29.015117645263672,116.55000305175781
2015-05-14,23.972211837768555,39.70155715942383,29.635417938232422,117.18000030517578
2015-05-15,24.132259368896484,40.01213455200195,29.628108978271484,117.52999877929688
2015-05-18,23.87439727783203,39.66273880004883,29.452978134155273,117.5199966430664
2015-05-19,23.661001205444336,39.4233512878418,29.5113525390625,115.88999938964844
2015-05-20,23.5987548828125,39.51392364501953,29.59892463684082,116.08000183105469
2015-05-21,23.625429153442383,39.695072174072266,29.708385467529297,115.69000244140625
2015-05-22,23.443145751953125,39.28099822998047,29.387290954589844,115.5999984741211
2015-05-26,23.207529067993164,38.69866943359375,28.62835121154785,113.91000366210938
2015-05-27,23.216407775878906,38.86042404174805,29.08079719543457,113.88999938964844
2015-05-28,23.220848083496094,39.067474365234375,29.022409439086914,114.0199966430664
2015-05-29,23.300874710083008,38.789249420166016,28.482393264770508,114.0999984741211
2015-06-01,23.091920852661133,38.57573699951172,28.453205108642578,114.0
2015-06-02,23.251972198486328,39.125694274902344,28.74510955810547,114.45999908447266
2015-06-03,23.216407775878906,39.49452209472656,29.182964324951172,113.63999938964844
2015-06-04,23.19417953491211,39.08041763305664,28.752412796020508,112.83999633789062
2015-06-05,22.900745391845703,38.52397537231445,28.31455421447754,112.23999786376953
2015-06-08,23.083026885986328,38.446327209472656,28.25617218017578,112.56999969482422
2015-06-09,23.06969451904297,38.342803955078125,28.146697998046875,112.81999969482422
2015-06-10,23.225305557250977,39.073936462402344,28.949438095092773,113.77999877929688
2015-06-11,23.247529983520508,39.13217544555664,29.03700828552246,113.26000213623047
2015-06-12,23.19417953491211,38.756900787353516,28.62835121154785,113.2300033569336
2015-06-15,23.20306968688965,38.32339096069336,28.25617218017578,113.7300033569336
2015-06-16,23.18528938293457,38.47220993041992,28.19778823852539,113.31999969482422
2015-06-17,23.345338821411133,38.57573699951172,28.066434860229492,113.8499984741211
2015-06-18,23.403139114379883,38.76337432861328,28.58456039428711,115.31999969482422
2015-06-19,23.420923233032227,38.70515060424805,28.422975540161133,115.12000274658203
2015-06-22,23.36757469177246,38.967384338378906,29.517593383789062,113.63999938964844
2015-06-23,23.149721145629883,39.132102966308594,29.450578689575195,112.88999938964844
2015-06-24,23.145282745361328,38.74335479736328,29.20485496520996,112.58999633789062
2015-06-25,23.171960830688477,38.67086410522461,29.256973266601562,112.44000244140625
2015-06-26,23.047468185424805,38.763118743896484,29.37610626220703,112.55999755859375
2015-06-29,23.225305557250977,37.66934585571289,28.050657272338867,113.06999969482422
2015-06-30,23.127490997314453,37.65618133544922,27.87194061279297,112.37000274658203
2015-07-01,22.97188377380371,37.78135299682617,28.04320526123047,111.9800033569336
2015-07-02,22.98522186279297,37.695701599121094,27.931507110595703,111.76000213623047
2015-07-06,22.989660263061523,36.885250091552734,26.911352157592773,112.05999755859375
2015-07-07,22.98522186279297,36.96432876586914,26.978370666503906,110.76000213623047
2015-07-08,23.149721145629883,36.219764709472656,26.635833740234375,111.08999633789062
2015-07-09,23.056364059448242,36.779823303222656,27.26877212524414,111.36000061035156
2015-07-10,23.04302215576172,38.051517486572266,28.7655086517334,111.48999786376953
2015-07-13,22.931873321533203,38.255767822265625,28.720823287963867,110.98999786376953
2015-07-14,22.9541015625,38.42708206176758,28.9144287109375,110.73999786376953
2015-07-15,22.945207595825195,38.255767822265625,28.8176326751709,110.16000366210938
2015-07-16,22.847400665283203,38.61815643310547,29.108055114746094,109.76000213623047
2015-07-17,22.86074447631836,38.5852165222168,28.981449127197266,108.6500015258789
2015-07-20,22.798498153686523,38.769718170166016,29.063373565673828,105.69999694824219
2015-07-21,22.940765380859375,38.8817253112793,29.011240005493164,105.37000274658203
2015-07-22,22.89630699157715,38.78288650512695,28.89210319519043,104.80000305175781
2015-07-23,23.003005981445312,38.631343841552734,28.8772029876709,104.33000183105469
2015-07-24,22.99411392211914,38.38755416870117,28.579341888427734,105.3499984741211
2015-07-27,23.123043060302734,38.117408752441406,28.303829193115234,104.86000061035156
2015-07-28,23.100811004638672,38.47321319580078,28.616580963134766,105.0199966430664
2015-07-29,22.998558044433594,38.380958557128906,28.63892364501953,105.16999816894531
2015-07-30,22.949655532836914,38.3677864074707,28.519773483276367,104.2699966430664
2015-07-31,23.078584671020508,38.5852165222168,28.728273391723633,104.93000030517578
2015-08-03,23.038570404052734,38.44684600830078,28.8623046875,104.0999984741211
2015-08-04,22.914093017578125,38.44684600830078,28.691028594970703,104.30999755859375
2015-08-05,22.785158157348633,38.565452575683594,29.03358268737793,103.93000030517578
2015-08-06,22.83850860595703,38.54568862915039,29.09314727783203,104.38999938964844
2015-08-07,22.92742156982422,38.30848693847656,29.063373565673828,104.6500015258789
2015-08-10,22.980783462524414,38.684059143066406,29.480356216430664,105.72000122070312
2015-08-11,23.003005981445312,38.52591323852539,29.011240005493164,106.26000213623047
2015-08-12,23.234203338623047,38.49298095703125,28.705928802490234,107.75
2015-08-13,23.198623657226562,38.49298095703125,28.4602108001709,106.86000061035156
2015-08-14,23.176393508911133,38.637939453125,28.3857479095459,106.8499984741211
2015-08-17,23.136388778686523,38.52591323852539,28.2666015625,107.12999725341797
2015-08-18,23.047468185424805,38.36118698120117,28.01342010498047,107.11000061035156
2015-08-19,23.18973159790039,38.18987274169922,27.782583236694336,108.55000305175781
2015-08-20,23.251972198486328,37.28718185424805,27.075166702270508,110.44000244140625
2015-08-21,23.46538734436035,36.79961395263672,26.553926467895508,111.12999725341797
2015-08-24,23.741031646728516,36.008914947509766,25.816720962524414,110.52999877929688
2015-08-25,23.54540252685547,36.12751770019531,26.06245994567871,109.16000366210938
2015-08-26,23.26531410217285,36.85230255126953,26.650728225708008,107.66999816894531
2015-08-27,23.171960830688477,37.01044464111328,26.963472366333008,107.7300033569336
2015-08-28,23.078584671020508,37.102684020996094,26.71028709411621,108.69999694824219
2015-08-31,23.034130096435547,37.03021240234375,26.635833740234375,108.81999969482422
2015-09-01,23.238637924194336,36.298831939697266,25.950769424438477,109.19999694824219
2015-09-02,23.127490997314453,36.61510467529297,26.315637588500977,108.62000274658203
2015-09-03,23.127490997314453,36.5755729675293,26.300745010375977,107.83999633789062
2015-09-04,23.09636878967285,36.23293685913086,25.719928741455078,107.48999786376953
2015-09-08,23.167510986328125,37.13563537597656,26.47201156616211,107.5199966430664
2015-09-09,23.158607482910156,36.819374084472656,26.26351547241211,106.12999725341797
2015-09-10,23.16304588317871,37.33330535888672,26.509244918823242,106.37999725341797
2015-09-11,23.278650283813477,37.346492767333984,26.457115173339844,106.16000366210938
2015-09-14,23.296432495117188,36.839134216308594,26.211393356323242,106.22000122070312
2015-09-15,23.158607482910156,36.8259391784668,26.41244888305664,105.9000015258789
2015-09-16,23.207529067993164,37.28718185424805,26.74753761291504,107.30999755859375
2015-09-17,23.412033081054688,37.57050323486328,26.985822677612305,108.41000366210938
2015-09-18,23.394245147705078,36.94456100463867,25.984630584716797,109.20999908447266
2015-09-21,23.216407775878906,36.7327766418457,25.939863204956055,108.52999877929688
2015-09-22,23.171960830688477,36.077537536621094,25.11921501159668,107.79000091552734
2015-09-23,23.16304588317871,35.91868209838867,25.059534072875977,108.22000122070312
2015-09-24,23.220848083496094,35.812801361083984,24.94762420654297,110.48999786376953
2015-09-25,23.11414909362793,35.70026397705078,25.193828582763672,109.80999755859375
2015-09-28,23.180845260620117,35.27006912231445,24.753660202026367,108.41999816894531
2015-09-29,23.220848083496094,35.36935043334961,24.85810661315918,107.9800033569336
2015-09-30,23.149721145629883,35.63410568237305,25.253501892089844,106.86000061035156
2015-10-01,23.26531410217285,35.779701232910156,25.17144012451172,106.7300033569336
2015-10-02,23.31867790222168,36.35551071166992,25.589221954345703,108.98999786376953
2015-10-05,23.31421661376953,36.739383697509766,26.186059951782227,108.7699966430664
2015-10-06,23.403139114379883,36.99087142944336,26.402414321899414,109.86000061035156
2015-10-07,23.403139114379883,37.20267868041992,26.648601531982422,109.69999694824219
2015-10-08,23.47426986694336,37.47404098510742,26.782901763916016,109.13999938964844
2015-10-09,23.57651710510254,37.47404098510742,26.932096481323242,110.87000274658203
2015-10-12,23.594314575195312,37.4012451171875,26.86495590209961,111.30999755859375
2015-10-13,23.594314575195312,36.95778274536133,26.59638214111328,111.86000061035156
2015-10-14,23.847732543945312,37.42771530151367,26.708288192749023,113.80999755859375
2015-10-15,23.80770492553711,37.61302947998047,27.036544799804688,113.29000091552734
2015-10-16,23.745473861694336,37.24239730834961,27.08131217956543,112.48999786376953
2015-10-19,23.647661209106445,37.23577117919922,27.036544799804688,112.0199966430664
2015-10-20,23.5987548828125,37.42771530151367,26.939563751220703,112.7300033569336
2015-10-21,23.612096786499023,37.28872299194336,26.917177200317383,111.7300033569336
2015-10-22,23.46538734436035,37.387996673583984,27.27527618408203,111.69000244140625
2015-10-23,23.305316925048828,37.35490417480469,27.573692321777344,111.5
2015-10-26,23.31421661376953,37.36152267456055,27.49163246154785,111.43000030517578
2015-10-27,23.354230880737305,36.90484619140625,27.282739639282227,111.68000030517578
2015-10-28,23.18973159790039,36.944549560546875,27.431947708129883,110.77999877929688
2015-10-29,23.140827178955078,36.96442794799805,27.282739639282227,109.72000122070312
2015-10-30,23.247529983520508,37.10341262817383,27.320035934448242,109.30000305175781
2015-11-02,23.243078231811523,37.553462982177734,27.640832901000977,108.58999633789062
2015-11-03,23.20306968688965,37.52037048339844,27.55130958557129,106.9800033569336
2015-11-04,22.98522186279297,37.22914123535156,27.252897262573242,105.97000122070312
2015-11-05,22.949655532836914,37.090171813964844,27.327503204345703,105.63999938964844
2015-11-06,22.638439178466797,36.90484619140625,27.26035499572754,104.0999984741211
2015-11-09,22.598434448242188,36.85189437866211,26.902259826660156,104.4000015258789
2015-11-10,22.625106811523438,36.57391357421875,26.790353775024414,104.18000030517578
2015-11-11,22.696247100830078,36.64671325683594,26.86495590209961,103.83000183105469
2015-11-12,22.740697860717773,36.203285217285156,26.529237747192383,103.8499984741211
2015-11-13,22.74958610534668,36.044437408447266,26.253202438354492,103.55999755859375
2015-11-16,22.67401123046875,36.50773239135742,26.491933822631836,103.70999908447266
2015-11-17,22.665115356445312,36.282691955566406,26.58146095275879,102.33999633789062
2015-11-18,22.642894744873047,36.72615051269531,26.842571258544922,102.43000030517578
2015-11-19,22.83850860595703,36.83205032348633,26.924638748168945,103.55999755859375
2015-11-20,22.75403594970703,36.67981719970703,26.775426864624023,103.08999633789062
2015-11-23,22.691791534423828,36.381980895996094,26.611297607421875,102.26000213623047
2015-11-24,22.771827697753906,36.26945877075195,26.54416275024414,102.94000244140625
2015-11-25,22.771827697753906,36.329036712646484,26.715747833251953,102.45999908447266
2015-11-27,22.70958709716797,36.587154388427734,26.924638748168945,101.25
2015-11-30,22.68735122680664,36.92469787597656,26.947023391723633,101.91999816894531
2015-12-01,22.811838150024414,37.42108917236328,27.021629333496094,102.27999877929688
2015-12-02,22.722923278808594,37.057071685791016,26.648601531982422,100.69000244140625
2015-12-03,22.8696346282959,37.46080780029297,26.394941329956055,101.76000213623047
2015-12-04,22.847400665283203,37.983665466308594,26.708288192749023,104.0199966430664
2015-12-07,22.802942276000977,37.61302947998047,26.633678436279297,102.66999816894531
2015-12-08,22.891864776611328,37.10341262817383,26.215900421142578,102.83999633789062
2015-12-09,23.060808181762695,37.09678649902344,26.096534729003906,102.63999938964844
2015-12-10,23.003005981445312,36.91147232055664,26.02192497253418,102.55000305175781
2015-12-11,23.016353607177734,36.50773239135742,25.544469833374023,103.11000061035156
2015-12-14,23.016353607177734,36.6202507019043,25.49969482421875,101.79000091552734
2015-12-15,22.87407875061035,36.554073333740234,25.790651321411133,101.5199966430664
2015-12-16,22.86074447631836,37.176204681396484,26.26066780090332,102.75
2015-12-17,22.771827697753906,36.600399017333984,26.014467239379883,100.5
2015-12-18,22.918529510498047,36.474647521972656,25.622634887695312,102.04000091552734
2015-12-21,23.003005981445312,36.693294525146484,25.720029830932617,103.1500015258789
2015-12-22,23.011903762817383,36.97243881225586,25.877370834350586,102.61000061035156
2015-12-23,22.98522186279297,37.33796691894531,26.311893463134766,102.30999755859375
2015-12-24,23.047468185424805,37.450965881347656,26.244478225708008,103.05000305175781
2015-12-28,23.083026885986328,37.43767547607422,26.192026138305664,102.2699966430664
2015-12-29,22.989660263061523,37.78992462158203,26.43927001953125,102.19999694824219
2015-12-30,22.967439651489258,37.683570861816406,26.147079467773438,101.41999816894531
2015-12-31,22.9541015625,37.21834945678711,25.794950485229492,101.45999908447266
2016-01-04,22.949655532836914,37.06548309326172,25.248037338256836,102.88999938964844
2016-01-05,22.86074447631836,36.71989059448242,25.023277282714844,103.18000030517578
2016-01-06,22.909645080566406,36.14167404174805,24.596233367919922,104.66999816894531
2016-01-07,23.056364059448242,35.510284423828125,24.251590728759766,106.1500015258789
2016-01-08,23.016353607177734,35.28431701660156,24.004369735717773,105.68000030517578
2016-01-11,22.900745391845703,35.217857360839844,24.139223098754883,104.73999786376953
2016-01-12,22.85184669494629,35.510284423828125,24.438899993896484,104.20999908447266
2016-01-13,22.905208587646484,34.95200729370117,23.929441452026367,104.72000122070312
2016-01-14,22.87851333618164,35.151397705078125,24.221637725830078,103.0199966430664
2016-01-15,22.918529510498047,33.85540771484375,23.419992446899414,104.08000183105469
2016-01-19,22.86517906188965,33.56962203979492,23.614782333374023,103.9800033569336
2016-01-20,22.891864776611328,32.99140167236328,23.11281394958496,105.37000274658203
2016-01-21,22.918529510498047,33.15755844116211,23.35256004333496,105.48999786376953
2016-01-22,22.85184669494629,34.08802032470703,23.944425582885742,105.0
2016-01-25,22.87851333618164,34.10795593261719,23.614782333374023,106.08000183105469
2016-01-26,22.945207595825195,34.78586196899414,24.131725311279297,107.29000091552734
2016-01-27,22.97188377380371,34.41368103027344,23.93693733215332,107.69000244140625
2016-01-28,23.06969451904297,34.852325439453125,23.921951293945312,106.54000091552734
2016-01-29,23.020790100097656,35.131465911865234,24.221637725830078,106.94999694824219
2016-02-01,23.100811004638672,35.35077667236328,24.116743087768555,108.05000305175781
2016-02-02,23.123043060302734,34.5798225402832,23.39750862121582,108.08999633789062
2016-02-03,23.54984474182129,35.138099670410156,23.719669342041016,109.25
2016-02-04,23.718795776367188,35.1181640625,23.824556350708008,110.56999969482422
2016-02-05,23.62099266052246,34.726043701171875,23.42748260498047,112.31999969482422
2016-02-08,23.718795776367188,33.51646041870117,22.895544052124023,113.83000183105469
2016-02-09,23.892183303833008,33.11103820800781,22.670785903930664,113.58000183105469
2016-02-10,24.01222801208496,33.43669891357422,22.760692596435547,114.45999908447266
2016-02-11,24.038904190063477,33.044578552246094,22.41606330871582,119.05999755859375
2016-02-12,23.94108772277832,33.44998550415039,22.715736389160156,118.36000061035156
2016-02-16,23.754358291625977,33.868690490722656,23.135292053222656,114.7699966430664
2016-02-17,23.745473861694336,34.639652252197266,23.644750595092773,115.4800033569336
2016-02-18,23.785480499267578,34.672882080078125,23.442468643188477,118.29000091552734
2016-02-19,23.901071548461914,34.6263542175293,23.360055923461914,117.58000183105469
2016-02-22,23.821046829223633,34.759281158447266,23.652246475219727,115.48999786376953
2016-02-23,23.80770492553711,34.480140686035156,23.225194931030273,117.22000122070312
2016-02-24,23.847732543945312,34.659576416015625,23.045385360717773,117.61000061035156
2016-02-25,23.847732543945312,34.77256774902344,23.345067977905273,117.91999816894531
2016-02-26,23.65210723876953,34.5665397644043,23.33008575439453,117.11000061035156
2016-02-29,23.781034469604492,34.61306381225586,23.180246353149414,118.63999938964844
2016-03-01,23.74991798400879,35.43717956542969,23.891984939575195,117.7699966430664
2016-03-02,23.7365779876709,35.377376556396484,24.026838302612305,118.68000030517578
2016-03-03,23.887731552124023,35.82266616821289,24.24411392211914,120.7300033569336
2016-03-04,23.936641693115234,36.1616096496582,24.386457443237305,120.54000091552734
2016-03-07,23.96332550048828,36.10844039916992,24.334009170532227,121.13999938964844
2016-03-08,24.078907012939453,35.65650177001953,24.146711349487305,120.58000183105469
2016-03-09,23.94108772277832,35.64986038208008,24.251590728759766,119.58000183105469
2016-03-10,24.038904190063477,35.72960662841797,24.30404281616211,121.5
2016-03-11,24.043346405029297,36.520503997802734,25.14315414428711,119.41000366210938
2016-03-14,23.99443817138672,36.56703186035156,25.083206176757812,117.87000274658203
2016-03-15,23.936641693115234,36.4606819152832,24.933372497558594,117.95999908447266
2016-03-16,24.256744384765625,36.97908401489258,25.233057022094727,120.58999633789062
2016-03-17,24.55017852783203,37.39779281616211,25.21807289123535,120.12999725341797
2016-03-18,24.56795883178711,37.48418426513672,25.236082077026367,119.80000305175781
2016-03-21,24.470155715942383,37.33796691894531,25.153514862060547,118.95999908447266
2016-03-22,24.447925567626953,37.30475616455078,25.07094955444336,119.30999755859375
2016-03-23,24.34565544128418,37.15851974487305,24.80072593688965,116.61000061035156
2016-03-24,24.29231071472168,37.038902282714844,24.545509338378906,116.33000183105469
2016-03-28,24.33232879638672,37.211700439453125,24.598054885864258,116.5999984741211
2016-03-29,24.621315002441406,37.577232360839844,24.920822143554688,118.76000213623047
2016-03-30,24.683555603027344,37.94941711425781,25.18353843688965,117.0999984741211
2016-03-31,24.781362533569336,37.90289306640625,24.943328857421875,117.63999938964844
2016-04-01,24.794706344604492,37.78992462158203,24.680625915527344,116.93000030517578
2016-04-04,24.80803680419922,37.55728530883789,24.620573043823242,116.1500015258789
2016-04-05,24.816925048828125,37.05219650268555,24.027570724487305,117.66000366210938
2016-04-06,24.8569393157959,37.504127502441406,24.350341796875,116.94000244140625
2016-04-07,24.874731063842773,36.872745513916016,23.81739616394043,118.61000061035156
2016-04-08,24.976978302001953,37.364559173583984,24.267778396606445,118.43000030517578
2016-04-11,25.048124313354492,37.47090148925781,24.32032585144043,120.02999877929688
2016-04-12,24.96808624267578,37.750038146972656,24.63558578491211,120.05000305175781
2016-04-13,24.85249900817871,37.85637664794922,25.100967407226562,118.7699966430664
2016-04-14,24.781362533569336,37.623756408691406,25.198551177978516,117.11000061035156
2016-04-15,24.905845642089844,37.38448715209961,25.206058502197266,117.91999816894531
2016-04-18,24.932519912719727,37.577232360839844,25.453765869140625,117.73999786376953
2016-04-19,25.012544631958008,38.07570266723633,25.956689834594727,119.58000183105469
2016-04-20,24.888065338134766,37.823143005371094,26.05426788330078,118.97000122070312
2016-04-21,24.80803680419922,37.44430923461914,26.031755447387695,119.41999816894531
2016-04-22,24.621315002441406,37.47090148925781,25.926666259765625,117.88999938964844
2016-04-25,24.56795883178711,37.54399871826172,25.821577072143555,118.2300033569336
2016-04-26,24.63020896911621,37.76332092285156,25.904144287109375,118.69999694824219
2016-04-27,24.652423858642578,38.009239196777344,26.08429718017578,119.04000091552734
2016-04-28,24.936954498291016,37.88296890258789,25.806556701660156,121.29000091552734
2016-04-29,25.15926742553711,38.049110412597656,25.596384048461914,123.6500015258789
2016-05-02,25.230411529541016,38.32159423828125,25.806556701660156,123.23999786376953
2016-05-03,25.19927406311035,37.84307861328125,25.266111373901367,122.95999908447266
2016-05-04,25.141475677490234,37.67693328857422,24.920822143554688,122.20999908447266
2016-05-05,25.043676376342773,37.48418426513672,24.778200149536133,122.06999969482422
2016-05-06,25.030336380004883,37.623756408691406,24.943328857421875,123.18000030517578
2016-05-09,24.923625946044922,37.43767547607422,24.920822143554688,120.6500015258789
2016-05-10,24.874731063842773,37.590538024902344,25.213563919067383,120.9800033569336
2016-05-11,24.95475959777832,37.524070739746094,24.98838233947754,122.12000274658203
2016-05-12,24.883609771728516,37.610469818115234,24.875783920288086,121.16000366210938
2016-05-13,24.803598403930664,37.13194274902344,24.613067626953125,121.70999908447266
2016-05-16,24.763574600219727,37.603824615478516,24.89079475402832,121.80000305175781
2016-05-17,24.772476196289062,37.54399871826172,24.56801986694336,122.22000122070312
2016-05-18,24.501277923583984,37.53070831298828,24.598054885864258,120.0999984741211
2016-05-19,24.496826171875,37.51077651977539,24.425411224365234,119.87000274658203
2016-05-20,24.501277923583984,37.69023132324219,24.688127517700195,119.70999908447266
2016-05-23,24.541276931762695,37.89625930786133,24.553010940551758,119.37000274658203
2016-05-24,24.43903350830078,38.32159423828125,25.07094955444336,117.30000305175781
2016-05-25,24.56350326538086,38.700435638427734,25.44626235961914,116.9800033569336
2016-05-26,24.6346492767334,38.85993576049805,25.611400604248047,116.58000183105469
2016-05-27,24.541276931762695,38.78683090209961,25.581375122070312,115.62000274658203
2016-05-31,24.483489990234375,38.72701644897461,25.438756942749023,116.05999755859375
2016-06-01,24.57685089111328,38.733665466308594,25.408723831176758,115.94000244140625
2016-06-02,24.674654006958008,38.89982223510742,25.423742294311523,115.66999816894531
2016-06-03,25.097017288208008,39.21218490600586,25.46126937866211,118.87999725341797
2016-06-06,25.10590934753418,39.07927322387695,25.51381492614746,118.91999816894531
2016-06-07,25.19927406311035,39.33845901489258,25.731496810913086,118.81999969482422
2016-06-08,25.297086715698242,39.45809555053711,25.746505737304688,120.58000183105469
2016-06-09,25.217052459716797,39.105857849121094,25.371196746826172,121.25
2016-06-10,25.150373458862305,37.88960266113281,24.470439910888672,121.73999786376953
2016-06-13,25.110363006591797,37.13859176635742,24.035079956054688,122.63999938964844
2016-06-14,25.048124313354492,36.4606819152832,23.599720001220703,122.7699966430664
2016-06-15,25.150373458862305,36.208133697509766,23.78737449645996,123.68000030517578
2016-06-16,25.24372673034668,35.92899703979492,24.012561798095703,122.37999725341797
2016-06-17,25.301525115966797,36.706600189208984,24.266788482666016,123.94999694824219
2016-06-20,25.345989227294922,37.659698486328125,24.80604362487793,123.20999908447266
2016-06-21,25.279296875,37.74851989746094,25.114192962646484,120.83999633789062
2016-06-22,25.403789520263672,37.728023529052734,25.160417556762695,120.9000015258789
2016-06-23,25.412673950195312,38.944175720214844,26.054052352905273,120.11000061035156
2016-06-24,25.13702964782715,34.40752029418945,22.872406005859375,126.0
2016-06-27,25.181501388549805,32.74726867675781,22.479516983032227,126.68000030517578
2016-06-28,25.31931495666504,33.66279602050781,23.07270622253418,125.31999969482422
2016-06-29,25.38600730895996,34.21622085571289,23.504114151000977,125.83999633789062
2016-06-30,25.408227920532227,34.86528015136719,24.012561798095703,126.47000122070312
2016-07-01,25.55049705505371,34.97460174560547,23.98945426940918,128.41000366210938
2016-07-05,25.47046661376953,33.334842681884766,23.265296936035156,129.47000122070312
2016-07-06,25.523820877075195,33.27335739135742,23.195966720581055,130.22999572753906
2016-07-07,25.497148513793945,33.28018569946289,23.018781661987305,129.74000549316406
2016-07-08,25.626075744628906,33.95658874511719,23.488704681396484,130.52000427246094
2016-07-11,25.497148513793945,34.673980712890625,23.81226348876953,129.2899932861328
2016-07-12,25.345989227294922,35.39137268066406,24.289901733398438,127.1500015258789
2016-07-13,25.42156410217285,35.323055267333984,24.359230041503906,128.32000732421875
2016-07-14,25.434907913208008,35.719329833984375,24.6596736907959,127.33000183105469
2016-07-15,25.239282608032227,35.473358154296875,24.544116973876953,126.83999633789062
2016-07-18,25.217052459716797,35.6783332824707,24.459381103515625,127.04000091552734
2016-07-19,25.110363006591797,35.493858337402344,24.228271484375,127.20999908447266
2016-07-20,25.030336380004883,35.82181167602539,24.4439697265625,125.38999938964844
2016-07-21,25.074792861938477,35.90380096435547,24.428560256958008,127.30000305175781
2016-07-22,25.048124313354492,35.77397918701172,24.459381103515625,126.3499984741211
2016-07-25,25.02588653564453,36.067771911621094,24.45168113708496,125.47000122070312
2016-07-26,25.114791870117188,36.08827209472656,24.574935913085938,126.0
2016-07-27,25.2481689453125,36.65534591674805,24.79064178466797,128.02999877929688
2016-07-28,25.288192749023438,36.860328674316406,24.80604362487793,127.66000366210938
2016-07-29,25.69276237487793,37.09261703491211,25.091087341308594,128.97999572753906
2016-08-01,25.58161163330078,36.532379150390625,24.75982093811035,129.22000122070312
2016-08-02,25.683879852294922,36.518707275390625,24.497896194458008,130.27000427246094
2016-08-03,25.56382942199707,36.24541091918945,24.4439697265625,129.64999389648438
2016-08-04,25.58161163330078,36.36156463623047,24.497896194458008,129.8699951171875
2016-08-05,25.492704391479492,36.518707275390625,24.705896377563477,127.55000305175781
2016-08-08,25.452678680419922,36.66901779174805,24.80604362487793,127.44000244140625
2016-08-09,25.572723388671875,36.92182540893555,25.160417556762695,127.95999908447266
2016-08-10,25.768354415893555,37.12678909301758,25.28368377685547,128.55999755859375
2016-08-11,25.670528411865234,37.28392791748047,25.460866928100586,127.66999816894531
2016-08-12,25.714994430541992,37.35908508300781,25.468578338623047,127.4000015258789
2016-08-15,25.72388458251953,37.36591339111328,25.53790283203125,127.83999633789062
2016-08-16,25.883939743041992,37.38640213012695,25.483976364135742,128.47000122070312
2016-08-17,25.875041961669922,37.297584533691406,25.406944274902344,128.5
2016-08-18,26.075122833251953,37.77585220336914,25.49938201904297,129.11000061035156
2016-08-19,25.91061782836914,37.523048400878906,25.260574340820312,127.97000122070312
2016-08-22,25.91061782836914,37.64603042602539,25.198938369750977,127.77999877929688
2016-08-23,25.93284034729004,37.83733367919922,25.33760643005371,127.76000213623047
2016-08-24,25.84393882751465,37.91249084472656,25.345312118530273,126.33999633789062
2016-08-25,25.81725311279297,37.59138488769531,25.222055435180664,126.2300033569336
2016-08-26,25.608293533325195,37.352237701416016,25.168121337890625,126.05000305175781
2016-08-29,25.608293533325195,37.50255584716797,25.245162963867188,126.30000305175781
2016-08-30,25.47046661376953,37.30442810058594,25.329906463623047,125.02999877929688
2016-08-31,25.399333953857422,37.29076385498047,25.306781768798828,124.77999877929688
2016-09-01,25.466026306152344,37.83733367919922,25.44546127319336,125.29000091552734
2016-09-02,25.377107620239258,38.04231643676758,25.807533264160156,126.56999969482422
2016-09-06,25.741680145263672,38.54107666015625,25.969308853149414,128.7100067138672
2016-09-07,25.786128997802734,38.60256576538086,26.030946731567383,128.27000427246094
2016-09-08,25.661645889282227,38.814353942871094,26.046342849731445,127.58999633789062
2016-09-09,25.430463790893555,37.9808235168457,25.483976364135742,126.75
2016-09-12,25.501585006713867,38.192630767822266,25.66887092590332,126.58999633789062
2016-09-13,25.30598258972168,37.41373825073242,25.091087341308594,125.75
2016-09-14,25.403789520263672,37.4683952331543,24.97553062438965,126.18000030517578
2016-09-15,25.381561279296875,37.73486328125,25.129606246948242,125.37000274658203
2016-09-16,25.261520385742188,37.270263671875,24.614423751831055,125.05999755859375
2016-09-19,25.31485939025879,37.37957000732422,24.807804107666016,125.31999969482422
2016-09-20,25.38600730895996,37.30442810058594,24.8387393951416,125.44000244140625
2016-09-21,25.58161163330078,37.7416877746582,25.210054397583008,127.2699966430664
2016-09-22,25.674978256225586,38.117469787597656,25.635507583618164,127.56999969482422
2016-09-23,25.643863677978516,37.91932678222656,25.488536834716797,127.6500015258789
2016-09-26,25.741680145263672,37.651615142822266,25.140439987182617,127.55000305175781
2016-09-27,25.795013427734375,37.528053283691406,25.124963760375977,126.62000274658203
2016-09-28,25.768354415893555,38.02915573120117,25.38797378540039,126.22000122070312
2016-09-29,25.732770919799805,37.58296203613281,24.939311981201172,126.06999969482422
2016-09-30,25.643863677978516,37.9742431640625,25.341554641723633,125.63999938964844
2016-10-03,25.59941291809082,38.0909423828125,25.248733520507812,125.31999969482422
2016-10-04,25.368213653564453,37.96737289428711,25.295143127441406,120.97000122070312
2016-10-05,25.279296875,38.2350959777832,25.496265411376953,120.77999877929688
2016-10-06,25.1726016998291,37.96051788330078,25.41891098022461,119.66000366210938
2016-10-07,25.15481948852539,37.4731330871582,25.248733520507812,119.73999786376953
2016-10-10,25.083681106567383,37.34271240234375,25.372501373291016,120.16000366210938
2016-10-11,24.896957397460938,36.923980712890625,25.063081741333008,119.55000305175781
2016-10-12,24.763574600219727,36.910247802734375,24.939311981201172,119.73999786376953
2016-10-13,24.879173278808594,36.855342864990234,24.784603118896484,120.02999877929688
2016-10-14,24.701332092285156,36.7729606628418,24.916101455688477,119.36000061035156
2016-10-17,24.80803680419922,36.718048095703125,24.87742805480957,119.68000030517578
2016-10-18,24.8347225189209,37.15737533569336,25.140439987182617,120.41999816894531
2016-10-19,24.914743423461914,37.19169998168945,25.186845779418945,121.11000061035156
2016-10-20,24.799150466918945,37.16424560546875,25.279674530029297,120.73999786376953
2016-10-21,24.710229873657227,37.061275482177734,25.20232391357422,120.83000183105469
2016-10-24,24.71910858154297,37.00634765625,25.287405014038086,120.55999755859375
2016-10-25,24.72801399230957,36.87592315673828,25.271936416625977,121.47000122070312
2016-10-26,24.639095306396484,36.69745635986328,25.186845779418945,120.79000091552734
2016-10-27,24.47904396057129,36.484649658203125,25.225522994995117,121.01000213623047
2016-10-28,24.541276931762695,36.60820770263672,25.256471633911133,121.58000183105469
2016-10-31,24.56795883178711,36.628814697265625,25.194583892822266,121.94000244140625
2016-11-01,24.66576385498047,36.58075714111328,25.055339813232422,122.7300033569336
2016-11-02,24.772476196289062,36.36110305786133,24.86968994140625,123.63999938964844
2016-11-03,24.8347225189209,36.5052490234375,24.792335510253906,124.30000305175781
2016-11-04,24.896957397460938,36.05904769897461,24.583477020263672,124.38999938964844
2016-11-07,24.736906051635742,36.43660354614258,25.016664505004883,122.1500015258789
2016-11-08,24.683555603027344,36.299312591552734,25.140439987182617,121.63999938964844
2016-11-09,24.425682067871094,36.216941833496094,25.11722755432129,121.55999755859375
2016-11-10,24.0522403717041,36.443458557128906,25.02440643310547,119.75
2016-11-11,23.909976959228516,36.10710144042969,24.776866912841797,117.0999984741211
2016-11-14,23.65210723876953,35.81880187988281,24.591211318969727,116.11000061035156
2016-11-15,23.696575164794922,35.94236755371094,24.699512481689453,117.12000274658203
2016-11-16,23.616544723510742,35.7158317565918,24.32820701599121,116.7699966430664
2016-11-17,23.47426986694336,35.7432861328125,24.40556526184082,116.16999816894531
2016-11-18,23.28754997253418,35.757015228271484,24.09613609313965,115.1500015258789
2016-11-21,23.358680725097656,35.89430236816406,24.335935592651367,115.58000183105469
2016-11-22,23.38535499572754,36.120845794677734,24.413297653198242,115.54000091552734
2016-11-23,23.18973159790039,35.777618408203125,24.15028953552246,113.25
2016-11-25,23.18973159790039,35.92864227294922,24.320472717285156,112.61000061035156
2016-11-28,23.331993103027344,35.557952880859375,24.0419921875,113.80000305175781
2016-11-29,23.420923233032227,35.83253860473633,24.312734603881836,113.2699966430664
2016-11-30,23.16304588317871,35.81194305419922,24.27405548095703,111.75
2016-12-01,23.251972198486328,35.94236755371094,24.219907760620117,111.54000091552734
2016-12-02,23.36757469177246,35.887447357177734,24.20444107055664,112.13999938964844
2016-12-05,23.412033081054688,36.416011810302734,24.753662109375,111.54000091552734
2016-12-06,23.340896606445312,36.76609802246094,25.155908584594727,111.43000030517578
2016-12-07,23.456491470336914,37.19855499267578,25.58135414123535,111.83000183105469
2016-12-08,23.225305557250977,37.116180419921875,25.488536834716797,111.56999969482422
2016-12-09,23.047468185424805,37.18483352661133,25.496265411376953,110.4000015258789
2016-12-12,23.225305557250977,37.23288345336914,25.527202606201172,110.81999969482422
2016-12-13,23.243078231811523,37.37704086303711,25.844371795654297,110.44999694824219
2016-12-14,22.99411392211914,36.89653778076172,25.43438720703125,108.83000183105469
2016-12-15,22.807390213012695,36.718048095703125,25.465322494506836,107.33999633789062
2016-12-16,22.762929916381836,36.88966369628906,25.538270950317383,108.05000305175781
2016-12-19,22.780710220336914,36.910247802734375,25.460668563842773,108.58999633789062
2016-12-20,22.75403594970703,36.98576354980469,25.615867614746094,107.79000091552734
2016-12-21,22.86074447631836,37.26033020019531,25.677949905395508,107.8499984741211
2016-12-22,22.798498153686523,37.17796325683594,25.662425994873047,107.58999633789062
2016-12-23,22.86074447631836,37.355857849121094,25.7477970123291,107.93000030517578
2016-12-27,22.905208587646484,37.5012092590332,25.778831481933594,108.55999755859375
2016-12-28,22.905208587646484,37.32125473022461,25.600358963012695,108.86000061035156
2016-12-29,23.056364059448242,37.57733917236328,25.77107048034668,110.29000091552734
2016-12-30,23.100811004638672,37.805755615234375,25.965065002441406,109.61000061035156
2017-01-03,22.816282272338867,37.96495056152344,26.019392013549805,110.47000122070312
2017-01-04,22.887409210205078,38.2418212890625,26.197874069213867,110.86000061035156
2017-01-05,23.145282745361328,38.67094802856445,26.461711883544922,112.58000183105469
2017-01-06,22.98522186279297,38.40793228149414,26.360836029052734,111.75
2017-01-09,23.020790100097656,38.207210540771484,26.345317840576172,112.66999816894531
2017-01-10,23.038570404052734,38.19337463378906,26.26771354675293,113.1500015258789
2017-01-11,23.07413673400879,38.4702262878418,26.407392501831055,113.5
2017-01-12,23.198623657226562,38.574058532714844,26.43067741394043,113.91000366210938
2017-01-13,23.278650283813477,38.7263298034668,26.562602996826172,114.20999908447266
2017-01-17,23.456491470336914,38.843990325927734,26.500513076782227,115.8499984741211
2017-01-18,23.180845260620117,38.67094802856445,26.461711883544922,114.87000274658203
2017-01-19,23.145282745361328,38.66403579711914,26.360836029052734,114.7699966430664
2017-01-20,23.16304588317871,38.96858596801758,26.601394653320312,115.05000305175781
2017-01-23,23.38535499572754,39.25928497314453,26.585872650146484,115.79000091552734
2017-01-24,23.331993103027344,39.40464401245117,26.655715942382812,115.2699966430664
2017-01-25,23.331993103027344,39.64689254760742,26.989391326904297,114.31999969482422
2017-01-26,23.171960830688477,39.33543014526367,26.68675422668457,113.26000213623047
2017-01-27,23.16304588317871,39.307743072509766,26.640193939208984,113.48999786376953
2017-01-30,23.207529067993164,39.00319290161133,26.384119033813477,113.97000122070312
2017-01-31,23.438711166381836,39.307743072509766,26.399629592895508,115.55000305175781
2017-02-01,23.403139114379883,39.633060455322266,26.477235794067383,115.19999694824219
2017-02-02,23.438711166381836,39.59844970703125,26.500513076782227,115.83999633789062
2017-02-03,23.394245147705078,39.64689254760742,26.647960662841797,116.12999725341797
2017-02-06,23.48316192626953,39.286964416503906,26.26771354675293,117.69999694824219
2017-02-07,23.331993103027344,39.439247131347656,26.159072875976562,117.45999908447266
2017-02-08,23.429811477661133,39.52922821044922,26.1435546875,118.19000244140625
2017-02-09,23.323110580444336,39.54999542236328,26.36859703063965,117.29000091552734
2017-02-10,23.331993103027344,39.68843078613281,26.306516647338867,117.5999984741211
2017-02-13,23.243078231811523,39.84070587158203,26.41515350341797,116.80000305175781
2017-02-14,23.216407775878906,39.97914123535156,26.49275779724121,116.93000030517578
2017-02-15,23.225305557250977,40.159095764160156,26.601394653320312,117.44999694824219
2017-02-16,23.36757469177246,40.25598907470703,26.71002960205078,118.08000183105469
2017-02-17,23.278650283813477,39.96529006958008,26.578121185302734,117.68000030517578
2017-02-21,23.2608699798584,39.92376708984375,26.624679565429688,117.75
2017-02-22,23.296432495117188,39.799171447753906,26.647960662841797,117.91000366210938
2017-02-23,23.420923233032227,39.71611785888672,26.655715942382812,118.94000244140625
2017-02-24,23.4920597076416,39.134700775146484,26.446189880371094,119.69999694824219
2017-02-27,23.46538734436035,39.356197357177734,26.531551361083984,119.12000274658203
2017-02-28,23.50984764099121,39.50847625732422,26.531551361083984,119.2300033569336
2017-03-01,23.278650283813477,39.76456832885742,26.973876953125,119.05999755859375
2017-03-02,23.127490997314453,39.60537338256836,26.849712371826172,117.58000183105469
2017-03-03,23.234203338623047,39.85455322265625,27.268754959106445,117.51000213623047
2017-03-06,23.234203338623047,39.695350646972656,27.129077911376953,116.72000122070312
2017-03-07,23.207529067993164,39.61921310424805,27.0281982421875,115.77999877929688
2017-03-08,23.091920852661133,39.45310974121094,26.9195613861084,115.05999755859375
2017-03-09,22.976320266723633,39.61229705810547,27.284282684326172,114.47000122070312
2017-03-10,23.11859893798828,39.97914123535156,27.57139015197754,114.72000122070312
2017-03-13,23.100811004638672,40.17986297607422,27.57915687561035,114.73999786376953
2017-03-14,23.056364059448242,39.76456832885742,27.284282684326172,114.12000274658203
2017-03-15,23.412033081054688,40.32521438598633,27.67228126525879,116.25
2017-03-16,23.394245147705078,40.761268615722656,28.00596046447754,116.7300033569336
2017-03-17,23.51873779296875,40.91354751586914,27.983409881591797,116.98999786376953
2017-03-20,23.51873779296875,40.94123840332031,27.905656814575195,117.51000213623047
2017-03-21,23.625429153442383,40.80972671508789,27.91343879699707,118.54000091552734
2017-03-22,23.741031646728516,40.71974563598633,27.983409881591797,118.83000183105469
2017-03-23,23.7054500579834,40.96891784667969,28.04561996459961,118.66999816894531
2017-03-24,23.741031646728516,41.065834045410156,28.107826232910156,118.86000061035156
2017-03-27,23.847732543945312,41.04506301879883,28.278879165649414,119.52999877929688
2017-03-28,23.75881004333496,41.03813552856445,28.411054611206055,119.04000091552734
2017-03-29,23.812158584594727,40.768192291259766,28.3410701751709,119.33000183105469
2017-03-30,23.616544723510742,40.73358154296875,28.138917922973633,118.47000122070312
2017-03-31,23.687667846679688,40.87894058227539,28.263322830200195,118.72000122070312
2017-04-03,23.75881004333496,40.96891784667969,28.162250518798828,119.3499984741211
2017-04-04,23.732128143310547,41.0035285949707,28.18556785583496,119.62000274658203
2017-04-05,23.767696380615234,40.996612548828125,27.97564125061035,119.62000274658203
2017-04-06,23.687667846679688,41.13503646850586,28.084491729736328,119.18000030517578
2017-04-07,23.5987548828125,41.11427688598633,28.06894302368164,119.45999908447266
2017-04-10,23.66988754272461,41.18349075317383,27.890104293823242,119.45999908447266
2017-04-11,23.732128143310547,41.37730407714844,27.952316284179688,121.19000244140625
2017-04-12,23.856603622436523,41.52265930175781,27.9367618560791,122.0199966430664
2017-04-13,23.847732543945312,41.349605560302734,27.69571876525879,122.5999984741211
2017-04-17,23.936641693115234,41.62647247314453,27.859010696411133,122.23999786376953
2017-04-18,24.096696853637695,41.61955642700195,27.67240333557129,122.81999969482422
2017-04-19,24.043346405029297,41.605712890625,27.64130401611328,121.7300033569336
2017-04-20,23.96332550048828,41.84797286987305,27.92121696472168,121.95999908447266
2017-04-21,23.981103897094727,41.71646499633789,27.960084915161133,122.30999755859375
2017-04-24,24.1055850982666,42.92081069946289,29.515153884887695,121.4800033569336
2017-04-25,24.043346405029297,43.57144546508789,29.74064064025879,120.25
2017-04-26,23.936641693115234,43.48838806152344,29.47627830505371,120.83999633789062
2017-04-27,23.981103897094727,43.68910217285156,29.421844482421875,120.38999938964844
2017-04-28,24.025554656982422,43.73756790161133,29.414073944091797,120.7699966430664
2017-05-01,24.025554656982422,43.931365966796875,29.577348709106445,119.66999816894531
2017-05-02,23.99889373779297,44.42279052734375,29.779512405395508,119.6500015258789
2017-05-03,23.936641693115234,44.083648681640625,29.73286247253418,117.9800033569336
2017-05-04,23.99889373779297,44.54738998413086,30.370439529418945,116.79000091552734
2017-05-05,24.034456253051758,44.90039825439453,30.860286712646484,117.01000213623047
2017-05-08,23.892183303833008,44.464324951171875,30.3859920501709,116.75
2017-05-09,23.714351654052734,44.63737869262695,30.222705841064453,116.05000305175781
2017-05-10,23.696575164794922,44.706581115722656,30.277128219604492,116.04000091552734
2017-05-11,23.687667846679688,44.59584426879883,30.129404067993164,116.5
2017-05-12,23.8832950592041,44.65813064575195,30.40154266357422,116.83000183105469
2017-05-15,23.909976959228516,44.865779876708984,30.611467361450195,117.13999938964844
2017-05-16,24.0522403717041,45.2464714050293,30.93804168701172,117.6500015258789
2017-05-17,24.28342056274414,44.52663040161133,30.378219604492188,119.79000091552734
2017-05-18,24.2656307220459,44.41587448120117,30.393768310546875,118.80999755859375
2017-05-19,24.41680335998535,45.156497955322266,30.82917594909668,119.4000015258789
2017-05-22,24.443466186523438,45.44027328491211,30.86806297302246,119.9000015258789
2017-05-23,24.372344970703125,45.488731384277344,30.88360595703125,119.13999938964844
2017-05-24,24.434579849243164,45.73789596557617,30.891387939453125,119.61000061035156
2017-05-25,24.434579849243164,45.696372985839844,30.82140350341797,119.4800033569336
2017-05-26,24.425682067871094,45.571781158447266,30.681442260742188,120.54000091552734
2017-05-30,24.487937927246094,45.61331558227539,30.595911026000977,120.13999938964844
2017-05-31,24.487937927246094,45.56486511230469,30.743650436401367,120.62000274658203
2017-06-01,24.487937927246094,45.99399948120117,30.891387939453125,120.72000122070312
2017-06-02,24.6568660736084,46.23625564575195,31.24127960205078,121.61000061035156
2017-06-05,24.621315002441406,45.95246505737305,31.00801658630371,121.7300033569336
2017-06-06,24.75468635559082,45.73789596557617,30.805858612060547,123.0999984741211
2017-06-07,24.647991180419922,45.78635025024414,30.82140350341797,122.44999694824219
2017-06-08,24.63020896911621,45.65484619140625,30.82917594909668,121.6500015258789
2017-06-09,24.532398223876953,45.3433837890625,30.805858612060547,120.54000091552734
2017-06-12,24.603534698486328,44.928077697753906,30.549272537231445,120.36000061035156
2017-06-13,24.63020896911621,45.5025634765625,30.78252601623535,120.4800033569336
2017-06-14,24.736906051635742,45.592552185058594,30.751436233520508,119.81999969482422
2017-06-15,24.56795883178711,44.74811553955078,30.31601333618164,119.31999969482422
2017-06-16,24.63020896911621,45.398738861083984,30.63789176940918,119.33999633789062
2017-06-19,24.47904396057129,45.42642593383789,30.811880111694336,118.43000030517578
2017-06-20,24.443466186523438,44.928077697753906,30.50345230102539,118.18000030517578
2017-06-21,24.496826171875,44.85194778442383,30.519254684448242,118.5199966430664
2017-06-22,24.559064865112305,44.83116912841797,30.479721069335938,118.91999816894531
2017-06-23,24.57685089111328,45.114967346191406,30.558801651000977,119.43000030517578
2017-06-26,24.523488998413086,44.99530792236328,30.677433013916016,118.36000061035156
2017-06-27,24.541276931762695,45.12199020385742,30.756513595581055,118.80999755859375
2017-06-28,24.639095306396484,45.49502182006836,31.064945220947266,118.9000015258789
2017-06-29,24.621315002441406,45.14311218261719,30.542987823486328,118.31999969482422
2017-06-30,24.56795883178711,45.4176025390625,30.424358367919922,118.0199966430664
2017-07-03,24.425682067871094,45.07273483276367,30.487627029418945,116.08999633789062
2017-07-05,24.407909393310547,45.171260833740234,30.479721069335938,116.5199966430664
2017-07-06,24.34565544128418,45.12904357910156,30.361087799072266,116.47000122070312
2017-07-07,24.28342056274414,45.24165344238281,30.49553108215332,115.27999877929688
2017-07-10,24.28342056274414,45.192378997802734,30.566715240478516,115.47000122070312
2017-07-11,24.372344970703125,45.171260833740234,30.709068298339844,115.62000274658203
2017-07-12,24.487937927246094,45.37538146972656,30.93050765991211,116.02999877929688
2017-07-13,24.50571632385254,45.73432540893555,31.033313751220703,115.81999969482422
2017-07-14,24.594642639160156,46.17774200439453,31.20729637145996,116.7699966430664
2017-07-17,24.63020896911621,46.248111724853516,31.072856903076172,117.29000091552734
2017-07-18,24.879173278808594,46.39591598510742,31.017499923706055,118.11000061035156
2017-07-19,24.825817108154297,46.670406341552734,31.11240577697754,118.08000183105469
2017-07-20,24.95030403137207,46.95896530151367,31.32593536376953,118.23999786376953
2017-07-21,25.030336380004883,46.79005432128906,31.10449981689453,119.26000213623047
2017-07-24,25.039222717285156,46.76190185546875,31.072856903076172,119.30999755859375
2017-07-25,24.914743423461914,46.747825622558594,31.17567253112793,118.91999816894531
2017-07-26,25.083681106567383,47.064544677734375,31.397117614746094,119.87999725341797
2017-07-27,25.039222717285156,46.987117767333984,31.32593536376953,119.79000091552734
2017-07-28,25.163711547851562,47.14899826049805,31.41292953491211,120.69000244140625
2017-07-31,25.288192749023438,47.416465759277344,31.41292953491211,120.75
2017-08-01,25.30598258972168,47.59945297241211,31.610654830932617,120.6500015258789
2017-08-02,25.288192749023438,47.873931884765625,31.618566513061523,120.4000015258789
2017-08-03,25.38600730895996,47.66279220581055,31.705549240112305,120.58999633789062
2017-08-04,25.15481948852539,47.69798278808594,31.871631622314453,119.6500015258789
2017-08-07,25.217052459716797,47.712066650390625,31.86371421813965,119.51000213623047
2017-08-08,25.1726016998291,47.29679870605469,31.71346092224121,119.86000061035156
2017-08-09,25.19038963317871,47.31088638305664,31.515745162963867,121.30999755859375
2017-08-10,25.25262451171875,46.740787506103516,31.009601593017578,122.20999908447266
2017-08-11,25.368213653564453,46.51554870605469,31.009601593017578,122.79000091552734
2017-08-14,25.297086715698242,46.84635543823242,31.333845138549805,121.91999816894531
2017-08-15,25.145925521850586,46.691524505615234,31.365478515625,120.9800033569336
2017-08-16,25.217052459716797,46.98008728027344,31.499929428100586,121.87000274658203
2017-08-17,25.225950241088867,46.51554870605469,31.072856903076172,122.48999786376953
2017-08-18,25.31485939025879,46.60002517700195,31.19940185546875,122.30000305175781
2017-08-21,25.38600730895996,46.740787506103516,31.136125564575195,122.76000213623047
2017-08-22,25.25262451171875,46.783016204833984,31.381303787231445,122.20999908447266
2017-08-23,25.323755264282227,46.77598190307617,31.365478515625,122.66999816894531
2017-08-24,25.288192749023438,46.592987060546875,31.333845138549805,122.29000091552734
2017-08-25,25.4482479095459,47.029354095458984,31.594825744628906,122.73999786376953
2017-08-28,25.537158966064453,47.02231216430664,31.555295944213867,124.69000244140625
2017-08-29,25.537158966064453,46.99416732788086,31.405031204223633,124.41999816894531
2017-08-30,25.35043716430664,46.99416732788086,31.270578384399414,124.36000061035156
2017-08-31,25.47492027282715,47.31792068481445,31.452486038208008,125.81999969482422
2017-09-01,25.364561080932617,47.613521575927734,31.53947639465332,126.05999755859375
2017-09-05,25.569250106811523,47.54315185546875,31.278491973876953,127.45999908447266
2017-09-06,25.5959529876709,47.72613525390625,31.67391586303711,126.80999755859375
2017-09-07,25.78285789489746,48.162513732910156,31.950714111328125,128.1300048828125
2017-09-08,25.81844139099121,48.162513732910156,31.9269962310791,127.97000122070312
2017-09-11,25.631561279296875,48.373661041259766,32.2591552734375,126.19000244140625
2017-09-12,25.50695037841797,48.556640625,32.393592834472656,126.55999755859375
2017-09-13,25.373458862304688,48.148433685302734,32.251243591308594,125.61000061035156
2017-09-14,25.4090633392334,48.317352294921875,32.36988067626953,126.16000366210938
2017-09-15,25.444650650024414,48.50035858154297,32.409549713134766,125.52999877929688
2017-09-18,25.355663299560547,48.57072448730469,32.51271438598633,124.36000061035156
2017-09-19,25.4090633392334,48.88744354248047,32.63968276977539,124.62000274658203
2017-09-20,25.239967346191406,48.732608795166016,32.52859878540039,123.62000274658203
2017-09-21,25.231063842773438,48.73963165283203,32.584144592285156,122.68000030517578
2017-09-22,25.3200626373291,48.8452262878418,32.615882873535156,123.23999786376953
2017-09-25,25.284467697143555,48.598876953125,32.314327239990234,124.52999877929688
2017-09-26,25.159870147705078,48.26967239379883,32.17148971557617,123.13999938964844
2017-09-27,24.97296905517578,48.33338928222656,32.26670837402344,121.9800033569336
2017-09-28,24.999671936035156,48.69444274902344,32.37779998779297,122.20999908447266
2017-09-29,24.999671936035156,49.182952880859375,32.73492431640625,121.58000183105469
2017-10-02,24.89900779724121,49.04843521118164,32.63968276977539,120.7699966430664
2017-10-03,24.89900779724121,49.197113037109375,32.72698211669922,120.83000183105469
2017-10-04,24.943552017211914,49.10507583618164,32.576202392578125,121.16999816894531
2017-10-05,24.818824768066406,48.95640182495117,32.655555725097656,120.5199966430664
2017-10-06,24.863365173339844,49.06261444091797,32.66350555419922,121.08999633789062
2017-10-09,24.881181716918945,48.99178695678711,32.615882873535156,122.08000183105469
2017-10-10,24.996990203857422,49.41659164428711,32.917442321777344,122.4000015258789
2017-10-11,25.050451278686523,49.60065460205078,33.01266098022461,122.79000091552734
2017-10-12,25.059349060058594,49.58649444580078,32.917442321777344,122.88999938964844
2017-10-13,25.15735626220703,49.69977569580078,32.89363098144531,123.81999969482422
2017-10-16,25.112804412841797,49.65022659301758,32.83808135986328,122.97000122070312
2017-10-17,25.103899002075195,49.37409973144531,32.766666412353516,122.12999725341797
2017-10-18,25.059349060058594,49.64314651489258,32.933311462402344,121.66999816894531
2017-10-19,25.103899002075195,49.29623794555664,32.94123458862305,122.38999938964844
2017-10-20,24.907917022705078,49.14755630493164,32.766666412353516,121.61000061035156
2017-10-23,24.907917022705078,48.89268112182617,32.62382125854492,121.80000305175781
2017-10-24,24.872278213500977,48.8643798828125,32.766666412353516,121.33000183105469
2017-10-25,24.881181716918945,48.92808532714844,32.72698211669922,121.3499984741211
2017-10-26,24.70301055908203,48.7156982421875,32.75872802734375,120.33000183105469
2017-10-27,24.69410514831543,48.5953369140625,32.69524002075195,120.9000015258789
2017-10-30,24.801010131835938,48.97055435180664,32.88569259643555,121.12999725341797
2017-10-31,24.809925079345703,49.06968688964844,33.052345275878906,120.66999816894531
2017-11-01,24.76176643371582,49.11217498779297,33.14757537841797,121.11000061035156
2017-11-02,24.80634880065918,49.03428649902344,33.242794036865234,121.19000244140625
2017-11-03,24.78852081298828,48.89268112182617,33.06028366088867,120.62000274658203
2017-11-06,24.842018127441406,49.09799575805664,33.04440689086914,121.6500015258789
2017-11-07,24.770681381225586,48.6590576171875,32.73492431640625,121.20999908447266
2017-11-08,24.859851837158203,48.7156982421875,32.75872802734375,121.62999725341797
2017-11-09,24.842018127441406,48.0572624206543,32.473045349121094,122.12999725341797
2017-11-10,24.904436111450195,47.993553161621094,32.393672943115234,121.12999725341797
2017-11-13,24.859851837158203,47.54753875732422,32.25878143310547,121.30999755859375
2017-11-14,24.96685791015625,47.71746063232422,32.393672943115234,121.55999755859375
2017-11-15,25.020353317260742,47.25726318359375,32.29051208496094,121.41000366210938
2017-11-16,25.073856353759766,47.68205642700195,32.4809684753418,121.4000015258789
2017-11-17,25.180858612060547,47.519222259521484,32.338130950927734,122.86000061035156
2017-11-20,25.091684341430664,47.59709930419922,32.274654388427734,121.30999755859375
2017-11-21,25.198692321777344,48.02895736694336,32.4889030456543,121.51000213623047
2017-11-22,25.305686950683594,48.42542266845703,32.52065658569336,122.62999725341797
2017-11-24,25.33244514465332,48.62364959716797,32.98885726928711,122.31999969482422
2017-11-27,25.4394474029541,48.39002990722656,32.782535552978516,122.83000183105469
2017-11-28,25.359188079833984,48.503299713134766,32.965065002441406,122.80999755859375
2017-11-29,25.296770095825195,48.54578399658203,32.86188888549805,122.04000091552734
2017-11-30,25.33244514465332,48.722774505615234,32.84601593017578,121.0999984741211
2017-12-01,25.481491088867188,48.69444274902344,32.59207534790039,121.58999633789062
2017-12-04,25.392242431640625,48.58116912841797,32.655555725097656,121.18000030517578
2017-12-05,25.329763412475586,48.382938385009766,32.50477600097656,120.31999969482422
2017-12-06,25.285137176513672,48.234275817871094,32.40161895751953,120.06999969482422
2017-12-07,25.240507125854492,48.3475341796875,32.52065658569336,118.48999786376953
2017-12-08,25.16910743713379,48.6094856262207,32.69524002075195,118.4800033569336
2017-12-11,25.17803382873535,48.588253021240234,32.67143249511719,118.01000213623047
2017-12-12,25.13340187072754,48.6590576171875,32.615882873535156,118.1500015258789
2017-12-13,25.294055938720703,48.63780975341797,32.60002517700195,119.16999816894531
2017-12-14,25.294055938720703,48.524539947509766,32.29051208496094,118.93000030517578
2017-12-15,25.240507125854492,48.4395866394043,32.39799118041992,119.18000030517578
2017-12-18,25.294055938720703,48.998870849609375,32.835792541503906,119.7300033569336
2017-12-19,25.244047164916992,49.14755630493164,32.78802490234375,119.81999969482422
2017-12-20,25.217243194580078,49.16171646118164,32.58902359008789,120.13999938964844
2017-12-21,25.154708862304688,49.13339614868164,32.66862869262695,120.30999755859375
2017-12-22,25.208303451538086,49.38119125366211,32.596988677978516,120.94000244140625
2017-12-26,25.208303451538086,49.40324401855469,32.62883377075195,121.7699966430664
2017-12-27,25.31549644470215,49.73031997680664,32.58902359008789,122.2300033569336
2017-12-28,25.30657196044922,49.96495056152344,32.52534484863281,122.8499984741211
2017-12-29,25.395902633666992,50.17116165161133,32.40593338012695,123.6500015258789
2018-01-02,25.538822174072266,50.711551666259766,32.54922866821289,125.1500015258789
2018-01-03,25.4316349029541,50.8822021484375,32.67658233642578,124.81999969482422
2018-01-04,25.503084182739258,51.33015823364258,33.25767517089844,125.45999908447266
2018-01-05,25.485231399536133,51.600345611572266,33.59200668334961,125.33000183105469
2018-01-08,25.449493408203125,51.6287956237793,33.45668029785156,125.30999755859375
2018-01-09,25.369091033935547,51.72834014892578,33.48056411743164,124.7300033569336
2018-01-10,25.51202392578125,51.52214431762695,33.36116409301758,125.02999877929688
2018-01-11,25.54776382446289,51.657222747802734,33.5681266784668,125.44000244140625
2018-01-12,25.726402282714844,52.41804504394531,34.037784576416016,126.95999908447266
2018-01-16,25.81574058532715,52.30427169799805,34.12533950805664,127.16999816894531
2018-01-17,25.806804656982422,52.446502685546875,34.2526969909668,126.13999938964844
2018-01-18,25.78892707824707,52.439388275146484,34.30046081542969,125.86000061035156
2018-01-19,25.81574058532715,52.65269088745117,34.56314468383789,126.41999816894531
2018-01-22,25.85146713256836,53.043766021728516,34.85768508911133,126.6500015258789
2018-01-23,25.90506362915039,53.043766021728516,34.94525146484375,127.27999877929688
2018-01-24,26.137313842773438,53.26420211791992,35.0009651184082,128.8300018310547
2018-01-25,26.173046112060547,53.249977111816406,34.86564636230469,127.97000122070312
2018-01-26,26.190908432006836,53.71213912963867,35.19200134277344,128.07000732421875
2018-01-29,26.128376007080078,52.97977828979492,34.8974723815918,127.3499984741211
2018-01-30,26.021188735961914,52.460716247558594,34.60295486450195,126.80000305175781
2018-01-31,26.137313842773438,52.489158630371094,34.6586799621582,127.6500015258789
2018-02-01,26.19274139404297,52.8802375793457,34.67459487915039,128.07000732421875
2018-02-02,26.0049991607666,51.600345611572266,33.7910041809082,126.38999938964844
2018-02-05,26.0049991607666,49.12593078613281,32.36613845825195,126.70999908447266
2018-02-06,26.02288818359375,50.391597747802734,33.28155517578125,125.37999725341797
2018-02-07,25.81727409362793,49.89385223388672,32.63678741455078,124.79000091552734
2018-02-08,25.763639450073242,48.855735778808594,31.673595428466797,124.9800033569336
2018-02-09,25.69213104248047,49.23968505859375,31.769113540649414,124.7699966430664
2018-02-12,25.84409523010254,49.92230987548828,32.20694351196289,125.37000274658203
2018-02-13,25.960311889648438,49.98630142211914,32.111412048339844,126.08000183105469
2018-02-14,26.156980514526367,50.811100006103516,32.6925048828125,128.22999572753906
2018-02-15,26.264249801635742,51.12395477294922,32.90742492675781,128.3800048828125
2018-02-16,26.14803123474121,51.25194549560547,32.97111129760742,127.95999908447266
2018-02-20,25.969249725341797,50.917755126953125,32.67658233642578,126.23999786376953
2018-02-21,25.85303497314453,50.61911392211914,32.437774658203125,125.66000366210938
2018-02-22,26.031829833984375,50.803985595703125,32.67658233642578,126.30000305175781
2018-02-23,26.058645248413086,51.27327346801758,32.90742492675781,126.13999938964844
2018-02-26,26.08547019958496,51.41548538208008,33.178077697753906,126.44999694824219
2018-02-27,25.85303497314453,50.61911392211914,32.58902359008789,125.12999725341797
2018-02-28,25.94243621826172,50.05738830566406,32.27857971191406,125.0
2018-03-01,26.017578125,49.588096618652344,31.984045028686523,124.72000122070312
2018-03-02,26.04443359375,49.531219482421875,31.968124389648438,125.38999938964844
2018-03-05,26.008647918701172,49.92230987548828,32.19102096557617,125.18000030517578
2018-03-06,26.115999221801758,50.56224060058594,32.34226608276367,126.52999877929688
2018-03-07,26.15179443359375,50.711551666259766,32.53330993652344,125.72000122070312
2018-03-08,26.07127571105957,50.74710464477539,32.55717849731445,125.41999816894531
2018-03-09,26.089157104492188,51.0883903503418,32.66862869262695,125.54000091552734
2018-03-12,26.187580108642578,51.35149383544922,32.70841598510742,125.54000091552734
2018-03-13,26.21441650390625,50.98173904418945,32.437774658203125,125.77999877929688
2018-03-14,26.277048110961914,50.98887252807617,32.53330993652344,125.69999694824219
2018-03-15,26.2323055267334,50.939083099365234,32.55717849731445,124.9000015258789
2018-03-16,26.142831802368164,50.53379440307617,32.69834899902344,124.5999984741211
2018-03-19,26.2323055267334,50.590675354003906,32.46705627441406,124.87000274658203
2018-03-20,26.115999221801758,50.473182678222656,32.41921615600586,124.30999755859375
2018-03-21,26.30388641357422,50.55863571166992,32.33946228027344,126.4800033569336
2018-03-22,26.26810646057129,49.39809036254883,31.645614624023438,125.9800033569336
2018-03-23,26.384422302246094,49.462154388427734,31.270774841308594,127.61000061035156
2018-03-26,26.49177360534668,50.2880744934082,31.932720184326172,128.27999877929688
2018-03-27,26.49177360534668,49.618804931640625,31.525989532470703,127.48999786376953
2018-03-28,26.30388641357422,49.476402282714844,31.725360870361328,125.7300033569336
2018-03-29,26.402301788330078,49.77544403076172,32.11616897583008,125.79000091552734
2018-04-02,26.468563079833984,49.0919303894043,31.629671096801758,127.26000213623047
2018-04-03,26.34321403503418,49.554725646972656,31.97258949279785,126.30000305175781
2018-04-04,26.370067596435547,49.533348083496094,32.100196838378906,126.44999694824219
2018-04-05,26.226791381835938,49.69000244140625,32.45908737182617,125.80000305175781
2018-04-06,26.29843521118164,49.69712448120117,32.259700775146484,126.38999938964844
2018-04-09,26.370067596435547,49.932090759277344,32.57872009277344,126.81999969482422
2018-04-10,26.387977600097656,50.6369514465332,32.92961120605469,127.12000274658203
2018-04-11,26.40589714050293,50.40911865234375,32.75416946411133,128.11000061035156
2018-04-12,26.316343307495117,50.85055160522461,32.953548431396484,126.62000274658203
2018-04-13,26.34321403503418,50.85768127441406,32.98545455932617,127.44999694824219
2018-04-16,26.396928787231445,51.12110137939453,33.11305236816406,127.62999725341797
2018-04-17,26.40589714050293,51.370304107666016,33.44003677368164,127.75
2018-04-18,26.370067596435547,51.64085006713867,33.55169677734375,127.8499984741211
2018-04-19,26.253662109375,51.61237716674805,33.424095153808594,127.5999984741211
2018-04-20,26.05666160583496,51.39878463745117,33.32838821411133,126.62999725341797
2018-04-23,25.841772079467773,51.36317443847656,33.31243133544922,125.62000274658203
2018-04-24,25.832822799682617,51.01430892944336,33.1369743347168,126.2300033569336
2018-04-25,25.689544677734375,50.6369514465332,33.097103118896484,125.41000366210938
2018-04-26,25.698501586914062,50.7722282409668,33.16090393066406,124.97000122070312
2018-04-27,25.7701473236084,50.68679428100586,33.248634338378906,125.5
2018-04-30,25.66268539428711,50.40911865234375,33.17686462402344,124.58999633789062
2018-05-01,25.474523544311523,50.2240104675293,32.99342346191406,123.70999908447266
2018-05-02,25.36699676513672,50.27382278442383,33.049251556396484,123.6500015258789
2018-05-03,25.519323348999023,50.6583137512207,33.12101745605469,124.27999877929688
2018-05-04,25.48347282409668,50.50878143310547,33.17686462402344,124.54000091552734
2018-05-07,25.46556282043457,50.67255783081055,33.20875549316406,124.56999969482422
2018-05-08,25.322193145751953,50.64406967163086,33.04127883911133,124.58999633789062
2018-05-09,25.30427360534668,50.921756744384766,33.16090393066406,124.33000183105469
2018-05-10,25.41180419921875,51.085514068603516,33.392189025878906,125.18000030517578
2018-05-11,25.44763946533203,51.178070068359375,33.368263244628906,125.0
2018-05-14,25.384920120239258,51.16382598876953,33.37622833251953,124.48999786376953
2018-05-15,25.142982482910156,50.77935028076172,33.11305236816406,122.4800033569336
2018-05-16,25.12505531311035,50.6369514465332,33.0572395324707,122.29000091552734
2018-05-17,25.035465240478516,50.60847091674805,33.16887664794922,122.36000061035156
2018-05-18,25.017532348632812,50.416229248046875,33.049251556396484,122.41000366210938
2018-05-21,25.044424057006836,50.82206344604492,33.200775146484375,122.4800033569336
2018-05-22,25.05338478088379,50.74374771118164,33.23268508911133,122.41000366210938
2018-05-23,25.035465240478516,50.1812744140625,32.722267150878906,122.54000091552734
2018-05-24,25.178821563720703,50.174156188964844,32.618587493896484,123.58999633789062
2018-05-25,25.142982482910156,49.73984146118164,32.259700775146484,123.20999908447266
2018-05-29,24.999614715576172,48.251773834228516,31.103296279907227,123.19000244140625
2018-05-30,25.09817886352539,49.241455078125,31.765241622924805,123.37000274658203
2018-05-31,25.142982482910156,49.19160842895508,31.589784622192383,123.0999984741211
2018-06-01,25.073928833007812,49.57609176635742,31.892845153808594,122.48999786376953
2018-06-04,25.118776321411133,49.86088180541992,32.060333251953125,122.37000274658203
2018-06-05,25.13671112060547,49.967674255371094,31.97258949279785,122.8499984741211
2018-06-06,25.100833892822266,50.44471740722656,32.347434997558594,122.91999816894531
2018-06-07,25.091869354248047,50.11720275878906,32.06829833984375,122.86000061035156
2018-06-08,25.064971923828125,50.2240104675293,32.12413024902344,123.01000213623047
2018-06-11,25.064971923828125,50.59423065185547,32.52288055419922,123.2300033569336
2018-06-12,24.99321937561035,50.44471740722656,32.28363037109375,122.81999969482422
2018-06-13,25.038061141967773,50.4874382019043,32.38732147216797,123.19000244140625
2018-06-14,24.885610580444336,50.01751708984375,32.41921615600586,123.37999725341797
2018-06-15,24.885610580444336,49.661521911621094,32.336849212646484,121.33999633789062
2018-06-18,24.867677688598633,49.39809036254883,31.920907974243164,121.11000061035156
2018-06-19,24.867677688598633,48.963768005371094,31.6273136138916,120.80000305175781
2018-06-20,24.8497371673584,48.81425094604492,31.553905487060547,120.26000213623047
2018-06-21,24.85870361328125,48.3443489074707,31.2358341217041,120.05000305175781
2018-06-22,24.975292205810547,48.89968490600586,31.65992546081543,120.33999633789062
2018-06-25,24.921483993530273,48.46461868286133,31.243995666503906,119.88999938964844
2018-06-26,24.876638412475586,48.09901809692383,31.15428924560547,119.26000213623047
2018-06-27,24.795930862426758,47.397056579589844,30.8443660736084,118.58000183105469
2018-06-28,24.760059356689453,47.34587097167969,30.89329719543457,118.22000122070312
2018-06-29,24.885610580444336,47.71879196166992,31.260305404663086,118.6500015258789
2018-07-02,24.850608825683594,47.55061340332031,31.113506317138672,117.45999908447266
2018-07-03,24.949323654174805,47.43361282348633,31.29292869567871,118.6500015258789
2018-07-05,25.01213836669922,47.94545364379883,31.880126953125,119.05000305175781
2018-07-06,25.09292221069336,48.23063659667969,32.067710876464844,118.86000061035156
2018-07-09,25.110872268676758,48.566993713378906,32.2308235168457,119.1500015258789
2018-07-10,25.09292221069336,48.793670654296875,32.287906646728516,118.93000030517578
2018-07-11,24.949323654174805,47.91621017456055,31.61914825439453,117.63999938964844
2018-07-12,24.949323654174805,48.17213439941406,31.863811492919922,118.12999725341797
2018-07-13,24.967281341552734,48.091697692871094,31.95353126525879,117.61000061035156
2018-07-16,24.99420166015625,48.2672004699707,32.02693557739258,117.55000305175781
2018-07-17,24.949323654174805,48.135581970214844,31.99430274963379,116.27999877929688
2018-07-18,24.877538681030273,48.08439254760742,32.10847854614258,116.30999755859375
2018-07-19,24.832660675048828,47.87233352661133,31.929067611694336,115.80999755859375
2018-07-20,24.97624969482422,47.98932647705078,32.07586669921875,116.55999755859375
2018-07-23,24.895479202270508,47.85771560668945,32.0513916015625,116.0
2018-07-24,24.913427352905273,47.99664306640625,32.20634841918945,116.04000091552734
2018-07-25,25.0211181640625,48.508487701416016,32.499942779541016,116.68000030517578
2018-07-26,24.913427352905273,48.0405158996582,32.29605484008789,115.7699966430664
2018-07-27,24.94036293029785,48.18675994873047,32.43471145629883,115.83000183105469
2018-07-30,24.931377410888672,48.40612030029297,32.491790771484375,115.6500015258789
2018-07-31,24.958303451538086,48.37687683105469,32.622291564941406,115.98999786376953
2018-08-01,24.83792495727539,48.20869827270508,32.393924713134766,115.13999938964844
2018-08-02,24.757089614868164,47.704166412353516,32.04323959350586,114.5199966430664
2018-08-03,24.766061782836914,47.7480354309082,31.99430274963379,114.91999816894531
2018-08-06,24.74810218811035,47.49210739135742,31.88828468322754,114.33000183105469
2018-08-07,24.801998138427734,47.76266860961914,32.19820022583008,114.58999633789062
2018-08-08,24.81995964050293,47.7480354309082,32.10032272338867,114.91000366210938
2018-08-09,24.72115135192871,47.49210739135742,31.904600143432617,114.73999786376953
2018-08-10,24.62234878540039,46.64390182495117,30.925920486450195,114.69000244140625
2018-08-13,24.54149055480957,46.3367919921875,30.770967483520508,112.95999908447266
2018-08-14,24.46962547302246,46.110130310058594,30.787273406982422,113.06999969482422
2018-08-15,24.46063995361328,45.444725036621094,30.175609588623047,111.19000244140625
2018-08-16,24.487598419189453,45.72258758544922,30.387653350830078,111.0999984741211
2018-08-17,24.6043701171875,46.117435455322266,30.624174118041992,112.12999725341797
2018-08-20,24.712175369262695,46.351417541503906,30.83621597290039,112.69000244140625
2018-08-21,24.81995964050293,46.95100402832031,31.276613235473633,113.0199966430664
2018-08-22,24.87386131286621,47.280059814453125,31.464202880859375,113.2699966430664
2018-08-23,24.74810218811035,46.9217643737793,31.252145767211914,112.19999694824219
2018-08-24,24.81995964050293,47.19962692260742,31.586536407470703,114.16000366210938
2018-08-27,24.927762985229492,47.76996994018555,32.02693557739258,114.58999633789062
2018-08-28,24.94571876525879,47.62371826171875,31.961679458618164,113.68000030517578
2018-08-29,24.9097957611084,47.63103103637695,32.084014892578125,114.19999694824219
2018-08-30,24.891828536987305,47.338558197021484,31.6680908203125,113.63999938964844
2018-08-31,24.801998138427734,47.119205474853516,31.219533920288086,113.51000213623047
2018-09-04,24.70758628845215,46.68046569824219,30.885150909423828,112.93000030517578
2018-09-05,24.752548217773438,46.70970153808594,30.599708557128906,113.31999969482422
2018-09-06,24.788503646850586,46.43916320800781,30.444746017456055,113.54000091552734
2018-09-07,24.671621322631836,46.08817672729492,30.11852264404297,113.2300033569336
2018-09-10,24.725574493408203,46.50497817993164,30.4610538482666,113.1500015258789
2018-09-11,24.671621322631836,46.51961135864258,30.493682861328125,113.22000122070312
2018-09-12,24.743549346923828,46.80477523803711,30.56707191467285,114.16999816894531
2018-09-13,24.797504425048828,47.08994674682617,30.925920486450195,113.76000213623047
2018-09-14,24.698593139648438,47.03144073486328,30.8035831451416,113.0199966430664
2018-09-17,24.770530700683594,47.45555877685547,30.89329719543457,113.61000061035156
2018-09-18,24.725574493408203,47.667598724365234,31.080869674682617,113.44000244140625
2018-09-19,24.752548217773438,47.69685363769531,31.195066452026367,113.87999725341797
2018-09-20,24.887413024902344,48.237937927246094,31.84750747680664,114.2699966430664
2018-09-21,24.8244686126709,47.88695526123047,31.910381317138672,113.48999786376953
2018-09-24,24.752548217773438,47.75535202026367,31.75524139404297,113.47000122070312
2018-09-25,24.76154136657715,47.72885513305664,31.877721786499023,113.6500015258789
2018-09-26,24.77952003479004,47.574302673339844,31.90221405029297,113.05000305175781
2018-09-27,24.64464569091797,47.132713317871094,31.75524139404297,112.05000305175781
2018-09-28,24.617687225341797,46.58807373046875,31.248985290527344,112.76000213623047
2018-10-01,24.542993545532227,46.69846725463867,31.265317916870117,112.56999969482422
2018-10-02,24.497974395751953,46.404075622558594,31.012187957763672,113.87000274658203
2018-10-03,24.326974868774414,46.41144561767578,31.159164428710938,113.41999816894531
2018-10-04,24.290983200073242,46.021358489990234,30.799884796142578,113.4800033569336
2018-10-05,24.254976272583008,45.63864517211914,30.53859519958496,113.80000305175781
2018-10-08,24.272972106933594,45.13081359863281,30.277305603027344,112.54000091552734
2018-10-09,24.281980514526367,44.96153259277344,30.29363250732422,112.5999984741211
2018-10-10,24.308977127075195,44.07835006713867,29.681224822998047,112.87999725341797
2018-10-11,24.43497657775879,43.592586517333984,29.40359878540039,115.77999877929688
2018-10-12,24.425979614257812,43.92378234863281,29.411771774291992,115.2300033569336
2018-10-15,24.4799747467041,43.54106903076172,29.50159454345703,116.0
2018-10-16,24.51597785949707,44.49787139892578,30.00784683227539,115.80000305175781
2018-10-17,24.425979614257812,44.07099151611328,29.681224822998047,115.79000091552734
2018-10-18,24.37197494506836,43.386512756347656,29.09331512451172,115.91999816894531
2018-10-19,24.39897918701172,43.283477783203125,29.321949005126953,116.01000213623047
2018-10-22,24.335981369018555,42.89341354370117,29.0524959564209,115.70999908447266
2018-10-23,24.389986038208008,42.18685531616211,28.881013870239258,116.38999938964844
2018-10-24,24.34497833251953,41.2374267578125,28.07263946533203,116.66000366210938
2018-10-25,24.326974868774414,41.67903518676758,28.505413055419922,116.4000015258789
2018-10-26,24.41698455810547,41.693748474121094,28.358444213867188,116.7699966430664
2018-10-29,24.326974868774414,41.92926025390625,28.325763702392578,116.30999755859375
2018-10-30,24.272972106933594,42.2457389831543,28.480911254882812,115.80000305175781
2018-10-31,24.209978103637695,42.584293365478516,28.693208694458008,115.1500015258789
2018-11-01,24.404781341552734,43.592586517333984,29.08514404296875,116.62999725341797
2018-11-02,24.36871337890625,43.813392639160156,29.14230728149414,116.6500015258789
2018-11-05,24.386756896972656,43.69563293457031,29.150476455688477,116.37000274658203
2018-11-06,24.413803100585938,43.76187515258789,29.248455047607422,116.04000091552734
2018-11-07,24.440866470336914,44.18874740600586,29.632230758666992,116.02999877929688
2018-11-08,24.305580139160156,43.51163864135742,29.17497444152832,115.77999877929688
2018-11-09,24.27852439880371,43.349727630615234,29.1259765625,114.4800033569336
2018-11-12,24.13421630859375,42.1942253112793,28.47275733947754,113.66000366210938
2018-11-13,24.18832778930664,42.3414192199707,28.701383590698242,113.69999694824219
2018-11-14,24.251468658447266,42.481258392333984,28.791200637817383,114.63999938964844
2018-11-15,24.27852439880371,42.024932861328125,28.946340560913086,114.7699966430664
2018-11-16,24.413803100585938,42.01022720336914,28.921846389770508,115.62000274658203
2018-11-19,24.422815322875977,41.701114654541016,28.644227981567383,115.66999816894531
2018-11-20,24.332639694213867,40.8326416015625,28.088973999023438,115.66999816894531
2018-11-21,24.386756896972656,41.259521484375,28.4564151763916,115.86000061035156
2018-11-23,24.332639694213867,41.29631042480469,28.18695831298828,115.7699966430664
2018-11-26,24.34165382385254,41.89982223510742,28.611562728881836,115.63999938964844
2018-11-27,24.269512176513672,41.7673454284668,28.47275733947754,114.94999694824219
2018-11-28,24.36871337890625,42.326698303222656,28.913677215576172,115.37999725341797
2018-11-29,24.4769344329834,42.10589599609375,28.791200637817383,115.73999786376953
2018-11-30,24.440866470336914,41.796783447265625,28.644227981567383,115.54000091552734
2018-12-03,24.492326736450195,42.039669036865234,29.019824981689453,116.41000366210938
2018-12-04,24.564538955688477,40.95039749145508,28.276779174804688,117.12000274658203
2018-12-06,24.636756896972656,40.884159088134766,27.901165008544922,117.13999938964844
2018-12-07,24.67287254333496,40.3321647644043,27.566383361816406,118.08999633789062
2018-12-10,24.582584381103516,39.60353469848633,27.460241317749023,117.68000030517578
2018-12-11,24.546489715576172,39.5446662902832,27.517396926879883,117.54000091552734
2018-12-12,24.573562622070312,40.3027229309082,28.05630874633789,117.79000091552734
2018-12-13,24.537452697753906,40.229129791259766,28.039976119995117,117.52999877929688
2018-12-14,24.492326736450195,39.52993392944336,27.631710052490234,117.05999755859375
2018-12-17,24.555509567260742,39.000022888183594,27.443904876708984,117.87000274658203
2018-12-18,24.645788192749023,39.139854431152344,27.501066207885742,118.1500015258789
2018-12-19,24.670188903808594,38.97794723510742,27.272438049316406,117.43000030517578
2018-12-20,24.841886520385742,38.82339096069336,27.14179229736328,119.23999786376953
2018-12-21,24.65212059020996,38.3376350402832,26.768049240112305,118.72000122070312
2018-12-24,24.76959800720215,38.01100158691406,26.292688369750977,120.0199966430664
2018-12-26,24.724407196044922,38.736854553222656,27.013927459716797,119.66000366210938
2018-12-27,24.814775466918945,38.7664794921875,27.030323028564453,120.56999969482422
2018-12-28,24.87803840637207,39.18866729736328,27.15326499938965,121.05999755859375
2018-12-31,24.950326919555664,39.52197265625,27.268003463745117,121.25
2019-01-02,24.941293716430664,39.351619720458984,27.145065307617188,121.33000183105469
2019-01-03,25.049734115600586,39.2923583984375,26.78444480895996,122.43000030517578
2019-01-04,25.031658172607422,40.284847259521484,27.685997009277344,121.44000244140625
2019-01-07,25.076841354370117,40.951454162597656,27.710590362548828,121.86000061035156
2019-01-08,25.00455093383789,41.37363815307617,27.890892028808594,121.52999877929688
2019-01-09,25.212390899658203,42.06245040893555,28.25151824951172,122.30999755859375
2019-01-10,25.16720962524414,41.97357177734375,28.226932525634766,121.58999633789062
2019-01-11,25.103961944580078,41.95134735107422,27.98925018310547,121.80000305175781
2019-01-14,25.13106346130371,41.71434020996094,27.890892028808594,122.08999633789062
2019-01-15,25.076841354370117,41.65508270263672,27.923677444458008,121.87999725341797
2019-01-16,25.058765411376953,41.647674560546875,27.899099349975586,122.2699966430664
2019-01-17,25.02262306213379,41.980987548828125,27.948272705078125,122.11000061035156
2019-01-18,24.93225860595703,42.151329040527344,28.35807228088379,121.0199966430664
2019-01-22,24.93225860595703,41.79581832885742,28.01384162902832,121.44999694824219
2019-01-23,25.013587951660156,42.13651657104492,28.194149017333984,121.27999877929688
2019-01-24,24.986473083496094,42.173545837402344,28.21873664855957,121.08999633789062
2019-01-25,25.14912986755371,42.59573745727539,28.66132354736328,122.86000061035156
2019-01-28,25.176244735717773,42.55129623413086,28.60394859313965,123.29000091552734
2019-01-29,25.16720962524414,42.58091354370117,28.735088348388672,123.9800033569336
2019-01-30,25.29372215270996,42.98088836669922,28.95637321472168,124.69000244140625
2019-01-31,25.30276107788086,42.7808837890625,28.890806198120117,124.75
2019-02-01,25.300033569335938,42.669795989990234,28.95637321472168,124.5
2019-02-04,25.200542449951172,42.91421127319336,28.939990997314453,123.95999908447266
2019-02-05,25.173404693603516,42.862361907958984,29.21045684814453,124.27999877929688
2019-02-06,25.110092163085938,42.79570388793945,29.08751106262207,123.44000244140625
2019-02-07,25.137229919433594,42.188358306884766,28.571163177490234,123.73999786376953
2019-02-08,25.137229919433594,41.89210510253906,28.4564266204834,124.20999908447266
2019-02-11,24.98345375061035,41.79581832885742,28.440027236938477,123.5999984741211
2019-02-12,25.0286865234375,42.277244567871094,28.800647735595703,123.86000061035156
2019-02-13,24.956317901611328,42.351314544677734,28.800647735595703,123.37000274658203
2019-02-14,24.974411010742188,42.262420654296875,28.710491180419922,124.05999755859375
2019-02-15,25.0286865234375,42.57351303100586,29.21864891052246,124.80000305175781
2019-02-19,25.110092163085938,43.04753875732422,29.341581344604492,126.69999694824219
2019-02-20,25.101043701171875,43.24751663208008,29.464529037475586,126.4800033569336
2019-02-21,25.064870834350586,43.11419677734375,29.439945220947266,125.05000305175781
2019-02-22,25.128183364868164,43.2623291015625,29.554676055908203,125.5
2019-02-25,25.11913299560547,43.40305709838867,29.6202449798584,125.37000274658203
2019-02-26,25.200542449951172,43.78079605102539,29.84973907470703,125.58000183105469
2019-02-27,25.164371490478516,43.810420989990234,29.710405349731445,124.69000244140625
2019-02-28,25.0286865234375,43.69192123413086,29.857919692993164,123.98999786376953
2019-03-01,24.97073745727539,44.30666732788086,30.071022033691406,121.87999725341797
2019-03-04,24.92546844482422,44.188167572021484,29.939889907836914,121.55999755859375
2019-03-05,24.898303985595703,44.15113830566406,29.9644832611084,121.72000122070312
2019-03-06,24.961671829223633,44.09928894042969,29.89891815185547,121.61000061035156
2019-03-07,24.907352447509766,43.06975555419922,29.398956298828125,121.51000213623047
2019-03-08,24.97979736328125,42.92902374267578,29.513696670532227,122.83999633789062
2019-03-11,25.025056838989258,43.32158279418945,29.718605041503906,122.23999786376953
2019-03-12,25.079389572143555,43.38824462890625,29.710405349731445,122.9800033569336
2019-03-13,25.14275550842285,43.92152404785156,30.04643440246582,123.83999633789062
2019-03-14,25.097490310668945,44.032623291015625,30.11200523376465,122.41000366210938
2019-03-15,25.133712768554688,44.39554214477539,30.549135208129883,122.97000122070312
2019-03-18,25.197080612182617,44.528865814208984,30.680587768554688,123.04000091552734
2019-03-19,25.242353439331055,44.72884750366211,30.77918243408203,123.37999725341797
2019-03-20,25.387216567993164,44.75847625732422,30.78740882873535,124.18000030517578
2019-03-21,25.323829650878906,44.432579040527344,30.66416358947754,123.68000030517578
2019-03-22,25.41438102722168,43.57340621948242,29.735689163208008,123.97000122070312
2019-03-25,25.450592041015625,43.291961669921875,29.7932071685791,124.91999816894531
2019-03-26,25.369110107421875,43.35508346557617,29.850725173950195,124.30000305175781
2019-03-27,25.323829650878906,43.42934036254883,29.932876586914062,123.6500015258789
2019-03-28,25.278573989868164,43.2511100769043,29.842504501342773,121.9000015258789
2019-03-29,25.251415252685547,43.392215728759766,30.056133270263672,122.01000213623047
2019-04-01,25.177066802978516,43.99374008178711,30.409442901611328,121.52999877929688
2019-04-02,25.204267501831055,44.08286666870117,30.50804901123047,121.9800033569336
2019-04-03,25.18613624572754,44.676971435546875,30.828489303588867,121.80000305175781
2019-04-04,25.177066802978516,44.5284423828125,30.877788543701172,122.11000061035156
2019-04-05,25.158931732177734,44.461612701416016,30.90243911743164,121.9800033569336
2019-04-08,25.213327407836914,44.543304443359375,30.918874740600586,122.51000213623047
2019-04-09,25.26772689819336,44.18682861328125,30.746326446533203,123.1500015258789
2019-04-10,25.358383178710938,44.3502082824707,30.886009216308594,123.52999877929688
2019-04-11,25.249595642089844,44.513587951660156,30.92708969116211,121.94999694824219
2019-04-12,25.240543365478516,44.914615631103516,31.1735897064209,121.83000183105469
2019-04-15,25.249595642089844,45.144832611083984,31.18180274963379,121.5999984741211
2019-04-16,25.18613624572754,45.271087646484375,31.206449508666992,120.51000213623047
2019-04-17,25.158931732177734,45.36762237548828,31.46117401123047,120.27999877929688
2019-04-18,25.131736755371094,45.211666107177734,31.477602005004883,120.37000274658203
2019-04-22,25.14079475402832,45.21909713745117,31.477602005004883,120.37000274658203
2019-04-23,25.050132751464844,45.026004791259766,31.45295524597168,120.12000274658203
2019-04-24,25.022933959960938,44.80323028564453,31.214675903320312,120.47000122070312
2019-04-25,24.932273864746094,44.80323028564453,31.18180274963379,120.56999969482422
2019-04-26,25.041067123413086,44.78095245361328,31.214675903320312,121.37000274658203
2019-04-29,25.059202194213867,45.12998580932617,31.395431518554688,120.83000183105469
2019-04-30,25.11360740661621,45.27851104736328,31.6747989654541,121.19999694824219
2019-05-01,25.101804733276367,45.003726959228516,31.43651580810547,120.4000015258789
2019-05-02,25.03828239440918,44.77351760864258,31.305051803588867,119.94000244140625
2019-05-03,25.101804733276367,45.144832611083984,31.58441162109375,120.6500015258789
2019-05-06,25.092727661132812,44.6249885559082,31.31326675415039,120.80999755859375
2019-05-07,25.1562557220459,44.053157806396484,30.55734634399414,121.20999908447266
2019-05-08,25.165325164794922,44.00117111206055,30.762754440307617,120.91000366210938
2019-05-09,25.192554473876953,43.79322814941406,30.631290435791016,121.19999694824219
2019-05-10,25.18347930908203,44.179412841796875,30.828489303588867,121.43000030517578
2019-05-13,25.192554473876953,43.028316497802734,30.14651870727539,122.66999816894531
2019-05-14,25.192554473876953,43.46646499633789,30.442312240600586,122.45999908447266
2019-05-15,25.201631546020508,43.50361633300781,30.65594482421875,122.38999938964844
2019-05-16,25.165325164794922,43.666988372802734,31.009262084960938,121.51000213623047
2019-05-17,25.092727661132812,43.392215728759766,30.861360549926758,120.6500015258789
2019-05-20,25.065500259399414,43.072879791259766,30.524478912353516,120.63999938964844
2019-05-21,25.02012062072754,43.44419860839844,30.705245971679688,120.36000061035156
2019-05-22,25.074573516845703,43.295677185058594,30.62307357788086,120.23999786376953
2019-05-23,25.18347930908203,42.7981071472168,30.253341674804688,121.16999816894531
2019-05-24,25.328678131103516,43.16941833496094,30.631290435791016,121.30000305175781
2019-05-28,25.29237937927246,42.80552291870117,30.277978897094727,120.83000183105469
2019-05-29,25.265169143676758,42.560455322265625,29.99041175842285,120.87000274658203
2019-05-30,25.274229049682617,42.79067611694336,30.138301849365234,121.69000244140625
2019-05-31,25.40128517150879,42.5753173828125,29.817853927612305,123.33000183105469
2019-06-03,25.5548095703125,42.41936111450195,30.064346313476562,125.11000061035156
2019-06-04,25.618406295776367,43.05060577392578,30.606639862060547,125.1500015258789
2019-06-05,25.672910690307617,43.072879791259766,30.55734634399414,125.47000122070312
2019-06-06,25.75467872619629,43.23625946044922,30.66416358947754,125.87999725341797
2019-06-07,25.90911865234375,43.689266204833984,31.157148361206055,126.58999633789062
2019-06-10,25.82734489440918,43.934329986572266,31.16535758972168,125.33000183105469
2019-06-11,25.84552001953125,44.18682861328125,31.35434913635254,125.18000030517578
2019-06-12,25.772842407226562,43.88977813720703,31.10785675048828,125.83000183105469
2019-06-13,25.818267822265625,43.91947937011719,31.140718460083008,126.5999984741211
2019-06-14,25.745576858520508,43.414493560791016,30.90243911743164,126.55999755859375
2019-06-17,25.672910690307617,43.206546783447266,30.9106502532959,126.4800033569336
2019-06-18,25.818267822265625,43.481327056884766,31.502256393432617,127.12000274658203
2019-06-19,25.900022506713867,43.80066680908203,31.641929626464844,127.88999938964844
2019-06-20,26.108957290649414,44.1125602722168,31.95416259765625,131.11000061035156
2019-06-21,26.15439796447754,44.08286666870117,31.951635360717773,131.97999572753906
2019-06-24,26.29066276550293,44.071449279785156,32.00199508666992,133.94000244140625
2019-06-25,26.29066276550293,43.63036346435547,31.7753963470459,134.1999969482422
2019-06-26,26.208894729614258,43.828094482421875,31.83413314819336,132.97000122070312
2019-06-27,26.190731048583984,44.033424377441406,31.89289665222168,132.83999633789062
2019-06-28,26.27250099182129,44.368045806884766,32.144676208496094,133.1999969482422
2019-07-01,26.123363494873047,44.5201530456543,32.17824935913086,130.6199951171875
2019-07-02,26.159753799438477,44.45930480957031,32.2873649597168,133.41000366210938
2019-07-03,26.287044525146484,44.809139251708984,32.55592346191406,133.6300048828125
2019-07-05,26.077903747558594,44.53536605834961,32.3209228515625,132.13999938964844
2019-07-08,26.041542053222656,44.208343505859375,32.153072357177734,131.2899932861328
2019-07-09,25.977882385253906,43.828094482421875,32.08592987060547,131.75
2019-07-10,26.05062484741211,44.033424377441406,32.144676208496094,133.8300018310547
2019-07-11,25.93243408203125,44.10187911987305,32.1194953918457,132.6999969482422
2019-07-12,26.023345947265625,44.29961013793945,32.12789535522461,133.52999877929688
2019-07-15,26.05062484741211,44.208343505859375,32.16145706176758,133.52999877929688
2019-07-16,26.005172729492188,43.99540710449219,32.10271072387695,132.39999389648438
2019-07-17,26.005172729492188,43.72162628173828,31.985212326049805,134.5800018310547
2019-07-18,26.2597599029541,43.72162628173828,32.0439567565918,136.47999572753906
2019-07-19,26.132457733154297,43.47065353393555,31.79216766357422,134.47000122070312
2019-07-22,26.15065574645996,43.75965118408203,31.901281356811523,134.4499969482422
2019-07-23,26.059722900390625,43.87371826171875,32.1866340637207,133.69000244140625
2019-07-24,26.132457733154297,43.98019027709961,32.195037841796875,134.3699951171875
2019-07-25,26.068817138671875,43.66838073730469,31.85931968688965,133.4199981689453
2019-07-26,25.996076583862305,43.69120407104492,31.968421936035156,133.63999938964844
2019-07-29,25.959705352783203,43.425018310546875,32.02717590332031,134.52999877929688
2019-07-30,26.014263153076172,42.67211151123047,31.439668655395508,134.97999572753906
2019-07-31,25.93243408203125,42.375526428222656,31.179492950439453,133.2100067138672
2019-08-01,26.030733108520508,42.05610656738281,31.04521369934082,136.41000366210938
2019-08-02,26.18545913696289,42.040889739990234,30.675914764404297,135.88999938964844
2019-08-05,26.26736068725586,41.26517868041992,30.09681510925293,137.7899932861328
2019-08-06,26.349275588989258,41.64543151855469,30.239500045776367,138.91000366210938
2019-08-07,26.458505630493164,41.660640716552734,30.44931411743164,141.02000427246094
2019-08-08,26.42209815979004,41.972442626953125,30.726289749145508,141.72999572753906
2019-08-09,26.42209815979004,41.60740280151367,30.566818237304688,141.25999450683594
2019-08-12,26.558616638183594,40.97618865966797,30.32343101501465,142.6300048828125
2019-08-13,26.51310920715332,41.28038787841797,30.684322357177734,141.77999877929688
2019-08-14,26.549514770507812,40.1168098449707,29.761098861694336,142.75
2019-08-15,26.713340759277344,39.88866424560547,29.761098861694336,143.6999969482422
2019-08-16,26.585922241210938,40.50466537475586,30.113601684570312,142.77999877929688
2019-08-19,26.412988662719727,41.00660705566406,30.365386962890625,141.11000061035156
2019-08-20,26.576820373535156,40.83169174194336,30.239500045776367,142.2100067138672
2019-08-21,26.476696014404297,41.249977111816406,30.642353057861328,141.75999450683594
2019-08-22,26.431190490722656,41.53134536743164,30.53324317932129,141.39999389648438
2019-08-23,26.567720413208008,41.0522346496582,30.071638107299805,144.1699981689453
2019-08-26,26.5222110748291,41.249977111816406,30.373781204223633,144.19000244140625
2019-08-27,26.604129791259766,41.25757598876953,30.38216781616211,145.57000732421875
2019-08-28,26.631423950195312,40.89252471923828,30.373781204223633,145.16000366210938
2019-08-29,26.567720413208008,41.23476028442383,30.77663803100586,144.1199951171875
2019-08-30,26.412988662719727,41.41728591918945,30.76824188232422,143.75
2019-09-03,26.44578742980957,41.090267181396484,30.633968353271484,145.75
2019-09-04,26.573322296142578,41.797542572021484,31.07878875732422,146.66000366210938
2019-09-05,26.41845703125,42.22342300415039,31.33895492553711,143.13999938964844
2019-09-06,26.41845703125,42.25384521484375,31.355754852294922,141.9199981689453
2019-09-09,26.409343719482422,42.603675842285156,31.464847564697266,141.38999938964844
2019-09-10,26.281803131103516,42.816627502441406,31.498422622680664,140.17999267578125
2019-09-11,26.208938598632812,43.227291107177734,31.624317169189453,141.02999877929688
2019-09-12,26.227155685424805,43.40221405029297,31.926456451416016,141.32000732421875
2019-09-13,26.0267333984375,43.98780059814453,32.01038360595703,140.14999389648438
2019-09-16,26.117830276489258,43.7368278503418,31.615922927856445,141.32000732421875
2019-09-17,26.181591033935547,43.69120407104492,31.825742721557617,141.60000610351562
2019-09-18,26.181591033935547,43.6075439453125,31.817354202270508,140.7100067138672
2019-09-19,26.227155685424805,43.72922897338867,31.926456451416016,141.27999877929688
2019-09-20,26.272703170776367,43.539100646972656,31.903770446777344,142.9499969482422
2019-09-23,26.272703170776367,43.227291107177734,31.74407196044922,143.75
2019-09-24,26.409343719482422,42.971099853515625,31.618013381958008,144.50999450683594
2019-09-25,26.227155685424805,42.581077575683594,31.416309356689453,141.8300018310547
2019-09-26,26.227155685424805,42.542850494384766,31.575992584228516,141.7899932861328
2019-09-27,26.190704345703125,42.504615783691406,31.51715850830078,141.05999755859375
2019-09-30,26.145158767700195,42.75697326660156,31.718873977661133,138.8699951171875
2019-10-01,26.095922470092773,42.504615783691406,31.374277114868164,139.6300048828125
2019-10-02,26.19622039794922,41.701622009277344,30.575843811035156,141.25999450683594
2019-10-03,26.351228713989258,41.70927047729492,30.80277442932129,141.89999389648438
2019-10-04,26.38770294189453,42.00752639770508,31.04650115966797,141.89999389648438
2019-10-07,26.305633544921875,41.854576110839844,31.05491065979004,140.69000244140625
2019-10-08,26.260055541992188,41.40336990356445,30.71871566772461,141.9199981689453
2019-10-09,26.223581314086914,41.640445709228516,31.08011245727539,142.0500030517578
2019-10-10,26.20532989501953,42.20635223388672,31.391088485717773,140.80999755859375
2019-10-11,26.20532989501953,43.48347854614258,32.02983856201172,140.02999877929688
2019-10-14,26.19622039794922,43.37641143798828,32.02143096923828,140.58999633789062
2019-10-15,26.150632858276367,44.10293197631836,32.450069427490234,139.61000061035156
2019-10-16,26.223581314086914,44.22527313232422,32.5088996887207,140.41000366210938
2019-10-17,26.260055541992188,44.577064514160156,32.58454132080078,140.61000061035156
2019-10-18,26.33299446105957,44.78356170654297,32.63496398925781,140.4600067138672
2019-10-21,26.2691650390625,45.165916442871094,32.77783966064453,139.7899932861328
2019-10-22,26.27828598022461,44.81413650512695,32.59295654296875,140.1999969482422
2019-10-23,26.2691650390625,45.035919189453125,32.803062438964844,140.52999877929688
2019-10-24,26.260055541992188,44.92120361328125,32.81146240234375,141.52999877929688
2019-10-25,26.187105178833008,44.90591049194336,32.77783966064453,141.86000061035156
2019-10-28,26.15974998474121,45.13532257080078,32.86188888549805,140.63999938964844
2019-10-29,26.15974998474121,45.09709167480469,32.83667755126953,140.25
2019-10-30,26.232702255249023,45.21180725097656,33.00477600097656,141.02000427246094
2019-10-31,26.378585815429688,45.04356384277344,32.92072296142578,142.42999267578125
2019-11-01,26.421476364135742,45.62477111816406,33.13082504272461,142.55999755859375
2019-11-04,26.27545928955078,45.67830276489258,33.32414627075195,142.14999389648438
2019-11-05,26.10205078125,45.632415771484375,33.29052734375,139.85000610351562
2019-11-06,26.11118507385254,45.456520080566406,33.340946197509766,140.4499969482422
2019-11-07,25.946895599365234,45.95361328125,33.42499923706055,138.27000427246094
2019-11-08,25.864744186401367,45.98420715332031,33.42499923706055,137.38999938964844
2019-11-11,25.910383224487305,46.20597839355469,33.41658401489258,137.05999755859375
2019-11-12,25.83737564086914,46.06067657470703,33.40818786621094,137.42999267578125
2019-11-13,25.901268005371094,45.76242446899414,33.315731048583984,137.97999572753906
2019-11-14,26.001657485961914,45.74713134765625,33.307334899902344,138.55999755859375
2019-11-15,26.04728889465332,46.098915100097656,33.55106735229492,138.2100067138672
2019-11-18,26.07466697692871,46.160099029541016,33.54265594482422,138.6199951171875
2019-11-19,26.092926025390625,46.114200592041016,33.509037017822266,138.69000244140625
2019-11-20,26.10205078125,45.808311462402344,33.307334899902344,138.75999450683594
2019-11-21,26.04728889465332,45.66301345825195,33.357765197753906,138.0
2019-11-22,26.01077651977539,45.846553802490234,33.315731048583984,137.74000549316406
2019-11-25,25.974275588989258,46.06067657470703,33.42499923706055,137.0800018310547
2019-11-26,26.01077651977539,46.2595100402832,33.4502067565918,137.74000549316406
2019-11-27,26.019906997680664,46.496578216552734,33.4502067565918,137.00999450683594
2019-11-29,25.99253273010254,46.39716339111328,33.382972717285156,137.86000061035156
2019-12-02,25.980649948120117,46.366573333740234,32.979557037353516,137.7899932861328
2019-12-03,26.09941291809082,46.06067657470703,32.94593811035156,139.11000061035156
2019-12-04,26.09941291809082,46.74129867553711,33.265323638916016,138.9199981689453
2019-12-05,26.1176815032959,47.14661407470703,33.23169708251953,139.0
2019-12-06,26.044599533081055,47.368385314941406,33.43340301513672,137.6199951171875
2019-12-09,26.072004318237305,47.36074447631836,33.19807052612305,137.5800018310547
2019-12-10,26.081148147583008,47.42957305908203,33.28211975097656,137.97000122070312
2019-12-11,26.26384735107422,47.720176696777344,33.55947494506836,138.9199981689453
2019-12-12,26.13595962524414,48.12548828125,33.86204147338867,138.42999267578125
2019-12-13,26.181629180908203,49.112022399902344,34.03853988647461,139.0500030517578
2019-12-16,26.218170166015625,49.62439727783203,34.38311767578125,139.0399932861328
2019-12-17,26.236431121826172,49.21143341064453,34.181400299072266,139.00999450683594
2019-12-18,26.14508628845215,49.05084228515625,34.05533218383789,139.02000427246094
2019-12-19,26.09941291809082,49.13495635986328,34.046939849853516,139.3800048828125
2019-12-20,26.060081481933594,49.104366302490234,34.217979431152344,139.52000427246094
2019-12-23,26.060081481933594,49.213558197021484,34.22641372680664,139.9499969482422
2019-12-24,26.087522506713867,49.32122039794922,34.16742706298828,141.27000427246094
2019-12-26,26.178966522216797,49.636497497558594,34.36965560913086,142.3800048828125
2019-12-27,26.279539108276367,49.92869567871094,34.48762130737305,142.3300018310547
2019-12-30,26.24297523498535,49.782588958740234,34.20112609863281,142.6300048828125
2019-12-31,26.34355354309082,50.25166320800781,34.36965560913086,142.89999389648438
2020-01-02,26.316125869750977,50.68996047973633,34.76567077636719,143.9499969482422
2020-01-03,26.325265884399414,49.80565643310547,34.319091796875,145.86000061035156
2020-01-06,26.370981216430664,49.62879943847656,34.378074645996094,147.38999938964844
2020-01-07,26.288692474365234,49.38273620605469,34.18428421020508,147.97000122070312
2020-01-08,26.206390380859375,49.40580749511719,34.35279083251953,146.86000061035156
2020-01-09,26.124099731445312,49.47500991821289,34.496036529541016,146.02999877929688
2020-01-10,26.19724464416504,49.075138092041016,34.386505126953125,146.91000366210938
2020-01-13,26.160680770874023,49.57497787475586,34.470760345458984,145.82000732421875
2020-01-14,26.11495590209961,49.48270034790039,34.35279083251953,145.69000244140625
2020-01-15,26.206390380859375,49.36735153198242,34.293819427490234,146.5399932861328
2020-01-16,26.169816970825195,49.58266830444336,34.46233367919922,146.30999755859375
2020-01-17,26.142385482788086,49.598045349121094,34.6140022277832,146.5800018310547
2020-01-21,26.169816970825195,49.24433135986328,34.26852798461914,146.74000549316406
2020-01-22,26.215539932250977,49.38273620605469,34.14214324951172,146.7899932861328
2020-01-23,26.206390380859375,49.16741943359375,34.04103469848633,147.1199951171875
2020-01-24,26.252113342285156,48.93673324584961,33.982051849365234,147.97999572753906
2020-01-27,26.325265884399414,47.92940139770508,33.15631103515625,148.99000549316406
2020-01-28,26.252113342285156,48.39077377319336,33.52705383300781,147.66000366210938
2020-01-29,26.325265884399414,48.40615463256836,33.57759094238281,148.4600067138672
2020-01-30,26.34355354309082,48.51380157470703,33.54389953613281,148.47000122070312
2020-01-31,26.453285217285156,48.11393737792969,32.94566345214844,149.3300018310547
2020-02-03,26.349857330322266,47.78328323364258,33.088897705078125,148.36000061035156
2020-02-04,26.27663803100586,48.65989685058594,33.661865234375,146.42999267578125
2020-02-05,26.148502349853516,48.98286819458008,34.02419662475586,146.61000061035156
2020-02-06,26.121047973632812,48.77524948120117,34.20955276489258,147.39999389648438
2020-02-07,26.111892700195312,48.16008758544922,33.973628997802734,147.7899932861328
2020-02-10,26.16680335998535,48.383087158203125,34.02419662475586,148.1699981689453
2020-02-11,26.148502349853516,48.99055862426758,34.18428421020508,147.66000366210938
2020-02-12,26.13020133972168,49.35966491699219,34.36965560913086,147.5399932861328
2020-02-13,26.093585968017578,49.159732818603516,34.11687088012695,148.3800048828125
2020-02-14,26.08442497253418,49.41349792480469,34.11687088012695,149.0
2020-02-18,26.10274314880371,48.95211410522461,33.9651985168457,150.91000366210938
2020-02-19,26.00206756591797,49.14434814453125,34.14214324951172,151.7899932861328
2020-02-20,25.919694900512695,49.105899810791016,33.93992614746094,152.41000366210938
2020-02-21,26.075279235839844,48.944427490234375,33.720855712890625,154.6999969482422
2020-02-24,26.16680335998535,46.614471435546875,32.26315689086914,156.08999633789062
2020-02-25,26.21256446838379,45.53023147583008,31.43740463256836,153.3000030517578
2020-02-26,26.13020133972168,45.34568786621094,31.445823669433594,153.97000122070312
2020-02-27,26.221715927124023,43.846214294433594,30.55268096923828,154.0
2020-02-28,26.459684371948242,43.77700424194336,30.308320999145508,148.3800048828125
2020-03-02,26.56503677368164,44.0845832824707,30.965551376342773,149.1999969482422
2020-03-03,26.794036865234375,43.915409088134766,30.544248580932617,153.88999938964844
2020-03-04,26.74823760986328,44.576717376708984,31.656475067138672,154.16000366210938
2020-03-05,26.958927154541016,42.9619026184082,30.58637809753418,157.49000549316406
2020-03-06,27.178775787353516,42.577415466308594,30.0302677154541,157.5500030517578
2020-03-09,27.334495544433594,39.001747131347656,27.22440528869629,157.80999755859375
2020-03-10,26.96808624267578,40.278221130371094,28.083852767944336,154.47999572753906
2020-03-11,27.059688568115234,37.84061813354492,26.567176818847656,153.92999267578125
2020-03-12,26.253576278686523,33.24222946166992,23.255756378173828,147.7899932861328
2020-03-13,25.511587142944336,34.57253646850586,24.696603775024414,143.27999877929688
2020-03-16,26.042890548706055,29.820341110229492,21.86546516418457,141.63999938964844
2020-03-17,25.00776481628418,29.72037124633789,22.994550704956055,143.55999755859375
2020-03-18,23.679521560668945,27.252004623413086,21.22509002685547,140.6999969482422
2020-03-19,24.293262481689453,27.205873489379883,21.53685760498047,138.0399932861328
2020-03-20,24.485628128051758,27.205873489379883,21.59583282470703,140.11000061035156
2020-03-23,24.586393356323242,27.036701202392578,21.847890853881836,146.3000030517578
2020-03-24,24.44898796081543,29.25958824157715,23.903270721435547,153.39999389648438
2020-03-25,24.54059600830078,30.62213134765625,24.79139518737793,151.3000030517578
2020-03-26,25.365028381347656,32.062530517578125,25.831771850585938,153.24000549316406
2020-03-27,25.566551208496094,31.050352096557617,24.808311462402344,152.25
2020-03-30,25.337547302246094,31.15935707092285,25.214311599731445,152.9199981689453
2020-03-31,25.465789794921875,31.665441513061523,24.960561752319336,148.0500030517578
2020-04-01,25.272302627563477,30.419700622558594,23.691808700561523,149.4499969482422
2020-04-02,25.21728515625,30.917997360229492,24.038604736328125,151.89999389648438
2020-04-03,25.024715423583984,30.19390296936035,23.632604598999023,152.64999389648438
2020-04-06,25.01554298400879,31.758874893188477,25.070524215698242,156.8800048828125
2020-04-07,25.19894027709961,32.50632858276367,25.20585823059082,156.0399932861328
2020-04-08,25.10724449157715,33.34720993041992,25.493444442749023,154.64999389648438
2020-04-09,25.474044799804688,34.26595687866211,26.13627052307129,158.69000244140625
2020-04-13,25.419025421142578,33.954505920410156,25.823318481445312,161.41000366210938
2020-04-14,25.49238395690918,34.156944274902344,26.33081817626953,162.67999267578125
2020-04-15,25.428190231323242,32.61532974243164,25.172025680541992,161.85000610351562
2020-04-16,25.327320098876953,32.54526138305664,25.062063217163086,161.7100067138672
2020-04-17,25.364002227783203,33.674217224121094,25.96710777282715,158.57000732421875
2020-04-20,25.327320098876953,33.05133819580078,25.62877082824707,159.6999969482422
2020-04-21,25.336484909057617,32.45182800292969,24.977481842041016,158.61000061035156
2020-04-22,25.2264461517334,32.75547409057617,25.256610870361328,161.72999572753906
2020-04-23,25.345657348632812,32.84111785888672,24.985937118530273,163.33999633789062
2020-04-24,25.529064178466797,33.33163833618164,25.265064239501953,162.63999938964844
2020-04-27,25.3731689453125,33.791015625,25.764102935791016,161.55999755859375
2020-04-28,25.53822898864746,34.141380310058594,25.90789794921875,160.83999633789062
2020-04-29,25.7583065032959,35.51948928833008,26.80448341369629,161.72999572753906
2020-04-30,25.840835571289062,35.19248580932617,26.280057907104492,158.8000030517578
2020-05-01,25.853702545166016,34.49952697753906,25.696435928344727,159.77999877929688
2020-05-04,25.771085739135742,34.49174499511719,25.578020095825195,160.33999633789062
2020-05-05,25.734371185302734,34.19587707519531,25.527273178100586,161.02000427246094
2020-05-06,25.596708297729492,33.99344253540039,25.180484771728516,158.9499969482422
2020-05-07,25.688488006591797,34.53068161010742,25.637229919433594,161.38999938964844
2020-05-08,25.688488006591797,35.26254653930664,26.068605422973633,160.4199981689453
2020-05-11,25.550827026367188,35.013404846191406,25.90789794921875,159.4199981689453
2020-05-12,25.65178108215332,34.3282356262207,25.527273178100586,160.0399932861328
2020-05-13,25.624244689941406,33.88443374633789,25.053606033325195,161.5800018310547
2020-05-14,25.624244689941406,33.37834930419922,24.892894744873047,163.00999450683594
2020-05-15,25.578351974487305,33.44842529296875,24.952106475830078,163.92999267578125
2020-05-18,25.743555068969727,34.77204132080078,26.364646911621094,162.69000244140625
2020-05-19,25.761911392211914,34.569610595703125,26.000938415527344,164.25999450683594
2020-05-20,25.917932510375977,35.27033233642578,26.66914939880371,164.64999389648438
2020-05-21,25.908750534057617,35.013404846191406,26.41539764404297,162.25
2020-05-22,25.642597198486328,35.19248580932617,26.373104095458984,163.2100067138672
2020-05-26,25.82615089416504,36.50051498413086,27.142818450927734,160.88999938964844
2020-05-27,25.86286735534668,37.17011642456055,27.878692626953125,161.17999267578125
2020-05-28,25.89039421081543,37.356971740722656,28.140901565551758,161.72000122070312
2020-05-29,26.073957443237305,37.6606330871582,28.217023849487305,162.91000366210938
2020-06-01,26.097841262817383,38.439212799072266,28.78372573852539,163.66000366210938
2020-06-02,26.152956008911133,38.95308303833008,29.333534240722656,162.60000610351562
2020-06-03,26.217256546020508,39.99639892578125,30.500778198242188,159.60000610351562
2020-06-04,26.2264404296875,40.22219467163086,30.55152130126953,161.27999877929688
2020-06-05,26.217256546020508,40.93071365356445,31.45656967163086,158.00999450683594
2020-06-08,26.4101619720459,41.48352813720703,31.81182098388672,159.72000122070312
2020-06-09,26.483654022216797,40.39349365234375,31.194360733032227,161.25999450683594
2020-06-10,26.667377471923828,40.08205795288086,31.00827407836914,163.57000732421875
2020-06-11,26.58470344543457,37.52825927734375,29.037479400634766,162.38999938964844
2020-06-12,26.492835998535156,38.3691520690918,29.544981002807617,162.6199951171875
2020-06-15,26.557144165039062,38.69615173339844,29.824098587036133,162.3300018310547
2020-06-16,26.456100463867188,38.929744720458984,30.23011589050293,162.25
2020-06-17,26.437726974487305,39.02315902709961,30.348527908325195,162.55999755859375
2020-06-18,26.391794204711914,38.86743927001953,30.196271896362305,162.24000549316406
2020-06-19,26.382610321044922,38.45478820800781,30.001737594604492,164.02999877929688
2020-06-22,26.502023696899414,39.02315902709961,30.46650505065918,165.08999633789062
2020-06-23,26.67656707763672,39.1058349609375,30.79971694946289,166.47999572753906
2020-06-24,26.58470344543457,38.53109359741211,29.936803817749023,165.89999389648438
2020-06-25,26.492835998535156,38.79090118408203,30.39815902709961,165.8000030517578
2020-06-26,26.52039909362793,38.29489517211914,29.85135841369629,166.5399932861328
2020-06-29,26.557144165039062,38.73579025268555,30.312721252441406,166.6300048828125
2020-06-30,26.557144165039062,38.98774337768555,30.355445861816406,167.3699951171875
2020-07-01,26.5001277923584,39.1373176574707,30.363985061645508,166.6199951171875
2020-07-02,26.509328842163086,39.349891662597656,30.919322967529297,166.97999572753906
2020-07-06,26.702423095703125,40.25531005859375,31.551528930664062,167.97999572753906
2020-07-07,26.665651321411133,39.60970687866211,30.996206283569336,169.0399932861328
2020-07-08,26.794384002685547,40.215946197509766,31.278152465820312,170.08999633789062
2020-07-09,26.77599334716797,39.530982971191406,30.84242057800293,169.6300048828125
2020-07-10,26.794384002685547,39.89313507080078,31.20979881286621,169.19000244140625
2020-07-13,26.730009078979492,39.641204833984375,31.158540725708008,169.39999389648438
2020-07-14,26.794384002685547,40.302547454833984,31.6967830657959,170.19000244140625
2020-07-15,26.858734130859375,40.50724792480469,32.12397003173828,170.33999633789062
2020-07-16,26.665651321411133,40.63322448730469,32.02998352050781,168.72999572753906
2020-07-17,26.94149398803711,40.798561096191406,32.17523193359375,170.1199951171875
2020-07-20,26.932296752929688,40.98752212524414,32.40590286254883,170.94000244140625
2020-07-21,27.152982711791992,41.16071701049805,32.5340576171875,173.0
2020-07-22,27.17137336730957,41.64098358154297,32.64512252807617,175.6300048828125
2020-07-23,27.143787384033203,41.22370147705078,32.320465087890625,177.17999267578125
2020-07-24,27.281715393066406,41.034751892089844,32.08124923706055,178.6999969482422
2020-07-27,27.456417083740234,41.3890380859375,32.41444396972656,182.22999572753906
2020-07-28,27.456417083740234,40.99538040161133,32.18376541137695,183.75
2020-07-29,27.621919631958008,41.58586883544922,32.5596809387207,185.1300048828125
2020-07-30,27.74146270751953,41.396907806396484,31.93600845336914,183.75999450683594
2020-07-31,27.548372268676758,40.76706314086914,31.226877212524414,185.42999267578125
2020-08-03,27.51432991027832,41.302433013916016,31.884746551513672,185.63999938964844
2020-08-04,27.679964065551758,41.59373092651367,32.05561828613281,189.58999633789062
2020-08-05,27.68916130065918,42.168479919433594,32.23503112792969,191.35000610351562
2020-08-06,27.762775421142578,42.34168243408203,32.26919937133789,193.88999938964844
2020-08-07,27.52351188659668,42.121246337890625,32.09833526611328,190.80999755859375
2020-08-10,27.560340881347656,42.37318801879883,32.08124923706055,190.14999389648438
2020-08-11,27.440702438354492,42.38893127441406,32.311927795410156,179.94000244140625
2020-08-12,27.376285552978516,43.03452682495117,33.089393615722656,179.10000610351562
2020-08-13,27.403900146484375,43.089630126953125,32.84164047241211,183.3300018310547
2020-08-14,27.486713409423828,43.113250732421875,32.56824493408203,182.5399932861328
2020-08-17,27.52351188659668,43.35732650756836,32.73910140991211,186.5
2020-08-18,27.762775421142578,43.48329544067383,32.68783950805664,188.17999267578125
2020-08-19,27.52351188659668,42.995155334472656,32.64512252807617,182.24000549316406
2020-08-20,27.61554527282715,42.93217468261719,32.45717239379883,183.5
2020-08-21,27.51432991027832,42.680233001708984,32.12397003173828,182.02999877929688
2020-08-24,27.551132202148438,43.10538101196289,32.764732360839844,181.0
2020-08-25,27.477510452270508,43.089630126953125,32.927066802978516,181.22000122070312
2020-08-26,27.486713409423828,43.59352111816406,33.19191360473633,183.36000061035156
2020-08-27,27.42230224609375,43.21560287475586,32.747650146484375,181.24000549316406
2020-08-28,27.652353286743164,43.7667236328125,32.99541091918945,184.38999938964844
2020-08-31,27.661558151245117,43.53840637207031,32.55113983154297,184.8300018310547
2020-09-01,27.69194984436035,43.48329544067383,32.5853157043457,185.0500030517578
2020-09-02,27.599853515625,43.69586944580078,33.2431755065918,182.6199951171875
2020-09-03,27.572233200073242,42.71171951293945,32.4742546081543,181.13999938964844
2020-09-04,27.535396575927734,42.7510871887207,32.5084228515625,181.63999938964844
2020-09-08,27.489341735839844,42.089752197265625,31.93600845336914,181.2899932861328
2020-09-09,27.516969680786133,42.774715423583984,32.77327346801758,183.0500030517578
2020-09-10,27.415679931640625,42.35743713378906,32.37173080444336,182.4600067138672
2020-09-11,27.54458999633789,42.61724853515625,32.66221237182617,182.4499969482422
2020-09-14,27.572233200073242,42.766841888427734,32.713470458984375,183.88999938964844
2020-09-15,27.627483367919922,42.97941207885742,32.90143966674805,183.4499969482422
2020-09-16,27.60906219482422,43.097511291503906,32.67930221557617,183.97000122070312
2020-09-17,27.747203826904297,43.44392776489258,32.78181457519531,182.9600067138672
2020-09-18,27.728784561157227,43.39668273925781,32.423004150390625,183.1999969482422
2020-09-21,27.60906219482422,41.94803237915039,31.258840560913086,179.52000427246094
2020-09-22,27.50775909423828,41.592071533203125,31.155818939208984,178.64999389648438
2020-09-23,27.314374923706055,40.769412994384766,30.666454315185547,174.7899932861328
2020-09-24,27.277536392211914,40.99879837036133,30.778057098388672,175.44000244140625
2020-09-25,27.268321990966797,41.18865966796875,30.700788497924805,174.94000244140625
2020-09-28,27.397253036499023,41.61579895019531,31.370445251464844,176.6999969482422
2020-09-29,27.44329833984375,41.73445129394531,31.4305477142334,178.19000244140625
2020-09-30,27.323585510253906,42.058773040771484,31.207324981689453,177.1199951171875
2020-10-01,27.399150848388672,42.509666442871094,31.327518463134766,178.6999969482422
2020-10-02,27.445232391357422,42.446380615234375,31.233081817626953,178.5399932861328
2020-10-05,27.46366310119629,43.395606994628906,31.816883087158203,179.41000366210938
2020-10-06,27.47287940979004,43.13457107543945,31.421947479248047,177.3000030517578
2020-10-07,27.362285614013672,43.569637298583984,31.748191833496094,177.22000122070312
2020-10-08,27.52817153930664,43.91767883300781,32.00574493408203,177.85000610351562
2020-10-09,27.65719985961914,44.471397399902344,32.289066314697266,181.0800018310547
2020-10-12,27.63877296447754,44.68497848510742,32.52945327758789,180.55999755859375
2020-10-13,27.592693328857422,43.89394760131836,32.06584930419922,177.72000122070312
2020-10-14,27.71249771118164,43.7911262512207,31.902727127075195,178.27000427246094
2020-10-15,27.58346939086914,43.308589935302734,31.370445251464844,178.9199981689453
2020-10-16,27.629549026489258,43.229496002197266,31.69668197631836,178.3000030517578
2020-10-19,27.666418075561523,43.039642333984375,31.533559799194336,178.38999938964844
2020-10-20,27.74014663696289,43.40351486206055,31.78253746032715,179.25
2020-10-21,27.887601852416992,43.229496002197266,31.370445251464844,180.60000610351562
2020-10-22,27.749359130859375,43.071285247802734,31.353273391723633,178.8300018310547
2020-10-23,27.84151840209961,43.427249908447266,31.688098907470703,178.63999938964844
2020-10-26,27.767791748046875,42.106239318847656,30.64069366455078,178.5500030517578
2020-10-27,27.86916732788086,41.568336486816406,30.108415603637695,179.02000427246094
2020-10-28,27.74014663696289,39.78062057495117,28.854970932006836,176.1300048828125
2020-10-29,27.592693328857422,39.73316192626953,28.932239532470703,175.39999389648438
2020-10-30,27.601903915405273,40.00210952758789,28.837799072265625,176.1999969482422
2020-11-02,27.49399185180664,40.4134407043457,29.37008285522461,177.91000366210938
2020-11-03,27.641557693481445,41.37849807739258,30.331626892089844,178.9199981689453
2020-11-04,27.83523941040039,41.81355285644531,30.709381103515625,178.82000732421875
2020-11-05,28.093490600585938,42.90518569946289,31.62799835205078,182.92999267578125
2020-11-06,28.158052444458008,43.12665939331055,31.722444534301758,183.19000244140625
2020-11-09,27.807579040527344,43.87022018432617,33.31070327758789,175.0800018310547
2020-11-10,27.798358917236328,44.35273361206055,33.920257568359375,175.66000366210938
2020-11-11,27.752239227294922,44.503047943115234,34.10054397583008,174.89999389648438
2020-11-12,27.807579040527344,44.24200439453125,33.53392028808594,175.9600067138672
2020-11-13,27.89058494567871,45.104225158691406,34.031864166259766,177.16000366210938
2020-11-16,28.019710540771484,45.79240417480469,34.30659484863281,177.14999389648438
2020-11-17,28.12116813659668,45.887332916259766,34.36668395996094,176.5
2020-11-18,28.093490600585938,45.99808120727539,34.15205764770508,175.49000549316406
2020-11-19,28.111934661865234,46.00598907470703,34.34093475341797,175.16000366210938
2020-11-20,28.167274475097656,46.12465286254883,34.298011779785156,175.69000244140625
2020-11-23,28.07504653930664,46.37776565551758,34.33234405517578,172.22999572753906
2020-11-24,28.158052444458008,47.11341094970703,34.87321853637695,169.58999633789062
2020-11-25,28.241065979003906,47.200439453125,34.93331527709961,169.50999450683594
2020-11-27,28.287179946899414,47.11341094970703,35.19087600708008,167.7899932861328
2020-11-30,28.167274475097656,46.528053283691406,34.62425231933594,166.6699981689453
2020-12-01,28.22542953491211,47.95191192626953,35.49993133544922,170.17999267578125
2020-12-02,28.290037155151367,47.84907150268555,35.51711654663086,171.4600067138672
2020-12-03,28.548480987548828,48.19712829589844,35.4913444519043,172.80999755859375
2020-12-04,28.511552810668945,48.58472442626953,35.81759262084961,172.32000732421875
2020-12-07,28.465404510498047,48.34741973876953,35.620140075683594,174.88999938964844
2020-12-08,28.539249420166016,48.53726577758789,35.69740676879883,175.5
2020-12-09,28.548480987548828,48.67173767089844,35.56003952026367,172.5
2020-12-10,28.631549835205078,48.529354095458984,35.620140075683594,172.1699981689453
2020-12-11,28.650001525878906,48.28414535522461,35.34541320800781,172.49000549316406
2020-12-14,28.622316360473633,48.505619049072266,35.388336181640625,171.5399932861328
2020-12-15,28.696157455444336,49.3045654296875,35.89486312866211,173.94000244140625
2020-12-16,28.67770767211914,49.55768966674805,36.04940414428711,174.89999389648438
2020-12-17,28.8622989654541,50.3328971862793,36.40139389038086,176.74000549316406
2020-12-18,28.791175842285156,50.277523040771484,36.14383316040039,176.44000244140625
2020-12-21,28.781940460205078,49.72807693481445,35.522003173828125,175.8800048828125
2020-12-22,28.643388748168945,49.69627380371094,35.496097564697266,174.49000549316406
2020-12-23,28.624908447265625,50.71405029296875,36.005645751953125,175.64999389648438
2020-12-24,28.68032455444336,51.055965423583984,36.117923736572266,176.35000610351562
2020-12-28,28.67109489440918,51.1513786315918,36.36838150024414,175.7100067138672
2020-12-29,28.763463973999023,51.5568962097168,36.428836822509766,176.35000610351562
2020-12-30,28.911256790161133,51.51713180541992,36.446109771728516,177.6999969482422
2020-12-31,28.846590042114258,51.33425521850586,36.031558990478516,178.36000061035156
2021-01-04,29.003618240356445,51.70002746582031,36.299293518066406,182.3300018310547
2021-01-05,29.049808502197266,52.614437103271484,36.532474517822266,182.8699951171875
2021-01-06,29.040563583374023,53.091529846191406,37.119754791259766,179.89999389648438
2021-01-07,28.809646606445312,53.25054931640625,37.13703536987305,179.47999572753906
2021-01-08,28.735750198364258,53.64811706542969,37.30976486206055,173.33999633789062
2021-01-11,28.615671157836914,52.646244049072266,36.73975372314453,173.0
2021-01-12,28.68032455444336,53.43342208862305,36.80020523071289,174.1199951171875
2021-01-13,28.717281341552734,52.9245491027832,36.72247314453125,173.3699951171875
2021-01-14,28.735750198364258,53.322113037109375,36.95566940307617,173.27999877929688
2021-01-15,28.615671157836914,52.32817840576172,36.238834381103516,171.1300048828125
2021-01-19,28.587970733642578,53.13127899169922,36.52384567260742,172.5800018310547
2021-01-20,28.68032455444336,53.338016510009766,36.748382568359375,175.38999938964844
2021-01-21,28.67109489440918,53.42547607421875,36.83475875854492,175.27999877929688
2021-01-22,28.587970733642578,52.614437103271484,36.610198974609375,173.89999389648438
2021-01-25,28.597204208374023,51.867008209228516,36.256099700927734,174.0500030517578
2021-01-26,28.652618408203125,52.113494873046875,36.5670166015625,173.6199951171875
2021-01-27,28.486360549926758,50.86513137817383,35.547908782958984,172.52000427246094
2021-01-28,28.56024932861328,51.58075714111328,35.979736328125,172.67999267578125
2021-01-29,28.486360549926758,51.00825881958008,35.202449798583984,172.61000061035156
2021-02-01,28.3033390045166,51.739784240722656,35.686100006103516,174.22999572753906
2021-02-02,28.28484535217285,52.4077033996582,36.2215690612793,172.11000061035156
2021-02-03,28.238630294799805,52.701904296875,36.316566467285156,171.85000610351562
2021-02-04,28.155441284179688,52.59059143066406,36.43747329711914,168.14999389648438
2021-02-05,28.201662063598633,53.298255920410156,36.80020523071289,169.80999755859375
2021-02-08,28.312576293945312,53.624267578125,37.0161247253418,171.52000427246094
2021-02-09,28.377288818359375,53.83098602294922,37.08521270751953,172.0800018310547
2021-02-10,28.368043899536133,53.78329086303711,36.89521408081055,172.7100067138672
2021-02-11,28.460481643676758,54.1411018371582,37.21476745605469,171.2100067138672
2021-02-12,28.33106803894043,54.18087387084961,37.45658493041992,170.69000244140625
2021-02-16,28.09998321533203,54.83286666870117,37.68976974487305,168.24000549316406
2021-02-17,28.026037216186523,54.30807876586914,37.35293960571289,166.3300018310547
2021-02-18,28.090740203857422,54.3716926574707,37.30113220214844,166.32000732421875
2021-02-19,28.081501007080078,54.47506332397461,37.50840377807617,167.00999450683594
2021-02-22,28.07225227355957,54.7295036315918,37.43931198120117,169.50999450683594
2021-02-23,28.07225227355957,54.514827728271484,37.482486724853516,169.1199951171875
2021-02-24,28.053768157958984,55.007808685302734,37.76750564575195,169.0
2021-02-25,27.739486694335938,54.514827728271484,37.050662994384766,165.82000732421875
2021-02-26,27.721006393432617,53.82305145263672,36.68793487548828,161.80999755859375
2021-03-01,27.813491821289062,54.73746109008789,37.378849029541016,161.52999877929688
2021-03-02,27.896743774414062,54.83286666870117,37.422035217285156,162.41000366210938
2021-03-03,27.67475128173828,54.6579475402832,37.19748306274414,160.6199951171875
2021-03-04,27.480504989624023,53.64811706542969,36.808841705322266,159.0399932861328
2021-03-05,27.388019561767578,54.00593948364258,36.972938537597656,159.13999938964844
2021-03-08,27.175273895263672,53.616310119628906,37.162940979003906,157.49000549316406
2021-03-09,27.360273361206055,54.403507232666016,37.68976974487305,160.83999633789062
2021-03-10,27.462011337280273,54.801090240478516,38.112953186035156,161.66000366210938
2021-03-11,27.60076141357422,55.38947296142578,38.48433303833008,161.52000427246094
2021-03-12,27.425020217895508,55.54054641723633,38.48433303833008,161.49000549316406
2021-03-15,27.415775299072266,55.4769287109375,38.31160354614258,162.1999969482422
2021-03-16,27.406517028808594,55.49284362792969,38.25114059448242,162.35000610351562
2021-03-17,27.480504989624023,55.70753479003906,38.63979721069336,163.50999450683594
2021-03-18,27.286273956298828,55.30200958251953,38.17340850830078,162.55999755859375
2021-03-19,27.360273361206055,55.461036682128906,38.19068908691406,163.24000549316406
2021-03-22,27.471269607543945,55.52465057373047,38.20796585083008,163.0
2021-03-23,27.397268295288086,54.514827728271484,37.75001907348633,161.80999755859375
2021-03-24,27.277029037475586,54.43529510498047,37.65497970581055,162.3699951171875
2021-03-25,27.258527755737305,54.77555847167969,37.89691162109375,161.77999877929688
2021-03-26,27.24928092956543,55.61225509643555,38.380767822265625,162.24000549316406
2021-03-29,27.110530853271484,55.452884674072266,38.311649322509766,160.30999755859375
2021-03-30,27.01803970336914,55.22977066040039,38.44989776611328,157.57000732421875
2021-03-31,26.953290939331055,55.49272918701172,38.45854568481445,159.9600067138672
2021-04-01,27.103248596191406,56.60832595825195,39.12385177612305,161.97999572753906
2021-04-05,27.149532318115234,57.628299713134766,39.81508255004883,161.9199981689453
2021-04-06,27.371681213378906,57.17408752441406,39.40898895263672,163.22000122070312
2021-04-07,27.316146850585938,57.19002151489258,39.46946716308594,162.75999450683594
2021-04-08,27.43648910522461,57.723915100097656,39.6595573425293,164.50999450683594
2021-04-09,27.35317039489746,57.60438919067383,39.72868347167969,163.27000427246094
2021-04-12,27.316146850585938,57.36532974243164,39.58179473876953,162.27999877929688
2021-04-13,27.43648910522461,57.835472106933594,39.82372283935547,163.42999267578125
2021-04-14,27.454999923706055,57.88328552246094,39.80644226074219,162.72000122070312
2021-04-15,27.575336456298828,58.2896842956543,40.10886001586914,165.35000610351562
2021-04-16,27.501272201538086,58.8634033203125,40.670494079589844,166.35000610351562
2021-04-19,27.621612548828125,59.0387077331543,40.575439453125,165.88999938964844
2021-04-20,27.621612548828125,58.24984359741211,39.80644226074219,166.47999572753906
2021-04-21,27.65864372253418,58.146240234375,40.37671661376953,168.1300048828125
2021-04-22,27.63086700439453,58.146240234375,40.2643928527832,167.0399932861328
2021-04-23,27.741947174072266,58.84748077392578,40.6964111328125,166.39999389648438
2021-04-26,27.70492172241211,59.27778625488281,40.756900787353516,166.83999633789062
2021-04-27,27.593847274780273,59.4052848815918,40.713687896728516,166.4199981689453
2021-04-28,27.70492172241211,59.36540985107422,40.86922073364258,166.91000366210938
2021-04-29,27.621612548828125,59.56464767456055,40.86058044433594,166.22000122070312
2021-04-30,27.41796875,58.51280212402344,40.15207290649414,165.66000366210938
2021-05-03,27.576370239257812,59.38136672973633,40.65321350097656,167.80999755859375
2021-05-04,27.4652156829834,58.3693733215332,39.832366943359375,166.5800018310547
2021-05-05,27.437421798706055,58.783721923828125,40.489044189453125,167.27000427246094
2021-05-06,27.5485782623291,58.919189453125,40.86922073364258,170.05999755859375
2021-05-07,27.715309143066406,60.01088333129883,41.48270034790039,171.58999633789062
2021-05-10,27.650470733642578,59.79572677612305,41.016109466552734,172.11000061035156
2021-05-11,27.659740447998047,59.09449768066406,40.497684478759766,172.13999938964844
2021-05-12,27.35405731201172,57.96296310424805,40.08293914794922,170.42999267578125
2021-05-13,27.400365829467773,58.47295379638672,40.52360534667969,171.1300048828125
2021-05-14,27.50226402282715,59.34949493408203,41.474037170410156,172.69000244140625
2021-05-17,27.5485782623291,59.3255729675293,41.30989074707031,174.6999969482422
2021-05-18,27.604156494140625,59.79572677612305,41.24940490722656,175.0399932861328
2021-05-19,27.520784378051758,59.317630767822266,40.68777084350586,175.16000366210938
2021-05-20,27.641210556030273,60.01088333129883,41.42219924926758,175.9600067138672
2021-05-21,27.622684478759766,60.07463455200195,41.55181884765625,176.0399932861328
2021-05-24,27.641210556030273,60.544776916503906,41.88014602661133,176.35000610351562
2021-05-25,27.75236701965332,60.273826599121094,41.93199157714844,177.9499969482422
2021-05-26,27.76163101196289,60.15431594848633,41.68141174316406,177.63999938964844
2021-05-27,27.724578857421875,60.6324348449707,41.77646255493164,177.7100067138672
2021-05-28,27.687522888183594,60.87945556640625,42.00111389160156,178.3800048828125
2021-06-01,27.755205154418945,61.819740295410156,42.18256759643555,177.89999389648438
2021-06-02,27.773744583129883,61.64442443847656,42.26033401489258,178.77000427246094
2021-06-03,27.597606658935547,61.277889251708984,41.94926452636719,175.27000427246094
2021-06-04,27.773744583129883,61.97113037109375,42.23440170288086,177.16000366210938
2021-06-07,27.755205154418945,62.0109748840332,42.41586685180664,177.8699951171875
2021-06-08,27.745929718017578,61.835662841796875,42.364013671875,177.32000732421875
2021-06-09,27.82936668395996,61.485050201416016,42.27760314941406,176.97999572753906
2021-06-10,27.866439819335938,61.40538024902344,42.30353546142578,177.74000549316406
2021-06-11,27.78301429748535,61.564735412597656,42.493614196777344,175.74000549316406
2021-06-14,27.745929718017578,61.85160446166992,42.5973014831543,174.7100067138672
2021-06-15,27.662492752075195,61.36552047729492,42.6405029296875,174.0500030517578
2021-06-16,27.44001007080078,60.53679656982422,42.217124938964844,171.11000061035156
2021-06-17,27.273151397705078,59.73993682861328,41.94926452636719,165.85000610351562
2021-06-18,27.273151397705078,58.759822845458984,41.05066680908203,164.92999267578125
2021-06-21,27.3751220703125,59.27778625488281,41.63039779663086,166.9499969482422
2021-06-22,27.338037490844727,59.34949493408203,41.647891998291016,166.25
2021-06-23,27.291688919067383,59.11043167114258,41.23691177368164,166.13999938964844
2021-06-24,27.31949806213379,59.357147216796875,41.735321044921875,166.0399932861328
2021-06-25,27.291688919067383,59.68070983886719,41.71783447265625,166.58999633789062
2021-06-28,27.31022834777832,59.33287811279297,41.411800384521484,166.5800018310547
2021-06-29,27.263879776000977,59.56747817993164,41.403053283691406,164.8300018310547
2021-06-30,27.208250045776367,59.37333297729492,40.94835662841797,165.6300048828125
2021-07-01,27.17207145690918,59.583641052246094,41.05329513549805,166.1999969482422
2021-07-02,27.274118423461914,60.18223190307617,41.097007751464844,167.2899932861328
2021-07-06,27.22773551940918,60.23885726928711,40.572364807128906,168.1199951171875
2021-07-07,27.292678833007812,60.34400939941406,40.84342956542969,168.75999450683594
2021-07-08,27.376171112060547,59.583641052246094,40.117679595947266,168.64999389648438
2021-07-09,27.366884231567383,60.44107437133789,41.000823974609375,169.2100067138672
2021-07-12,27.35761260986328,60.7403678894043,41.21942901611328,169.0
2021-07-13,27.19991111755371,60.35210037231445,40.860923767089844,169.22000122070312
2021-07-14,27.413270950317383,60.46535110473633,41.08826446533203,171.0399932861328
2021-07-15,27.32978057861328,60.11751937866211,40.616085052490234,171.07000732421875
2021-07-16,27.376171112060547,59.52702331542969,40.26632308959961,169.41000366210938
2021-07-19,27.385446548461914,58.09526824951172,39.28699493408203,169.61000061035156
2021-07-20,27.40399169921875,58.42692947387695,39.63674545288086,169.38999938964844
2021-07-21,27.366884231567383,59.79396438598633,40.39748764038086,168.75999450683594
2021-07-22,27.413270950317383,60.206504821777344,40.51115417480469,169.08999633789062
2021-07-23,27.385446548461914,60.46535110473633,40.93087387084961,168.55999755859375
2021-07-26,27.394723892211914,61.33085632324219,41.018314361572266,168.16000366210938
2021-07-27,27.506046295166016,61.20145034790039,40.852176666259766,168.44000244140625
2021-07-28,27.54315185546875,61.549285888671875,41.097007751464844,169.2899932861328
2021-07-29,27.635927200317383,62.01034927368164,41.411800384521484,171.1699981689453
2021-07-30,27.58953285217285,61.791934967041016,41.12324142456055,169.82000732421875
2021-08-02,27.571897506713867,61.85666275024414,41.228179931640625,169.61000061035156
2021-08-03,27.674013137817383,62.317726135253906,41.49049758911133,169.49000549316406
2021-08-04,27.674013137817383,62.01034927368164,41.50798416137695,169.52999877929688
2021-08-05,27.65545082092285,62.317726135253906,41.70035934448242,168.86000061035156
2021-08-06,27.42336082458496,61.64634704589844,41.63039779663086,164.63999938964844
2021-08-09,27.42336082458496,61.63015365600586,41.55170440673828,161.72000122070312
2021-08-10,27.330530166625977,61.96989822387695,41.61290740966797,161.77000427246094
2021-08-11,27.44193458557129,62.18830490112305,41.87522888183594,164.0
2021-08-12,27.3862247467041,62.18020248413086,41.99764633178711,164.0399932861328
2021-08-13,27.488344192504883,62.34200668334961,42.25121307373047,166.38999938964844
2021-08-16,27.404796600341797,62.042694091796875,42.00638198852539,167.22000122070312
2021-08-17,27.367650985717773,61.4441032409668,41.57793045043945,166.97000122070312
2021-08-18,27.3862247467041,61.69488525390625,41.34183883666992,167.10000610351562
2021-08-19,27.29338836669922,60.99922180175781,40.90463638305664,166.61000061035156
2021-08-20,27.302675247192383,61.25808334350586,41.13198471069336,166.6999969482422
2021-08-23,27.432647705078125,61.96989822387695,41.58667755126953,168.72999572753906
2021-08-24,27.39551544189453,61.9294319152832,41.56919479370117,168.64999389648438
2021-08-25,27.367650985717773,62.22875213623047,41.61290740966797,167.47999572753906
2021-08-26,27.330530166625977,61.98607635498047,41.411800384521484,167.6699981689453
2021-08-27,27.460491180419922,62.72216796875,41.85774230957031,170.19000244140625
2021-08-30,27.3862247467041,63.070011138916016,41.927703857421875,169.35000610351562
2021-08-31,27.339805603027344,63.31269836425781,41.9189453125,169.69000244140625
2021-09-01,27.47266387939453,63.65242004394531,42.3211784362793,169.6999969482422
2021-09-02,27.491252899169922,63.99216842651367,42.478572845458984,169.25
2021-09-03,27.509836196899414,63.959800720214844,42.20751190185547,171.05999755859375
2021-09-07,27.342601776123047,63.401649475097656,42.25996780395508,167.7100067138672
2021-09-08,27.324018478393555,62.463340759277344,41.78779602050781,167.2899932861328
2021-09-09,27.435503005981445,62.576576232910156,41.682857513427734,168.02999877929688
2021-09-10,27.342601776123047,62.26112747192383,41.5429573059082,167.17999267578125
2021-09-13,27.398347854614258,62.204505920410156,41.927703857421875,167.74000549316406
2021-09-14,27.370468139648438,61.56545639038086,41.796531677246094,168.82000732421875
2021-09-15,27.36118507385254,61.395591735839844,41.72657775878906,167.8300018310547
2021-09-16,27.231101989746094,61.4441032409668,41.75281524658203,164.02999877929688
2021-09-17,27.101041793823242,60.877872467041016,41.05329513549805,163.77000427246094
2021-09-20,27.184656143188477,59.26816177368164,40.1295051574707,164.94000244140625
2021-09-21,27.13819694519043,59.72114944458008,40.65488052368164,166.0399932861328
2021-09-22,27.147491455078125,60.2145881652832,41.16273498535156,165.4199981689453
2021-09-23,27.073169708251953,61.27424240112305,41.749412536621094,163.50999450683594
2021-09-24,26.943096160888672,60.66813278198242,41.320350646972656,163.3000030517578
2021-09-27,26.924516677856445,60.34269714355469,41.33786392211914,163.63999938964844
2021-09-28,26.766572952270508,58.59351348876953,40.27836990356445,162.0500030517578
2021-09-29,26.57147216796875,58.1379280090332,40.05946350097656,161.32000732421875
2021-09-30,26.692245483398438,58.43893814086914,39.65668487548828,164.22000122070312
2021-10-01,26.776857376098633,58.87827682495117,39.866825103759766,164.58999633789062
2021-10-04,26.767560958862305,58.325050354003906,39.5165901184082,165.36000061035156
2021-10-05,26.655986785888672,58.58539581298828,39.893096923828125,164.58999633789062
2021-10-06,26.637388229370117,57.983341217041016,39.6129035949707,165.02999877929688
2021-10-07,26.609500885009766,58.34943771362305,40.05946350097656,164.16000366210938
2021-10-08,26.52582550048828,58.2030029296875,39.95439910888672,164.22999572753906
2021-10-11,26.339866638183594,57.763668060302734,39.70045852661133,163.9199981689453
2021-10-12,26.414249420166016,58.04843521118164,39.6741943359375,164.66000366210938
2021-10-13,26.600204467773438,59.097938537597656,40.26961898803711,167.58999633789062
2021-10-14,26.69318199157715,59.85456466674805,40.900054931640625,168.0
2021-10-15,26.581600189208984,60.4240608215332,41.215274810791016,165.3300018310547
2021-10-18,26.563011169433594,60.61118698120117,40.95259475708008,164.9199981689453
2021-10-19,26.581600189208984,61.22949981689453,41.118961334228516,165.4499969482422
2021-10-20,26.637388229370117,61.636268615722656,41.27656173706055,166.89999389648438
2021-10-21,26.507226943969727,61.62814712524414,41.15398025512695,166.75
2021-10-22,26.646690368652344,61.823394775390625,41.469207763671875,167.77000427246094
2021-10-25,26.581600189208984,61.278324127197266,41.28533172607422,168.92999267578125
2021-10-26,26.59090805053711,61.07491683959961,41.53925704956055,167.67999267578125
2021-10-27,26.69318199157715,60.757633209228516,41.44293975830078,168.1199951171875
2021-10-28,26.739665985107422,61.49797821044922,41.9507942199707,168.0800018310547
2021-10-29,26.572307586669922,60.87152862548828,41.81070327758789,166.64999389648438
2021-11-01,26.538785934448242,61.5061149597168,42.222232818603516,167.52000427246094
2021-11-02,26.594655990600586,60.85526657104492,42.257266998291016,167.16000366210938
2021-11-03,26.60396385192871,61.6200065612793,42.67755889892578,165.77000427246094
2021-11-04,26.641212463378906,61.49797821044922,42.598751068115234,167.64999389648438
2021-11-05,26.79020881652832,61.78271484375,42.90521240234375,169.83999633789062
2021-11-08,26.771587371826172,61.88035583496094,42.870201110839844,170.4499969482422
2021-11-09,26.901941299438477,61.742042541503906,42.8614387512207,171.2899932861328
2021-11-10,26.51085090637207,60.64373016357422,42.24850845336914,173.14999389648438
2021-11-11,26.436351776123047,60.94475555419922,42.37985610961914,174.1199951171875
2021-11-12,26.520164489746094,61.07491683959961,42.493682861328125,174.4499969482422
2021-11-15,26.315303802490234,60.7901725769043,42.2747802734375,174.17999267578125
2021-11-16,26.240802764892578,60.375244140625,42.2747802734375,172.9199981689453
2021-11-17,26.343233108520508,60.537967681884766,42.283531188964844,174.5
2021-11-18,26.41773223876953,60.497283935546875,42.397361755371094,173.94000244140625
2021-11-19,26.380477905273438,59.634891510009766,41.71437072753906,172.61000061035156
2021-11-22,26.091812133789062,59.08979797363281,41.250308990478516,168.74000549316406
2021-11-23,26.063875198364258,58.691158294677734,41.14522933959961,167.27999877929688
2021-11-24,26.017322540283203,58.2030029296875,40.786231994628906,167.1199951171875
2021-11-26,26.343233108520508,57.14536666870117,39.38523864746094,166.85000610351562
2021-11-29,26.28736686706543,57.4626579284668,39.5165901184082,166.6199951171875
2021-11-30,26.40842056274414,57.1616325378418,39.20135498046875,165.5
2021-12-01,26.466190338134766,56.901283264160156,39.227638244628906,166.16000366210938
2021-12-02,26.419593811035156,57.56842041015625,39.6391716003418,165.24000549316406
2021-12-03,26.40096664428711,57.039608001708984,39.23638916015625,166.6300048828125
2021-12-06,26.419593811035156,57.38130569458008,39.75300598144531,166.22000122070312
2021-12-07,26.456878662109375,58.34943771362305,40.90882110595703,166.80999755859375
2021-12-08,26.484834671020508,58.65047073364258,40.87379455566406,166.89999389648438
2021-12-09,26.456878662109375,58.1379280090332,40.26961898803711,165.8800048828125
2021-12-10,26.494159698486328,58.29251480102539,40.45349884033203,166.5800018310547
2021-12-13,26.44756317138672,57.56842041015625,40.05946350097656,167.0
2021-12-14,26.373016357421875,57.2348518371582,39.82305145263672,165.44000244140625
2021-12-15,26.410287857055664,57.804351806640625,40.40971755981445,166.14999389648438
2021-12-16,26.522113800048828,57.85316467285156,40.2958869934082,168.16000366210938
2021-12-17,26.430709838867188,57.454524993896484,39.577880859375,167.8000030517578
2021-12-20,26.374753952026367,57.50333023071289,39.623985290527344,167.08999633789062
2021-12-21,26.309473037719727,58.19487380981445,40.20930099487305,167.02000427246094
2021-12-22,26.365427017211914,59.3176155090332,40.750282287597656,168.58999633789062
2021-12-23,26.337451934814453,59.773216247558594,41.0606689453125,168.97000122070312
2021-12-27,26.35610580444336,60.48395919799805,41.4420166015625,169.3699951171875
2021-12-28,26.25351905822754,60.61451721191406,41.397674560546875,168.63999938964844
2021-12-29,26.262845993041992,60.94093322753906,41.37106704711914,168.58999633789062
2021-12-30,26.244186401367188,60.65532684326172,41.300113677978516,169.8000030517578
2021-12-31,26.365427017211914,60.802215576171875,41.37992858886719,170.9600067138672
2022-01-03,26.04833984375,61.25918197631836,41.743534088134766,168.3300018310547
2022-01-04,26.04833984375,61.39789581298828,41.8942985534668,169.57000732421875
2022-01-05,25.936420440673828,60.851173400878906,41.6903190612793,169.05999755859375
2022-01-06,25.889789581298828,60.549232482910156,41.51295471191406,166.99000549316406
2022-01-07,25.955078125,60.82670593261719,41.61051559448242,167.75
2022-01-10,25.983057022094727,59.774017333984375,41.19370651245117,168.25999450683594
2022-01-11,26.029685974121094,60.45948028564453,41.58390426635742,170.2899932861328
2022-01-12,26.244186401367188,61.332618713378906,42.01845932006836,170.74000549316406
2022-01-13,26.318796157836914,60.712467193603516,41.67258834838867,170.16000366210938
2022-01-14,26.1882381439209,60.3533935546875,41.681453704833984,169.6699981689453
2022-01-18,25.908445358276367,59.04775619506836,41.04294204711914,169.38999938964844
2022-01-19,26.029685974121094,59.113040924072266,41.09614562988281,172.0800018310547
2022-01-20,25.97372817993164,58.64789581298828,40.909915924072266,171.64999389648438
2022-01-21,26.085641860961914,57.88898468017578,40.39553451538086,171.08999633789062
2022-01-24,26.020360946655273,56.50174331665039,39.872310638427734,172.02999877929688
2022-01-25,25.955078125,56.265098571777344,39.42888259887695,172.5800018310547
2022-01-26,25.656635284423828,56.28958511352539,39.60625076293945,169.7899932861328
2022-01-27,25.693941116333008,56.248779296875,39.46435546875,167.60000610351562
2022-01-28,25.57270050048828,56.50990295410156,39.63286590576172,167.10000610351562
2022-01-31,25.67528533935547,57.85635757446289,40.20043182373047,168.08999633789062
2022-02-01,25.761159896850586,58.17460632324219,40.670467376708984,168.22999572753906
2022-02-02,25.85449981689453,58.62342071533203,40.794620513916016,168.83999633789062
2022-02-03,25.789154052734375,58.14196014404297,40.13835906982422,168.60000610351562
2022-02-04,25.695817947387695,57.880828857421875,40.0762825012207,168.86000061035156
2022-02-07,25.639812469482422,57.7013053894043,40.10288619995117,170.11000061035156
2022-02-08,25.518476486206055,57.75026321411133,40.32460021972656,170.6300048828125
2022-02-09,25.66781234741211,59.04775619506836,41.016326904296875,171.2100067138672
2022-02-10,25.425138473510742,58.62342071533203,40.55517578125,170.55999755859375
2022-02-11,25.4904727935791,57.71762466430664,39.45549392700195,173.80999755859375
2022-02-14,25.350467681884766,56.909751892089844,39.02980422973633,174.74000549316406
2022-02-15,25.397136688232422,58.23173904418945,40.11174774169922,173.0800018310547
2022-02-16,25.49981689453125,58.533660888671875,40.27138900756836,174.86000061035156
2022-02-17,25.54647445678711,57.13009262084961,39.49983215332031,177.25
2022-02-18,25.574478149414062,56.74655532836914,39.32246017456055,177.1199951171875
2022-02-22,25.5091495513916,55.56330490112305,38.3735466003418,177.49000549316406
2022-02-23,25.415809631347656,54.94313049316406,38.00107192993164,178.2899932861328
2022-02-24,25.201126098632812,53.55588150024414,37.30047607421875,177.13999938964844
2022-02-25,25.37847328186035,54.983917236328125,38.3026008605957,176.5500030517578
2022-02-28,25.387802124023438,54.24951171875,37.01668167114258,178.3800048828125
2022-03-01,25.399017333984375,52.71538162231445,35.491310119628906,181.6199951171875
2022-03-02,25.14679527282715,53.041786193847656,36.20966339111328,179.72999572753906
2022-03-03,25.174823760986328,51.83406448364258,35.18092727661133,180.8000030517578
2022-03-04,25.12811279296875,49.67158889770508,33.34516906738281,183.67999267578125
2022-03-07,24.922607421875,47.64784240722656,32.10358810424805,186.41000366210938
2022-03-08,24.773147583007812,49.565513610839844,33.043636322021484,191.50999450683594
2022-03-09,24.857221603393555,51.76062774658203,35.35829162597656,185.82000732421875
2022-03-10,24.698413848876953,50.8956413269043,34.30295181274414,186.39999389648438
2022-03-11,24.558300018310547,51.08332443237305,34.01029586791992,185.08999633789062
2022-03-14,24.315427780151367,52.315528869628906,34.73750686645508,182.3000030517578
2022-03-15,24.32476234436035,52.258399963378906,35.074501037597656,178.88999938964844
2022-03-16,24.558300018310547,54.53512191772461,36.75062561035156,180.00999450683594
2022-03-17,24.67038917541504,54.6819953918457,36.79497528076172,180.88999938964844
2022-03-18,24.642362594604492,55.03290557861328,36.919132232666016,179.3000030517578
2022-03-21,24.34343719482422,54.71464538574219,36.41065979003906,180.6699981689453
2022-03-22,24.371471405029297,55.66123962402344,36.944026947021484,179.36000061035156
2022-03-23,24.399497985839844,54.64936447143555,36.09064865112305,181.80999755859375
2022-03-24,24.287399291992188,54.526954650878906,36.41065979003906,183.1300048828125
2022-03-25,24.175308227539062,54.83792495727539,36.446224212646484,182.3800048828125
2022-03-28,24.11925506591797,54.87885284423828,36.730674743652344,179.05999755859375
2022-03-29,24.15662956237793,56.10638427734375,37.93962097167969,179.13999938964844
2022-03-30,24.334102630615234,55.844512939453125,37.54849624633789,180.5800018310547
2022-03-31,24.315427780151367,55.00159454345703,36.57956314086914,180.64999389648438
2022-04-01,24.209794998168945,55.508975982666016,37.006248474121094,179.5
2022-04-04,24.27522850036621,55.48443603515625,37.0684700012207,180.3699951171875
2022-04-05,24.03219985961914,54.96886444091797,36.28621292114258,179.24000549316406
2022-04-06,23.845243453979492,54.076873779296875,35.557289123535156,179.66000366210938
2022-04-07,23.779817581176758,54.346923828125,35.58395004272461,180.33999633789062
2022-04-08,23.705036163330078,54.420570373535156,35.59284973144531,181.47000122070312
2022-04-11,23.368534088134766,53.94593048095703,35.35282897949219,182.3699951171875
2022-04-12,23.592870712280273,53.83953857421875,35.121707916259766,183.77000427246094
2022-04-13,23.602216720581055,54.461490631103516,35.530609130859375,184.64999389648438
2022-04-14,23.51808738708496,54.25690460205078,35.326171875,184.0399932861328
2022-04-18,23.39657211303711,54.1259651184082,35.281715393066406,184.61000061035156
2022-04-19,23.2376708984375,54.3551025390625,35.530609130859375,181.82000732421875
2022-04-20,23.39657211303711,54.649715423583984,36.04619598388672,182.7100067138672
2022-04-21,23.209627151489258,54.404205322265625,35.70840072631836,182.05999755859375
2022-04-22,23.050718307495117,53.798614501953125,35.148372650146484,180.2899932861328
2022-04-25,23.12549591064453,53.14393997192383,34.801692962646484,177.0500030517578
2022-04-26,23.088106155395508,51.48267364501953,33.60163879394531,177.32000732421875
2022-04-27,22.845075607299805,51.515419006347656,33.61052703857422,175.97999572753906
2022-04-28,22.54596710205078,51.99824523925781,34.25944519042969,176.92999267578125
2022-04-29,22.620737075805664,51.56451416015625,33.743865966796875,176.91000366210938
2022-05-02,22.48227310180664,51.589073181152344,33.73497772216797,173.6300048828125
2022-05-03,22.547761917114258,51.801841735839844,34.00165557861328,174.08999633789062
2022-05-04,22.847150802612305,52.7102165222168,34.73947525024414,175.8000030517578
2022-05-05,22.491622924804688,50.73797607421875,33.54830551147461,175.1300048828125
2022-05-06,22.37935447692871,50.09147644042969,33.059391021728516,175.4199981689453
2022-05-09,22.248371124267578,48.422035217285156,32.1437873840332,172.8800048828125
2022-05-10,22.285795211791992,48.50386047363281,32.4904670715332,171.4199981689453
2022-05-11,22.276439666748047,48.23381423950195,32.44602584838867,172.82000732421875
2022-05-12,22.38870620727539,48.1683464050293,32.38380432128906,170.1699981689453
2022-05-13,22.276439666748047,49.35495376586914,33.379398345947266,168.7899932861328
2022-05-16,22.341936111450195,49.813232421875,33.343849182128906,170.39999389648438
2022-05-17,22.3700008392334,51.19625473022461,34.30389404296875,169.3300018310547
2022-05-18,22.435487747192383,49.911441802978516,33.12160873413086,169.4199981689453
2022-05-19,22.650678634643555,50.54975509643555,33.46828842163086,171.91000366210938
2022-05-20,22.631961822509766,50.70524597167969,33.521629333496094,172.02999877929688
2022-05-23,22.725522994995117,51.908226013183594,34.38389205932617,172.8300018310547
2022-05-24,22.9220027923584,51.62180709838867,34.20610046386719,174.1300048828125
2022-05-25,22.856508255004883,51.75273895263672,34.295005798339844,173.0800018310547
2022-05-26,22.800369262695312,52.497440338134766,34.94392776489258,172.75999450683594
2022-05-27,22.875215530395508,52.8820686340332,35.61063003540039,172.85000610351562
2022-05-31,22.744239807128906,52.898441314697266,35.42394256591797,171.13999938964844
2022-06-01,22.474536895751953,52.178287506103516,34.83724594116211,172.22999572753906
2022-06-02,22.73674774169922,53.5040168762207,35.78841018676758,174.35000610351562
2022-06-03,22.493263244628906,52.800228118896484,35.281715393066406,172.5800018310547
2022-06-06,22.418354034423828,53.15211868286133,35.56616973876953,171.82000732421875
2022-06-07,22.408985137939453,53.062103271484375,35.60173416137695,172.94000244140625
2022-06-08,22.21234130859375,52.636566162109375,35.08614730834961,172.77999877929688
2022-06-09,21.912677764892578,51.41721725463867,34.054988861083984,172.22999572753906
2022-06-10,21.706661224365234,50.050567626953125,32.95271301269531,174.5399932861328
2022-06-13,21.20098304748535,47.890106201171875,31.743764877319336,169.92999267578125
2022-06-14,21.116701126098633,47.3418083190918,31.45041847229004,168.57000732421875
2022-06-15,21.407001495361328,48.602073669433594,32.22378921508789,170.77000427246094
2022-06-16,21.63174819946289,47.03083038330078,31.308191299438477,172.69000244140625
2022-06-17,21.388277053833008,47.42364501953125,31.468204498291016,171.27000427246094
2022-06-21,21.257171630859375,47.75098419189453,31.94136619567871,170.6300048828125
2022-06-22,21.547468185424805,47.5218505859375,31.759733200073242,171.30999755859375
2022-06-23,21.744115829467773,47.30088806152344,31.63258171081543,170.25999450683594
2022-06-24,21.716028213500977,48.11079025268555,32.69517135620117,170.08999633789062
2022-06-27,21.63174819946289,48.19560241699219,32.413631439208984,169.89999389648438
2022-06-28,21.463191986083984,47.8139762878418,32.113922119140625,169.6199951171875
2022-06-29,21.538103103637695,47.22880554199219,31.84147071838379,169.49000549316406
2022-06-30,21.68792724609375,46.81324768066406,31.59625816345215,168.4600067138672
2022-07-01,21.784482955932617,46.7369270324707,31.550851821899414,168.32000732421875
2022-07-05,21.606382369995117,45.278255462646484,30.45192527770996,164.75
2022-07-06,21.428279876708984,44.79484939575195,30.4700870513916,162.13999938964844
2022-07-07,21.447025299072266,45.668357849121094,30.933269500732422,162.22999572753906
2022-07-08,21.400156021118164,45.88037872314453,30.933269500732422,162.3000030517578
2022-07-11,21.222055435180664,45.04079818725586,30.315696716308594,161.42999267578125
2022-07-12,21.38141441345215,45.13408660888672,30.243032455444336,160.8300018310547
2022-07-13,21.428279876708984,45.16799545288086,30.315696716308594,161.60000610351562
2022-07-14,21.28767204284668,44.31145477294922,29.83434295654297,159.3300018310547
2022-07-15,21.26893424987793,45.06623077392578,30.50641441345215,159.00999450683594
2022-07-18,21.37203598022461,45.79557800292969,30.68805503845215,159.16000366210938
2022-07-19,21.390789031982422,46.78779983520508,31.9504451751709,159.5399932861328
2022-07-20,21.37203598022461,46.39769744873047,31.57809066772461,158.0399932861328
2022-07-21,21.47515106201172,47.11007308959961,31.96862030029297,160.27000427246094
2022-07-22,21.73760986328125,47.12703323364258,31.777894973754883,160.6699981689453
2022-07-25,21.643875122070312,47.82244873046875,32.06852340698242,160.22999572753906
2022-07-26,21.653247833251953,46.87261962890625,31.314712524414062,160.0399932861328
2022-07-27,21.85010528564453,47.99205780029297,32.25924301147461,161.6699981689453
2022-07-28,21.962581634521484,48.3143310546875,32.549861907958984,163.63999938964844
2022-07-29,22.131303787231445,49.179351806640625,33.14018630981445,164.10000610351562
2022-08-01,22.256105422973633,48.84012222290039,33.094783782958984,165.02999877929688
2022-08-02,22.059064865112305,47.8478889465332,32.49536895751953,164.0500030517578
2022-08-03,22.087215423583984,48.60267639160156,33.08571243286133,164.4499969482422
2022-08-04,22.29363441467285,48.9249382019043,33.42173385620117,167.1699981689453
2022-08-05,21.993379592895508,48.44153594970703,33.131107330322266,165.2899932861328
2022-08-08,22.02153205871582,48.26344299316406,33.221927642822266,166.69000244140625
2022-08-09,22.143508911132812,47.99205780029297,32.95854949951172,167.1999969482422
2022-08-10,22.349933624267578,49.46770477294922,33.69419479370117,166.77999877929688
2022-08-11,22.17165184020996,49.31504821777344,33.63970184326172,166.33999633789062
2022-08-12,22.181034088134766,49.586429595947266,33.97574234008789,167.8699951171875
2022-08-15,22.096593856811523,48.8146858215332,33.66694641113281,165.7100067138672
2022-08-16,22.012149810791016,49.04365921020508,33.857669830322266,165.4199981689453
2022-08-17,21.871408462524414,48.39912796020508,33.45806121826172,164.35000610351562
2022-08-18,21.655593872070312,48.22951889038086,33.28550338745117,163.9199981689453
2022-08-19,21.421024322509766,47.33056640625,32.640682220458984,162.72000122070312
2022-08-22,21.242752075195312,45.9312629699707,31.641666412353516,161.63999938964844
2022-08-23,21.195833206176758,46.15175247192383,31.732479095458984,162.77000427246094
2022-08-24,21.139541625976562,46.17719650268555,31.814218521118164,163.25
2022-08-25,21.31781005859375,46.50794219970703,32.1956672668457,163.75
2022-08-26,21.148929595947266,45.21887969970703,31.042253494262695,161.75999450683594
2022-08-29,21.008182525634766,45.176483154296875,31.15123748779297,161.86000061035156
2022-08-30,20.99880027770996,44.96446990966797,30.996843338012695,160.50999450683594
2022-08-31,20.886213302612305,44.786373138427734,30.733463287353516,159.27000427246094
2022-09-01,20.832672119140625,43.91286087036133,30.270280838012695,157.8699951171875
2022-09-02,20.79509925842285,43.234413146972656,30.025070190429688,159.25999450683594
2022-09-06,20.503921508789062,43.24290084838867,30.025070190429688,158.3300018310547
2022-09-07,20.729351043701172,43.8535041809082,30.724384307861328,159.94000244140625
2022-09-08,20.58846664428711,43.61603546142578,30.542749404907227,158.97999572753906
2022-09-09,20.635421752929688,44.98991012573242,31.414613723754883,159.82000732421875
2022-09-12,20.73874282836914,45.9312629699707,32.16841506958008,160.6300048828125
2022-09-13,20.48514175415039,44.150325775146484,30.942346572875977,158.5399932861328
2022-09-14,20.62602996826172,44.243614196777344,31.160324096679688,157.92999267578125
2022-09-15,20.45696449279785,43.67540740966797,30.82427978515625,154.97999572753906
2022-09-16,20.494535446166992,43.42945861816406,30.68805503845215,155.83999633789062
2022-09-19,20.45696449279785,43.395545959472656,30.79484748840332,155.9600067138672
2022-09-20,20.269115447998047,42.140411376953125,30.155946731567383,155.07000732421875
2022-09-21,20.231544494628906,41.80117416381836,29.708715438842773,155.7899932861328
2022-09-22,20.156402587890625,41.42802047729492,29.599191665649414,155.6999969482422
2022-09-23,19.818275451660156,39.62164306640625,28.45830726623535,153.00999450683594
2022-09-26,19.34864616394043,38.68144989013672,28.07496452331543,151.22999572753906
2022-09-27,19.235933303833008,38.17485046386719,27.86504364013672,151.5399932861328
2022-09-28,19.752527236938477,39.13652420043945,28.576953887939453,154.69000244140625
2022-09-29,19.686779022216797,38.466793060302734,28.19361686706543,154.66000366210938
2022-09-30,19.564682006835938,38.8445930480957,28.07496452331543,154.6699981689453
2022-10-03,19.8674373626709,40.02950668334961,28.741249084472656,158.42999267578125
2022-10-04,20.14950942993164,41.37755584716797,30.411500930786133,160.6999969482422
2022-10-05,19.8956356048584,40.65629959106445,29.991655349731445,159.80999755859375
2022-10-06,19.745206832885742,40.098182678222656,29.31624984741211,159.6300048828125
2022-10-07,19.547744750976562,39.248146057128906,28.63172149658203,157.8800048828125
2022-10-10,19.387910842895508,39.1794548034668,28.503936767578125,155.47999572753906
2022-10-11,19.284482955932617,38.58699417114258,28.202741622924805,155.16000366210938
2022-10-12,19.246862411499023,38.475379943847656,28.19361686706543,155.99000549316406
2022-10-13,19.406713485717773,39.95222473144531,29.05156707763672,154.91000366210938
2022-10-14,19.199861526489258,39.11076354980469,28.56783103942871,152.97999572753906
2022-10-17,19.32209014892578,40.51892852783203,29.544429779052734,153.4199981689453
2022-10-18,19.416114807128906,40.862369537353516,29.955148696899414,153.75
2022-10-19,19.26568031311035,40.12395095825195,29.635698318481445,151.69000244140625
2022-10-20,19.171653747558594,40.00373840332031,29.672203063964844,151.4499969482422
2022-10-21,19.340892791748047,40.6734733581543,30.274595260620117,154.14999389648438
2022-10-24,19.293886184692383,40.613372802734375,30.511903762817383,153.64999389648438
2022-10-25,19.641773223876953,41.90132141113281,31.29683494567871,154.0
2022-10-26,19.8674373626709,42.57106399536133,31.598026275634766,154.97999572753906
2022-10-27,19.8956356048584,42.09022521972656,31.29683494567871,154.74000549316406
2022-10-28,19.8392276763916,42.502357482910156,31.762311935424805,153.16000366210938
2022-10-31,19.604164123535156,41.89273452758789,31.278575897216797,151.91000366210938
2022-11-01,19.72089195251465,42.3134651184082,31.552391052246094,153.4600067138672
2022-11-02,19.63617515563965,41.44624710083008,30.803972244262695,152.38999938964844
2022-11-03,19.447906494140625,41.06844711303711,30.53015899658203,151.80999755859375
2022-11-04,19.786788940429688,43.094825744628906,32.173038482666016,156.47000122070312
2022-11-07,19.711477279663086,43.70445251464844,32.48334884643555,155.85000610351562
2022-11-08,20.003293991088867,44.21963119506836,32.7845458984375,159.4499969482422
2022-11-09,19.89033317565918,43.455448150634766,32.40121078491211,158.64999389648438
2022-11-10,20.643390655517578,46.01417922973633,34.418304443359375,163.47999572753906
2022-11-11,20.850492477416992,47.491024017333984,35.26712417602539,164.55999755859375
2022-11-14,20.728116989135742,46.70966720581055,34.9659309387207,164.9199981689453
2022-11-15,20.935209274291992,46.64098358154297,35.19409942626953,165.5
2022-11-16,20.99169158935547,46.306114196777344,35.303627014160156,165.1199951171875
2022-11-17,20.76576805114746,46.08287048339844,35.34926223754883,163.9199981689453
2022-11-18,20.746946334838867,46.263179779052734,35.522682189941406,162.7899932861328
2022-11-21,20.60573959350586,45.8853759765625,35.19409942626953,161.8800048828125
2022-11-22,20.822248458862305,46.555118560791016,35.63220977783203,162.07000732421875
2022-11-23,21.066991806030273,47.327877044677734,35.96990966796875,163.0800018310547
2022-11-25,21.114063262939453,47.74003601074219,36.088558197021484,163.22000122070312
2022-11-28,20.925796508789062,46.54652786254883,35.53181076049805,161.92999267578125
2022-11-29,20.954036712646484,46.67532730102539,35.73259735107422,162.72999572753906
2022-11-30,21.198780059814453,47.42233657836914,36.554039001464844,164.80999755859375
2022-12-01,21.6379451751709,48.17793655395508,36.73658752441406,167.83999633789062
2022-12-02,21.609676361083984,48.46986770629883,36.77309799194336,167.25999450683594
2022-12-05,21.345796585083008,47.7572021484375,36.280235290527344,164.38999938964844
2022-12-06,21.364648818969727,47.078887939453125,36.14332580566406,164.83999633789062
2022-12-07,21.543701171875,47.00161361694336,36.225460052490234,166.3300018310547
2022-12-08,21.48715591430664,47.190494537353516,36.36237716674805,166.47000122070312
2022-12-09,21.38349151611328,47.36223220825195,36.225460052490234,167.05999755859375
2022-12-12,21.336374282836914,47.43950653076172,36.3897590637207,165.67999267578125
2022-12-13,21.543701171875,48.16934585571289,37.046905517578125,168.50999450683594
2022-12-14,21.581398010253906,48.135013580322266,36.95564651489258,168.10000610351562
2022-12-15,21.251556396484375,46.99302673339844,35.70521926879883,165.35000610351562
2022-12-16,21.213850021362305,46.434913635253906,35.37664794921875,166.7899932861328
2022-12-19,21.137426376342773,46.22025680541992,35.308815002441406,166.32000732421875
2022-12-20,21.250661849975586,46.25459289550781,35.40047836303711,169.0800018310547
2022-12-21,21.278972625732422,47.08747100830078,35.987125396728516,168.8000030517578
2022-12-22,21.203479766845703,46.68391799926758,35.58380889892578,166.75999450683594
2022-12-23,21.18460464477539,47.0956916809082,35.62047576904297,167.25999450683594
2022-12-27,21.043062210083008,47.13029098510742,35.702972412109375,168.6699981689453
2022-12-28,20.92982292175293,46.75830841064453,35.272151947021484,167.91000366210938
2022-12-29,21.34502601623535,47.63206481933594,35.987125396728516,168.85000610351562
2022-12-30,21.165733337402344,47.337921142578125,35.473812103271484,169.63999938964844
2023-01-03,21.118555068969727,47.83102798461914,35.99629211425781,171.05999755859375
2023-01-04,21.3638916015625,48.505794525146484,36.98625946044922,172.6699981689453
2023-01-05,21.127988815307617,48.0732421875,36.57377624511719,170.52000427246094
2023-01-06,21.49601173400879,49.30168151855469,37.673736572265625,173.7100067138672
2023-01-09,21.599809646606445,49.578514099121094,38.08622360229492,174.10000610351562
2023-01-10,21.49601173400879,49.62177276611328,38.407039642333984,174.74000549316406
2023-01-11,21.70360565185547,49.93320083618164,38.84703063964844,174.6199951171875
2023-01-12,21.930078506469727,50.763694763183594,39.387847900390625,176.63999938964844
2023-01-13,21.977256774902344,50.936710357666016,39.644508361816406,178.75999450683594
2023-01-17,22.005565643310547,50.902103424072266,39.56201171875,177.58999633789062
2023-01-18,22.13767433166504,50.988609313964844,39.31452178955078,177.0800018310547
2023-01-19,22.175424575805664,50.65122604370117,39.030357360839844,179.88999938964844
2023-01-20,22.175424575805664,51.317352294921875,39.415340423583984,179.2899932861328
2023-01-23,21.967824935913086,51.59418487548828,39.681175231933594,179.6300048828125
2023-01-24,22.071622848510742,51.47306823730469,39.69950866699219,180.27999877929688
2023-01-25,22.222604751586914,51.334651947021484,39.92865753173828,181.11000061035156
2023-01-26,22.10936737060547,51.53362274169922,40.047821044921875,179.47000122070312
2023-01-27,21.99613380432129,51.72394561767578,39.82783508300781,179.22000122070312
2023-01-30,21.83572006225586,51.24814224243164,39.45201110839844,178.75999450683594
2023-01-31,21.92064094543457,51.26544952392578,39.919490814208984,179.41000366210938
2023-02-01,22.17670440673828,52.51982879638672,40.48781204223633,181.6699981689453
2023-02-02,22.34678840637207,52.87451934814453,40.671138763427734,177.89999389648438
2023-02-03,21.808198928833008,52.13054275512695,40.17615509033203,173.4600067138672
2023-02-06,21.553071975708008,51.57688522338867,39.681175231933594,173.82000732421875
2023-02-07,21.64756965637207,51.732601165771484,39.974491119384766,173.97999572753906
2023-02-08,21.628671646118164,51.66338348388672,39.681175231933594,174.41000366210938
2023-02-09,21.590869903564453,51.7672004699707,39.82783508300781,173.02999877929688
2023-02-10,21.515281677246094,51.395206451416016,39.47034454345703,173.36000061035156
2023-02-13,21.543621063232422,51.97481918334961,40.06615447998047,172.47999572753906
2023-02-14,21.524734497070312,52.30356216430664,40.23115158081055,172.61000061035156
2023-02-15,21.269603729248047,51.87101364135742,40.37781524658203,170.88999938964844
2023-02-16,21.250709533691406,51.6201286315918,40.166988372802734,170.75
2023-02-17,21.30740737915039,51.97481918334961,40.26781463623047,171.25999450683594
2023-02-21,21.080631256103516,51.3692626953125,39.63533401489258,170.6199951171875
2023-02-22,20.967243194580078,50.720436096191406,39.47034454345703,169.66000366210938
2023-02-23,21.099525451660156,51.47306823730469,39.88282775878906,169.57000732421875
2023-02-24,20.85385513305664,50.677181243896484,38.892860412597656,168.35000610351562
2023-02-27,20.910547256469727,51.86236572265625,39.56201171875,169.00999450683594
2023-02-28,20.89165687561035,51.5682258605957,39.27784729003906,169.77999877929688
2023-03-01,20.91057586669922,51.96617889404297,39.507015228271484,170.75999450683594
2023-03-02,20.787569046020508,51.89696502685547,39.681175231933594,170.66000366210938
2023-03-03,20.920040130615234,52.55443572998047,40.31365203857422,172.49000549316406
2023-03-06,20.976802825927734,52.286258697509766,40.33198165893555,171.6199951171875
2023-03-07,20.74025535583496,50.91941452026367,39.54368209838867,168.6199951171875
2023-03-08,20.759187698364258,51.282745361328125,39.76366424560547,168.5399932861328
2023-03-09,20.81595230102539,50.65122604370117,39.31452178955078,170.1999969482422
2023-03-10,21.10927391052246,50.305198669433594,39.057857513427734,173.8699951171875
2023-03-13,21.563432693481445,49.7169303894043,38.572044372558594,177.86000061035156
2023-03-14,21.459354400634766,50.65122604370117,39.369510650634766,176.8300018310547
2023-03-15,21.487747192382812,48.739376068115234,37.93955993652344,178.2100067138672
2023-03-16,21.440433502197266,49.128665924072266,38.6637077331543,178.57000732421875
2023-03-17,21.7905216217041,48.488494873046875,38.09539031982422,183.77000427246094
2023-03-20,21.752674102783203,49.016197204589844,38.8531379699707,183.83999633789062
2023-03-21,21.714826583862305,49.93320083618164,39.662391662597656,180.3699951171875
2023-03-22,21.989215850830078,49.578514099121094,39.598018646240234,183.44000244140625
2023-03-23,21.979751586914062,49.38819122314453,39.69917678833008,185.74000549316406
2023-03-24,21.86621856689453,48.88643264770508,39.32213592529297,183.64999389648438
2023-03-27,21.7905216217041,49.26628494262695,39.64399719238281,181.9499969482422
2023-03-28,21.875680923461914,49.12657165527344,39.73595428466797,183.44000244140625
2023-03-29,21.7905216217041,49.79894256591797,40.434852600097656,182.52999877929688
2023-03-30,21.847288131713867,50.934104919433594,41.142940521240234,184.17999267578125
2023-03-31,21.875680923461914,50.91664505004883,41.29008483886719,183.22000122070312
2023-04-03,21.99127197265625,51.24846267700195,41.51078796386719,184.5399932861328
2023-04-04,22.019691467285156,51.414371490478516,41.630340576171875,187.97999572753906
2023-04-05,21.97231674194336,50.36652374267578,41.34526062011719,187.8300018310547
2023-04-06,21.953365325927734,50.8817138671875,41.56596755981445,186.49000549316406
2023-04-10,21.735443115234375,50.80312728881836,41.57516098022461,185.11000061035156
2023-04-11,21.75439453125,51.23973083496094,41.66712188720703,186.27999877929688
2023-04-12,21.877573013305664,51.597740173339844,42.03495407104492,187.19000244140625
2023-04-13,21.98179817199707,52.540802001953125,42.623504638671875,189.72000122070312
2023-04-14,21.76387596130371,52.418556213378906,42.54993438720703,186.36000061035156
2023-04-17,21.640697479248047,52.55826950073242,42.20968246459961,185.52999877929688
2023-04-18,21.707029342651367,52.724185943603516,42.55913543701172,186.25
2023-04-19,21.602798461914062,52.39236068725586,42.50395202636719,185.36000061035156
2023-04-20,21.678592681884766,52.02561569213867,42.41199493408203,186.08999633789062
2023-04-21,21.650169372558594,52.16532516479492,42.7706413269043,184.25
2023-04-24,21.707029342651367,52.287574768066406,42.899383544921875,184.80999755859375
2023-04-25,21.78282356262207,51.30085372924805,42.1361198425293,185.75
2023-04-26,21.78282356262207,51.73745346069336,42.23727798461914,184.74000549316406
2023-04-27,21.744922637939453,52.55826950073242,42.761444091796875,184.75
2023-04-28,21.82072639465332,52.7503776550293,42.595916748046875,184.8000030517578
2023-05-01,21.586355209350586,52.724185943603516,42.513153076171875,183.97000122070312
2023-05-02,21.833057403564453,52.21772384643555,42.044158935546875,187.52000427246094
2023-05-03,21.937429428100586,52.15659713745117,42.14531326293945,189.11000061035156
2023-05-04,21.984867095947266,51.9295654296875,41.988975524902344,190.44000244140625
2023-05-05,21.946916580200195,52.8638916015625,42.66949462890625,187.4600067138672
2023-05-08,21.85203742980957,52.724185943603516,42.64189529418945,187.69000244140625
2023-05-09,21.795103073120117,52.18278503417969,42.23727798461914,189.02000427246094
2023-05-10,21.946916580200195,52.03434753417969,42.182090759277344,188.75
2023-05-11,21.927946090698242,51.77238464355469,41.998165130615234,187.1300048828125
2023-05-12,21.652774810791016,51.4056396484375,41.8602409362793,186.80999755859375
2023-05-15,21.747657775878906,51.95575714111328,42.053348541259766,187.2100067138672
2023-05-16,21.662261962890625,51.16987609863281,41.78667068481445,184.8699951171875
2023-05-17,21.60533905029297,51.26592254638672,42.099334716796875,184.22999572753906
2023-05-18,21.339649200439453,51.02142333984375,42.163700103759766,181.83999633789062
2023-05-19,21.46300506591797,51.32704544067383,42.4947624206543,183.63999938964844
2023-05-22,21.387100219726562,51.10873794555664,42.50395202636719,183.2100067138672
2023-05-23,21.320676803588867,50.698341369628906,41.67631149291992,183.42999267578125
2023-05-24,21.23528289794922,49.833866119384766,40.986610412597656,181.9499969482422
2023-05-25,21.083463668823242,49.432186126708984,41.087764739990234,180.1999969482422
2023-05-26,21.121416091918945,49.659217834472656,41.713096618652344,180.9199981689453
2023-05-30,21.320676803588867,49.44966506958008,41.216522216796875,182.0399932861328
2023-05-31,21.254261016845703,49.11783981323242,40.49923324584961,182.32000732421875
2023-06-01,21.475671768188477,49.71161651611328,41.07857131958008,183.75999450683594
2023-06-02,21.333133697509766,50.410179138183594,41.51078796386719,181.0500030517578
2023-06-05,21.35213279724121,50.18315124511719,41.09696578979492,182.13999938964844
2023-06-06,21.333133697509766,50.104557037353516,41.20732498168945,182.33999633789062
2023-06-07,21.257110595703125,50.078365325927734,41.060184478759766,180.14999389648438
2023-06-08,21.41865348815918,50.663414001464844,41.58435821533203,182.52999877929688
2023-06-09,21.456661224365234,50.64595031738281,41.27169418334961,182.0399932861328
2023-06-12,21.437652587890625,50.82932662963867,41.73149108886719,181.8800048828125
2023-06-13,21.409149169921875,51.33577346801758,42.07174301147461,180.5399932861328
2023-06-14,21.485170364379883,51.35324478149414,42.37520980834961,180.63999938964844
2023-06-15,21.637208938598633,51.67633056640625,42.89018630981445,181.91000366210938
2023-06-16,21.54218292236328,51.46675491333008,42.95456314086914,181.6300048828125
2023-06-20,21.56119155883789,50.51496505737305,42.498416900634766,179.75
2023-06-21,21.637208938598633,50.5062370300293,42.47964859008789,179.49000549316406
2023-06-22,21.437652587890625,49.99977493286133,42.273162841796875,177.7100067138672
2023-06-23,21.437652587890625,49.231353759765625,41.64432144165039,178.1999969482422
2023-06-26,21.504173278808594,49.28520584106445,41.81325912475586,178.50999450683594
2023-06-27,21.580188751220703,49.572425842285156,42.442100524902344,177.69000244140625
2023-06-28,21.44715690612793,49.58140563964844,42.47964859008789,177.27999877929688
2023-06-29,21.29511833190918,49.50959396362305,42.498416900634766,177.08999633789062
2023-06-30,21.42815589904785,50.11994552612305,43.155418395996094,178.27000427246094
2023-07-03,21.35297966003418,50.36228942871094,43.155418395996094,178.47000122070312
2023-07-05,21.2863712310791,49.626285552978516,42.31070327758789,177.83999633789062
2023-07-06,21.134124755859375,49.03388977050781,41.306427001953125,177.30999755859375
2023-07-07,21.324430465698242,49.88657760620117,41.71002197265625,178.63999938964844
2023-07-10,21.38152503967285,49.96735382080078,42.03851318359375,178.77999877929688
2023-07-11,21.419584274291992,50.69438934326172,42.460872650146484,179.4499969482422
2023-07-12,21.762149810791016,52.03174591064453,43.56838607788086,181.8800048828125
2023-07-13,22.009559631347656,52.75878143310547,44.3286247253418,182.00999450683594
2023-07-14,21.97149085998535,52.07663345336914,44.15968322753906,181.42999267578125
2023-07-17,21.990522384643555,51.906097412109375,44.03767776489258,181.55999755859375
2023-07-18,22.066648483276367,52.26512145996094,44.15968322753906,183.63999938964844
2023-07-19,21.990522384643555,52.53438186645508,43.82179641723633,183.6699981689453
2023-07-20,21.809728622436523,52.10356521606445,43.56838607788086,182.74000549316406
2023-07-21,21.771665573120117,51.76248550415039,43.87811279296875,182.17999267578125
2023-07-24,21.781173706054688,51.69068145751953,43.55900192260742,181.39999389648438
2023-07-25,21.790691375732422,52.04072570800781,43.399436950683594,182.41000366210938
2023-07-26,21.87633514404297,52.148433685302734,43.35251998901367,183.3000030517578
2023-07-27,21.65747833251953,51.45730972290039,43.4088249206543,180.4199981689453
2023-07-28,21.676509857177734,51.591941833496094,44.1690673828125,181.86000061035156
2023-07-31,21.638446807861328,51.86122131347656,44.140907287597656,182.35000610351562
2023-08-01,21.431659698486328,51.53809356689453,43.47452926635742,180.4600067138672
2023-08-02,21.279186248779297,50.658485412597656,42.50779724121094,179.60000610351562
2023-08-03,21.231542587280273,50.622581481933594,42.329471588134766,179.5399932861328
2023-08-04,21.412599563598633,50.82902526855469,42.48903274536133,180.19000244140625
2023-08-07,21.30777359008789,51.197021484375,42.96769714355469,179.77999877929688
2023-08-08,21.317306518554688,50.739261627197266,42.45148468017578,178.63999938964844
2023-08-09,21.317306518554688,50.91877365112305,42.601661682128906,177.7899932861328
2023-08-10,21.19342041015625,50.67643356323242,43.01462936401367,177.60000610351562
2023-08-11,21.098125457763672,50.425113677978516,42.545345306396484,177.60000610351562
2023-08-14,21.002836227416992,50.514869689941406,42.47964859008789,177.05999755859375
2023-08-15,20.9647159576416,49.85066604614258,41.878963470458984,176.58999633789062
2023-08-16,20.85036277770996,49.63525390625,41.59739685058594,175.57000732421875
2023-08-17,20.859895706176758,49.365989685058594,41.12810134887695,175.3000030517578
2023-08-18,20.9742488861084,48.997989654541016,41.18442153930664,175.3300018310547
2023-08-21,20.840837478637695,48.76462173461914,41.494144439697266,175.80999755859375
2023-08-22,20.840837478637695,48.62998580932617,41.419063568115234,176.10000610351562
2023-08-23,21.107662200927734,48.881309509277344,41.65370178222656,177.88999938964844
2023-08-24,20.9647159576416,48.08246994018555,40.92161560058594,177.85000610351562
2023-08-25,20.93613052368164,48.450477600097656,41.27827453613281,177.6199951171875
2023-08-28,20.90754508972168,48.96208953857422,41.76633071899414,178.1300048828125
2023-08-29,21.117185592651367,49.68014144897461,42.37640380859375,179.8699951171875
2023-08-30,21.079078674316406,49.80579376220703,42.36701583862305,180.32000732421875
2023-08-31,21.117185592651367,49.644229888916016,41.84141540527344,180.02000427246094
2023-09-01,20.966405868530273,49.45574188232422,41.54107666015625,180.11000061035156
2023-09-05,20.727825164794922,49.060821533203125,41.07178497314453,178.63999938964844
2023-09-06,20.63239288330078,48.908233642578125,40.874691009521484,177.8300018310547
2023-09-07,20.708736419677734,48.45945358276367,40.57434844970703,178.02000427246094
2023-09-08,20.68964958190918,48.423545837402344,40.677589416503906,178.0800018310547
2023-09-11,20.737369537353516,49.060821533203125,41.146873474121094,178.41000366210938
2023-09-12,20.718284606933594,48.674861907958984,40.85592269897461,177.49000549316406
2023-09-13,20.68964958190918,48.468421936035156,40.61188888549805,177.0800018310547
2023-09-14,20.699203491210938,48.97106170654297,41.05302047729492,177.1699981689453
2023-09-15,20.65148162841797,48.674861907958984,40.996707916259766,178.33999633789062
2023-09-18,20.613306045532227,48.369693756103516,40.73318099975586,179.38999938964844
2023-09-19,20.565595626831055,48.432525634765625,40.75199890136719,179.22000122070312
2023-09-20,20.54650115966797,48.54920959472656,40.73318099975586,179.35000610351562
2023-09-21,20.527420043945312,48.109397888183594,40.09318923950195,178.0500030517578
2023-09-22,20.508329391479492,48.08246994018555,40.06496810913086,178.6199951171875
2023-09-25,20.36518669128418,47.59286117553711,39.688499450683594,177.6999969482422
2023-09-26,20.260208129882812,46.90375900268555,39.104984283447266,176.27999877929688
2023-09-27,20.155235290527344,46.81309127807617,39.010868072509766,174.10000610351562
2023-09-28,20.20294761657715,47.230167388916016,39.500274658203125,173.22999572753906
2023-09-29,20.269750595092773,47.5747184753418,39.53791046142578,171.4499969482422
2023-10-02,20.041336059570312,46.5592155456543,38.84145736694336,169.64999389648438
2023-10-03,19.964881896972656,45.797584533691406,38.530879974365234,169.16000366210938
2023-10-04,20.07000732421875,45.59810256958008,38.86028289794922,169.13999938964844
2023-10-05,20.194252014160156,46.04239273071289,38.98263168334961,168.8300018310547
2023-10-06,20.003110885620117,46.68614959716797,39.594383239746094,169.6999969482422
2023-10-09,20.232479095458984,46.5592155456543,39.25556564331055,172.82000732421875
2023-10-10,20.356721878051758,47.29364013671875,39.84849548339844,172.52999877929688
2023-10-11,20.433181762695312,47.447784423828125,40.121437072753906,173.7899932861328
2023-10-12,20.13690757751465,46.96722412109375,39.5849723815918,173.25999450683594
2023-10-13,20.194252014160156,46.16932678222656,39.0014533996582,178.8300018310547
2023-10-16,20.22292137145996,46.595481872558594,39.43438720703125,177.9600067138672
2023-10-17,20.079565048217773,46.64988327026367,39.4908561706543,178.2899932861328
2023-10-18,19.974437713623047,45.65250778198242,38.73793029785156,180.8699951171875
2023-10-19,19.974437713623047,45.40769958496094,38.66263961791992,183.08999633789062
2023-10-20,20.022228240966797,45.090354919433594,38.28617477416992,183.58999633789062
2023-10-23,20.117794036865234,45.08127975463867,38.549705505371094,182.97000122070312
2023-10-24,20.13690757751465,45.13568878173828,38.747344970703125,182.9499969482422
2023-10-25,19.936206817626953,44.102046966552734,38.46500015258789,183.72000122070312
2023-10-26,20.041336059570312,44.256195068359375,38.29558563232422,184.00999450683594
2023-10-27,20.09868049621582,44.31058883666992,37.966190338134766,186.14999389648438
2023-10-30,20.13690757751465,45.10849380493164,38.56853103637695,185.10000610351562
2023-10-31,19.98399543762207,45.416770935058594,38.72852325439453,184.08999633789062
2023-11-01,20.099807739257812,45.56183624267578,39.05792236328125,183.50999450683594
2023-11-02,20.319948196411133,46.79495620727539,39.999080657958984,184.1199951171875
2023-11-03,20.587949752807617,47.710716247558594,40.29084014892578,184.7899932861328
2023-11-06,20.540090560913086,47.07603454589844,40.06496810913086,183.35000610351562
2023-11-07,20.587949752807617,46.776824951171875,39.904964447021484,182.58999633789062
2023-11-08,20.63580322265625,47.012569427490234,40.28142547607422,180.77000427246094
2023-11-09,20.463520050048828,47.1485710144043,40.319068908691406,181.49000549316406
2023-11-10,20.492233276367188,47.2755126953125,40.63906478881836,179.50999450683594
2023-11-13,20.52094268798828,47.32084655761719,40.77082824707031,180.50999450683594
2023-11-14,20.9516544342041,49.50600051879883,42.02256774902344,182.1199951171875
2023-11-15,20.836803436279297,49.46066665649414,42.10727310180664,181.63999938964844
2023-11-16,20.942087173461914,48.744361877441406,42.1260871887207,183.69000244140625
2023-11-17,21.066511154174805,49.714542388916016,42.67195510864258,183.6699981689453
2023-11-20,21.200515747070312,49.9956169128418,42.8978385925293,183.3699951171875
2023-11-21,21.18136978149414,49.32465744018555,42.6154899597168,185.35000610351562
2023-11-22,21.09522819519043,49.469730377197266,42.66255187988281,184.55999755859375
2023-11-24,21.085655212402344,50.068153381347656,43.11430358886719,185.52000427246094
2023-11-27,21.200515747070312,49.97747802734375,42.94490051269531,186.77000427246094
2023-11-28,21.31536865234375,50.0862922668457,42.954307556152344,189.25999450683594
2023-11-29,21.411083221435547,50.40363693237305,43.19900894165039,189.5399932861328
2023-11-30,21.200515747070312,49.76893615722656,43.039005279541016,188.75
2023-12-01,21.469846725463867,50.376441955566406,43.34017562866211,192.00999450683594
2023-12-04,21.297317504882812,49.73267364501953,43.23664855957031,187.86000061035156
2023-12-05,21.34524154663086,49.80521011352539,43.35900115966797,187.14999389648438
2023-12-06,21.46026039123535,49.76893615722656,43.37782287597656,187.83999633789062
2023-12-07,21.565690994262695,50.222293853759766,43.622528076171875,188.14999389648438
2023-12-08,21.402753829956055,50.43083190917969,43.97075653076172,185.63999938964844
2023-12-11,21.297317504882812,50.44896697998047,44.121341705322266,183.58999633789062
2023-12-12,21.364412307739258,50.05908203125,44.262516021728516,183.49000549316406
2023-12-13,21.75738525390625,50.793521881103516,44.846031188964844,187.6300048828125
2023-12-14,21.939495086669922,52.552520751953125,45.02484893798828,188.72999572753906
2023-12-15,21.939495086669922,52.33490753173828,44.573089599609375,187.0
2023-12-18,21.851205825805664,52.54344940185547,44.6004524230957,187.85000610351562
2023-12-19,22.033544540405273,53.41389083862305,45.00617599487305,189.1300048828125
2023-12-20,22.023948669433594,53.02400207519531,44.31740188598633,188.10000610351562
2023-12-21,22.18708610534668,53.885372161865234,45.03447723388672,189.42999267578125
2023-12-22,22.20627784729004,54.245243072509766,44.92125701904297,190.27000427246094
2023-12-26,22.26386260986328,54.69166946411133,45.25149154663086,191.72000122070312
2023-12-27,22.407800674438477,54.89210510253906,45.440189361572266,192.58999633789062
2023-12-28,22.254257202148438,54.550880432128906,45.06277847290039,191.47000122070312
2023-12-29,22.24466323852539,54.404903411865234,45.109962463378906,191.1699981689453
2024-01-02,22.033544540405273,53.31917190551758,44.45893096923828,190.72000122070312
2024-01-03,21.966365814208984,52.64401626586914,43.84563446044922,189.1300048828125
2024-01-04,21.803224563598633,53.1640739440918,44.04377365112305,189.32000732421875
2024-01-05,21.82242202758789,52.908607482910156,43.97772979736328,189.35000610351562
2024-01-08,21.899194717407227,53.620262145996094,44.54384231567383,187.8699951171875
2024-01-09,21.793630599975586,53.027217864990234,44.0532112121582,187.92999267578125
2024-01-10,21.774438858032227,53.1640739440918,44.29852294921875,187.5
2024-01-11,21.851205825805664,52.9177360534668,44.241912841796875,187.8699951171875
2024-01-12,21.889596939086914,53.246185302734375,44.29852294921875,189.7100067138672
2024-01-16,21.5537166595459,52.12397003173828,43.487098693847656,187.91000366210938
2024-01-17,21.448156356811523,51.722511291503906,43.21347427368164,185.83999633789062
2024-01-18,21.438560485839844,52.151336669921875,43.82676696777344,187.3699951171875
2024-01-19,21.5057373046875,51.98710632324219,43.97772979736328,187.92999267578125
2024-01-22,21.486543655395508,52.35205841064453,43.94942855834961,187.22000122070312
2024-01-23,21.419368743896484,52.21520233154297,43.864505767822266,187.9499969482422
2024-01-24,21.46735191345215,52.62577438354492,44.74197769165039,186.39999389648438
2024-01-25,21.49614143371582,52.84474182128906,44.97786331176758,187.13999938964844
2024-01-26,21.476945877075195,53.20056915283203,45.38357925415039,187.00999450683594
2024-01-29,21.54412269592285,53.22793960571289,45.534549713134766,188.3300018310547
2024-01-30,21.563316345214844,52.99984359741211,45.62889862060547,188.58999633789062
2024-01-31,21.563316345214844,52.77174758911133,45.14769744873047,188.4499969482422
2024-02-01,21.744029998779297,53.173194885253906,45.6949462890625,190.41000366210938
2024-02-02,21.474882125854492,52.45242691040039,45.4024543762207,188.61000061035156
2024-02-05,21.273006439208984,51.640403747558594,45.23261642456055,187.57000732421875
2024-02-06,21.41720199584961,52.31556701660156,45.60059356689453,188.5500030517578
2024-02-07,21.37874984741211,52.169578552246094,45.61002731323242,188.5
2024-02-08,21.2537841796875,52.37030792236328,45.77042770385742,188.3300018310547
2024-02-09,21.32107162475586,52.3885498046875,46.100669860839844,187.60000610351562
2024-02-12,21.32107162475586,52.5984001159668,46.09122848510742,187.11000061035156
2024-02-13,21.051918029785156,51.330196380615234,45.18544387817383,184.52999877929688
2024-02-14,21.176891326904297,52.178707122802734,45.79874038696289,184.4199981689453
2024-02-15,21.292232513427734,52.64401626586914,46.34597396850586,185.66000366210938
2024-02-16,21.224939346313477,52.780879974365234,46.242191314697266,186.33999633789062
2024-02-20,21.34029769897461,52.717010498046875,46.544124603271484,187.47000122070312
2024-02-21,21.30184555053711,52.89036178588867,46.84605407714844,187.47999572753906
2024-02-22,21.31146240234375,53.22793960571289,47.5914306640625,187.55999755859375
2024-02-23,21.37874984741211,53.00896453857422,47.6197395324707,188.6199951171875
2024-02-26,21.32107162475586,52.99984359741211,47.67634201049805,188.1999969482422
2024-02-27,21.34029769897461,53.12757873535156,47.90279769897461,188.0
2024-02-28,21.349910736083984,52.68963623046875,47.799007415771484,188.33999633789062
2024-02-29,21.330690383911133,52.92685317993164,47.8461799621582,189.30999755859375
2024-03-01,21.384605407714844,53.42866134643555,48.03489303588867,192.88999938964844
2024-03-04,21.39423370361328,53.10021209716797,48.18585205078125,196.00999450683594
2024-03-05,21.49051856994629,53.09108352661133,47.86505889892578,197.19000244140625
2024-03-06,21.56753921508789,53.68412780761719,48.45003890991211,198.80999755859375
2024-03-07,21.721595764160156,54.30453872680664,49.280338287353516,199.94000244140625
2024-03-08,21.788999557495117,54.15856170654297,48.82745361328125,201.6300048828125
2024-03-11,21.76974105834961,54.103816986083984,48.723663330078125,202.0
2024-03-12,21.71196746826172,54.286293029785156,49.28977966308594,199.7899932861328
2024-03-13,21.71196746826172,54.26805114746094,49.48792266845703,201.19000244140625
2024-03-14,21.56753921508789,53.811859130859375,49.101070404052734,200.35000610351562
2024-03-15,21.538660049438477,53.85747528076172,49.176551818847656,199.7100067138672
2024-03-18,21.47125816345215,53.547271728515625,48.92037582397461,200.02999877929688
2024-03-19,21.41349220275879,53.6293830871582,49.043270111083984,199.8000030517578
2024-03-20,21.54828643798828,54.395774841308594,49.72389602661133,202.17999267578125
2024-03-21,21.46162986755371,54.18593215942383,49.49702072143555,201.97000122070312
2024-03-22,21.432748794555664,53.84254837036133,49.24178695678711,200.35000610351562
2024-03-25,21.432748794555664,53.970741271972656,49.39303207397461,200.99000549316406
2024-03-26,21.432748794555664,54.089786529541016,49.49702072143555,201.63999938964844
2024-03-27,21.46162986755371,54.73992156982422,49.90350341796875,203.10000610351562
2024-03-28,21.41349220275879,54.71245193481445,49.676631927490234,205.72000122070312
2024-04-01,21.216753005981445,54.630043029785156,49.790069580078125,207.82000732421875
2024-04-02,21.236038208007812,54.19050598144531,49.222877502441406,210.88999938964844
2024-04-03,21.313196182250977,54.73077392578125,49.638824462890625,212.74000549316406
2024-04-04,21.37105369567871,54.428592681884766,49.06217575073242,211.52000427246094
2024-04-05,21.32283592224121,54.63919448852539,49.137794494628906,215.13999938964844
2024-04-08,21.33247947692871,55.20692443847656,49.459205627441406,216.47999572753906
2024-04-09,21.438562393188477,55.02378845214844,49.16615676879883,217.6699981689453
2024-04-10,21.091384887695312,54.29123306274414,48.561153411865234,215.61000061035156
2024-04-11,21.072093963623047,54.575103759765625,48.5422477722168,219.8000030517578
2024-04-12,20.99493980407715,53.53121566772461,47.511844635009766,216.88999938964844
2024-04-15,20.85992431640625,53.283973693847656,47.54020309448242,220.9499969482422
2024-04-16,20.753841400146484,52.64299774169922,47.398406982421875,221.22000122070312
2024-04-17,20.850282669067383,52.74372863769531,47.46458053588867,219.58999633789062
2024-04-18,20.80206298828125,52.54227066040039,47.43622589111328,220.33999633789062
2024-04-19,20.821348190307617,52.496490478515625,47.37950134277344,221.02999877929688
2024-04-22,20.830989837646484,53.08252716064453,47.89942169189453,215.57000732421875
2024-04-23,20.87921905517578,53.696041107177734,48.76912307739258,215.0399932861328
2024-04-24,20.79241943359375,53.60446548461914,48.561153411865234,214.63999938964844
2024-04-25,20.773128509521484,53.403018951416016,48.3248176574707,215.9199981689453
2024-04-26,20.724910736083984,54.034847259521484,48.84474563598633,216.6199951171875
2024-04-29,20.869569778442383,54.79486846923828,48.69350051879883,216.17999267578125
2024-04-30,20.638113021850586,54.09894561767578,47.73872375488281,211.8699951171875
2024-05-01,20.690275192260742,53.92496109008789,47.58747100830078,213.7899932861328
2024-05-02,20.98005485534668,54.65751266479492,47.96560287475586,213.1300048828125
2024-05-03,21.15392303466797,54.98715591430664,48.41935348510742,212.9600067138672
2024-05-06,21.134599685668945,55.435855865478516,48.89201736450195,215.1999969482422
2024-05-07,21.115283966064453,55.646461486816406,49.25123977661133,214.2100067138672
2024-05-08,21.038007736206055,55.7380256652832,49.49702072143555,213.5800018310547
2024-05-09,21.095966339111328,56.22333908081055,49.97913360595703,216.9499969482422
2024-05-10,20.989709854125977,56.498050689697266,50.158748626708984,218.7100067138672
2024-05-13,21.009037017822266,56.66287612915039,50.20601272583008,216.25999450683594
2024-05-14,21.01869010925293,57.26723098754883,50.52742004394531,218.08999633789062
2024-05-15,21.298809051513672,57.8074836730957,50.971717834472656,220.88999938964844
2024-05-16,21.24085807800293,57.67013168334961,50.4517936706543,220.02999877929688
2024-05-17,21.173236846923828,57.990623474121094,50.593597412109375,223.66000366210938
2024-05-20,21.12494659423828,58.08219909667969,50.52742004394531,224.55999755859375
2024-05-21,21.1635799407959,58.12797546386719,50.470703125,224.22999572753906
2024-05-22,21.038007736206055,57.633506774902344,50.00749588012695,220.11000061035156
2024-05-23,20.97039222717285,57.41373825073242,49.81842803955078,215.72000122070312
2024-05-24,21.038007736206055,58.210391998291016,50.29108810424805,215.9199981689453
2024-05-28,20.960737228393555,58.34774398803711,50.32890319824219,218.19000244140625
2024-05-29,20.81584930419922,57.184818267822266,49.42139434814453,216.16000366210938
2024-05-30,20.90277862548828,58.08219909667969,49.78062438964844,216.57000732421875
2024-05-31,20.93175506591797,58.567508697509766,50.035858154296875,215.3000030517578
2024-06-03,21.072040557861328,58.76896667480469,50.18710708618164,217.22000122070312
2024-06-04,21.120418548583984,58.201236724853516,49.81842803955078,215.27000427246094
2024-06-05,21.149442672729492,58.40268325805664,50.64085388183594,217.82000732421875
2024-06-06,21.168790817260742,58.356903076171875,50.87718963623047,219.42999267578125
2024-06-07,20.89789390563965,57.30385208129883,50.158748626708984,211.60000610351562
2024-06-10,20.810819625854492,57.41373825073242,49.837337493896484,213.5399932861328
2024-06-11,20.801143646240234,56.63540267944336,49.21342086791992,214.14999389648438
2024-06-12,20.946269989013672,57.62434005737305,50.11147689819336,214.72000122070312
2024-06-13,20.936594009399414,56.4888916015625,48.98654556274414,212.97000122070312
2024-06-14,20.926916122436523,55.55488204956055,47.700904846191406,215.72999572753906
2024-06-17,20.907569885253906,56.25996780395508,48.42880630493164,214.61000061035156
2024-06-18,20.984975814819336,56.69034194946289,48.580055236816406,215.47000122070312
2024-06-20,20.907569885253906,56.75444412231445,48.69350051879883,218.16000366210938
2024-06-21,20.859195709228516,56.18671798706055,48.27755355834961,214.77999877929688
2024-06-24,20.907569885253906,56.846012115478516,48.72560501098633,215.6300048828125
2024-06-25,20.878543853759766,56.16777420043945,48.76423263549805,214.55999755859375
2024-06-26,20.743093490600586,55.5316276550293,48.368324279785156,212.5800018310547
2024-06-27,20.77211570739746,55.7655029296875,48.37797927856445,214.99000549316406
2024-06-28,20.733421325683594,55.73744201660156,48.310386657714844,215.00999450683594
2024-07-01,20.679157257080078,55.8964729309082,48.851139068603516,215.57000732421875
2024-07-02,20.688846588134766,56.21454620361328,48.62904739379883,215.55999755859375
2024-07-03,20.882652282714844,57.06585693359375,49.4594841003418,217.99000549316406
2024-07-05,20.96986198425293,57.97330093383789,49.79745101928711,220.92999267578125
2024-07-08,20.96017074584961,57.627159118652344,49.50776290893555,218.19000244140625
2024-07-09,20.90203285217285,57.2342414855957,48.88010787963867,218.55999755859375
2024-07-10,20.931100845336914,57.7768440246582,49.58501434326172,219.36000061035156
2024-07-11,21.095836639404297,58.45040512084961,49.710548400878906,223.25
2024-07-12,21.20242691040039,58.93687057495117,50.52167510986328,223.11000061035156
2024-07-15,21.183053970336914,58.52524948120117,49.87470245361328,223.8300018310547
2024-07-16,21.231502532958984,59.18009948730469,49.845733642578125,228.2899932861328
2024-07-17,21.318716049194336,58.92750930786133,49.17945098876953,227.22999572753906
2024-07-18,21.20242691040039,58.815250396728516,48.802860260009766,225.77999877929688
2024-07-19,21.13459587097168,58.41298294067383,48.33935546875,221.72999572753906
2024-07-22,21.13459587097168,58.880741119384766,49.295326232910156,221.8000030517578
2024-07-23,21.17336082458496,58.122982025146484,48.96701431274414,222.5800018310547
2024-07-24,21.153982162475586,57.40264129638672,48.22347640991211,221.8000030517578
2024-07-25,21.17336082458496,57.18747329711914,48.02069854736328,218.3300018310547
2024-07-26,21.279953002929688,58.24459457397461,48.71595001220703,220.6300048828125
2024-07-29,21.279953002929688,57.767486572265625,48.07863998413086,220.32000732421875
2024-07-30,21.29933738708496,58.09490966796875,48.21382522583008,222.52000427246094
2024-07-31,21.531902313232422,58.49717330932617,48.58076477050781,226.5500030517578
2024-08-01,21.538698196411133,57.084564208984375,47.24819564819336,225.77000427246094
2024-08-02,21.936664581298828,56.80391311645508,46.78469467163086,225.33999633789062
2024-08-05,22.082260131835938,55.166778564453125,46.07978820800781,222.47999572753906
2024-08-06,21.95607566833496,55.3538818359375,46.099098205566406,220.6999969482422
2024-08-07,21.8590145111084,55.46613693237305,46.330848693847656,220.5500030517578
2024-08-08,21.849306106567383,55.9713134765625,47.08403778076172,224.00999450683594
2024-08-09,21.96578598022461,56.326805114746094,47.17094421386719,224.55999755859375
2024-08-12,21.985198974609375,56.31745147705078,46.99713134765625,228.41000366210938
2024-08-13,22.091970443725586,56.981658935546875,47.759979248046875,228.05999755859375
2024-08-14,22.111379623413086,57.21554183959961,48.09794998168945,226.1999969482422
2024-08-15,21.95607566833496,57.69264221191406,48.86079788208008,226.91000366210938
2024-08-16,22.101675033569336,57.83297348022461,49.24704360961914,231.99000549316406
2024-08-19,22.208438873291016,58.69363784790039,49.894012451171875,231.61000061035156
2024-08-20,22.354047775268555,58.39427185058594,49.88436508178711,232.4600067138672
2024-08-21,22.402572631835938,59.09590530395508,50.376827239990234,232.14999389648438
2024-08-22,22.198740005493164,58.58137512207031,49.91333770751953,229.3699951171875
2024-08-23,22.49964141845703,59.79753112792969,50.73411178588867,232.02000427246094
2024-08-26,22.421987533569336,59.610435485839844,50.49271011352539,232.75999450683594
2024-08-27,22.43169593811035,59.872371673583984,50.637550354003906,233.38999938964844
2024-08-28,22.315217971801758,59.11461639404297,50.454078674316406,231.75
2024-08-29,22.276391983032227,59.442047119140625,50.589271545410156,232.9499969482422
2024-08-30,22.18903350830078,59.54494857788086,50.724456787109375,231.2899932861328
2024-09-03,22.204587936401367,57.67393493652344,49.816768646240234,230.2899932861328
2024-09-04,22.389307022094727,58.0294303894043,49.59467697143555,230.42999267578125
2024-09-05,22.467077255249023,57.96393966674805,49.353267669677734,232.35000610351562
2024-09-06,22.437910079956055,57.00037384033203,48.435916900634766,230.6300048828125
2024-09-09,22.40874671936035,57.32780075073242,48.83182907104492,231.60000610351562
2024-09-10,22.4476318359375,57.206180572509766,48.49386215209961,232.6199951171875
2024-09-11,22.467077255249023,57.34651184082031,49.015296936035156,232.25
2024-09-12,22.51568603515625,57.70200729370117,49.3629264831543,236.3300018310547
2024-09-13,22.642070770263672,58.27265930175781,49.59467697143555,238.67999267578125
2024-09-16,22.749004364013672,58.74976348876953,49.87470245361328,238.66000366210938
2024-09-17,22.68095588684082,58.45040512084961,49.845733642578125,237.33999633789062
2024-09-18,22.817060470581055,58.51588821411133,49.720211029052734,235.50999450683594
2024-09-19,22.690673828125,59.65720748901367,50.907928466796875,239.1699981689453
2024-09-20,22.622623443603516,58.68428421020508,50.25129699707031,242.2100067138672
2024-09-23,22.61290168762207,58.89009475708008,50.236785888671875,242.67999267578125
2024-09-24,22.768449783325195,59.0865478515625,50.98154067993164,246.07000732421875
2024-09-25,22.56429100036621,58.54481506347656,50.50761032104492,245.72999572753906
2024-09-26,22.700401306152344,60.05224609375,52.04547119140625,246.97999572753906
2024-09-27,22.80733871459961,60.05224609375,52.04547119140625,245.02000427246094
2024-09-30,22.710121154785156,59.826133728027344,51.49416732788086,243.05999755859375
2024-10-01,22.689666748046875,59.07241439819336,50.691375732421875,245.61000061035156
2024-10-02,22.475435256958008,58.64845275878906,50.5753173828125,245.66000366210938
2024-10-03,22.28067398071289,57.87589645385742,50.043357849121094,245.49000549316406
2024-10-04,22.105390548706055,58.58250427246094,50.410888671875,245.0
2024-10-07,22.05669593811035,57.979530334472656,50.1981086730957,244.1699981689453
2024-10-08,22.05669593811035,57.82878875732422,50.20777893066406,242.3699951171875
2024-10-09,21.92037010192871,57.87589645385742,50.410888671875,241.0500030517578
2024-10-10,21.9885311126709,57.574405670166016,50.285152435302734,242.82000732421875
2024-10-11,21.978792190551758,57.86647415161133,50.60432815551758,245.47000122070312
2024-10-14,21.93984031677246,57.715728759765625,50.90416717529297,245.07000732421875
2024-10-15,21.9885311126709,57.43309020996094,49.57908630371094,245.9199981689453
2024-10-16,21.9495792388916,57.753414154052734,49.31794738769531,247.14999389648438
2024-10-17,21.891151428222656,57.69689178466797,49.38564682006836,248.6300048828125
2024-10-18,21.978792190551758,58.11143112182617,50.05302047729492,251.27000427246094
2024-10-21,21.71586799621582,57.178714752197266,49.41466522216797,251.22000122070312
2024-10-22,21.70612907409668,57.36714172363281,49.230892181396484,253.92999267578125
2024-10-23,21.608745574951172,56.48152542114258,48.921390533447266,250.8699951171875
2024-10-24,21.696393966674805,56.61342239379883,49.30826950073242,252.8000030517578
2024-10-25,21.628223419189453,56.32135772705078,49.114830017089844,253.32000732421875
2024-10-28,21.589275360107422,56.72647476196289,49.61777877807617,253.3300018310547
2024-10-29,21.56979751586914,56.189456939697266,49.42433166503906,256.0899963378906
2024-10-30,21.560056686401367,56.15177536010742,48.950401306152344,257.5
2024-10-31,21.608745574951172,55.69954299926758,48.602210998535156,253.50999450683594
2024-11-01,21.471200942993164,55.511112213134766,48.77630615234375,252.47000122070312
2024-11-04,21.617523193359375,55.45458984375,48.68925476074219,252.8300018310547
2024-11-05,21.73459243774414,55.91623306274414,49.1341667175293,253.39999389648438
2024-11-06,21.334627151489258,54.96467208862305,47.760738372802734,245.6999969482422
2024-11-07,21.558996200561523,56.20829772949219,48.631221771240234,249.64999389648438
2024-11-08,21.471200942993164,55.473426818847656,47.741397857666016,247.9600067138672
2024-11-11,21.3638916015625,55.52995681762695,47.56729507446289,242.13999938964844
2024-11-12,21.246826171875,54.333438873291016,46.580745697021484,240.0500030517578
2024-11-13,21.1297664642334,53.984840393066406,46.33894348144531,237.6300048828125
2024-11-14,21.090749740600586,54.13558578491211,46.735496520996094,237.00999450683594
2024-11-15,21.168787002563477,54.333438873291016,46.60009002685547,236.58999633789062
2024-11-18,21.256587982177734,54.46533203125,46.754844665527344,241.08999633789062
2024-11-19,21.28584861755371,54.38996124267578,46.4743537902832,243.25
2024-11-20,21.159032821655273,53.984840393066406,46.25189208984375,244.6199951171875
2024-11-21,21.139516830444336,53.73988723754883,46.155174255371094,246.66000366210938
2024-11-22,21.11025619506836,53.87178039550781,46.135833740234375,249.83999633789062
2024-11-25,21.266340255737305,54.27690887451172,46.37763214111328,242.47999572753906
2024-11-26,21.28584861755371,53.60798263549805,46.06812286376953,242.9499969482422
2024-11-27,21.471200942993164,54.30516815185547,46.28090286254883,243.49000549316406
2024-11-29,21.65654945373535,54.64433670043945,46.977298736572266,245.58999633789062
2024-12-02,21.623327255249023,54.22980499267578,47.11270523071289,243.44000244140625
2024-12-03,21.5744686126709,54.333438873291016,47.431888580322266,243.92999267578125
2024-12-04,21.584245681762695,54.96467208862305,47.770408630371094,244.6699981689453
2024-12-05,21.69172477722168,55.33210372924805,48.3797492980957,242.86000061035156
2024-12-06,21.68195152282715,55.275577545166016,48.5441780090332,242.9499969482422
2024-12-09,21.613554000854492,55.2944221496582,48.52483367919922,245.36000061035156
2024-12-10,21.564699172973633,55.416900634765625,48.09926223754883,248.58999633789062
2024-12-11,21.486528396606445,55.708961486816406,48.25401306152344,250.9600067138672
2024-12-12,21.369277954101562,55.124839782714844,47.95418167114258,247.27999877929688
2024-12-13,21.35950469970703,55.040042877197266,48.25401306152344,244.2899932861328
2024-12-16,21.35950469970703,54.77623748779297,48.00254440307617,244.8800048828125
2024-12-17,21.32042121887207,54.097896575927734,48.012210845947266,243.94000244140625
2024-12-18,21.017526626586914,52.9955940246582,46.79352951049805,239.25999450683594
2024-12-19,20.96469497680664,52.92964172363281,46.677467346191406,239.60000610351562
2024-12-20,21.101652145385742,53.315921783447266,46.696807861328125,242.10000610351562
2024-12-23,21.013608932495117,53.57971954345703,46.965599060058594,240.9600067138672
2024-12-24,21.013608932495117,53.984840393066406,47.130558013916016,241.44000244140625
2024-12-26,21.02338981628418,54.27274703979492,47.33433532714844,243.07000732421875
2024-12-27,20.945127487182617,54.03441619873047,47.1402702331543,241.39999389648438
2024-12-30,20.994043350219727,53.891414642333984,46.75211715698242,240.6300048828125
2024-12-31,20.92556381225586,54.07395935058594,46.72300720214844,242.1300048828125
2025-01-02,20.808164596557617,53.77769088745117,46.247528076171875,245.4199981689453
2025-01-03,20.82773208618164,54.09306716918945,46.51923370361328,243.49000549316406
2025-01-06,20.847299575805664,54.523136138916016,47.71277618408203,243.19000244140625
2025-01-07,20.77881622314453,53.758575439453125,47.858333587646484,244.55999755859375
2025-01-08,20.680992126464844,53.11825180053711,47.64485168457031,245.86000061035156
2025-01-10,20.485334396362305,52.41102981567383,47.24700164794922,248.2100067138672
2025-01-13,20.504899978637695,52.11475372314453,47.06263732910156,245.74000549316406
2025-01-14,20.524463653564453,52.53526306152344,47.509002685546875,247.02999877929688
2025-01-15,20.700557708740234,53.37628936767578,47.99418640136719,248.8800048828125
2025-01-16,20.759254455566406,53.63433074951172,48.73166275024414,250.60000610351562
2025-01-17,20.710336685180664,53.56742858886719,48.93544006347656,249.27000427246094
2025-01-21,20.96469497680664,54.742950439453125,50.031951904296875,253.1300048828125
2025-01-22,20.96469497680664,54.389339447021484,50.1386833190918,254.42999267578125
2025-01-23,20.935346603393555,54.64738082885742,50.52683639526367,254.07000732421875
2025-01-24,21.033172607421875,54.8958625793457,50.614166259765625,255.64999389648438
2025-01-27,21.101652145385742,54.98188018798828,50.691795349121094,252.99000549316406
2025-01-28,21.033172607421875,55.14434814453125,50.38127899169922,255.17999267578125
2025-01-29,20.984262466430664,55.24947738647461,50.49772262573242,254.1999969482422
2025-01-30,21.05274200439453,55.75600051879883,51.03142166137695,258.04998779296875
2025-01-31,20.945127487182617,55.54574966430664,50.57535171508789,258.55999755859375
2025-02-03,20.953943252563477,54.84808349609375,49.643802642822266,259.94000244140625
2025-02-04,21.12055778503418,55.526634216308594,50.711204528808594,262.5
2025-02-05,21.24797248840332,55.994930267333984,51.01201629638672,264.1300048828125
2025-02-06,21.24797248840332,56.0809440612793,51.438968658447266,263.42999267578125
2025-02-07,21.159761428833008,55.564857482910156,50.89557647705078,263.8999938964844
2025-02-10,21.1009578704834,55.96625900268555,51.34193801879883,268.3699951171875
2025-02-11,21.11076545715332,56.35810089111328,51.87563705444336,267.3900146484375
2025-02-12,21.002954483032227,56.59702682495117,52.535484313964844,267.6700134277344
2025-02-13,21.27737045288086,57.170448303222656,53.040077209472656,270.30999755859375
2025-02-14,21.296974182128906,57.562294006347656,53.39910888671875,266.2900085449219
2025-02-18,21.189170837402344,57.610076904296875,53.69021987915039,270.70001220703125
2025-02-19,21.149965286254883,57.180015563964844,52.816890716552734,270.8500061035156
2025-02-20,21.30677604675293,57.42849349975586,53.17592239379883,270.989990234375
2025-02-21,21.336172103881836,57.25646209716797,52.836299896240234,270.739990234375
2025-02-24,21.326377868652344,57.26601791381836,52.70044708251953,272.2099914550781
2025-02-25,21.443981170654297,57.782100677490234,53.24385070800781,268.6199951171875
2025-02-26,21.424386978149414,57.59096145629883,53.39910888671875,269.0299987792969
2025-02-27,21.257768630981445,56.644813537597656,52.25408172607422,264.92999267578125
2025-02-28,21.23816680908203,56.37721633911133,52.45785903930664,263.2699890136719
2025-03-03,21.359891891479492,56.921966552734375,53.48644256591797,266.739990234375
2025-03-04,21.42860221862793,56.88373947143555,53.64169692993164,269.05999755859375
2025-03-05,21.497316360473633,58.44154357910156,55.359249114990234,269.6199951171875
2025-03-06,21.507129669189453,57.93501663208008,54.874061584472656,268.25
2025-03-07,21.51694679260254,59.27301025390625,55.55331802368164,268.3900146484375
2025-03-10,21.497316360473633,57.99236297607422,54.04925537109375,266.0400085449219
2025-03-11,21.53658103942871,58.21217346191406,54.13658905029297,269.1600036621094
2025-03-12,21.507129669189453,58.307743072509766,54.14628982543945,270.3299865722656
2025-03-13,21.507129669189453,57.92546081542969,53.5252571105957,275.1300048828125
2025-03-14,21.507129669189453,59.27301025390625,54.80613708496094,275.239990234375
2025-03-17,21.624923706054688,59.922889709472656,55.43687438964844,276.7300109863281
2025-03-18,21.60529327392578,60.20960235595703,55.65034866333008,279.9599914550781
2025-03-19,21.63474464416504,60.410301208496094,55.74739456176758,281.1099853515625
2025-03-20,21.556209564208984,59.9420051574707,54.883766174316406,280.75
2025-03-21,21.48749542236328,59.40680694580078,54.35006332397461,278.489990234375
2025-03-24,21.399154663085938,59.60750198364258,54.35590362548828,277.25
2025-03-25,21.389339447021484,59.88465881347656,54.88127136230469,278.4700012207031
2025-03-26,21.32062530517578,59.4625358581543,53.8208122253418,278.239990234375
2025-03-27,21.32062530517578,59.424156188964844,53.781890869140625,281.9700012207031
2025-03-28,21.448232650756836,59.27065658569336,53.51920700073242,284.05999755859375
2025-03-31,21.458053588867188,58.48396682739258,52.93547439575195,288.1400146484375
2025-04-01,21.506235122680664,58.4264030456543,53.1397819519043,287.57000732421875
2025-04-02,21.555402755737305,58.695030212402344,53.42191696166992,288.1600036621094
2025-04-03,22.037254333496094,57.96589660644531,52.127967834472656,286.4200134277344
2025-04-04,21.938915252685547,54.01324462890625,48.90766525268555,279.7200012207031
2025-04-07,21.693073272705078,52.81401062011719,47.5650634765625,273.7099914550781
2025-04-08,21.732410430908203,52.756446838378906,46.91322326660156,275.20001220703125
2025-04-09,21.545570373535156,56.31576156616211,51.164791107177734,285.3800048828125
2025-04-10,22.056921005249023,55.730533599853516,50.35728454589844,292.3500061035156
2025-04-11,22.34209442138672,57.179203033447266,51.320457458496094,297.92999267578125
2025-04-14,22.45026969909668,57.75482940673828,51.67070388793945,296.2300109863281
2025-04-15,22.332263946533203,58.33046340942383,52.01121520996094,297.7799987792969
2025-04-16,22.62727165222168,58.388023376464844,51.855552673339844,307.4700012207031
2025-04-17,22.5977725982666,59.069183349609375,52.31281661987305,306.1199951171875
2025-04-21,22.794448852539062,58.89649963378906,51.690162658691406,315.5899963378906
2025-04-22,22.725610733032227,59.71197509765625,53.100868225097656,311.1099853515625
2025-04-23,22.45026969909668,59.77913284301758,53.77216339111328,303.6499938964844
2025-04-24,22.696107864379883,60.882415771484375,54.54075622558594,308.07000732421875
2025-04-25,22.58793830871582,61.32373809814453,54.90073013305664,304.7300109863281
2025-04-28,22.71578025817871,61.96651840209961,55.15367889404297,309.07000732421875
2025-04-29,22.696107864379883,62.0528678894043,54.97856140136719,306.05999755859375
2025-04-30,22.696107864379883,62.35026931762695,54.72560501098633,303.7699890136719
2025-05-01,22.512935638427734,62.41742706298828,54.774253845214844,297.4599914550781
2025-05-02,22.552326202392578,63.367225646972656,55.85417175292969,297.9800109863281
2025-05-05,22.64095687866211,63.1849365234375,55.98064422607422,306.8800048828125
2025-05-06,22.759140014648438,63.66463088989258,55.91254806518555,315.4800109863281
2025-05-07,22.631113052368164,63.46316146850586,55.65958786010742,310.75
2025-05-08,22.325817108154297,63.06022262573242,55.69850540161133,304.6300048828125
2025-05-09,22.424301147460938,63.55909729003906,56.18495559692383,306.8399963378906
2025-05-12,22.01067543029785,63.568695068359375,56.44763946533203,298.19000244140625
2025-05-13,22.158401489257812,64.34578704833984,56.91462707519531,299.4599914550781
2025-05-14,22.109159469604492,64.37457275390625,56.77842330932617,293.1600036621094
2025-05-15,22.266725540161133,64.62401580810547,57.041107177734375,297.8399963378906
2025-05-16,22.207637786865234,64.92141723632812,57.20650100708008,294.239990234375
2025-05-19,22.35536003112793,65.46826934814453,57.85834503173828,298.0299987792969
2025-05-20,22.325817108154297,65.92877960205078,58.11130142211914,303.5799865722656
2025-05-21,22.325817108154297,65.5162353515625,57.877803802490234,305.82000732421875
2025-05-22,22.31597137451172,65.48745727539062,57.848609924316406,303.1099853515625
2025-05-23,22.601564407348633,65.7464828491211,57.20650100708008,309.75
2025-05-27,22.562170028686523,66.26455688476562,58.15021514892578,304.5
2025-05-28,22.473539352416992,65.95755767822266,57.44972610473633,303.80999755859375
2025-05-29,22.631113052368164,66.28373718261719,57.71240997314453,305.6099853515625
2025-05-30,22.591720581054688,66.18780517578125,57.58592987060547,303.6000061035156
2025-06-02,22.712087631225586,67.10881042480469,58.305877685546875,311.6700134277344
2025-06-03,22.613426208496094,66.2741470336914,57.92644500732422,308.9100036621094
2025-06-04,22.741683959960938,66.8114013671875,58.305877685546875,310.8999938964844
2025-06-05,22.682485580444336,66.78263092041016,58.305877685546875,309.3299865722656
2025-06-06,22.60355567932129,67.01287078857422,58.51018524169922,305.17999267578125
2025-06-09,22.662752151489258,67.0512466430664,58.43235397338867,306.6199951171875
2025-06-10,22.69235610961914,67.22394561767578,58.52964401245117,306.7099914550781
2025-06-11,22.731821060180664,67.41580963134766,58.451812744140625,308.3699951171875
2025-06-12,23.017942428588867,67.97225189208984,58.77286911010742,312.20001220703125
2025-06-13,22.85021209716797,67.20475769042969,57.59566116333008,316.2900085449219
2025-06-16,22.869949340820312,67.36784362792969,58.15993881225586,311.7799987792969
2025-06-17,22.741683959960938,66.73464965820312,57.20650100708008,311.94000244140625
2025-06-18,22.751550674438477,66.41806030273438,57.12866973876953,310.260009765625
2025-06-20,22.702220916748047,65.71770477294922,56.91462707519531,310.1300048828125
2025-06-23,22.810749053955078,66.44684600830078,57.48942184448242,311.0799865722656
2025-06-24,22.97847557067871,67.06084442138672,58.41107940673828,306.19000244140625
2025-06-25,22.98834228515625,66.82540893554688,57.95520782470703,307.1199951171875
2025-06-26,23.116601943969727,67.79658508300781,58.311973571777344,306.7799987792969
2025-06-27,23.037673950195312,68.561767578125,58.956146240234375,301.2200012207031
2025-06-30,23.175800323486328,68.78739929199219,59.193992614746094,304.8299865722656
2025-07-01,23.226205825805664,68.69910430908203,58.9660530090332,307.54998779296875
2025-07-02,23.157018661499023,68.57157897949219,59.491294860839844,309.25
2025-07-03,23.107601165771484,68.93453979492188,59.38228225708008,307.1400146484375
2025-07-07,22.9494686126709,68.60101318359375,59.075069427490234,307.3699951171875
2025-07-08,22.880281448364258,69.28770446777344,59.748966217041016,304.1600036621094
2025-07-09,22.919816970825195,69.6899185180664,60.6904411315918,305.5199890136719
2025-07-10,22.880281448364258,69.8370590209961,60.274208068847656,306.20001220703125
2025-07-11,22.771564483642578,69.17979431152344,59.54085159301758,309.1400146484375
2025-07-14,22.692495346069336,69.01302337646484,59.5012092590332,308.010009765625
2025-07-15,22.573894500732422,68.35575866699219,58.757938385009766,306.7300109863281
2025-07-16,22.70237922668457,68.60101318359375,58.916500091552734,308.260009765625
2025-07-17,22.62331199645996,68.50291442871094,59.094886779785156,307.5899963378906
2025-07-18,22.603544235229492,68.4734878540039,58.70838928222656,308.3900146484375
2025-07-21,22.80121612548828,68.79720306396484,58.916500091552734,313.1300048828125
2025-07-22,22.93958282470703,69.16017150878906,58.90658950805664,316.1000061035156
2025-07-23,22.880281448364258,70.30794525146484,60.30393600463867,312.17999267578125
2025-07-24,22.83086395263672,69.53295135498047,59.51111602783203,310.2699890136719
2025-07-25,22.781448364257812,69.51333618164062,59.7687873840332,307.3999938964844
2025-07-28,22.603544235229492,68.68929290771484,58.609283447265625,305.4100036621094
2025-07-29,22.58378028869629,68.54214477539062,58.74802780151367,306.25
2025-07-30,22.356460571289062,67.94374084472656,58.32188415527344,300.9599914550781
2025-07-31,22.316923141479492,67.80640411376953,57.35068130493164,302.9599914550781
2025-08-01,22.679397583007812,67.61019897460938,56.637142181396484,309.1099853515625
2025-08-04,22.738821029663086,68.19879913330078,57.37049865722656,310.9100036621094
2025-08-05,22.709110260009766,68.39500427246094,57.50924301147461,311.1600036621094
2025-08-06,22.80814552307129,68.7187271118164,57.98493576049805,310.5
2025-08-07,22.827953338623047,69.1503677368164,58.77775955200195,313.1199951171875
2025-08-08,22.758628845214844,69.23865509033203,59.01560592651367,313.04998779296875
2025-08-11,22.689302444458008,68.64025115966797,58.54982376098633,308.54998779296875
2025-08-12,22.748722076416016,69.33675384521484,59.12461853027344,308.2699890136719
2025-08-13,22.867570877075195,69.40542602539062,59.758872985839844,309.2099914550781
2025-08-14,22.71901512145996,69.28770446777344,60.006629943847656,307.25
2025-08-15,22.71901512145996,69.101318359375,60.4129524230957,307.42999267578125
2025-08-18,22.66949462890625,68.97378540039062,60.05617904663086,306.95001220703125
2025-08-19,22.649688720703125,69.08169555664062,60.22465896606445,305.2699890136719
2025-08-20,22.679397583007812,69.35637664794922,60.363399505615234,308.3599853515625
2025-08-21,22.540746688842773,69.25827026367188,59.8877067565918,307.2900085449219
2025-08-22,22.778438568115234,70.69052124023438,60.819271087646484,310.5799865722656
2025-08-25,22.60017204284668,69.89592742919922,59.669681549072266,309.8299865722656
2025-08-26,22.689302444458008,69.55257415771484,59.42192459106445,312.0799865722656
2025-08-27,22.69920539855957,69.19941711425781,59.332733154296875,312.7099914550781
2025-08-28,22.778438568115234,69.3956069946289,59.64986038208008,315.0299987792969
2025-08-29,22.778438568115234,69.12093353271484,59.263362884521484,318.07000732421875
2025-09-02,22.58296775817871,67.62982177734375,58.5993766784668,325.5899963378906
2025-09-03,22.642501831054688,67.89469146728516,58.77775955200195,328.1400146484375
2025-09-04,22.68218994140625,68.25765991210938,58.995784759521484,326.69000244140625
2025-09-05,22.880632400512695,68.69910430908203,59.065155029296875,331.04998779296875
2025-09-08,22.930248260498047,69.22884368896484,59.62013244628906,334.82000732421875
2025-09-09,22.880632400512695,69.35637664794922,59.59040069580078,334.05999755859375
2025-09-10,22.880632400512695,69.24846649169922,59.28318405151367,335.260009765625
2025-09-11,22.960010528564453,70.1607894897461,59.907527923583984,334.760009765625
2025-09-12,22.880632400512695,70.0430679321289,59.8877067565918,335.4200134277344
2025-09-15,22.979856491088867,70.46490478515625,60.561607360839844,338.9100036621094
2025-09-16,23.089000701904297,70.46490478515625,60.4228630065918,339.5899963378906
2025-09-17,23.03938865661621,70.3177490234375,60.05617904663086,336.9700012207031
2025-09-18,22.900476455688477,70.19022369384766,60.829185485839844,335.6199951171875
2025-09-19,22.860790252685547,69.53295135498047,60.739994049072266,339.17999267578125
2025-09-22,22.910402297973633,69.74877166748047,60.802490234375,345.04998779296875
2025-09-23,22.930248260498047,69.72915649414062,60.981056213378906,346.4599914550781
2025-09-24,22.751646041870117,69.22884368896484,60.653682708740234,343.32000732421875
2025-09-25,22.612735748291016,68.34990692138672,60.167579650878906,344.75
2025-09-26,22.672269821166992,68.88319396972656,61.02073669433594,346.739990234375
2025-09-29,22.79133415222168,69.04120635986328,61.24890899658203,352.4599914550781
2025-09-30,22.821102142333984,69.54486846923828,61.625885009765625,355.4700012207031
2025-10-01,22.8529109954834,69.75225830078125,62.37984085083008,356.0299987792969
2025-10-02,22.83302879333496,69.5152359008789,62.816341400146484,354.7900085449219
2025-10-03,22.823089599609375,69.96952056884766,62.95522689819336,357.6400146484375
2025-10-06,22.66404151916504,69.93001556396484,62.6179313659668,364.3800048828125
2025-10-07,22.564640045166016,69.2979736328125,61.93342208862305,366.260009765625
2025-10-08,22.55470085144043,69.44611358642578,62.34016036987305,372.29998779296875
2025-10-09,22.445356369018555,69.04120635986328,61.68540954589844,365.42999267578125
2025-10-10,22.594459533691406,68.2906494140625,60.60408020019531,369.1199951171875
2025-10-13,22.5745792388916,68.86344909667969,61.13978576660156,378.0899963378906
2025-10-14,22.644163131713867,68.55729675292969,61.52668380737305,380.7900085449219
2025-10-15,22.72368621826172,68.45853424072266,61.68540954589844,387.3900146484375
2025-10-16,22.89267349243164,68.80418395996094,62.2409553527832,396.45001220703125
2025-10-17,22.83302879333496,68.75481414794922,62.41952133178711,388.989990234375
2025-10-20,22.862852096557617,68.8733139038086,62.89570617675781,403.1499938964844
2025-10-21,22.763446807861328,68.46841430664062,62.39968490600586,377.239990234375
2025-10-22,22.773387908935547,69.05107879638672,62.042545318603516,377.2799987792969
2025-10-23,22.713747024536133,69.5152359008789,62.4691276550293,378.7900085449219
2025-10-24,22.693866729736328,69.87076568603516,62.49888610839844,377.5199890136719
2025-10-27,22.763446807861328,70.07815551757812,63.064353942871094,367.010009765625
2025-10-28,22.80320930480957,69.83126068115234,62.984989166259766,364.3800048828125
2025-10-29,22.564640045166016,69.20909118652344,62.80642318725586,363.0
2025-10-30,22.594459533691406,68.64617919921875,62.33024215698242,370.1300048828125
2025-10-31,22.594459533691406,68.2116470336914,61.9830207824707,368.1199951171875
2025-11-03,22.487897872924805,68.00425720214844,62.042545318603516,368.7799987792969
2025-11-04,22.467979431152344,66.62165069580078,61.36795425415039,362.32000732421875
2025-11-05,22.428142547607422,66.97718048095703,61.89373779296875,366.510009765625
2025-11-06,22.547653198242188,66.68090057373047,61.44731521606445,366.07000732421875
2025-11-07,22.547653198242188,67.14506530761719,61.67548751831055,368.30999755859375
2025-11-10,22.547653198242188,67.55985260009766,62.48896789550781,378.3800048828125
2025-11-11,22.587491989135742,67.77710723876953,63.094112396240234,379.8699951171875
2025-11-12,22.5576114654541,67.8067398071289,63.69926071166992,385.989990234375
2025-11-13,22.617366790771484,67.48084259033203,63.21316146850586,382.8699951171875
2025-11-14,22.5078182220459,67.1648178100586,62.70721435546875,375.9599914550781
2025-11-17,22.487897872924805,66.54264068603516,61.71516799926758,371.6499938964844
2025-11-18,22.40822410583496,66.22662353515625,60.9512939453125,374.3500061035156
2025-11-19,22.27875518798828,66.02910614013672,60.84217071533203,374.9599914550781
2025-11-20,22.228960037231445,65.22917938232422,59.979087829589844,374.8500061035156
2025-11-21,22.27875518798828,66.24637603759766,60.574317932128906,374.2699890136719
2025-11-24,22.308631896972656,66.53277587890625,60.49495315551758,380.20001220703125
2025-11-25,22.428142547607422,67.56971740722656,61.477081298828125,380.0799865722656
2025-11-26,22.43810272216797,68.33015441894531,62.23103332519531,383.1199951171875
2025-11-28,22.467979431152344,69.25846862792969,62.578250885009766,387.8800048828125
2025-12-01,22.38916015625,68.95232391357422,62.47904586791992,389.75
2025-12-02,22.40911293029785,68.99182891845703,62.975067138671875,387.239990234375
2025-12-03,22.49890899658203,69.57449340820312,63.37188720703125,386.8800048828125
2025-12-04,22.429067611694336,69.61399841308594,63.32228469848633,387.1300048828125
2025-12-05,22.459001541137695,69.73250579833984,63.33220672607422,386.44000244140625
2025-12-08,22.38916015625,69.47573852539062,63.29252243041992,385.4200134277344
2025-12-09,22.35922622680664,69.22884368896484,63.11395263671875,387.3999938964844
2025-12-10,22.459001541137695,69.59424591064453,63.76870346069336,389.04998779296875
2025-12-11,22.47895622253418,70.00902557373047,64.4333724975586,393.239990234375
2025-12-12,22.459001541137695,69.71275329589844,63.92743682861328,395.44000244140625
2025-12-15,22.538820266723633,69.91027069091797,64.21512603759766,395.79998779296875
2025-12-16,22.56875228881836,70.07815551757812,64.02664184570312,395.8900146484375
2025-12-17,22.459001541137695,69.56462097167969,63.29252243041992,399.2900085449219
2025-12-18,22.469999313354492,70.2855453491211,63.77862548828125,398.57000732421875
2025-12-19,22.350000381469727,70.11766052246094,64.10600280761719,399.0199890136719
2025-12-22,22.420000076293945,70.8089599609375,64.23999786376953,408.2300109863281
2025-12-23,22.540000915527344,71.1151123046875,64.37999725341797,413.6400146484375
2025-12-24,22.6200008392334,71.36199951171875,64.52999877929688,411.92999267578125
2025-12-26,22.600000381469727,71.5199966430664,64.72000122070312,416.739990234375
2025-12-29,22.59000015258789,71.8499984741211,64.31999969482422,398.6000061035156
2025-12-30,22.559999465942383,72.05999755859375,64.7300033569336,398.8900146484375
2025-12-31,22.530000686645508,71.83999633789062,64.38999938964844,396.30999755859375
2026-01-02,22.479999542236328,72.02999877929688,65.37000274658203,398.2799987792969
2026-01-05,22.520000457763672,72.44999694824219,66.0,408.760009765625
2026-01-06,22.479999542236328,72.55000305175781,66.01000213623047,413.17999267578125
2026-01-07,22.489999771118164,72.83000183105469,65.75,409.2300109863281
2026-01-08,22.450000762939453,72.80000305175781,65.61000061035156,411.489990234375
2026-01-09,22.389999389648438,73.08999633789062,66.41000366210938,414.4700012207031
2026-01-12,22.440000534057617,73.04000091552734,66.87999725341797,422.2300109863281
2026-01-13,22.329999923706055,72.70999908447266,66.76000213623047,421.6300048828125
2026-01-14,22.399999618530273,73.04000091552734,66.6500015258789,425.94000244140625
2026-01-15,22.31999969482422,73.12000274658203,66.41000366210938,423.3299865722656
2026-01-16,22.34000015258789,73.51000213623047,66.58999633789062,421.2900085449219
2026-01-20,22.329999923706055,72.08999633789062,65.30000305175781,437.2300109863281
2026-01-21,22.31999969482422,73.08999633789062,66.0,443.6000061035156
2026-01-22,22.459999084472656,74.25,66.36000061035156,451.7900085449219
2026-01-23,22.469999313354492,74.3593978881836,66.3499984741211,454.9700012207031
