date,value
2006-06-16,21.938817977905273
2006-06-19,21.999189376831055
2006-06-20,21.891382217407227
2006-06-21,21.934505462646484
2006-06-22,21.891382217407227
2006-06-23,21.891382217407227
2006-06-26,21.977632522583008
2006-06-27,21.96470069885254
2006-06-28,21.973316192626953
2006-06-29,21.973316192626953
2006-06-30,22.887617111206055
2006-07-03,23.04287338256836
2006-07-05,22.866050720214844
2006-07-06,22.866050720214844
2006-07-07,23.034252166748047
2006-07-10,22.85742950439453
2006-07-11,22.85742950439453
2006-07-12,22.779800415039062
2006-07-13,22.503780364990234
2006-07-14,22.266584396362305
2006-07-17,22.266584396362305
2006-07-18,22.266584396362305
2006-07-19,22.0983943939209
2006-07-20,22.3873348236084
2006-07-21,22.40459632873535
2006-07-24,22.40459632873535
2006-07-25,22.40459632873535
2006-07-26,22.58573341369629
2006-07-27,22.853124618530273
2006-07-28,23.025623321533203
2006-07-31,23.142070770263672
2006-08-01,23.129133224487305
2006-08-02,23.288694381713867
2006-08-03,23.09463119506836
2006-08-04,23.44395637512207
2006-08-07,23.482770919799805
2006-08-08,23.426708221435547
2006-08-09,23.374950408935547
2006-08-10,23.23695182800293
2006-08-11,23.23695182800293
2006-08-14,23.22401237487793
2006-08-15,23.525903701782227
2006-08-16,23.814855575561523
2006-08-17,23.814855575561523
2006-08-18,23.784666061401367
2006-08-21,24.00029945373535
2006-08-22,23.965797424316406
2006-08-23,23.517274856567383
2006-08-24,23.38788604736328
2006-08-25,23.45258140563965
2006-08-28,23.500024795532227
2006-08-29,23.676837921142578
2006-08-30,23.642343521118164
2006-08-31,23.62509536743164
2006-09-01,23.771726608276367
2006-09-05,23.88817024230957
2006-09-06,23.612154006958008
2006-09-07,23.36200523376465
2006-09-08,23.327510833740234
2006-09-11,23.23263168334961
2006-09-12,23.448270797729492
2006-09-13,23.50432777404785
2006-09-14,23.676837921142578
2006-09-15,23.668214797973633
2006-09-18,23.672527313232422
2006-09-19,23.681154251098633
2006-09-20,23.84504508972168
2006-09-21,23.931299209594727
2006-09-22,24.090866088867188
2006-09-25,23.957176208496094
2006-09-26,23.957176208496094
2006-09-27,23.94854736328125
2006-09-28,24.121055603027344
2006-09-29,24.103803634643555
2006-10-02,24.250431060791016
2006-10-03,24.25474739074707
2006-10-04,24.388444900512695
2006-10-05,24.49626350402832
2006-10-06,24.358261108398438
2006-10-09,24.358261108398438
2006-10-10,24.30218505859375
2006-10-11,24.332382202148438
2006-10-12,24.651517868041992
2006-10-13,24.6083984375
2006-10-16,24.707576751708984
2006-10-17,24.617021560668945
2006-10-18,24.66014289855957
2006-10-19,24.86716651916504
2006-10-20,24.94046974182129
2006-10-23,24.931854248046875
2006-10-24,25.0137882232666
2006-10-25,25.13023567199707
2006-10-26,25.449378967285156
2006-10-27,25.117294311523438
2006-10-30,25.194921493530273
2006-10-31,25.38468360900879
2006-11-01,25.376054763793945
2006-11-02,25.457998275756836
2006-11-03,25.363107681274414
2006-11-06,25.626188278198242
2006-11-07,25.729686737060547
2006-11-08,25.928091049194336
2006-11-09,25.846139907836914
2006-11-10,26.057456970214844
2006-11-13,25.941028594970703
2006-11-14,26.1652889251709
2006-11-15,26.135095596313477
2006-11-16,26.19978904724121
2006-11-17,26.1264705657959
2006-11-20,25.953962326049805
2006-11-21,26.19978904724121
2006-11-22,26.432676315307617
2006-11-24,26.43697738647461
2006-11-27,26.221351623535156
2006-11-28,26.39385986328125
2006-11-29,26.68712615966797
2006-11-30,27.127029418945312
2006-12-01,27.286592483520508
2006-12-04,27.390100479125977
2006-12-05,27.506542205810547
2006-12-06,27.446165084838867
2006-12-07,27.51516342163086
2006-12-08,27.4720401763916
2006-12-11,27.704925537109375
2006-12-12,27.829998016357422
2006-12-13,27.84723663330078
2006-12-14,27.90331268310547
2006-12-15,27.81705093383789
2006-12-18,27.825687408447266
2006-12-19,28.157760620117188
2006-12-20,28.032695770263672
2006-12-21,28.08872413635254
2006-12-22,28.0670166015625
2006-12-26,28.097421646118164
2006-12-27,28.405847549438477
2006-12-28,28.43625831604004
2006-12-29,28.345035552978516
2007-01-03,28.52313232421875
2007-01-04,28.497068405151367
2007-01-05,28.24510955810547
2007-01-08,28.349374771118164
2007-01-09,28.345035552978516
2007-01-10,28.188655853271484
2007-01-11,28.179962158203125
2007-01-12,28.479698181152344
2007-01-16,28.566585540771484
2007-01-17,28.644775390625
2007-01-18,28.670835494995117
2007-01-19,28.883697509765625
2007-01-22,28.86631965637207
2007-01-23,28.935829162597656
2007-01-24,29.035751342773438
2007-01-25,28.72296142578125
2007-01-26,28.79681968688965
2007-01-29,28.814191818237305
2007-01-30,28.914093017578125
2007-01-31,29.074840545654297
2007-02-01,29.24425506591797
2007-02-02,29.418014526367188
2007-02-05,29.439739227294922
2007-02-06,29.704713821411133
2007-02-07,29.782913208007812
2007-02-08,29.765548706054688
2007-02-09,29.513586044311523
2007-02-12,29.526622772216797
2007-02-13,29.717744827270508
2007-02-14,30.06093978881836
2007-02-15,30.121761322021484
2007-02-16,30.03053092956543
2007-02-20,30.33895492553711
2007-02-21,30.217317581176758
2007-02-22,30.3997802734375
2007-02-23,30.408458709716797
2007-02-26,30.521413803100586
2007-02-27,28.51879119873047
2007-02-28,28.92278289794922
2007-03-01,28.505767822265625
2007-03-02,28.384130477905273
2007-03-05,27.450157165527344
2007-03-06,28.56223487854004
2007-03-07,28.63608169555664
2007-03-08,29.17474937438965
2007-03-09,29.283334732055664
2007-03-12,29.578739166259766
2007-03-13,28.82288360595703
2007-03-14,28.94451332092285
2007-03-15,29.035751342773438
2007-03-16,29.12261390686035
2007-03-19,29.46579360961914
2007-03-20,29.713407516479492
2007-03-21,30.68647575378418
2007-03-22,30.391096115112305
2007-03-23,30.3476505279541
2007-03-26,30.577882766723633
2007-03-27,30.425832748413086
2007-03-28,30.130435943603516
2007-03-29,30.412818908691406
2007-03-30,30.577882766723633
2007-04-02,30.838510513305664
2007-04-03,30.990562438964844
2007-04-04,31.03400421142578
2007-04-05,31.3033447265625
2007-04-09,31.320714950561523
2007-04-10,31.594390869140625
2007-04-11,31.39892578125
2007-04-12,31.6378231048584
2007-04-13,31.859375
2007-04-16,32.111328125
2007-04-17,32.07224655151367
2007-04-18,32.106998443603516
2007-04-19,31.781185150146484
2007-04-20,32.015769958496094
2007-04-23,31.93756866455078
2007-04-24,31.93324089050293
2007-04-25,32.228633880615234
2007-04-26,32.063560485839844
2007-04-27,32.063560485839844
2007-04-30,32.04180908203125
2007-05-01,32.146087646484375
2007-05-02,32.385013580322266
2007-05-03,32.34591293334961
2007-05-04,32.63262939453125
2007-05-07,32.754241943359375
2007-05-08,32.53269958496094
2007-05-09,32.484920501708984
2007-05-10,31.9853572845459
2007-05-11,32.341556549072266
2007-05-14,32.21994400024414
2007-05-15,32.341556549072266
2007-05-16,32.6282958984375
2007-05-17,32.554439544677734
2007-05-18,32.762943267822266
2007-05-21,32.602203369140625
2007-05-22,32.70647430419922
2007-05-23,32.79770278930664
2007-05-24,32.49362564086914
2007-05-25,32.73252868652344
2007-05-29,32.58049774169922
2007-05-30,32.680416107177734
2007-05-31,32.87156295776367
2007-06-01,32.99318313598633
2007-06-04,33.17997741699219
2007-06-05,32.98015213012695
2007-06-06,32.3763313293457
2007-06-07,31.285966873168945
2007-06-08,31.781185150146484
2007-06-11,31.594390869140625
2007-06-12,31.264253616333008
2007-06-13,31.555295944213867
2007-06-14,31.737754821777344
2007-06-15,32.15477752685547
2007-06-18,31.9853572845459
2007-06-19,32.0287971496582
2007-06-20,31.54662322998047
2007-06-21,31.746442794799805
2007-06-22,31.420629501342773
2007-06-25,31.320714950561523
2007-06-26,31.464080810546875
2007-06-27,31.585710525512695
2007-06-28,31.681255340576172
2007-06-29,31.585710525512695
2007-07-02,31.95060920715332
2007-07-03,32.354610443115234
2007-07-05,32.398040771484375
2007-07-06,32.341556549072266
2007-07-09,32.51533508300781
2007-07-10,32.185184478759766
2007-07-11,32.610904693603516
2007-07-12,33.07572555541992
2007-07-13,33.02793502807617
2007-07-16,32.93236541748047
2007-07-17,32.91063690185547
2007-07-18,33.062679290771484
2007-07-19,33.010562896728516
2007-07-20,32.92802810668945
2007-07-23,32.80205154418945
2007-07-24,32.21125030517578
2007-07-25,32.19822692871094
2007-07-26,31.186052322387695
2007-07-27,30.75600242614746
2007-07-30,31.451047897338867
2007-07-31,31.194747924804688
2007-08-01,31.43800926208496
2007-08-02,31.48579216003418
2007-08-03,30.75600242614746
2007-08-06,31.168670654296875
2007-08-07,31.15999984741211
2007-08-08,31.390233993530273
2007-08-09,30.165193557739258
2007-08-10,29.774229049682617
2007-08-13,29.908897399902344
2007-08-14,29.496219635009766
2007-08-15,28.640426635742188
2007-08-16,28.345035552978516
2007-08-17,28.714279174804688
2007-08-20,28.79681968688965
2007-08-21,28.47101593017578
2007-08-22,29.274656295776367
2007-08-23,29.47449493408203
2007-08-24,30.10438346862793
2007-08-27,29.921932220458984
2007-08-28,29.109586715698242
2007-08-29,30.17823600769043
2007-08-30,29.87848472595215
2007-08-31,30.425832748413086
2007-09-04,30.734272003173828
2007-09-05,30.369367599487305
2007-09-06,30.43018341064453
2007-09-07,30.139131546020508
2007-09-10,30.047903060913086
2007-09-11,30.28249168395996
2007-09-12,30.278133392333984
2007-09-13,30.165193557739258
2007-09-14,29.791610717773438
2007-09-17,29.109586715698242
2007-09-18,29.882831573486328
2007-09-19,29.77857780456543
2007-09-20,29.77857780456543
2007-09-21,29.995779037475586
2007-09-24,29.843734741210938
2007-09-25,29.65694236755371
2007-09-26,29.6004695892334
2007-09-27,30.043561935424805
2007-09-28,30.11306381225586
2007-10-01,30.18691635131836
2007-10-02,30.308549880981445
2007-10-03,30.330263137817383
2007-10-04,30.75600242614746
2007-10-05,30.808122634887695
2007-10-08,30.760332107543945
2007-10-09,30.96016502380371
2007-10-10,30.903671264648438
2007-10-11,31.08613395690918
2007-10-12,31.12957763671875
2007-10-15,31.094831466674805
2007-10-16,30.716896057128906
2007-10-17,31.03400421142578
2007-10-18,31.285966873168945
2007-10-19,30.6821231842041
2007-10-22,30.408458709716797
2007-10-23,31.08613395690918
2007-10-24,30.738611221313477
2007-10-25,31.146955490112305
2007-10-26,31.455379486083984
2007-10-29,31.494478225708008
2007-10-30,31.342437744140625
2007-10-31,31.91587257385254
2007-11-01,31.181711196899414
2007-11-02,31.659557342529297
2007-11-05,31.08613395690918
2007-11-06,31.446699142456055
2007-11-07,30.786399841308594
2007-11-08,31.060070037841797
2007-11-09,30.29986572265625
2007-11-12,29.704713821411133
2007-11-13,30.317235946655273
2007-11-14,29.961021423339844
2007-11-15,29.37892723083496
2007-11-16,29.68733787536621
2007-11-19,28.52749252319336
2007-11-20,28.714279174804688
2007-11-21,28.101770401000977
2007-11-23,28.614364624023438
2007-11-26,28.006195068359375
2007-11-27,28.51445198059082
2007-11-28,29.113924026489258
2007-11-29,28.909759521484375
2007-11-30,29.01401138305664
2007-12-03,28.94451332092285
2007-12-04,28.631731033325195
2007-12-05,28.605682373046875
2007-12-06,28.857637405395508
2007-12-07,28.84894561767578
2007-12-10,29.05745506286621
2007-12-11,28.48402976989746
2007-12-12,28.979267120361328
2007-12-13,29.431053161621094
2007-12-14,27.954072952270508
2007-12-17,27.083362579345703
2007-12-18,27.339033126831055
2007-12-19,27.06011390686035
2007-12-20,27.04618263244629
2007-12-21,27.28790283203125
2007-12-24,27.41806983947754
2007-12-26,27.45991325378418
2007-12-27,27.483144760131836
2007-12-28,27.948022842407227
2007-12-31,27.492441177368164
2008-01-02,27.836462020874023
2008-01-03,27.678394317626953
2008-01-04,27.07407569885254
2008-01-07,26.725414276123047
2008-01-08,26.474384307861328
2008-01-09,26.30703353881836
2008-01-10,26.29773712158203
2008-01-11,25.74918556213379
2008-01-14,26.344209671020508
2008-01-15,25.567886352539062
2008-01-16,24.991437911987305
2008-01-17,24.535873413085938
2008-01-18,24.717172622680664
2008-01-22,24.43824577331543
2008-01-23,24.308086395263672
2008-01-24,24.79155731201172
2008-01-25,24.43824577331543
2008-01-28,24.921716690063477
2008-01-29,25.35404396057129
2008-01-30,25.63296890258789
2008-01-31,25.804964065551758
2008-02-01,26.153621673583984
2008-02-04,26.2930908203125
2008-02-05,25.25177764892578
2008-02-06,25.103008270263672
2008-02-07,24.893823623657227
2008-02-08,24.666040420532227
2008-02-11,24.879878997802734
2008-02-12,25.28896141052246
2008-02-13,25.739887237548828
2008-02-14,25.70269775390625
2008-02-15,25.75848960876465
2008-02-19,25.81891441345215
2008-02-20,26.06529426574707
2008-02-21,25.98627471923828
2008-02-22,26.31167984008789
2008-02-25,26.646385192871094
2008-02-26,27.050813674926758
2008-02-27,27.09265899658203
2008-02-28,27.064767837524414
2008-02-29,26.49297332763672
2008-03-03,26.604543685913086
2008-03-04,26.465085983276367
2008-03-05,26.664979934692383
2008-03-06,26.49763298034668
2008-03-07,26.16291618347168
2008-03-10,25.800325393676758
2008-03-11,26.46043586730957
2008-03-12,26.623146057128906
2008-03-13,26.79979705810547
2008-03-14,26.525522232055664
2008-03-17,26.167570114135742
2008-03-18,26.539461135864258
2008-03-19,25.428424835205078
2008-03-20,25.786376953125
2008-03-24,26.24659538269043
2008-03-25,26.437192916870117
2008-03-26,26.53481674194336
2008-03-27,26.70216941833496
2008-03-28,26.664979934692383
2008-03-31,27.088003158569336
2008-04-01,27.65980339050293
2008-04-02,27.55287742614746
2008-04-03,27.594717025756836
2008-04-04,27.53428840637207
2008-04-07,27.46921157836914
2008-04-08,27.15773582458496
2008-04-09,27.111263275146484
2008-04-10,26.934602737426758
2008-04-11,26.572006225585938
2008-04-14,26.771894454956055
2008-04-15,26.753307342529297
2008-04-16,27.19493293762207
2008-04-17,27.148448944091797
2008-04-18,27.171688079833984
2008-04-21,27.246068954467773
2008-04-22,27.078720092773438
2008-04-23,26.948551177978516
2008-04-24,26.767244338989258
2008-04-25,26.920654296875
2008-04-28,27.15308952331543
2008-04-29,26.84163475036621
2008-04-30,26.892772674560547
2008-05-01,27.139148712158203
2008-05-02,27.125205993652344
2008-05-05,27.19493293762207
2008-05-06,27.51569938659668
2008-05-07,27.055465698242188
2008-05-08,27.301851272583008
2008-05-09,27.129850387573242
2008-05-12,27.52964210510254
2008-05-13,27.218172073364258
2008-05-14,27.01827049255371
2008-05-15,27.2600154876709
2008-05-16,27.5389347076416
2008-05-19,27.40877342224121
2008-05-20,27.464555740356445
2008-05-21,27.139148712158203
2008-05-22,27.40877342224121
2008-05-23,27.311155319213867
2008-05-27,27.078720092773438
2008-05-28,27.101959228515625
2008-05-29,26.9764461517334
2008-05-30,26.89741325378418
2008-06-02,26.576650619506836
2008-06-03,26.49763298034668
2008-06-04,26.325618743896484
2008-06-05,26.911361694335938
2008-06-06,26.525522232055664
2008-06-09,26.20010757446289
2008-06-10,25.786376953125
2008-06-11,25.43772315979004
2008-06-12,25.191341400146484
2008-06-13,25.330810546875
2008-06-16,25.651565551757812
2008-06-17,25.735231399536133
2008-06-18,25.428424835205078
2008-06-19,25.23318099975586
2008-06-20,24.898468017578125
2008-06-23,24.563762664794922
2008-06-24,24.168630599975586
2008-06-25,24.61025047302246
2008-06-26,23.96873664855957
2008-06-27,23.926904678344727
2008-06-30,23.647974014282227
2008-07-01,23.11337661743164
2008-07-02,22.416065216064453
2008-07-03,22.304485321044922
2008-07-07,21.81172752380371
2008-07-08,21.85356903076172
2008-07-09,22.006982803344727
2008-07-10,21.983732223510742
2008-07-11,22.02092170715332
2008-07-14,21.78849220275879
2008-07-15,21.40729331970215
2008-07-16,21.77918815612793
2008-07-17,22.513681411743164
2008-07-18,22.890230178833008
2008-07-21,23.438772201538086
2008-07-22,23.317909240722656
2008-07-23,23.50385856628418
2008-07-24,22.946022033691406
2008-07-25,22.936716079711914
2008-07-28,22.578765869140625
2008-07-29,22.62525749206543
2008-07-30,22.862340927124023
2008-07-31,22.52298355102539
2008-08-01,22.662450790405273
2008-08-04,22.667089462280273
2008-08-05,23.32721710205078
2008-08-06,23.53639793395996
2008-08-07,23.127317428588867
2008-08-08,23.32256317138672
2008-08-11,23.355104446411133
2008-08-12,23.243534088134766
2008-08-13,22.83444595336914
2008-08-14,22.564821243286133
2008-08-15,22.481143951416016
2008-08-18,22.225465774536133
2008-08-19,21.932594299316406
2008-08-20,21.77918815612793
2008-08-21,22.07670783996582
2008-08-22,22.090656280517578
2008-08-25,21.867517471313477
2008-08-26,21.932594299316406
2008-08-27,22.095306396484375
2008-08-28,22.35563087463379
2008-08-29,22.267303466796875
2008-09-02,22.20687484741211
2008-09-03,22.141786575317383
2008-09-04,21.560707092285156
2008-09-05,21.481672286987305
2008-09-08,21.62579345703125
2008-09-09,21.01680564880371
2008-09-10,21.160921096801758
2008-09-11,20.86339569091797
2008-09-12,21.105127334594727
2008-09-15,20.48219871520996
2008-09-16,20.286951065063477
2008-09-17,19.72910499572754
2008-09-18,20.77507972717285
2008-09-19,21.528160095214844
2008-09-22,21.109777450561523
2008-09-23,20.486854553222656
2008-09-24,20.412473678588867
2008-09-25,20.458951950073242
2008-09-26,20.035926818847656
2008-09-29,17.809206008911133
2008-09-30,18.748233795166016
2008-10-01,18.590173721313477
2008-10-02,18.139257431030273
2008-10-03,17.874271392822266
2008-10-06,16.786476135253906
2008-10-07,15.805601119995117
2008-10-08,15.64289379119873
2008-10-09,14.84797191619873
2008-10-10,14.792182922363281
2008-10-13,16.168195724487305
2008-10-14,15.805601119995117
2008-10-15,15.266352653503418
2008-10-16,15.271000862121582
2008-10-17,14.671319007873535
2008-10-20,14.759641647338867
2008-10-21,14.457477569580078
2008-10-22,13.829901695251465
2008-10-23,13.123297691345215
2008-10-24,12.602639198303223
2008-10-27,11.868147850036621
2008-10-28,12.537557601928711
2008-10-29,13.053563117980957
2008-10-30,13.574224472045898
2008-10-31,13.527732849121094
2008-11-03,13.681146621704102
2008-11-04,14.322667121887207
2008-11-05,14.234341621398926
2008-11-06,13.430116653442383
2008-11-07,13.555631637573242
2008-11-10,13.4905424118042
2008-11-11,13.262761116027832
2008-11-12,12.379502296447754
2008-11-13,13.076810836791992
2008-11-14,12.602639198303223
2008-11-17,12.3004789352417
2008-11-18,12.263291358947754
2008-11-19,11.714741706848145
2008-11-20,10.826841354370117
2008-11-21,11.533440589904785
2008-11-24,11.542736053466797
2008-11-25,11.733341217041016
2008-11-26,11.970420837402344
2008-11-28,11.970420837402344
2008-12-01,11.268464088439941
2008-12-02,11.403274536132812
2008-12-03,11.742632865905762
2008-12-04,11.561335563659668
2008-12-05,11.672901153564453
2008-12-08,11.886741638183594
2008-12-09,12.08663558959961
2008-12-10,12.43528938293457
2008-12-11,12.597990989685059
2008-12-12,12.467830657958984
2008-12-15,12.579395294189453
2008-12-16,13.169784545898438
2008-12-17,13.1511869430542
2008-12-18,13.016379356384277
2008-12-19,12.551504135131836
2008-12-22,13.558965682983398
2008-12-23,12.54787826538086
2008-12-24,12.744913101196289
2008-12-26,12.864165306091309
2008-12-29,12.993797302246094
2008-12-30,12.900467872619629
2008-12-31,13.09230899810791
2009-01-02,13.377487182617188
2009-01-05,13.23231029510498
2009-01-06,13.63674545288086
2009-01-07,13.693778991699219
2009-01-08,13.6834077835083
2009-01-09,13.320454597473145
2009-01-12,13.045646667480469
2009-01-13,12.610099792480469
2009-01-14,12.511577606201172
2009-01-15,12.661953926086426
2009-01-16,12.454545021057129
2009-01-20,11.261980056762695
2009-01-21,11.85307788848877
2009-01-22,11.6249361038208
2009-01-23,11.287904739379883
2009-01-26,11.609380722045898
2009-01-27,11.713081359863281
2009-01-28,12.236774444580078
2009-01-29,11.884184837341309
2009-01-30,11.837528228759766
2009-02-02,11.578272819519043
2009-02-03,11.7338228225708
2009-02-04,11.821965217590332
2009-02-05,12.091586112976074
2009-02-06,12.37158489227295
2009-02-09,12.776021957397461
2009-02-10,12.350851058959961
2009-02-11,12.304181098937988
2009-02-12,12.33529281616211
2009-02-13,12.542694091796875
2009-02-17,11.557530403137207
2009-02-18,11.52641773223877
2009-02-19,11.884184837341309
2009-02-20,11.370867729187012
2009-02-23,11.070131301879883
2009-02-24,11.293091773986816
2009-02-25,11.137537956237793
2009-02-26,11.2982759475708
2009-02-27,11.199756622314453
2009-03-02,10.57754898071289
2009-03-03,10.561995506286621
2009-03-04,10.8627290725708
2009-03-05,10.53088665008545
2009-03-06,10.453106880187988
2009-03-09,10.157559394836426
2009-03-10,10.541254997253418
2009-03-11,10.6397705078125
2009-03-12,10.629401206970215
2009-03-13,10.940506935119629
2009-03-16,11.039021492004395
2009-03-17,11.215312957763672
2009-03-18,11.57308292388916
2009-03-19,11.557530403137207
2009-03-20,11.319014549255371
2009-03-23,11.953063011169434
2009-03-24,11.85357666015625
2009-03-25,11.780282974243164
2009-03-26,12.078712463378906
2009-03-27,11.727921485900879
2009-03-30,11.392837524414062
2009-03-31,11.712217330932617
2009-04-01,11.921639442443848
2009-04-02,12.565631866455078
2009-04-03,12.874536514282227
2009-04-06,12.70699405670166
2009-04-07,12.649404525756836
2009-04-08,12.476624488830566
2009-04-09,12.905949592590332
2009-04-13,13.005425453186035
2009-04-14,13.005425453186035
2009-04-15,13.33527660369873
2009-04-16,13.413814544677734
2009-04-17,13.492350578308105
2009-04-20,12.733173370361328
2009-04-21,12.963545799255371
2009-04-22,13.2200927734375
2009-04-23,13.49758529663086
2009-04-24,13.717480659484863
2009-04-27,13.61276626586914
2009-04-28,13.581354141235352
2009-04-29,14.026385307312012
2009-04-30,14.099688529968262
2009-05-01,14.366705894470215
2009-05-04,14.953097343444824
2009-05-05,14.947864532470703
2009-05-06,15.183465957641602
2009-05-07,15.07876205444336
2009-05-08,15.424310684204102
2009-05-11,15.424310684204102
2009-05-12,15.026400566101074
2009-05-13,14.42953872680664
2009-05-14,14.539483070373535
2009-05-15,14.628486633300781
2009-05-18,15.015928268432617
2009-05-19,15.612794876098633
2009-05-20,15.874582290649414
2009-05-21,15.597088813781738
2009-05-22,15.853638648986816
2009-05-26,15.649450302124023
2009-05-27,15.654681205749512
2009-05-28,15.785575866699219
2009-05-29,15.837926864624023
2009-06-01,16.277725219726562
2009-06-02,16.743703842163086
2009-06-03,16.09447479248047
2009-06-04,16.27249526977539
2009-06-05,16.13636589050293
2009-06-08,16.021183013916016
2009-06-09,16.24107551574707
2009-06-10,16.220136642456055
2009-06-11,16.502866744995117
2009-06-12,16.225366592407227
2009-06-15,15.69657039642334
2009-06-16,15.754156112670898
2009-06-17,15.46096420288086
2009-06-18,15.387662887573242
2009-06-19,15.387662887573242
2009-06-22,14.707808494567871
2009-06-23,15.067317962646484
2009-06-24,15.072685241699219
2009-06-25,15.201468467712402
2009-06-26,15.496589660644531
2009-06-29,15.64683723449707
2009-06-30,15.437569618225098
2009-07-01,15.437569618225098
2009-07-02,15.249756813049316
2009-07-06,14.992199897766113
2009-07-07,14.9439115524292
2009-07-08,14.380492210388184
2009-07-09,14.568300247192383
2009-07-10,14.600493431091309
2009-07-13,14.680978775024414
2009-07-14,15.002928733825684
2009-07-15,15.319515228271484
2009-07-16,15.367801666259766
2009-07-17,15.46976375579834
2009-07-20,15.528782844543457
2009-07-21,15.571709632873535
2009-07-22,15.931228637695312
2009-07-23,16.129764556884766
2009-07-24,16.156591415405273
2009-07-27,16.339025497436523
2009-07-28,16.070735931396484
2009-07-29,15.866827964782715
2009-07-30,16.392675399780273
2009-07-31,16.634151458740234
2009-08-03,17.32098388671875
2009-08-04,17.38536834716797
2009-08-05,17.594640731811523
2009-08-06,17.594640731811523
2009-08-07,17.428295135498047
2009-08-10,17.43366050720215
2009-08-11,17.235130310058594
2009-08-12,17.487321853637695
2009-08-13,17.803913116455078
2009-08-14,17.825368881225586
2009-08-17,17.240493774414062
2009-08-18,17.56780433654785
2009-08-19,17.524885177612305
2009-08-20,17.970251083374023
2009-08-21,18.378053665161133
2009-08-24,18.501474380493164
2009-08-25,18.60341453552246
2009-08-26,18.71610450744629
2009-08-27,18.64097785949707
2009-08-28,18.807327270507812
2009-08-31,18.7429256439209
2009-09-01,18.24390983581543
2009-09-02,17.921947479248047
2009-09-03,18.17951774597168
2009-09-04,18.383419036865234
2009-09-08,19.365373611450195
2009-09-09,19.63365936279297
2009-09-10,19.746349334716797
2009-09-11,19.864391326904297
2009-09-14,19.85365867614746
2009-09-15,20.09512710571289
2009-09-16,20.400983810424805
2009-09-17,20.551227569580078
2009-09-18,20.513668060302734
2009-09-21,20.100318908691406
2009-09-22,20.434885025024414
2009-09-23,20.278390884399414
2009-09-24,19.911462783813477
2009-09-25,19.717205047607422
2009-09-28,19.943838119506836
2009-09-29,20.01937484741211
2009-09-30,19.87909507751465
2009-10-01,19.436609268188477
2009-10-02,19.236957550048828
2009-10-05,19.479780197143555
2009-10-06,19.916860580444336
2009-10-07,19.954620361328125
2009-10-08,20.332355499267578
2009-10-09,20.246023178100586
2009-10-12,20.45646858215332
2009-10-13,20.37552261352539
2009-10-14,20.850379943847656
2009-10-15,21.195722579956055
2009-10-16,21.001461029052734
2009-10-19,21.15255355834961
2009-10-20,21.006864547729492
2009-10-21,21.08241081237793
2009-10-22,21.141765594482422
2009-10-23,20.888153076171875
2009-10-26,20.397106170654297
2009-10-27,20.11651611328125
2009-10-28,19.36106300354004
2009-10-29,19.970823287963867
2009-10-30,19.112844467163086
2009-11-02,19.431217193603516
2009-11-03,19.280128479003906
2009-11-04,19.781953811645508
2009-11-05,20.181270599365234
2009-11-06,20.2082462310791
2009-11-09,20.764036178588867
2009-11-10,20.612947463989258
2009-11-11,20.666912078857422
2009-11-12,20.326961517333984
2009-11-13,20.569780349731445
2009-11-16,21.157960891723633
2009-11-17,21.12018394470215
2009-11-18,21.0554256439209
2009-11-19,20.60755729675293
2009-11-20,20.294593811035156
2009-11-23,20.52121353149414
2009-11-24,20.65073013305664
2009-11-25,20.7100830078125
2009-11-27,20.154281616210938
2009-11-30,19.965425491333008
2009-12-01,20.499631881713867
2009-12-02,20.7100830078125
2009-12-03,20.553598403930664
2009-12-04,20.26760482788086
2009-12-07,20.24062156677246
2009-12-08,19.765764236450195
2009-12-09,19.76036834716797
2009-12-10,19.625473022460938
2009-12-11,19.61467933654785
2009-12-14,19.776561737060547
2009-12-15,19.576900482177734
2009-12-16,19.59848976135254
2009-12-17,19.420419692993164
2009-12-18,19.425819396972656
2009-12-21,19.45291519165039
2009-12-22,19.534212112426758
2009-12-23,19.70765495300293
2009-12-24,19.75644874572754
2009-12-28,19.821489334106445
2009-12-29,19.88652801513672
2009-12-30,19.946155548095703
2009-12-31,19.783550262451172
2010-01-04,20.271366119384766
2010-01-05,20.363506317138672
2010-01-06,20.49358558654785
2010-01-07,20.63993263244629
2010-01-08,20.845901489257812
2010-01-11,21.100645065307617
2010-01-12,20.921775817871094
2010-01-13,20.96513557434082
2010-01-14,20.99224090576172
2010-01-15,20.900096893310547
2010-01-19,20.97056770324707
2010-01-20,20.47732162475586
2010-01-21,20.10334587097168
2010-01-22,19.702247619628906
2010-01-25,19.940731048583984
2010-01-26,19.718496322631836
2010-01-27,19.919050216674805
2010-01-28,19.75644874572754
2010-01-29,19.333675384521484
2010-02-01,19.534212112426758
2010-02-02,20.022037506103516
2010-02-03,19.984094619750977
2010-02-04,19.219852447509766
2010-02-05,18.585691452026367
2010-02-08,18.493549346923828
2010-02-09,19.106027603149414
2010-02-10,18.694091796875
2010-02-11,18.981369018554688
2010-02-12,18.883804321289062
2010-02-16,19.246944427490234
2010-02-17,19.32283592224121
2010-02-18,19.23069190979004
2010-02-19,19.198169708251953
2010-02-22,19.425809860229492
2010-02-23,19.192750930786133
2010-02-24,19.10060691833496
2010-02-25,19.00846290588379
2010-02-26,19.111448287963867
2010-03-01,18.970523834228516
2010-03-02,19.198169708251953
2010-03-03,19.26863670349121
2010-03-04,19.404136657714844
2010-03-05,19.734766006469727
2010-03-08,19.837749481201172
2010-03-09,19.626367568969727
2010-03-10,19.767288208007812
2010-03-11,19.940731048583984
2010-03-12,20.168378829956055
2010-03-15,19.98951530456543
2010-03-16,20.29303741455078
2010-03-17,20.401437759399414
2010-03-18,20.33098030090332
2010-03-19,20.0274600982666
2010-03-22,20.18463897705078
2010-03-23,20.173799514770508
2010-03-24,19.88652801513672
2010-03-25,19.935314178466797
2010-03-26,20.238842010498047
2010-03-29,20.219284057617188
2010-03-30,20.31708335876465
2010-03-31,20.382291793823242
2010-04-01,20.817007064819336
2010-04-05,20.82242774963379
2010-04-06,20.909374237060547
2010-04-07,20.811569213867188
2010-04-08,21.039785385131836
2010-04-09,21.132152557373047
2010-04-12,21.284305572509766
2010-04-13,21.27887725830078
2010-04-14,21.566869735717773
2010-04-15,21.561429977416992
2010-04-16,21.22454071044922
2010-04-19,21.04522132873535
2010-04-20,21.219104766845703
2010-04-21,21.18649673461914
2010-04-22,21.04522132873535
2010-04-23,21.32235336303711
2010-04-26,21.371252059936523
2010-04-27,20.626811981201172
2010-04-28,20.192108154296875
2010-04-29,20.648550033569336
2010-04-30,20.50183868408203
2010-05-03,20.71919822692871
2010-05-04,20.039962768554688
2010-05-05,19.463977813720703
2010-05-06,18.034873962402344
2010-05-07,17.920766830444336
2010-05-10,19.15424919128418
2010-05-11,18.942323684692383
2010-05-12,19.409643173217773
2010-05-13,19.197723388671875
2010-05-14,18.692371368408203
2010-05-17,18.52935218811035
2010-05-18,17.95880126953125
2010-05-19,18.22506332397461
2010-05-20,17.52410125732422
2010-05-21,17.779483795166016
2010-05-24,17.659942626953125
2010-05-25,17.111125946044922
2010-05-26,17.100265502929688
2010-05-27,17.95880126953125
2010-05-28,17.822954177856445
2010-06-01,17.947933197021484
2010-06-02,18.192462921142578
2010-06-03,18.16529655456543
2010-06-04,17.350215911865234
2010-06-07,17.236103057861328
2010-06-08,17.214374542236328
2010-06-09,17.38825225830078
2010-06-10,17.88273048400879
2010-06-11,17.969669342041016
2010-06-14,18.290266036987305
2010-06-15,18.953195571899414
2010-06-16,18.5565242767334
2010-06-17,18.67064094543457
2010-06-18,18.681499481201172
2010-06-21,18.58369255065918
2010-06-22,18.40981674194336
2010-06-23,18.58369255065918
2010-06-24,18.339170455932617
2010-06-25,18.344600677490234
2010-06-28,18.10991096496582
2010-06-29,17.6383056640625
2010-06-30,17.788101196289062
2010-07-01,17.88797950744629
2010-07-02,17.921268463134766
2010-07-06,18.143203735351562
2010-07-07,18.503847122192383
2010-07-08,18.698043823242188
2010-07-09,18.792356491088867
2010-07-12,18.68694496154785
2010-07-13,19.025394439697266
2010-07-14,19.11417007446289
2010-07-15,19.358293533325195
2010-07-16,19.358293533325195
2010-07-19,18.931062698364258
2010-07-20,18.85894775390625
2010-07-21,18.59261131286621
2010-07-22,19.186290740966797
2010-07-23,19.48590850830078
2010-07-26,19.779972076416016
2010-07-27,19.81326675415039
2010-07-28,19.76332664489746
2010-07-29,19.852100372314453
2010-07-30,19.852100372314453
2010-08-02,20.451326370239258
2010-08-03,20.4846134185791
2010-08-04,20.47907257080078
2010-08-05,20.601139068603516
2010-08-06,20.590038299560547
2010-08-09,20.67881202697754
2010-08-10,20.523460388183594
2010-08-11,19.513647079467773
2010-08-12,19.41377830505371
2010-08-13,19.441518783569336
2010-08-16,19.4914608001709
2010-08-17,19.802165985107422
2010-08-18,19.802165985107422
2010-08-19,19.5025577545166
2010-08-20,19.214035034179688
2010-08-23,19.38603973388672
2010-08-24,18.969905853271484
2010-08-25,18.969905853271484
2010-08-26,18.969905853271484
2010-08-27,19.34165382385254
2010-08-30,18.93661117553711
2010-08-31,19.15300178527832
2010-09-01,19.46371841430664
2010-09-02,19.46371841430664
2010-09-03,19.89093589782715
2010-09-07,19.67455291748047
2010-09-08,19.863201141357422
2010-09-09,19.76332664489746
2010-09-10,20.057392120361328
2010-09-13,20.368099212646484
2010-09-14,20.54009437561035
2010-09-15,20.60668182373047
2010-09-16,20.623319625854492
2010-09-17,20.506803512573242
2010-09-20,20.812816619873047
2010-09-21,21.097084045410156
2010-09-22,21.130529403686523
2010-09-23,20.991178512573242
2010-09-24,21.30331039428711
2010-09-27,21.425947189331055
2010-09-28,21.582015991210938
2010-09-29,21.604299545288086
2010-09-30,21.576438903808594
2010-10-01,21.877426147460938
2010-10-04,21.877426147460938
2010-10-05,22.27316665649414
2010-10-06,22.28431510925293
2010-10-07,22.35120391845703
2010-10-08,22.484970092773438
2010-10-11,22.496118545532227
2010-10-12,22.39579963684082
2010-10-13,22.930885314941406
2010-10-14,23.008914947509766
2010-10-15,23.008914947509766
2010-10-18,23.153839111328125
2010-10-19,22.69120216369629
2010-10-20,22.975479125976562
2010-10-21,22.819408416748047
2010-10-22,22.880722045898438
2010-10-25,22.99776840209961
2010-10-26,23.008914947509766
2010-10-27,22.746944427490234
2010-10-28,22.986623764038086
2010-10-29,23.192867279052734
2010-11-01,22.813833236694336
2010-11-02,23.243019104003906
2010-11-03,23.421384811401367
2010-11-04,23.744672775268555
2010-11-05,23.521713256835938
2010-11-08,23.471540451049805
2010-11-09,23.070219039916992
2010-11-10,23.215152740478516
2010-11-11,22.763673782348633
2010-11-12,22.546297073364258
2010-11-15,22.57415771484375
2010-11-16,22.050214767456055
2010-11-17,22.16169548034668
2010-11-18,22.568580627441406
2010-11-19,22.65777015686035
2010-11-22,22.490554809570312
2010-11-23,21.88857078552246
2010-11-24,21.98332977294922
2010-11-26,21.866281509399414
2010-11-29,21.498397827148438
2010-11-30,21.19184112548828
2010-12-01,21.84955406188965
2010-12-02,22.29546546936035
2010-12-03,22.568580627441406
2010-12-06,22.518423080444336
2010-12-07,22.54071617126465
2010-12-08,22.62990379333496
2010-12-09,22.663331985473633
2010-12-10,22.730224609375
2010-12-13,23.070219039916992
2010-12-14,23.08695411682129
2010-12-15,23.008914947509766
2010-12-16,23.025638580322266
2010-12-17,22.942031860351562
2010-12-20,22.93645668029785
2010-12-21,23.00335121154785
2010-12-22,23.053512573242188
2010-12-23,23.075801849365234
2010-12-27,22.95876121520996
2010-12-28,23.00335121154785
2010-12-29,23.332204818725586
2010-12-30,23.399091720581055
2010-12-31,23.716793060302734
2011-01-03,23.76697540283203
2011-01-04,23.83384895324707
2011-01-05,23.599748611450195
2011-01-06,23.22072410583496
2011-01-07,23.170557022094727
2011-01-10,23.05908203125
2011-01-11,23.304336547851562
2011-01-12,23.761388778686523
2011-01-13,23.923036575317383
2011-01-14,24.040088653564453
2011-01-18,24.22402000427246
2011-01-19,24.073524475097656
2011-01-20,23.850576400756836
2011-01-21,24.006641387939453
2011-01-24,24.11812400817871
2011-01-25,23.945323944091797
2011-01-26,24.22402000427246
2011-01-27,24.368940353393555
2011-01-28,23.956464767456055
2011-01-31,24.240741729736328
2011-02-01,24.692218780517578
2011-02-02,24.419103622436523
2011-02-03,24.34664535522461
2011-02-04,24.313199996948242
2011-02-07,24.446977615356445
2011-02-08,24.60862159729004
2011-02-09,24.67550277709961
2011-02-10,24.341073989868164
2011-02-11,24.380084991455078
2011-02-14,24.446977615356445
2011-02-15,24.290904998779297
2011-02-16,24.603044509887695
2011-02-17,24.558460235595703
2011-02-18,24.792558670043945
2011-02-22,24.028934478759766
2011-02-23,24.14598846435547
2011-02-24,24.056806564331055
2011-02-25,24.290904998779297
2011-02-28,24.653207778930664
2011-03-01,24.653207778930664
2011-03-02,24.697799682617188
2011-03-03,24.92632484436035
2011-03-04,24.943042755126953
2011-03-07,24.987634658813477
2011-03-08,24.803695678710938
2011-03-09,24.92632484436035
2011-03-10,24.296478271484375
2011-03-11,24.363380432128906
2011-03-14,24.207298278808594
2011-03-15,23.739091873168945
2011-03-16,23.387939453125
2011-03-17,23.83942413330078
2011-03-18,24.368940353393555
2011-03-21,24.815231323242188
2011-03-22,24.764772415161133
2011-03-23,24.64702033996582
2011-03-24,24.921762466430664
2011-03-25,24.719921112060547
2011-03-28,24.826448440551758
2011-03-29,24.736738204956055
2011-03-30,25.03390121459961
2011-03-31,25.005857467651367
2011-04-01,24.93858528137207
2011-04-04,25.190879821777344
2011-04-05,25.12920570373535
2011-04-06,25.49925994873047
2011-04-07,25.398332595825195
2011-04-08,25.54410743713379
2011-04-11,25.54410743713379
2011-04-12,25.224515914916992
2011-04-13,25.40394401550293
2011-04-14,25.645030975341797
2011-04-15,25.52168083190918
2011-04-18,25.03950309753418
2011-04-19,25.269376754760742
2011-04-20,25.8076171875
2011-04-21,25.99264144897461
2011-04-25,25.902936935424805
2011-04-26,26.216907501220703
2011-04-27,26.519676208496094
2011-04-28,26.743942260742188
2011-04-29,26.985027313232422
2011-05-02,26.88971519470215
2011-05-03,26.542095184326172
2011-05-04,26.530881881713867
2011-05-05,25.925363540649414
2011-05-06,26.08234214782715
2011-05-09,25.874897003173828
2011-05-10,26.407546997070312
2011-05-11,25.919755935668945
2011-05-12,26.048704147338867
2011-05-13,25.661842346191406
2011-05-16,25.555322647094727
2011-05-17,25.72911834716797
2011-05-18,25.852474212646484
2011-05-19,26.015073776245117
2011-05-20,25.678674697875977
2011-05-23,25.14603042602539
2011-05-24,25.331052780151367
2011-05-25,25.42636489868164
2011-05-26,25.66744613647461
2011-05-27,25.83005142211914
2011-05-31,25.947784423828125
2011-06-01,25.813228607177734
2011-06-02,26.127199172973633
2011-06-03,26.099164962768555
2011-06-06,25.852474212646484
2011-06-07,25.981426239013672
2011-06-08,25.639421463012695
2011-06-09,25.81883430480957
2011-06-10,25.106786727905273
2011-06-13,25.123607635498047
2011-06-14,25.342260360717773
2011-06-15,24.433975219726562
2011-06-16,24.24895477294922
2011-06-17,24.355487823486328
2011-06-20,24.23773765563965
2011-06-21,24.546112060546875
2011-06-22,24.543224334716797
2011-06-23,24.00374412536621
2011-06-24,23.67888832092285
2011-06-27,24.02694320678711
2011-06-28,24.131349563598633
2011-06-29,24.5084171295166
2011-06-30,25.030479431152344
2011-07-01,25.26251792907715
2011-07-05,25.030479431152344
2011-07-06,24.827449798583984
2011-07-07,25.06528091430664
2011-07-08,24.804248809814453
2011-07-11,23.777509689331055
2011-07-12,23.597679138183594
2011-07-13,23.934127807617188
2011-07-14,23.696290969848633
2011-07-15,23.696290969848633
2011-07-18,23.12782096862793
2011-07-19,23.481666564941406
2011-07-20,23.765905380249023
2011-07-21,24.374996185302734
2011-07-22,24.461997985839844
2011-07-25,24.11395263671875
2011-07-26,24.357589721679688
2011-07-27,23.806509017944336
2011-07-28,23.765905380249023
2011-07-29,23.77171516418457
2011-08-01,23.38885498046875
2011-08-02,22.51873207092285
2011-08-03,22.623140335083008
2011-08-04,20.75528335571289
2011-08-05,21.358566284179688
2011-08-08,19.479106903076172
2011-08-09,20.737878799438477
2011-08-10,20.34343147277832
2011-08-11,21.039525985717773
2011-08-12,21.451377868652344
2011-08-15,21.938648223876953
2011-08-16,21.50358772277832
2011-08-17,21.58479881286621
2011-08-18,20.488441467285156
2011-08-19,20.256423950195312
2011-08-22,20.55225944519043
2011-08-23,21.022123336791992
2011-08-24,21.11493682861328
2011-08-25,20.82489776611328
2011-08-26,21.016324996948242
2011-08-29,21.590600967407227
2011-08-30,21.48619270324707
2011-08-31,21.869035720825195
2011-09-01,21.549997329711914
2011-09-02,21.213550567626953
2011-09-06,20.459442138671875
2011-09-07,20.95832061767578
2011-09-08,20.587060928344727
2011-09-09,19.79815101623535
2011-09-12,19.07305335998535
2011-09-13,19.566120147705078
2011-09-14,19.96637535095215
2011-09-15,20.33182716369629
2011-09-16,20.35503387451172
2011-09-19,19.757543563842773
2011-09-20,20.070791244506836
2011-09-21,19.502309799194336
2011-09-22,18.858423233032227
2011-09-23,18.852619171142578
2011-09-26,18.877126693725586
2011-09-27,19.612377166748047
2011-09-28,19.244749069213867
2011-09-29,19.577362060546875
2011-09-30,19.069698333740234
2011-10-03,18.632047653198242
2011-10-04,18.334455490112305
2011-10-05,18.74875831604004
2011-10-06,19.256420135498047
2011-10-07,19.454824447631836
2011-10-10,19.89830207824707
2011-10-11,20.020845413208008
2011-10-12,20.45848846435547
2011-10-13,20.45848846435547
2011-10-14,20.61020278930664
2011-10-17,20.18423080444336
2011-10-18,20.33595085144043
2011-10-19,20.172557830810547
2011-10-20,20.055856704711914
2011-10-21,20.35345458984375
2011-10-24,20.901975631713867
2011-10-25,20.802772521972656
2011-10-26,21.100378036499023
2011-10-27,22.109874725341797
2011-10-28,21.928977966308594
2011-10-31,21.053686141967773
2011-11-01,20.31260871887207
2011-11-02,20.540191650390625
2011-11-03,20.849454879760742
2011-11-04,20.68022918701172
2011-11-07,20.394302368164062
2011-11-08,20.645221710205078
2011-11-09,19.787433624267578
2011-11-10,19.98000144958496
2011-11-11,20.37096405029297
2011-11-14,20.08502960205078
2011-11-15,20.07920265197754
2011-11-16,19.8341121673584
2011-11-17,19.279767990112305
2011-11-18,19.495668411254883
2011-11-21,18.98800277709961
2011-11-22,18.83628273010254
2011-11-23,18.24692153930664
2011-11-25,18.130207061767578
2011-11-28,18.731246948242188
2011-11-29,18.906307220458984
2011-11-30,19.711570739746094
2011-12-01,19.489830017089844
2011-12-02,19.46065902709961
2011-12-05,19.874961853027344
2011-12-06,19.73491668701172
2011-12-07,19.956655502319336
2011-12-08,19.256420135498047
2011-12-09,19.542356491088867
2011-12-12,18.830446243286133
2011-12-13,18.45114517211914
2011-12-14,18.497840881347656
2011-12-15,18.316946029663086
2011-12-16,18.29360008239746
2011-12-19,18.29360008239746
2011-12-20,18.865467071533203
2011-12-21,18.871322631835938
2011-12-22,19.047197341918945
2011-12-23,19.047197341918945
2011-12-27,19.123411178588867
2011-12-28,19.076507568359375
2011-12-29,19.082368850708008
2011-12-30,19.1409912109375
2012-01-03,19.77414321899414
2012-01-04,19.510330200195312
2012-01-05,19.322731018066406
2012-01-06,19.035476684570312
2012-01-09,19.275833129882812
2012-01-10,19.334453582763672
2012-01-11,19.287553787231445
2012-01-12,19.498607635498047
2012-01-13,19.410667419433594
2012-01-17,19.633440017700195
2012-01-18,20.172792434692383
2012-01-19,20.354528427124023
2012-01-20,20.571441650390625
2012-01-23,20.682828903198242
2012-01-24,20.706275939941406
2012-01-25,20.77662467956543
2012-01-26,20.87628936767578
2012-01-27,21.134235382080078
2012-01-30,20.81766128540039
2012-01-31,21.034578323364258
2012-02-01,21.31597900390625
2012-02-02,21.392192840576172
2012-02-03,21.790830612182617
2012-02-06,21.773250579833984
2012-02-07,21.89049530029297
2012-02-08,22.148447036743164
2012-02-09,22.324321746826172
2012-02-10,21.94325828552246
2012-02-13,22.23638153076172
2012-02-14,21.960853576660156
2012-02-15,21.902225494384766
2012-02-16,22.119140625
2012-02-17,22.330183029174805
2012-02-21,22.382946014404297
2012-02-22,22.30673599243164
2012-02-23,22.382946014404297
2012-02-24,22.66434097290039
2012-02-27,22.465023040771484
2012-02-28,22.593996047973633
2012-02-29,22.541231155395508
2012-03-01,22.681936264038086
2012-03-02,22.50020408630371
2012-03-05,22.435714721679688
2012-03-06,21.497705459594727
2012-03-07,21.861190795898438
2012-03-08,22.324321746826172
2012-03-09,22.23052215576172
2012-03-12,22.119140625
2012-03-13,22.605724334716797
2012-03-14,22.412260055541992
2012-03-15,22.635026931762695
2012-03-16,22.892986297607422
2012-03-19,22.892986297607422
2012-03-20,22.71710205078125
2012-03-21,22.547101974487305
2012-03-22,22.248104095458984
2012-03-23,22.44156837463379
2012-03-26,22.97840118408203
2012-03-27,22.878440856933594
2012-03-28,22.607969284057617
2012-03-29,22.443336486816406
2012-03-30,22.649133682250977
2012-04-02,22.86668586730957
2012-04-03,22.460973739624023
2012-04-04,21.97882843017578
2012-04-05,21.831832885742188
2012-04-09,21.62015724182129
2012-04-10,21.16153335571289
2012-04-11,21.543716430664062
2012-04-12,22.02585792541504
2012-04-13,21.73775863647461
2012-04-16,21.537843704223633
2012-04-17,22.008216857910156
2012-04-18,21.931791305541992
2012-04-19,21.861238479614258
2012-04-20,21.961185455322266
2012-04-23,21.549602508544922
2012-04-24,21.667198181152344
2012-04-25,22.01997947692871
2012-04-26,22.137590408325195
2012-04-27,22.284576416015625
2012-04-30,22.284576416015625
2012-05-01,22.637372970581055
2012-05-02,22.319856643676758
2012-05-03,22.119935989379883
2012-05-04,21.731876373291016
2012-05-07,21.72011375427246
2012-05-08,21.40849494934082
2012-05-09,21.073331832885742
2012-05-10,21.190927505493164
2012-05-11,21.26148796081543
2012-05-14,20.85578155517578
2012-05-15,20.32659339904785
2012-05-16,20.350116729736328
2012-05-17,19.962045669555664
2012-05-18,19.65041160583496
2012-05-21,20.203121185302734
2012-05-22,20.208999633789062
2012-05-23,20.079639434814453
2012-05-24,19.76801300048828
2012-05-25,19.815048217773438
2012-05-29,20.009084701538086
2012-05-30,19.491655349731445
2012-05-31,19.591623306274414
2012-06-01,19.027151107788086
2012-06-04,19.121234893798828
2012-06-05,19.144746780395508
2012-06-06,19.726850509643555
2012-06-07,19.826807022094727
2012-06-08,19.885608673095703
2012-06-11,19.67392921447754
2012-06-12,19.568092346191406
2012-06-13,19.450496673583984
2012-06-14,19.568092346191406
2012-06-15,19.850324630737305
2012-06-18,19.7856502532959
2012-06-19,20.109037399291992
2012-06-20,20.256038665771484
2012-06-21,19.76801300048828
2012-06-22,20.150197982788086
2012-06-25,19.490245819091797
2012-06-26,19.472087860107422
2012-06-27,19.490245819091797
2012-06-28,19.27852439880371
2012-06-29,20.27056884765625
2012-07-02,20.494394302368164
2012-07-03,20.591176986694336
2012-07-05,20.191940307617188
2012-07-06,19.81084632873535
2012-07-09,19.71405601501465
2012-07-10,19.629369735717773
2012-07-11,19.659618377685547
2012-07-12,19.363204956054688
2012-07-13,19.58098030090332
2012-07-16,19.653568267822266
2012-07-17,19.859241485595703
2012-07-18,19.83504295349121
2012-07-19,19.83504295349121
2012-07-20,19.71405601501465
2012-07-23,19.284570693969727
2012-07-24,19.024463653564453
2012-07-25,19.211977005004883
2012-07-26,19.7624454498291
2012-07-27,20.155649185180664
2012-07-30,20.155649185180664
2012-07-31,20.022558212280273
2012-08-01,20.125402450561523
2012-08-02,19.526531219482422
2012-08-03,20.222190856933594
2012-08-06,20.518592834472656
2012-08-07,20.609325408935547
2012-08-08,20.63351821899414
2012-08-09,20.566980361938477
2012-08-10,20.54278564453125
2012-08-13,20.603275299072266
2012-08-14,20.579076766967773
2012-08-15,20.639570236206055
2012-08-16,20.851295471191406
2012-08-17,21.032764434814453
2012-08-20,21.135597229003906
2012-08-21,21.41386604309082
2012-08-22,21.359416961669922
2012-08-23,21.141647338867188
2012-08-24,21.05091094970703
2012-08-27,21.250534057617188
2012-08-28,21.202136993408203
2012-08-29,21.208187103271484
2012-08-30,21.087207794189453
2012-08-31,21.250534057617188
2012-09-04,21.468297958374023
2012-09-05,21.468297958374023
2012-09-06,21.909887313842773
2012-09-07,22.436159133911133
2012-09-10,22.2728328704834
2012-09-11,22.5450382232666
2012-09-12,22.75071144104004
2012-09-13,23.21044921875
2012-09-14,23.289085388183594
2012-09-17,23.34958267211914
2012-09-18,22.938230514526367
2012-09-19,23.119709014892578
2012-09-20,22.938230514526367
2012-09-21,23.053163528442383
2012-09-24,22.940866470336914
2012-09-25,22.63125991821289
2012-09-26,22.44913673400879
2012-09-27,22.710182189941406
2012-09-28,22.4127197265625
2012-10-01,22.52198600769043
2012-10-02,22.80730438232422
2012-10-03,22.789098739624023
2012-10-04,23.03799819946289
2012-10-05,23.068342208862305
2012-10-08,23.00763511657715
2012-10-09,22.606979370117188
2012-10-10,22.418790817260742
2012-10-11,22.61911964416504
2012-10-12,22.55840301513672
2012-10-15,22.704111099243164
2012-10-16,22.928728103637695
2012-10-17,23.238317489624023
2012-10-18,23.214048385620117
2012-10-19,22.880157470703125
2012-10-22,22.928728103637695
2012-10-23,22.722318649291992
2012-10-24,22.606979370117188
2012-10-25,22.62518310546875
2012-10-26,22.62518310546875
2012-10-31,22.698040008544922
2012-11-01,22.880157470703125
2012-11-02,22.831588745117188
2012-11-05,22.588764190673828
2012-11-06,22.861942291259766
2012-11-07,22.570552825927734
2012-11-08,22.394506454467773
2012-11-09,22.224525451660156
2012-11-12,22.224525451660156
2012-11-13,21.9392147064209
2012-11-14,21.763158798217773
2012-11-15,21.714601516723633
2012-11-16,21.64175033569336
2012-11-19,21.975629806518555
2012-11-20,22.030269622802734
2012-11-21,22.20631980895996
2012-11-23,22.588764190673828
2012-11-26,22.643402099609375
2012-11-27,22.582700729370117
2012-11-28,22.582700729370117
2012-11-29,22.940866470336914
2012-11-30,23.050134658813477
2012-12-03,23.183685302734375
2012-12-04,23.220111846923828
2012-12-05,23.560073852539062
2012-12-06,23.4932918548584
2012-12-07,23.450801849365234
2012-12-10,23.317230224609375
2012-12-11,23.51150131225586
2012-12-12,23.766462326049805
2012-12-13,23.766462326049805
2012-12-14,23.96072769165039
2012-12-17,24.130701065063477
2012-12-18,24.434234619140625
2012-12-19,24.677059173583984
2012-12-20,24.889522552490234
2012-12-21,24.537433624267578
2012-12-24,24.539880752563477
2012-12-26,24.5826473236084
2012-12-27,24.765954971313477
2012-12-28,24.53377342224121
2012-12-31,25.102046966552734
2013-01-02,25.18759536743164
2013-01-03,25.02260971069336
2013-01-04,25.32203483581543
2013-01-07,25.456457138061523
2013-01-08,25.389236450195312
2013-01-09,25.493120193481445
2013-01-10,26.01251792907715
2013-01-11,26.091951370239258
2013-01-14,26.04918098449707
2013-01-15,25.853647232055664
2013-01-16,25.664215087890625
2013-01-17,26.177507400512695
2013-01-18,26.28137969970703
2013-01-22,26.38526153564453
2013-01-23,26.35469627380371
2013-01-24,26.44025230407715
2013-01-25,26.8129940032959
2013-01-28,26.855772018432617
2013-01-29,26.79465675354004
2013-01-30,26.788551330566406
2013-01-31,26.53191375732422
2013-02-01,26.947423934936523
2013-02-04,26.31193733215332
2013-02-05,26.39748191833496
2013-02-06,26.556354522705078
2013-02-07,26.446369171142578
2013-02-08,26.57468605041504
2013-02-11,26.50135612487793
2013-02-12,26.758005142211914
2013-02-13,26.97799301147461
2013-02-14,26.68467140197754
2013-02-15,26.733556747436523
2013-02-19,26.996307373046875
2013-02-20,26.782447814941406
2013-02-21,26.30582046508789
2013-02-22,26.605234146118164
2013-02-25,25.52367401123047
2013-02-26,25.884193420410156
2013-02-27,26.28137969970703
2013-02-28,26.128623962402344
2013-03-01,25.890295028686523
2013-03-04,25.865869522094727
2013-03-05,26.128623962402344
2013-03-06,26.04918098449707
2013-03-07,26.263050079345703
2013-03-08,26.28748893737793
2013-03-11,26.20193862915039
2013-03-12,26.128623962402344
2013-03-13,25.981956481933594
2013-03-14,26.208051681518555
2013-03-15,26.41581153869629
2013-03-18,26.024736404418945
2013-03-19,25.963640213012695
2013-03-20,26.061397552490234
2013-03-21,25.90864372253418
2013-03-22,26.029064178466797
2013-03-25,25.809003829956055
2013-03-26,25.70507049560547
2013-03-27,25.497236251831055
2013-03-28,25.527795791625977
2013-04-01,25.45442771911621
2013-04-02,25.601154327392578
2013-04-03,25.552255630493164
2013-04-04,25.54613494873047
2013-04-05,25.417770385742188
2013-04-08,25.30773162841797
2013-04-09,25.650054931640625
2013-04-10,25.986268997192383
2013-04-11,26.23689842224121
2013-04-12,26.29803466796875
2013-04-15,25.56447410583496
2013-04-16,25.9495906829834
2013-04-17,25.3138370513916
2013-04-18,25.161022186279297
2013-04-19,25.368860244750977
2013-04-22,25.448333740234375
2013-04-23,25.643943786621094
2013-04-24,25.851787567138672
2013-04-25,26.05962371826172
2013-04-26,26.126873016357422
2013-04-29,26.456974029541016
2013-04-30,26.579235076904297
2013-05-01,26.50587272644043
2013-05-02,26.628135681152344
2013-05-03,26.87877082824707
2013-05-06,26.8848819732666
2013-05-07,27.025474548339844
2013-05-08,27.35558319091797
2013-05-09,27.20275115966797
2013-05-10,27.2088680267334
2013-05-13,27.2822208404541
2013-05-14,27.214981079101562
2013-05-15,27.2822208404541
2013-05-16,27.251663208007812
2013-05-17,27.447269439697266
2013-05-20,27.63065528869629
2013-05-21,27.75904083251953
2013-05-22,27.41058349609375
2013-05-23,27.30056381225586
2013-05-24,27.325014114379883
2013-05-28,27.35558319091797
2013-05-29,27.496179580688477
2013-05-30,27.832393646240234
2013-05-31,27.422826766967773
2013-06-03,27.734580993652344
2013-06-04,27.624553680419922
2013-06-05,27.422826766967773
2013-06-06,27.814054489135742
2013-06-07,27.826282501220703
2013-06-10,27.8385009765625
2013-06-11,27.496179580688477
2013-06-12,27.593982696533203
2013-06-13,27.734580993652344
2013-06-14,27.673458099365234
2013-06-17,28.015783309936523
2013-06-18,28.229740142822266
2013-06-19,27.752925872802734
2013-06-20,27.013254165649414
2013-06-21,26.872642517089844
2013-06-24,26.335636138916016
2013-06-25,26.191181182861328
2013-06-26,26.436140060424805
2013-06-27,26.794143676757812
2013-06-28,26.618268966674805
2013-07-01,26.819265365600586
2013-07-02,26.762739181518555
2013-07-03,26.85066032409668
2013-07-05,26.794143676757812
2013-07-08,27.07050323486328
2013-07-09,27.152151107788086
2013-07-10,27.202409744262695
2013-07-11,27.65461540222168
2013-07-12,27.72371482849121
2013-07-15,27.742555618286133
2013-07-16,27.742555618286133
2013-07-17,27.956100463867188
2013-07-18,28.20106315612793
2013-07-19,28.39577293395996
2013-07-22,28.584186553955078
2013-07-23,28.709796905517578
2013-07-24,28.659557342529297
2013-07-25,29.023849487304688
2013-07-26,28.986164093017578
2013-07-29,28.891956329345703
2013-07-30,28.709796905517578
2013-07-31,28.923351287841797
2013-08-01,29.224836349487305
2013-08-02,29.319042205810547
2013-08-05,29.463510513305664
2013-08-06,29.319042205810547
2013-08-07,29.4760799407959
2013-08-08,30.028793334960938
2013-08-09,30.028793334960938
2013-08-12,29.959697723388672
2013-08-13,30.022497177124023
2013-08-14,30.148122787475586
2013-08-15,29.972257614135742
2013-08-16,30.066463470458984
2013-08-19,29.991098403930664
2013-08-20,30.047626495361328
2013-08-21,29.80267333984375
2013-08-22,30.20464324951172
2013-08-23,30.42447853088379
2013-08-26,30.179515838623047
2013-08-27,29.48863410949707
2013-08-28,29.48863410949707
2013-08-29,29.50119972229004
2013-08-30,29.275075912475586
2013-09-03,29.771272659301758
2013-09-04,29.972257614135742
2013-09-05,29.984819412231445
2013-09-06,30.179515838623047
2013-09-09,30.56266212463379
2013-09-10,30.9457950592041
2013-09-11,31.272401809692383
2013-09-12,31.1404972076416
2013-09-13,31.209596633911133
2013-09-16,31.43570327758789
2013-09-17,31.391733169555664
2013-09-18,32.27105712890625
2013-09-19,31.950727462768555
2013-09-20,31.686933517456055
2013-09-23,31.630264282226562
2013-09-24,31.724708557128906
2013-09-25,31.831729888916016
2013-09-26,31.869516372680664
2013-09-27,31.844341278076172
2013-09-30,31.7813777923584
2013-10-01,32.10247039794922
2013-10-02,32.19689178466797
2013-10-03,32.19689178466797
2013-10-04,32.121341705322266
2013-10-07,31.875802993774414
2013-10-08,31.680633544921875
2013-10-09,31.479169845581055
2013-10-10,32.22207260131836
2013-10-11,32.44243621826172
2013-10-14,32.656497955322266
2013-10-15,32.53687286376953
2013-10-16,32.732032775878906
2013-10-17,33.210514068603516
2013-10-18,33.44976806640625
2013-10-21,33.70789337158203
2013-10-22,34.06675338745117
2013-10-23,33.94083786010742
2013-10-24,34.104530334472656
2013-10-25,34.08563995361328
2013-10-28,33.921966552734375
2013-10-29,33.972312927246094
2013-10-30,33.89677429199219
2013-10-31,33.77715301513672
2013-11-01,33.575687408447266
2013-11-04,33.840110778808594
2013-11-05,33.55679702758789
2013-11-06,34.054161071777344
2013-11-07,33.54420471191406
2013-11-08,33.67011260986328
2013-11-11,33.953433990478516
2013-11-12,33.60087585449219
2013-11-13,33.6197509765625
2013-11-14,33.62605285644531
2013-11-15,33.81492233276367
2013-11-18,33.86529541015625
2013-11-19,33.73308181762695
2013-11-20,33.273475646972656
2013-11-21,33.64493942260742
2013-11-22,33.90306854248047
2013-11-25,33.95972442626953
2013-11-26,34.230445861816406
2013-11-27,34.41933059692383
2013-11-29,34.60820388793945
2013-12-02,34.438209533691406
2013-12-03,34.12971496582031
2013-12-04,33.928245544433594
2013-12-05,33.89048385620117
2013-12-06,34.318599700927734
2013-12-09,34.48228073120117
2013-12-10,34.501163482666016
2013-12-11,34.268226623535156
2013-12-12,33.928245544433594
2013-12-13,33.921966552734375
2013-12-16,34.21784973144531
2013-12-17,34.268226623535156
2013-12-18,34.878929138183594
2013-12-19,34.84744644165039
2013-12-20,35.0426025390625
2013-12-23,35.38258361816406
2013-12-24,35.62715530395508
2013-12-26,35.77215576171875
2013-12-27,35.8982048034668
2013-12-30,36.29533767700195
2013-12-31,36.47182083129883
2014-01-02,35.86669158935547
2014-01-03,36.09360885620117
2014-01-06,36.244911193847656
2014-01-07,36.4970588684082
2014-01-08,36.4970588684082
2014-01-09,36.69874572753906
2014-01-10,37.165199279785156
2014-01-13,37.03913497924805
2014-01-14,37.612754821777344
2014-01-15,37.71360397338867
2014-01-16,37.669471740722656
2014-01-17,37.524497985839844
2014-01-21,37.60013961791992
2014-01-22,37.8333740234375
2014-01-23,38.02878189086914
2014-01-24,36.72396469116211
2014-01-27,36.45922088623047
2014-01-28,37.190425872802734
2014-01-29,36.79328918457031
2014-01-30,37.0139274597168
2014-01-31,36.553768157958984
2014-02-03,35.7784423828125
2014-02-04,36.16294860839844
2014-02-05,36.28901672363281
2014-02-06,36.906768798828125
2014-02-07,37.34800720214844
2014-02-10,37.360618591308594
2014-02-11,37.719905853271484
2014-02-12,37.85859680175781
2014-02-13,38.154850006103516
2014-02-14,38.457401275634766
2014-02-18,38.564571380615234
2014-02-19,38.2998161315918
2014-02-20,38.49524688720703
2014-02-21,38.58979034423828
2014-02-24,38.90496826171875
2014-02-25,38.86714172363281
2014-02-26,38.841922760009766
2014-02-27,39.112972259521484
2014-02-28,39.5037841796875
2014-03-03,38.249393463134766
2014-03-04,39.15080261230469
2014-03-05,39.365108489990234
2014-03-06,39.913509368896484
2014-03-07,39.8504753112793
2014-03-10,39.554222106933594
2014-03-11,39.27686309814453
2014-03-12,39.239051818847656
2014-03-13,38.476322174072266
2014-03-14,38.40068817138672
2014-03-17,39.112972259521484
2014-03-18,39.40293502807617
2014-03-19,38.96169662475586
2014-03-20,38.841922760009766
2014-03-21,38.438514709472656
2014-03-24,38.38931655883789
2014-03-25,38.70460891723633
2014-03-26,38.61631774902344
2014-03-27,38.75504684448242
2014-03-28,38.90638732910156
2014-03-31,39.42976760864258
2014-04-01,39.96575927734375
2014-04-02,39.915313720703125
2014-04-03,39.75766372680664
2014-04-04,39.62522888183594
2014-04-07,39.45498275756836
2014-04-08,39.13339614868164
2014-04-09,39.795501708984375
2014-04-10,39.089256286621094
2014-04-11,38.685699462890625
2014-04-14,38.11187744140625
2014-04-15,37.77766418457031
2014-04-16,38.40192794799805
2014-04-17,38.792884826660156
2014-04-21,38.83072280883789
2014-04-22,39.196449279785156
2014-04-23,39.25320816040039
2014-04-24,39.04511260986328
2014-04-25,38.88117599487305
2014-04-28,38.811805725097656
2014-04-29,39.13339614868164
2014-04-30,39.37301254272461
2014-05-01,39.27213668823242
2014-05-02,39.3477897644043
2014-05-05,39.303646087646484
2014-05-06,39.391929626464844
2014-05-07,39.265811920166016
2014-05-08,39.29735565185547
2014-05-09,39.057735443115234
2014-05-12,39.49912643432617
2014-05-13,39.33518600463867
2014-05-14,39.07664108276367
2014-05-15,38.54697036743164
2014-05-16,38.01097869873047
2014-05-19,37.94791030883789
2014-05-20,37.83442306518555
2014-05-21,38.26321792602539
2014-05-22,38.18123245239258
2014-05-23,38.37671661376953
2014-05-27,38.969444274902344
2014-05-28,38.98837661743164
2014-05-29,39.28472900390625
2014-05-30,39.404544830322266
2014-06-02,39.50544738769531
2014-06-03,39.442386627197266
2014-06-04,39.4613037109375
2014-06-05,39.732444763183594
2014-06-06,40.29365539550781
2014-06-09,40.16754150390625
2014-06-10,39.87747573852539
2014-06-11,39.36040496826172
2014-06-12,39.25320816040039
2014-06-13,39.02619934082031
2014-06-16,38.79918670654297
2014-06-17,38.71721267700195
2014-06-18,39.051414489746094
2014-06-19,38.54066467285156
2014-06-20,38.937923431396484
2014-06-23,38.943050384521484
2014-06-24,38.140830993652344
2014-06-25,38.1664924621582
2014-06-26,38.455299377441406
2014-06-27,38.583648681640625
2014-06-30,38.776187896728516
2014-07-01,39.116329193115234
2014-07-02,39.15483474731445
2014-07-03,39.30887222290039
2014-07-07,38.97514343261719
2014-07-08,38.455299377441406
2014-07-09,38.448890686035156
2014-07-10,37.79426193237305
2014-07-11,37.787845611572266
2014-07-14,37.9418830871582
2014-07-15,37.74293518066406
2014-07-16,37.787845611572266
2014-07-17,37.47338104248047
2014-07-18,37.511898040771484
2014-07-21,37.25518035888672
2014-07-22,37.07548141479492
2014-07-23,37.454139709472656
2014-07-24,37.58890914916992
2014-07-25,37.58890914916992
2014-07-28,37.364288330078125
2014-07-29,37.126827239990234
2014-07-30,37.113983154296875
2014-07-31,36.46578598022461
2014-08-01,36.11923599243164
2014-08-04,36.125640869140625
2014-08-05,35.727745056152344
2014-08-06,35.438941955566406
2014-08-07,35.175819396972656
2014-08-08,35.36835861206055
2014-08-11,35.734169006347656
2014-08-12,35.76625061035156
2014-08-13,35.676395416259766
2014-08-14,35.894622802734375
2014-08-15,35.92669677734375
2014-08-18,36.16414260864258
2014-08-19,36.266841888427734
2014-08-20,36.055049896240234
2014-08-21,36.3566780090332
2014-08-22,36.33102035522461
2014-08-25,36.52996826171875
2014-08-26,36.4786376953125
2014-08-27,36.7353515625
2014-08-28,36.42087173461914
2014-08-29,36.31819152832031
2014-09-02,36.06789016723633
2014-09-03,36.2219123840332
2014-09-04,35.8881950378418
2014-09-05,36.02296829223633
2014-09-08,35.4517707824707
2014-09-09,35.36835861206055
2014-09-10,35.31059265136719
2014-09-11,35.06671142578125
2014-09-12,35.137298583984375
2014-09-15,35.150150299072266
2014-09-16,35.118064880371094
2014-09-17,35.07955551147461
2014-09-18,35.29775619506836
2014-09-19,35.20148468017578
2014-09-22,35.22149658203125
2014-09-23,34.7894401550293
2014-09-24,34.71205139160156
2014-09-25,34.26066970825195
2014-09-26,34.03496551513672
2014-09-29,33.89309310913086
2014-09-30,33.80927276611328
2014-10-01,33.383670806884766
2014-10-02,33.17731857299805
2014-10-03,33.0870475769043
2014-10-06,33.20311737060547
2014-10-07,32.571170806884766
2014-10-08,32.94517517089844
2014-10-09,31.823139190673828
2014-10-10,31.3846378326416
2014-10-13,31.20409393310547
2014-10-14,31.3459529876709
2014-10-15,31.378206253051758
2014-10-16,31.05577850341797
2014-10-17,31.89407730102539
2014-10-20,32.126220703125
2014-10-21,32.70657730102539
2014-10-22,32.58405685424805
2014-10-23,32.951622009277344
2014-10-24,33.15153503417969
2014-10-27,33.02255630493164
2014-10-28,33.42882537841797
2014-10-29,33.06768798828125
2014-10-30,33.209564208984375
2014-10-31,33.51908493041992
2014-11-03,33.274051666259766
2014-11-04,33.390113830566406
2014-11-05,33.40301513671875
2014-11-06,33.209564208984375
2014-11-07,33.15797424316406
2014-11-10,33.30629348754883
2014-11-11,33.493282318115234
2014-11-12,33.106388092041016
2014-11-13,32.996761322021484
2014-11-14,32.94517517089844
2014-11-17,32.85489273071289
2014-11-18,33.28049087524414
2014-11-19,33.299842834472656
2014-11-20,33.33207702636719
2014-11-21,33.26760482788086
2014-11-24,33.72543716430664
2014-11-25,33.996280670166016
2014-11-26,34.02851867675781
2014-11-28,33.79637908935547
2014-12-01,33.802818298339844
2014-12-02,33.738338470458984
2014-12-03,33.73188781738281
2014-12-04,33.88664627075195
2014-12-05,33.9059944152832
2014-12-08,33.78346633911133
2014-12-09,33.77057647705078
2014-12-10,33.52552795410156
2014-12-11,33.35787582397461
2014-12-12,32.893577575683594
2014-12-15,32.55181884765625
2014-12-16,32.53892517089844
2014-12-17,32.919376373291016
2014-12-18,33.48039627075195
2014-12-19,33.45775604248047
2014-12-22,33.67127227783203
2014-12-23,33.587162017822266
2014-12-24,33.826560974121094
2014-12-26,33.845977783203125
2014-12-29,33.535404205322266
2014-12-30,33.587162017822266
2014-12-31,33.30247497558594
2015-01-02,33.4512825012207
2015-01-05,33.00482940673828
2015-01-06,32.58426284790039
2015-01-07,32.946598052978516
2015-01-08,32.914249420166016
2015-01-09,33.076011657714844
2015-01-12,32.86248779296875
2015-01-13,32.90778350830078
2015-01-14,33.06952667236328
2015-01-15,32.80426788330078
2015-01-16,33.127769470214844
2015-01-20,33.380104064941406
2015-01-21,33.47716522216797
2015-01-22,33.5677490234375
2015-01-23,33.25070571899414
2015-01-26,33.85244369506836
2015-01-27,33.8136100769043
2015-01-28,33.45775604248047
2015-01-29,33.94950485229492
2015-01-30,33.7747917175293
2015-02-02,34.07889175415039
2015-02-03,34.738868713378906
2015-02-04,34.253597259521484
2015-02-05,35.1270866394043
2015-02-06,34.54475402832031
2015-02-09,34.47358703613281
2015-02-10,35.010616302490234
2015-02-11,34.738868713378906
2015-02-12,35.55412292480469
2015-02-13,35.65764236450195
2015-02-17,35.87116241455078
2015-02-18,36.14291000366211
2015-02-19,36.013511657714844
2015-02-20,36.505245208740234
2015-02-23,36.32407760620117
2015-02-24,36.479366302490234
2015-02-25,36.68641662597656
2015-02-26,36.498779296875
2015-02-27,36.66053771972656
2015-03-02,36.764060974121094
2015-03-03,36.4405517578125
2015-03-04,36.12350845336914
2015-03-05,36.38877868652344
2015-03-06,35.74822235107422
2015-03-09,35.90998077392578
2015-03-10,35.18531036376953
2015-03-11,35.06237030029297
2015-03-12,35.444114685058594
2015-03-13,35.31471633911133
2015-03-16,35.62529754638672
2015-03-17,35.392364501953125
2015-03-18,36.091156005859375
2015-03-19,35.72880935668945
2015-03-20,36.4340705871582
2015-03-23,36.78995132446289
2015-03-24,36.854644775390625
2015-03-25,36.764060974121094
2015-03-26,36.29820251464844
2015-03-27,36.31113815307617
2015-03-30,36.35643005371094
2015-03-31,36.00703811645508
2015-04-01,36.233497619628906
2015-04-02,36.7122802734375
2015-04-06,37.10697555541992
2015-04-07,36.75758743286133
2015-04-08,37.081111907958984
2015-04-09,37.00993347167969
2015-04-10,37.09404373168945
2015-04-13,36.95169448852539
2015-04-14,37.33991622924805
2015-04-15,37.43050003051758
2015-04-16,37.559898376464844
2015-04-17,37.158748626708984
2015-04-20,36.97111892700195
2015-04-21,37.32050704956055
2015-04-22,37.33344650268555
2015-04-23,37.514610290527344
2015-04-24,37.81223678588867
2015-04-27,38.16810989379883
2015-04-28,38.39456558227539
2015-04-29,38.310447692871094
2015-04-30,38.1810417175293
2015-05-01,38.34927749633789
2015-05-04,38.36221694946289
2015-05-05,38.04517364501953
2015-05-06,38.16163635253906
2015-05-07,38.09046173095703
2015-05-08,39.002769470214844
2015-05-11,39.002769470214844
2015-05-12,38.828067779541016
2015-05-13,39.19688415527344
2015-05-14,39.70155334472656
2015-05-15,40.01213073730469
2015-05-18,39.66274642944336
2015-05-19,39.423336029052734
2015-05-20,39.513912200927734
2015-05-21,39.69508361816406
2015-05-22,39.28099060058594
2015-05-26,38.698665618896484
2015-05-27,38.86043167114258
2015-05-28,39.067474365234375
2015-05-29,38.78923797607422
2015-06-01,38.57572937011719
2015-06-02,39.12571334838867
2015-06-03,39.4945068359375
2015-06-04,39.08041763305664
2015-06-05,38.52397155761719
2015-06-08,38.44632339477539
2015-06-09,38.34280776977539
2015-06-10,39.07395935058594
2015-06-11,39.132171630859375
2015-06-12,38.75691223144531
2015-06-15,38.323394775390625
2015-06-16,38.47220230102539
2015-06-17,38.57572937011719
2015-06-18,38.76336669921875
2015-06-19,38.70513153076172
2015-06-22,38.967376708984375
2015-06-23,39.13209915161133
2015-06-24,38.74335479736328
2015-06-25,38.67087936401367
2015-06-26,38.763118743896484
2015-06-29,37.669349670410156
2015-06-30,37.65616989135742
2015-07-01,37.78136444091797
2015-07-02,37.69570541381836
2015-07-06,36.885250091552734
2015-07-07,36.964332580566406
2015-07-08,36.21977233886719
2015-07-09,36.77982711791992
2015-07-10,38.0515022277832
2015-07-13,38.25577163696289
2015-07-14,38.42707824707031
2015-07-15,38.25577163696289
2015-07-16,38.61815643310547
2015-07-17,38.58522033691406
2015-07-20,38.76969909667969
2015-07-21,38.88172912597656
2015-07-22,38.782894134521484
2015-07-23,38.631343841552734
2015-07-24,38.38755416870117
2015-07-27,38.11740493774414
2015-07-28,38.47320556640625
2015-07-29,38.38096237182617
2015-07-30,38.3677864074707
2015-07-31,38.58522033691406
2015-08-03,38.44684982299805
2015-08-04,38.44684982299805
2015-08-05,38.5654411315918
2015-08-06,38.54568099975586
2015-08-07,38.3084831237793
2015-08-10,38.684051513671875
2015-08-11,38.52592086791992
2015-08-12,38.492958068847656
2015-08-13,38.492958068847656
2015-08-14,38.637943267822266
2015-08-17,38.52592086791992
2015-08-18,38.3611946105957
2015-08-19,38.189857482910156
2015-08-20,37.28718948364258
2015-08-21,36.79960250854492
2015-08-24,36.00890350341797
2015-08-25,36.12751770019531
2015-08-26,36.852325439453125
2015-08-27,37.01044845581055
2015-08-28,37.102691650390625
2015-08-31,37.03020095825195
2015-09-01,36.2988395690918
2015-09-02,36.615108489990234
2015-09-03,36.57557678222656
2015-09-04,36.23294448852539
2015-09-08,37.135650634765625
2015-09-09,36.81936264038086
2015-09-10,37.33331298828125
2015-09-11,37.34648513793945
2015-09-14,36.83912658691406
2015-09-15,36.825958251953125
2015-09-16,37.28718948364258
2015-09-17,37.57052230834961
2015-09-18,36.94456100463867
2015-09-21,36.73277282714844
2015-09-22,36.07752990722656
2015-09-23,35.91868209838867
2015-09-24,35.81279373168945
2015-09-25,35.700279235839844
2015-09-28,35.27008056640625
2015-09-29,35.369354248046875
2015-09-30,35.63409423828125
2015-10-01,35.779693603515625
2015-10-02,36.35550308227539
2015-10-05,36.73938751220703
2015-10-06,36.99088668823242
2015-10-07,37.20268630981445
2015-10-08,37.47404098510742
2015-10-09,37.47404098510742
2015-10-12,37.40122985839844
2015-10-13,36.957794189453125
2015-10-14,37.42770767211914
2015-10-15,37.61302947998047
2015-10-16,37.24238586425781
2015-10-19,37.23577880859375
2015-10-20,37.42770767211914
2015-10-21,37.288719177246094
2015-10-22,37.38798522949219
2015-10-23,37.35490417480469
2015-10-26,37.36153030395508
2015-10-27,36.904850006103516
2015-10-28,36.94456100463867
2015-10-29,36.964412689208984
2015-10-30,37.10340118408203
2015-11-02,37.553443908691406
2015-11-03,37.520362854003906
2015-11-04,37.22916793823242
2015-11-05,37.09016799926758
2015-11-06,36.904850006103516
2015-11-09,36.85190200805664
2015-11-10,36.573917388916016
2015-11-11,36.646728515625
2015-11-12,36.20328903198242
2015-11-13,36.0444450378418
2015-11-16,36.50774383544922
2015-11-17,36.282691955566406
2015-11-18,36.72614669799805
2015-11-19,36.83205032348633
2015-11-20,36.679805755615234
2015-11-23,36.38198471069336
2015-11-24,36.26947021484375
2015-11-25,36.329036712646484
2015-11-27,36.587162017822266
2015-11-30,36.92470169067383
2015-12-01,37.42109680175781
2015-12-02,37.05706787109375
2015-12-03,37.46080780029297
2015-12-04,37.98366165161133
2015-12-07,37.61302947998047
2015-12-08,37.10340118408203
2015-12-09,37.09678649902344
2015-12-10,36.91146469116211
2015-12-11,36.50774383544922
2015-12-14,36.62024688720703
2015-12-15,36.554054260253906
2015-12-16,37.17620849609375
2015-12-17,36.60039138793945
2015-12-18,36.47465133666992
2015-12-21,36.693294525146484
2015-12-22,36.97243881225586
2015-12-23,37.33796691894531
2015-12-24,37.450965881347656
2015-12-28,37.43766403198242
2015-12-29,37.7899169921875
2015-12-30,37.68357467651367
2015-12-31,37.218353271484375
2016-01-04,37.065486907958984
2016-01-05,36.719886779785156
2016-01-06,36.14167022705078
2016-01-07,35.510284423828125
2016-01-08,35.28432846069336
2016-01-11,35.217864990234375
2016-01-12,35.510284423828125
2016-01-13,34.95201110839844
2016-01-14,35.151397705078125
2016-01-15,33.85540008544922
2016-01-19,33.569618225097656
2016-01-20,32.99140548706055
2016-01-21,33.157554626464844
2016-01-22,34.0880126953125
2016-01-25,34.10795974731445
2016-01-26,34.785858154296875
2016-01-27,34.41366958618164
2016-01-28,34.85232162475586
2016-01-29,35.13146209716797
2016-02-01,35.35078430175781
2016-02-02,34.57984161376953
2016-02-03,35.138099670410156
2016-02-04,35.118167877197266
2016-02-05,34.726051330566406
2016-02-08,33.516441345214844
2016-02-09,33.11103439331055
2016-02-10,33.43668746948242
2016-02-11,33.04457473754883
2016-02-12,33.44999694824219
2016-02-16,33.86869812011719
2016-02-17,34.639644622802734
2016-02-18,34.672874450683594
2016-02-19,34.62635803222656
2016-02-22,34.75926971435547
2016-02-23,34.480133056640625
2016-02-24,34.659584045410156
2016-02-25,34.77256393432617
2016-02-26,34.56654739379883
2016-02-29,34.613075256347656
2016-03-01,35.43717956542969
2016-03-02,35.37736892700195
2016-03-03,35.822662353515625
2016-03-04,36.16160583496094
2016-03-07,36.10844039916992
2016-03-08,35.65650177001953
2016-03-09,35.64985275268555
2016-03-10,35.729618072509766
2016-03-11,36.52049255371094
2016-03-14,36.56702423095703
2016-03-15,36.460693359375
2016-03-16,36.979087829589844
2016-03-17,37.397789001464844
2016-03-18,37.48418426513672
2016-03-21,37.33796691894531
2016-03-22,37.30474090576172
2016-03-23,37.15852355957031
2016-03-24,37.03888702392578
2016-03-28,37.211708068847656
2016-03-29,37.57724380493164
2016-03-30,37.94941329956055
2016-03-31,37.90289306640625
2016-04-01,37.7899169921875
2016-04-04,37.55729293823242
2016-04-05,37.05217742919922
2016-04-06,37.50413131713867
2016-04-07,36.87273406982422
2016-04-08,37.36456298828125
2016-04-11,37.47090530395508
2016-04-12,37.750030517578125
2016-04-13,37.85639190673828
2016-04-14,37.62376022338867
2016-04-15,37.38451385498047
2016-04-18,37.57724380493164
2016-04-19,38.07569885253906
2016-04-20,37.823150634765625
2016-04-21,37.444313049316406
2016-04-22,37.47090530395508
2016-04-25,37.54399490356445
2016-04-26,37.763328552246094
2016-04-27,38.00923156738281
2016-04-28,37.88295364379883
2016-04-29,38.04910659790039
2016-05-02,38.32160568237305
2016-05-03,37.84309005737305
2016-05-04,37.67692565917969
2016-05-05,37.48418426513672
2016-05-06,37.62376022338867
2016-05-09,37.43766403198242
2016-05-10,37.590518951416016
2016-05-11,37.52406311035156
2016-05-12,37.6104736328125
2016-05-13,37.13194274902344
2016-05-16,37.60382080078125
2016-05-17,37.54399490356445
2016-05-18,37.53071212768555
2016-05-19,37.51076889038086
2016-05-20,37.69021987915039
2016-05-23,37.896263122558594
2016-05-24,38.32160568237305
2016-05-25,38.700443267822266
2016-05-26,38.85993957519531
2016-05-27,38.78683090209961
2016-05-31,38.72700881958008
2016-06-01,38.73367691040039
2016-06-02,38.899810791015625
2016-06-03,39.21217346191406
2016-06-06,39.07926559448242
2016-06-07,39.338462829589844
2016-06-08,39.45808792114258
2016-06-09,39.105838775634766
2016-06-10,37.889610290527344
2016-06-13,37.138580322265625
2016-06-14,36.460693359375
2016-06-15,36.2081413269043
2016-06-16,35.92899703979492
2016-06-17,36.70658874511719
2016-06-20,37.659706115722656
2016-06-21,37.7485237121582
2016-06-22,37.72802734375
2016-06-23,38.94416809082031
2016-06-24,34.40751647949219
2016-06-27,32.74726486206055
2016-06-28,33.66279220581055
2016-06-29,34.216224670410156
2016-06-30,34.86528015136719
2016-07-01,34.97461700439453
2016-07-05,33.33484649658203
2016-07-06,33.27335739135742
2016-07-07,33.280189514160156
2016-07-08,33.95658874511719
2016-07-11,34.67398452758789
2016-07-12,35.3913688659668
2016-07-13,35.32304382324219
2016-07-14,35.719322204589844
2016-07-15,35.47336959838867
2016-07-18,35.67831802368164
2016-07-19,35.49386978149414
2016-07-20,35.82181930541992
2016-07-21,35.90380859375
2016-07-22,35.77398681640625
2016-07-25,36.067771911621094
2016-07-26,36.08826446533203
2016-07-27,36.65534973144531
2016-07-28,36.86031723022461
2016-07-29,37.092620849609375
2016-08-01,36.53237533569336
2016-08-02,36.518699645996094
2016-08-03,36.24541091918945
2016-08-04,36.36156463623047
2016-08-05,36.518699645996094
2016-08-08,36.669010162353516
2016-08-09,36.921810150146484
2016-08-10,37.12678527832031
2016-08-11,37.2839241027832
2016-08-12,37.35908126831055
2016-08-15,37.36589813232422
2016-08-16,37.38641357421875
2016-08-17,37.297603607177734
2016-08-18,37.77584457397461
2016-08-19,37.52305603027344
2016-08-22,37.64604568481445
2016-08-23,37.837345123291016
2016-08-24,37.91249084472656
2016-08-25,37.59138488769531
2016-08-26,37.35224914550781
2016-08-29,37.5025520324707
2016-08-30,37.304420471191406
2016-08-31,37.2907600402832
2016-09-01,37.837345123291016
2016-09-02,38.042320251464844
2016-09-06,38.54106521606445
2016-09-07,38.6025505065918
2016-09-08,38.814369201660156
2016-09-09,37.9808235168457
2016-09-12,38.19261169433594
2016-09-13,37.413726806640625
2016-09-14,37.46840286254883
2016-09-15,37.73485565185547
2016-09-16,37.270259857177734
2016-09-19,37.37957763671875
2016-09-20,37.304420471191406
2016-09-21,37.74168395996094
2016-09-22,38.11747741699219
2016-09-23,37.919334411621094
2016-09-26,37.6516227722168
2016-09-27,37.52804946899414
2016-09-28,38.0291633605957
2016-09-29,37.58297348022461
2016-09-30,37.9742431640625
2016-10-03,38.090938568115234
2016-10-04,37.96737289428711
2016-10-05,38.235107421875
2016-10-06,37.96051025390625
2016-10-07,37.47314453125
2016-10-10,37.34271240234375
2016-10-11,36.923988342285156
2016-10-12,36.91024398803711
2016-10-13,36.85533905029297
2016-10-14,36.7729606628418
2016-10-17,36.718048095703125
2016-10-18,37.15737533569336
2016-10-19,37.19169235229492
2016-10-20,37.16423416137695
2016-10-21,37.061279296875
2016-10-24,37.00634765625
2016-10-25,36.87593078613281
2016-10-26,36.697444915771484
2016-10-27,36.48466110229492
2016-10-28,36.608219146728516
2016-10-31,36.628814697265625
2016-11-01,36.58076095581055
2016-11-02,36.36109161376953
2016-11-03,36.5052490234375
2016-11-04,36.059059143066406
2016-11-07,36.43659210205078
2016-11-08,36.29932403564453
2016-11-09,36.216941833496094
2016-11-10,36.4434814453125
2016-11-11,36.107093811035156
2016-11-14,35.81881332397461
2016-11-15,35.94237518310547
2016-11-16,35.71583938598633
2016-11-17,35.743289947509766
2016-11-18,35.757015228271484
2016-11-21,35.89430618286133
2016-11-22,36.12083435058594
2016-11-23,35.77761459350586
2016-11-25,35.92862319946289
2016-11-28,35.55794906616211
2016-11-29,35.8325309753418
2016-11-30,35.811927795410156
2016-12-01,35.94237518310547
2016-12-02,35.887447357177734
2016-12-05,36.41602325439453
2016-12-06,36.76608657836914
2016-12-07,37.19855880737305
2016-12-08,37.116172790527344
2016-12-09,37.18483352661133
2016-12-12,37.23287582397461
2016-12-13,37.37704086303711
2016-12-14,36.896522521972656
2016-12-15,36.718048095703125
2016-12-16,36.889644622802734
2016-12-19,36.91024398803711
2016-12-20,36.985774993896484
2016-12-21,37.26034164428711
2016-12-22,37.17796325683594
2016-12-23,37.3558464050293
2016-12-27,37.50120162963867
2016-12-28,37.32123565673828
2016-12-29,37.57735061645508
2016-12-30,37.805747985839844
2017-01-03,37.96495056152344
2017-01-04,38.241825103759766
2017-01-05,38.670955657958984
2017-01-06,38.40793991088867
2017-01-09,38.20719528198242
2017-01-10,38.1933708190918
2017-01-11,38.4702262878418
2017-01-12,38.57405471801758
2017-01-13,38.726318359375
2017-01-17,38.843994140625
2017-01-18,38.670955657958984
2017-01-19,38.66403579711914
2017-01-20,38.96858215332031
2017-01-23,39.2592887878418
2017-01-24,39.40464401245117
2017-01-25,39.646888732910156
2017-01-26,39.33544158935547
2017-01-27,39.307743072509766
2017-01-30,39.00319290161133
2017-01-31,39.307743072509766
2017-02-01,39.63304901123047
2017-02-02,39.59845733642578
2017-02-03,39.646888732910156
2017-02-06,39.28697967529297
2017-02-07,39.43925476074219
2017-02-08,39.52922821044922
2017-02-09,39.55000305175781
2017-02-10,39.68842697143555
2017-02-13,39.840702056884766
2017-02-14,39.97913360595703
2017-02-15,40.15909194946289
2017-02-16,40.25600051879883
2017-02-17,39.96527862548828
2017-02-21,39.923763275146484
2017-02-22,39.79917526245117
2017-02-23,39.716121673583984
2017-02-24,39.13470458984375
2017-02-27,39.356201171875
2017-02-28,39.50847244262695
2017-03-01,39.76456832885742
2017-03-02,39.60536575317383
2017-03-03,39.85454559326172
2017-03-06,39.69535827636719
2017-03-07,39.61921691894531
2017-03-08,39.45309829711914
2017-03-09,39.6122932434082
2017-03-10,39.97913360595703
2017-03-13,40.17985153198242
2017-03-14,39.76456832885742
2017-03-15,40.3252067565918
2017-03-16,40.76127624511719
2017-03-17,40.913551330566406
2017-03-20,40.94124221801758
2017-03-21,40.80973815917969
2017-03-22,40.719749450683594
2017-03-23,40.968929290771484
2017-03-24,41.06582260131836
2017-03-27,41.045066833496094
2017-03-28,41.03813552856445
2017-03-29,40.7681999206543
2017-03-30,40.73358917236328
2017-03-31,40.878936767578125
2017-04-03,40.968929290771484
2017-04-04,41.003536224365234
2017-04-05,40.99661636352539
2017-04-06,41.13505172729492
2017-04-07,41.11427688598633
2017-04-10,41.18349075317383
2017-04-11,41.377296447753906
2017-04-12,41.522647857666016
2017-04-13,41.349613189697266
2017-04-17,41.62646484375
2017-04-18,41.61955642700195
2017-04-19,41.60570526123047
2017-04-20,41.84796142578125
2017-04-21,41.716453552246094
2017-04-24,42.92081832885742
2017-04-25,43.57144546508789
2017-04-26,43.48838806152344
2017-04-27,43.68910598754883
2017-04-28,43.73756790161133
2017-05-01,43.93136978149414
2017-05-02,44.42280578613281
2017-05-03,44.08364486694336
2017-05-04,44.547401428222656
2017-05-05,44.900394439697266
2017-05-08,44.464324951171875
2017-05-09,44.63737487792969
2017-05-10,44.706581115722656
2017-05-11,44.59584426879883
2017-05-12,44.65812683105469
2017-05-15,44.865779876708984
2017-05-16,45.2464714050293
2017-05-17,44.52662658691406
2017-05-18,44.41587448120117
2017-05-19,45.156490325927734
2017-05-22,45.44027328491211
2017-05-23,45.48872756958008
2017-05-24,45.737911224365234
2017-05-25,45.69638442993164
2017-05-26,45.57177734375
2017-05-30,45.613311767578125
2017-05-31,45.56486129760742
2017-06-01,45.99399185180664
2017-06-02,46.236263275146484
2017-06-05,45.95246887207031
2017-06-06,45.737911224365234
2017-06-07,45.786354064941406
2017-06-08,45.654842376708984
2017-06-09,45.34336471557617
2017-06-12,44.92808532714844
2017-06-13,45.50257110595703
2017-06-14,45.59254455566406
2017-06-15,44.74811935424805
2017-06-16,45.398746490478516
2017-06-19,45.42643737792969
2017-06-20,44.92808532714844
2017-06-21,44.85194778442383
2017-06-22,44.831172943115234
2017-06-23,45.11497116088867
2017-06-26,44.995304107666016
2017-06-27,45.12199783325195
2017-06-28,45.495033264160156
2017-06-29,45.14311599731445
2017-06-30,45.4176025390625
2017-07-03,45.0727424621582
2017-07-05,45.171268463134766
2017-07-06,45.129032135009766
2017-07-07,45.24163818359375
2017-07-10,45.19239044189453
2017-07-11,45.171268463134766
2017-07-12,45.37537384033203
2017-07-13,45.73432922363281
2017-07-14,46.177730560302734
2017-07-17,46.24812698364258
2017-07-18,46.39591598510742
2017-07-19,46.6703987121582
2017-07-20,46.95896530151367
2017-07-21,46.79005432128906
2017-07-24,46.761905670166016
2017-07-25,46.74781799316406
2017-07-26,47.06455612182617
2017-07-27,46.98713302612305
2017-07-28,47.14900207519531
2017-07-31,47.41645812988281
2017-08-01,47.599456787109375
2017-08-02,47.87394714355469
2017-08-03,47.662803649902344
2017-08-04,47.69797897338867
2017-08-07,47.71206283569336
2017-08-08,47.296817779541016
2017-08-09,47.31087875366211
2017-08-10,46.74079132080078
2017-08-11,46.515567779541016
2017-08-14,46.846370697021484
2017-08-15,46.69151306152344
2017-08-16,46.98008346557617
2017-08-17,46.515567779541016
2017-08-18,46.60002899169922
2017-08-21,46.74079132080078
2017-08-22,46.783016204833984
2017-08-23,46.775978088378906
2017-08-24,46.59299087524414
2017-08-25,47.029361724853516
2017-08-28,47.02231216430664
2017-08-29,46.99415969848633
2017-08-30,46.99415969848633
2017-08-31,47.31792068481445
2017-09-01,47.613525390625
2017-09-05,47.543155670166016
2017-09-06,47.726131439208984
2017-09-07,48.16250991821289
2017-09-08,48.16250991821289
2017-09-11,48.3736686706543
2017-09-12,48.556644439697266
2017-09-13,48.1484489440918
2017-09-14,48.31734848022461
2017-09-15,48.50034713745117
2017-09-18,48.57073211669922
2017-09-19,48.88745880126953
2017-09-20,48.732608795166016
2017-09-21,48.73963928222656
2017-09-22,48.84521484375
2017-09-25,48.598873138427734
2017-09-26,48.26966094970703
2017-09-27,48.33338928222656
2017-09-28,48.6944465637207
2017-09-29,49.18296432495117
2017-10-02,49.04843521118164
2017-10-03,49.19710922241211
2017-10-04,49.105079650878906
2017-10-05,48.9564094543457
2017-10-06,49.06260681152344
2017-10-09,48.99180221557617
2017-10-10,49.41659164428711
2017-10-11,49.60066223144531
2017-10-12,49.58651351928711
2017-10-13,49.69977569580078
2017-10-16,49.65022277832031
2017-10-17,49.374114990234375
2017-10-18,49.64314270019531
2017-10-19,49.29623031616211
2017-10-20,49.147552490234375
2017-10-23,48.89268493652344
2017-10-24,48.86436462402344
2017-10-25,48.9280891418457
2017-10-26,48.715694427490234
2017-10-27,48.5953369140625
2017-10-30,48.97056579589844
2017-10-31,49.06968688964844
2017-11-01,49.112159729003906
2017-11-02,49.03428268432617
2017-11-03,48.89268493652344
2017-11-06,49.097984313964844
2017-11-07,48.659061431884766
2017-11-08,48.715694427490234
2017-11-09,48.05727005004883
2017-11-10,47.99355697631836
2017-11-13,47.54753875732422
2017-11-14,47.71746063232422
2017-11-15,47.25725555419922
2017-11-16,47.68205261230469
2017-11-17,47.519229888916016
2017-11-20,47.597084045410156
2017-11-21,48.02895736694336
2017-11-22,48.425437927246094
2017-11-24,48.623653411865234
2017-11-27,48.3900260925293
2017-11-28,48.50330352783203
2017-11-29,48.5457763671875
2017-11-30,48.722782135009766
2017-12-01,48.6944465637207
2017-12-04,48.5811767578125
2017-12-05,48.38294982910156
2017-12-06,48.23426818847656
2017-12-07,48.34754943847656
2017-12-08,48.60950469970703
2017-12-11,48.5882568359375
2017-12-12,48.659061431884766
2017-12-13,48.637821197509766
2017-12-14,48.524559020996094
2017-12-15,48.43958282470703
2017-12-18,48.99888229370117
2017-12-19,49.147552490234375
2017-12-20,49.16170883178711
2017-12-21,49.13340759277344
2017-12-22,49.38119888305664
2017-12-26,49.40322494506836
2017-12-27,49.73031234741211
2017-12-28,49.9649658203125
2017-12-29,50.171146392822266
2018-01-02,50.7115592956543
2018-01-03,50.882205963134766
2018-01-04,51.33016586303711
2018-01-05,51.60036087036133
2018-01-08,51.62880325317383
2018-01-09,51.72834777832031
2018-01-10,51.522132873535156
2018-01-11,51.65723419189453
2018-01-12,52.418052673339844
2018-01-16,52.304298400878906
2018-01-17,52.446495056152344
2018-01-18,52.43937683105469
2018-01-19,52.6526985168457
2018-01-22,53.04377365112305
2018-01-23,53.04377365112305
2018-01-24,53.264190673828125
2018-01-25,53.249969482421875
2018-01-26,53.712154388427734
2018-01-29,52.979774475097656
2018-01-30,52.460697174072266
2018-01-31,52.489139556884766
2018-02-01,52.88023376464844
2018-02-02,51.60036087036133
2018-02-05,49.125911712646484
2018-02-06,50.39158248901367
2018-02-07,49.89384078979492
2018-02-08,48.85572814941406
2018-02-09,49.23969650268555
2018-02-12,49.92228317260742
2018-02-13,49.986289978027344
2018-02-14,50.811092376708984
2018-02-15,51.123958587646484
2018-02-16,51.2519416809082
2018-02-20,50.91775131225586
2018-02-21,50.619110107421875
2018-02-22,50.803977966308594
2018-02-23,51.27327346801758
2018-02-26,51.41550064086914
2018-02-27,50.619110107421875
2018-02-28,50.05739974975586
2018-03-01,49.58810043334961
2018-03-02,49.531219482421875
2018-03-05,49.92228317260742
2018-03-06,50.562232971191406
2018-03-07,50.7115592956543
2018-03-08,50.74711227416992
2018-03-09,51.088401794433594
2018-03-12,51.35149002075195
2018-03-13,50.98175811767578
2018-03-14,50.98886489868164
2018-03-15,50.939083099365234
2018-03-16,50.533782958984375
2018-03-19,50.59067153930664
2018-03-20,50.47319793701172
2018-03-21,50.558624267578125
2018-03-22,49.3980827331543
2018-03-23,49.46217346191406
2018-03-26,50.28807830810547
2018-03-27,49.61880111694336
2018-03-28,49.47639083862305
2018-03-29,49.775455474853516
2018-04-02,49.09193420410156
2018-04-03,49.554710388183594
2018-04-04,49.533363342285156
2018-04-05,49.69000244140625
2018-04-06,49.6971321105957
2018-04-09,49.93206787109375
2018-04-10,50.636962890625
2018-04-11,50.409114837646484
2018-04-12,50.85054397583008
2018-04-13,50.857669830322266
2018-04-16,51.12112045288086
2018-04-17,51.370296478271484
2018-04-18,51.640872955322266
2018-04-19,51.61238479614258
2018-04-20,51.39878845214844
2018-04-23,51.36318588256836
2018-04-24,51.01430892944336
2018-04-25,50.636962890625
2018-04-26,50.77223205566406
2018-04-27,50.686798095703125
2018-04-30,50.409114837646484
2018-05-01,50.223995208740234
2018-05-02,50.273834228515625
2018-05-03,50.65830612182617
2018-05-04,50.50878143310547
2018-05-07,50.672542572021484
2018-05-08,50.644081115722656
2018-05-09,50.921749114990234
2018-05-10,51.08550262451172
2018-05-11,51.17807388305664
2018-05-14,51.163822174072266
2018-05-15,50.77936553955078
2018-05-16,50.636962890625
2018-05-17,50.608482360839844
2018-05-18,50.41623306274414
2018-05-21,50.82208251953125
2018-05-22,50.74374008178711
2018-05-23,50.1812744140625
2018-05-24,50.174156188964844
2018-05-25,49.73984146118164
2018-05-29,48.25177001953125
2018-05-30,49.2414436340332
2018-05-31,49.191593170166016
2018-06-01,49.57608413696289
2018-06-04,49.86088562011719
2018-06-05,49.96767044067383
2018-06-06,50.44471740722656
2018-06-07,50.11720275878906
2018-06-08,50.223995208740234
2018-06-11,50.59423065185547
2018-06-12,50.44471740722656
2018-06-13,50.48743438720703
2018-06-14,50.01752471923828
2018-06-15,49.66151428222656
2018-06-18,49.3980827331543
2018-06-19,48.963768005371094
2018-06-20,48.81425094604492
2018-06-21,48.34434509277344
2018-06-22,48.89969253540039
2018-06-25,48.4646110534668
2018-06-26,48.09901428222656
2018-06-27,47.39704895019531
2018-06-28,47.34587097167969
2018-06-29,47.71878433227539
2018-07-02,47.55060577392578
2018-07-03,47.433616638183594
2018-07-05,47.945465087890625
2018-07-06,48.230628967285156
2018-07-09,48.56698226928711
2018-07-10,48.79366683959961
2018-07-11,47.91619873046875
2018-07-12,48.1721305847168
2018-07-13,48.091697692871094
2018-07-16,48.267189025878906
2018-07-17,48.13556671142578
2018-07-18,48.08438491821289
2018-07-19,47.872344970703125
2018-07-20,47.989341735839844
2018-07-23,47.85771560668945
2018-07-24,47.996646881103516
2018-07-25,48.50848388671875
2018-07-26,48.04052734375
2018-07-27,48.18675231933594
2018-07-30,48.4061279296875
2018-07-31,48.37687683105469
2018-08-01,48.208683013916016
2018-08-02,47.70416259765625
2018-08-03,47.74802780151367
2018-08-06,47.49211502075195
2018-08-07,47.76265335083008
2018-08-08,47.74802780151367
2018-08-09,47.49211502075195
2018-08-10,46.64390563964844
2018-08-13,46.3367919921875
2018-08-14,46.11012649536133
2018-08-15,45.44472122192383
2018-08-16,45.722591400146484
2018-08-17,46.117435455322266
2018-08-20,46.351417541503906
2018-08-21,46.95100784301758
2018-08-22,47.280052185058594
2018-08-23,46.9217643737793
2018-08-24,47.19963073730469
2018-08-27,47.76996994018555
2018-08-28,47.623722076416016
2018-08-29,47.631046295166016
2018-08-30,47.33854293823242
2018-08-31,47.119197845458984
2018-09-04,46.68047332763672
2018-09-05,46.70973205566406
2018-09-06,46.43916702270508
2018-09-07,46.08818817138672
2018-09-10,46.50497817993164
2018-09-11,46.519596099853516
2018-09-12,46.804771423339844
2018-09-13,47.08994674682617
2018-09-14,47.03144073486328
2018-09-17,47.45554733276367
2018-09-18,47.66761016845703
2018-09-19,47.69685363769531
2018-09-20,48.23794937133789
2018-09-21,47.886962890625
2018-09-24,47.75535202026367
2018-09-25,47.728851318359375
2018-09-26,47.57429504394531
2018-09-27,47.13270568847656
2018-09-28,46.58806610107422
2018-10-01,46.69847106933594
2018-10-02,46.40407180786133
2018-10-03,46.411434173583984
2018-10-04,46.021366119384766
2018-10-05,45.63864517211914
2018-10-08,45.13080596923828
2018-10-09,44.9615364074707
2018-10-10,44.078346252441406
2018-10-11,43.59260177612305
2018-10-12,43.92379379272461
2018-10-15,43.541072845458984
2018-10-16,44.49786376953125
2018-10-17,44.070987701416016
2018-10-18,43.386512756347656
2018-10-19,43.28348159790039
2018-10-22,42.893402099609375
2018-10-23,42.186866760253906
2018-10-24,41.23743438720703
2018-10-25,41.679019927978516
2018-10-26,41.69375228881836
2018-10-29,41.92926025390625
2018-10-30,42.24574279785156
2018-10-31,42.584293365478516
2018-11-01,43.59260177612305
2018-11-02,43.81338882446289
2018-11-05,43.69562530517578
2018-11-06,43.761878967285156
2018-11-07,44.18873977661133
2018-11-08,43.51164245605469
2018-11-09,43.3497200012207
2018-11-12,42.194217681884766
2018-11-13,42.34141159057617
2018-11-14,42.481258392333984
2018-11-15,42.02492904663086
2018-11-16,42.010223388671875
2018-11-19,41.70111846923828
2018-11-20,40.83263397216797
2018-11-21,41.2595100402832
2018-11-23,41.29631805419922
2018-11-26,41.89981460571289
2018-11-27,41.7673454284668
2018-11-28,42.32669448852539
2018-11-29,42.105899810791016
2018-11-30,41.79678726196289
2018-12-03,42.0396614074707
2018-12-04,40.95039749145508
2018-12-06,40.8841552734375
2018-12-07,40.3321647644043
2018-12-10,39.603538513183594
2018-12-11,39.54465866088867
2018-12-12,40.302734375
2018-12-13,40.2291259765625
2018-12-14,39.52993392944336
2018-12-17,39.00003433227539
2018-12-18,39.13986587524414
2018-12-19,38.97794723510742
2018-12-20,38.82339096069336
2018-12-21,38.3376350402832
2018-12-24,38.01101303100586
2018-12-26,38.73686218261719
2018-12-27,38.76648712158203
2018-12-28,39.18867111206055
2018-12-31,39.521976470947266
2019-01-02,39.351619720458984
2019-01-03,39.292354583740234
2019-01-04,40.284854888916016
2019-01-07,40.95145034790039
2019-01-08,41.37363052368164
2019-01-09,42.06245803833008
2019-01-10,41.97357177734375
2019-01-11,41.951358795166016
2019-01-14,41.714332580566406
2019-01-15,41.65507125854492
2019-01-16,41.647674560546875
2019-01-17,41.98097610473633
2019-01-18,42.15133285522461
2019-01-22,41.795814514160156
2019-01-23,42.13652038574219
2019-01-24,42.17354965209961
2019-01-25,42.59572982788086
2019-01-28,42.55128860473633
2019-01-29,42.58090591430664
2019-01-30,42.980865478515625
2019-01-31,42.78090286254883
2019-02-01,42.66980743408203
2019-02-04,42.914207458496094
2019-02-05,42.86237335205078
2019-02-06,42.79570007324219
2019-02-07,42.1883659362793
2019-02-08,41.892086029052734
2019-02-11,41.795814514160156
2019-02-12,42.27724075317383
2019-02-13,42.3513069152832
2019-02-14,42.262420654296875
2019-02-15,42.573509216308594
2019-02-19,43.04752731323242
2019-02-20,43.24750900268555
2019-02-21,43.114192962646484
2019-02-22,43.262332916259766
2019-02-25,43.40306091308594
2019-02-26,43.78079605102539
2019-02-27,43.8104248046875
2019-02-28,43.691917419433594
2019-03-01,44.306663513183594
2019-03-04,44.18817901611328
2019-03-05,44.15113830566406
2019-03-06,44.099281311035156
2019-03-07,43.069766998291016
2019-03-08,42.92902374267578
2019-03-11,43.32158660888672
2019-03-12,43.388248443603516
2019-03-13,43.92152786254883
2019-03-14,44.032623291015625
2019-03-15,44.39556121826172
2019-03-18,44.528873443603516
2019-03-19,44.72885513305664
2019-03-20,44.75847244262695
2019-03-21,44.43258285522461
2019-03-22,43.57341003417969
2019-03-25,43.291954040527344
2019-03-26,43.3550910949707
2019-03-27,43.42934036254883
2019-03-28,43.25111389160156
2019-03-29,43.392215728759766
2019-04-01,43.993751525878906
2019-04-02,44.08285903930664
2019-04-03,44.67697525024414
2019-04-04,44.5284423828125
2019-04-05,44.46160888671875
2019-04-08,44.54329299926758
2019-04-09,44.186832427978516
2019-04-10,44.350215911865234
2019-04-11,44.513587951660156
2019-04-12,44.91462326049805
2019-04-15,45.144840240478516
2019-04-16,45.271087646484375
2019-04-17,45.367618560791016
2019-04-18,45.211666107177734
2019-04-22,45.219093322753906
2019-04-23,45.02601623535156
2019-04-24,44.803218841552734
2019-04-25,44.803218841552734
2019-04-26,44.780941009521484
2019-04-29,45.129981994628906
2019-04-30,45.27851486206055
2019-05-01,45.003726959228516
2019-05-02,44.77350997924805
2019-05-03,45.144840240478516
2019-05-06,44.6249885559082
2019-05-07,44.053157806396484
2019-05-08,44.001163482666016
2019-05-09,43.79323959350586
2019-05-10,44.179412841796875
2019-05-13,43.0283203125
2019-05-14,43.46647644042969
2019-05-15,43.50361251831055
2019-05-16,43.66698455810547
2019-05-17,43.392215728759766
2019-05-20,43.07286834716797
2019-05-21,43.44418716430664
2019-05-22,43.29566955566406
2019-05-23,42.79810333251953
2019-05-24,43.1694221496582
2019-05-28,42.8055305480957
2019-05-29,42.560462951660156
2019-05-30,42.79066848754883
2019-05-31,42.575313568115234
2019-06-03,42.41936111450195
2019-06-04,43.05059814453125
2019-06-05,43.07286834716797
2019-06-06,43.23625564575195
2019-06-07,43.68926239013672
2019-06-10,43.934326171875
2019-06-11,44.186832427978516
2019-06-12,43.8897590637207
2019-06-13,43.91947555541992
2019-06-14,43.414485931396484
2019-06-17,43.206546783447266
2019-06-18,43.481327056884766
2019-06-19,43.800655364990234
2019-06-20,44.11256790161133
2019-06-21,44.08285903930664
2019-06-24,44.07145690917969
2019-06-25,43.63035583496094
2019-06-26,43.82809066772461
2019-06-27,44.03343200683594
2019-06-28,44.3680534362793
2019-07-01,44.520164489746094
2019-07-02,44.459312438964844
2019-07-03,44.80915069580078
2019-07-05,44.535362243652344
2019-07-08,44.20835876464844
2019-07-09,43.82809066772461
2019-07-10,44.03343200683594
2019-07-11,44.10187911987305
2019-07-12,44.29960632324219
2019-07-15,44.20835876464844
2019-07-16,43.99540328979492
2019-07-17,43.721622467041016
2019-07-18,43.721622467041016
2019-07-19,43.47066116333008
2019-07-22,43.759639739990234
2019-07-23,43.873722076416016
2019-07-24,43.980194091796875
2019-07-25,43.66836929321289
2019-07-26,43.69120407104492
2019-07-29,43.42502212524414
2019-07-30,42.672122955322266
2019-07-31,42.375526428222656
2019-08-01,42.05609893798828
2019-08-02,42.0408935546875
2019-08-05,41.26517868041992
2019-08-06,41.64543151855469
2019-08-07,41.660648345947266
2019-08-08,41.97245407104492
2019-08-09,41.60740661621094
2019-08-12,40.97618865966797
2019-08-13,41.2803840637207
2019-08-14,40.1168098449707
2019-08-15,39.8886604309082
2019-08-16,40.50466537475586
2019-08-19,41.0066032409668
2019-08-20,40.83168411254883
2019-08-21,41.249961853027344
2019-08-22,41.5313606262207
2019-08-23,41.052242279052734
2019-08-26,41.249961853027344
2019-08-27,41.25757598876953
2019-08-28,40.89252853393555
2019-08-29,41.234764099121094
2019-08-30,41.41727828979492
2019-09-03,41.09026336669922
2019-09-04,41.79753875732422
2019-09-05,42.223426818847656
2019-09-06,42.25383758544922
2019-09-09,42.60368728637695
2019-09-10,42.816619873046875
2019-09-11,43.22728729248047
2019-09-12,43.40220260620117
2019-09-13,43.987796783447266
2019-09-16,43.73683547973633
2019-09-17,43.69120407104492
2019-09-18,43.607547760009766
2019-09-19,43.72923278808594
2019-09-20,43.53910827636719
2019-09-23,43.22728729248047
2019-09-24,42.97109603881836
2019-09-25,42.58108139038086
2019-09-26,42.5428466796875
2019-09-27,42.504608154296875
2019-09-30,42.7569694519043
2019-10-01,42.504608154296875
2019-10-02,41.701622009277344
2019-10-03,41.70927429199219
2019-10-04,42.00751876831055
2019-10-07,41.85456848144531
2019-10-08,41.40336227416992
2019-10-09,41.640445709228516
2019-10-10,42.206356048583984
2019-10-11,43.48347854614258
2019-10-14,43.37641525268555
2019-10-15,44.10292434692383
2019-10-16,44.225284576416016
2019-10-17,44.57707595825195
2019-10-18,44.78355026245117
2019-10-21,45.165924072265625
2019-10-22,44.81414031982422
2019-10-23,45.035911560058594
2019-10-24,44.92120361328125
2019-10-25,44.90591049194336
2019-10-28,45.13533401489258
2019-10-29,45.09709548950195
2019-10-30,45.2118034362793
2019-10-31,45.04356384277344
2019-11-01,45.62477493286133
2019-11-04,45.678306579589844
2019-11-05,45.63242721557617
2019-11-06,45.456520080566406
2019-11-07,45.953617095947266
2019-11-08,45.98419952392578
2019-11-11,46.20597457885742
2019-11-12,46.06067657470703
2019-11-13,45.762420654296875
2019-11-14,45.747127532958984
2019-11-15,46.09890365600586
2019-11-18,46.160099029541016
2019-11-19,46.11420822143555
2019-11-20,45.80831527709961
2019-11-21,45.66300964355469
2019-11-22,45.84654235839844
2019-11-25,46.06067657470703
2019-11-26,46.259517669677734
2019-11-27,46.496578216552734
2019-11-29,46.39716339111328
2019-12-02,46.366573333740234
2019-12-03,46.06067657470703
2019-12-04,46.741294860839844
2019-12-05,47.14661407470703
2019-12-06,47.36838912963867
2019-12-09,47.360740661621094
2019-12-10,47.4295654296875
2019-12-11,47.72018051147461
2019-12-12,48.12548065185547
2019-12-13,49.11201095581055
2019-12-16,49.62439727783203
2019-12-17,49.2114372253418
2019-12-18,49.050838470458984
2019-12-19,49.13496398925781
2019-12-20,49.104366302490234
2019-12-23,49.21356964111328
2019-12-24,49.32121658325195
2019-12-26,49.636497497558594
2019-12-27,49.928688049316406
2019-12-30,49.7825813293457
2019-12-31,50.251651763916016
2020-01-02,50.689979553222656
2020-01-03,49.805660247802734
2020-01-06,49.62879180908203
2020-01-07,49.382728576660156
2020-01-08,49.40579605102539
2020-01-09,49.47500991821289
2020-01-10,49.07514572143555
2020-01-13,49.574981689453125
2020-01-14,49.48270034790039
2020-01-15,49.36735153198242
2020-01-16,49.582672119140625
2020-01-17,49.59803771972656
2020-01-21,49.244319915771484
2020-01-22,49.382728576660156
2020-01-23,49.167423248291016
2020-01-24,48.93672180175781
2020-01-27,47.92939758300781
2020-01-28,48.39076232910156
2020-01-29,48.40614700317383
2020-01-30,48.513790130615234
2020-01-31,48.113948822021484
2020-02-03,47.78329086303711
2020-02-04,48.659908294677734
2020-02-05,48.98287582397461
2020-02-06,48.7752571105957
2020-02-07,48.16007995605469
2020-02-10,48.38307571411133
2020-02-11,48.99055862426758
2020-02-12,49.35966110229492
2020-02-13,49.15972900390625
2020-02-14,49.413490295410156
2020-02-18,48.95211410522461
2020-02-19,49.14435577392578
2020-02-20,49.10591506958008
2020-02-21,48.944419860839844
2020-02-24,46.614463806152344
2020-02-25,45.530235290527344
2020-02-26,45.34567642211914
2020-02-27,43.8462028503418
2020-02-28,43.77699279785156
2020-03-02,44.08457946777344
2020-03-03,43.91541290283203
2020-03-04,44.576725006103516
2020-03-05,42.961891174316406
2020-03-06,42.577415466308594
2020-03-09,39.00175094604492
2020-03-10,40.278221130371094
2020-03-11,37.840614318847656
2020-03-12,33.24222183227539
2020-03-13,34.5725212097168
2020-03-16,29.82034683227539
2020-03-17,29.720373153686523
2020-03-18,27.252004623413086
2020-03-19,27.20587158203125
2020-03-20,27.20587158203125
2020-03-23,27.036701202392578
2020-03-24,29.25958251953125
2020-03-25,30.62213134765625
2020-03-26,32.06252670288086
2020-03-27,31.050355911254883
2020-03-30,31.159351348876953
2020-03-31,31.665443420410156
2020-04-01,30.419689178466797
2020-04-02,30.91799545288086
2020-04-03,30.19390106201172
2020-04-06,31.75887680053711
2020-04-07,32.50634002685547
2020-04-08,33.347206115722656
2020-04-09,34.265953063964844
2020-04-13,33.95451354980469
2020-04-14,34.15694046020508
2020-04-15,32.61534118652344
2020-04-16,32.54525375366211
2020-04-17,33.67422103881836
2020-04-20,33.05134582519531
2020-04-21,32.45182800292969
2020-04-22,32.7554817199707
2020-04-23,32.84112548828125
2020-04-24,33.33163070678711
2020-04-27,33.79100799560547
2020-04-28,34.14137268066406
2020-04-29,35.519493103027344
2020-04-30,35.19247817993164
2020-05-01,34.499534606933594
2020-05-04,34.491737365722656
2020-05-05,34.19587707519531
2020-05-06,33.99343490600586
2020-05-07,34.53066635131836
2020-05-08,35.26255798339844
2020-05-11,35.013404846191406
2020-05-12,34.3282470703125
2020-05-13,33.88444519042969
2020-05-14,33.378353118896484
2020-05-15,33.448421478271484
2020-05-18,34.77202606201172
2020-05-19,34.56961441040039
2020-05-20,35.27033996582031
2020-05-21,35.013404846191406
2020-05-22,35.19247817993164
2020-05-26,36.500511169433594
2020-05-27,37.17011260986328
2020-05-28,37.356971740722656
2020-05-29,37.66062545776367
2020-06-01,38.4392204284668
2020-06-02,38.95309066772461
2020-06-03,39.99641036987305
2020-06-04,40.222198486328125
2020-06-05,40.930721282958984
2020-06-08,41.4835205078125
2020-06-09,40.39348602294922
2020-06-10,40.08205032348633
2020-06-11,37.52826690673828
2020-06-12,38.369144439697266
2020-06-15,38.6961669921875
2020-06-16,38.92973327636719
2020-06-17,39.023162841796875
2020-06-18,38.86744689941406
2020-06-19,38.45478820800781
2020-06-22,39.023162841796875
2020-06-23,39.1058349609375
2020-06-24,38.53108215332031
2020-06-25,38.7909049987793
2020-06-26,38.294898986816406
2020-06-29,38.735801696777344
2020-06-30,38.98773956298828
2020-07-01,39.13732147216797
2020-07-02,39.34988784790039
2020-07-06,40.25531005859375
2020-07-07,39.609718322753906
2020-07-08,40.215946197509766
2020-07-09,39.530975341796875
2020-07-10,39.89312744140625
2020-07-13,39.641197204589844
2020-07-14,40.30253219604492
2020-07-15,40.50724792480469
2020-07-16,40.63322448730469
2020-07-17,40.798561096191406
2020-07-20,40.98751449584961
2020-07-21,41.16072082519531
2020-07-22,41.64097595214844
2020-07-23,41.22370529174805
2020-07-24,41.03474426269531
2020-07-27,41.3890380859375
2020-07-28,40.9953727722168
2020-07-29,41.585872650146484
2020-07-30,41.396915435791016
2020-07-31,40.767051696777344
2020-08-03,41.30243682861328
2020-08-04,41.5937385559082
2020-08-05,42.16847610473633
2020-08-06,42.34169387817383
2020-08-07,42.12125015258789
2020-08-10,42.3731803894043
2020-08-11,42.38892364501953
2020-08-12,43.03452682495117
2020-08-13,43.08963394165039
2020-08-14,43.11324691772461
2020-08-17,43.357330322265625
2020-08-18,43.48328399658203
2020-08-19,42.99515914916992
2020-08-20,42.93217468261719
2020-08-21,42.680233001708984
2020-08-24,43.10538101196289
2020-08-25,43.08963394165039
2020-08-26,43.59351348876953
2020-08-27,43.215606689453125
2020-08-28,43.76673126220703
2020-08-31,43.53840637207031
2020-09-01,43.48328399658203
2020-09-02,43.69587707519531
2020-09-03,42.71172332763672
2020-09-04,42.75109100341797
2020-09-08,42.089752197265625
2020-09-09,42.77470397949219
2020-09-10,42.3574333190918
2020-09-11,42.617252349853516
2020-09-14,42.76683044433594
2020-09-15,42.97941589355469
2020-09-16,43.097511291503906
2020-09-17,43.44392395019531
2020-09-18,43.39668273925781
2020-09-21,41.94802474975586
2020-09-22,41.592071533203125
2020-09-23,40.7693977355957
2020-09-24,40.99881362915039
2020-09-25,41.18864440917969
2020-09-28,41.61579513549805
2020-09-29,41.73445129394531
2020-09-30,42.058773040771484
2020-10-01,42.50965881347656
2020-10-02,42.44638442993164
2020-10-05,43.39561080932617
2020-10-06,43.13457107543945
2020-10-07,43.56963348388672
2020-10-08,43.91768264770508
2020-10-09,44.47140884399414
2020-10-12,44.68498229980469
2020-10-13,43.89396286010742
2020-10-14,43.79111862182617
2020-10-15,43.308589935302734
2020-10-16,43.229488372802734
2020-10-19,43.03964614868164
2020-10-20,43.40351867675781
2020-10-21,43.229488372802734
2020-10-22,43.0712890625
2020-10-23,43.42724609375
2020-10-26,42.106239318847656
2020-10-27,41.568336486816406
2020-10-28,39.7806282043457
2020-10-29,39.7331657409668
2020-10-30,40.002105712890625
2020-11-02,40.41344451904297
2020-11-03,41.37849807739258
2020-11-04,41.81356430053711
2020-11-05,42.905174255371094
2020-11-06,43.126651763916016
2020-11-09,43.870216369628906
2020-11-10,44.35273361206055
2020-11-11,44.50303649902344
2020-11-12,44.24200439453125
2020-11-13,45.104225158691406
2020-11-16,45.79240417480469
2020-11-17,45.8873291015625
2020-11-18,45.998077392578125
2020-11-19,46.005985260009766
2020-11-20,46.124637603759766
2020-11-23,46.37775421142578
2020-11-24,47.113426208496094
2020-11-25,47.200435638427734
2020-11-27,47.113426208496094
2020-11-30,46.52806854248047
2020-12-01,47.951908111572266
2020-12-02,47.84908676147461
2020-12-03,48.197120666503906
2020-12-04,48.584720611572266
2020-12-07,48.347415924072266
2020-12-08,48.53726577758789
2020-12-09,48.67173385620117
2020-12-10,48.52935791015625
2020-12-11,48.28413772583008
2020-12-14,48.50563049316406
2020-12-15,49.30455780029297
2020-12-16,49.557682037353516
2020-12-17,50.3328971862793
2020-12-18,50.27751922607422
2020-12-21,49.72807693481445
2020-12-22,49.69627380371094
2020-12-23,50.71404266357422
2020-12-24,51.05595779418945
2020-12-28,51.15138244628906
2020-12-29,51.556888580322266
2020-12-30,51.51713562011719
2020-12-31,51.33426284790039
2021-01-04,51.70002365112305
2021-01-05,52.614437103271484
2021-01-06,53.091514587402344
2021-01-07,53.25053787231445
2021-01-08,53.64811706542969
2021-01-11,52.646236419677734
2021-01-12,53.433433532714844
2021-01-13,52.9245491027832
2021-01-14,53.32210922241211
2021-01-15,52.32818603515625
2021-01-19,53.13127517700195
2021-01-20,53.3380241394043
2021-01-21,53.42548751831055
2021-01-22,52.614437103271484
2021-01-25,51.867008209228516
2021-01-26,52.11349868774414
2021-01-27,50.8651237487793
2021-01-28,51.58075714111328
2021-01-29,51.008262634277344
2021-02-01,51.739784240722656
2021-02-02,52.40769577026367
2021-02-03,52.70188903808594
2021-02-04,52.59059143066406
2021-02-05,53.298255920410156
2021-02-08,53.624267578125
2021-02-09,53.83098602294922
2021-02-10,53.783287048339844
2021-02-11,54.14110565185547
2021-02-12,54.18086242675781
2021-02-16,54.83287811279297
2021-02-17,54.3080940246582
2021-02-18,54.3716926574707
2021-02-19,54.47507095336914
2021-02-22,54.72951889038086
2021-02-23,54.51481628417969
2021-02-24,55.0078125
2021-02-25,54.51481628417969
2021-02-26,53.82304382324219
2021-03-01,54.737457275390625
2021-03-02,54.83287811279297
2021-03-03,54.6579475402832
2021-03-04,53.64811706542969
2021-03-05,54.00593185424805
2021-03-08,53.616310119628906
2021-03-09,54.403507232666016
2021-03-10,54.801063537597656
2021-03-11,55.38947296142578
2021-03-12,55.54055404663086
2021-03-15,55.476924896240234
2021-03-16,55.492855072021484
2021-03-17,55.70752716064453
2021-03-18,55.30200958251953
2021-03-19,55.46103286743164
2021-03-22,55.524658203125
2021-03-23,54.51481628417969
2021-03-24,54.435306549072266
2021-03-25,54.77556228637695
2021-03-26,55.61226272583008
2021-03-29,55.452884674072266
2021-03-30,55.229766845703125
2021-03-31,55.492733001708984
2021-04-01,56.608314514160156
2021-04-05,57.6282958984375
2021-04-06,57.17407989501953
2021-04-07,57.190025329589844
2021-04-08,57.72391128540039
2021-04-09,57.6043815612793
2021-04-12,57.36532211303711
2021-04-13,57.835479736328125
2021-04-14,57.88329315185547
2021-04-15,58.2896842956543
2021-04-16,58.8634147644043
2021-04-19,59.038719177246094
2021-04-20,58.24983596801758
2021-04-21,58.146240234375
2021-04-22,58.146240234375
2021-04-23,58.84746551513672
2021-04-26,59.27778244018555
2021-04-27,59.4052848815918
2021-04-28,59.36543655395508
2021-04-29,59.564632415771484
2021-04-30,58.512813568115234
2021-05-03,59.38136672973633
2021-05-04,58.36935806274414
2021-05-05,58.78373336791992
2021-05-06,58.9192008972168
2021-05-07,60.01087951660156
2021-05-10,59.79572677612305
2021-05-11,59.094505310058594
2021-05-12,57.96296691894531
2021-05-13,58.472957611083984
2021-05-14,59.3494987487793
2021-05-17,59.325584411621094
2021-05-18,59.79572677612305
2021-05-19,59.317623138427734
2021-05-20,60.01087951660156
2021-05-21,60.074623107910156
2021-05-24,60.544761657714844
2021-05-25,60.27384567260742
2021-05-26,60.15431594848633
2021-05-27,60.63240432739258
2021-05-28,60.87944793701172
2021-06-01,61.819740295410156
2021-06-02,61.64442825317383
2021-06-03,61.27786636352539
2021-06-04,61.97113800048828
2021-06-07,62.010963439941406
2021-06-08,61.83566665649414
2021-06-09,61.48505401611328
2021-06-10,61.40536117553711
2021-06-11,61.56475067138672
2021-06-14,61.851600646972656
2021-06-15,61.36552429199219
2021-06-16,60.53680419921875
2021-06-17,59.73994445800781
2021-06-18,58.759822845458984
2021-06-21,59.27778244018555
2021-06-22,59.3494987487793
2021-06-23,59.11042785644531
2021-06-24,59.357147216796875
2021-06-25,59.68069839477539
2021-06-28,59.3328857421875
2021-06-29,59.567466735839844
2021-06-30,59.37331771850586
2021-07-01,59.58364486694336
2021-07-02,60.18223190307617
2021-07-06,60.23884963989258
2021-07-07,60.343997955322266
2021-07-08,59.58364486694336
2021-07-09,60.44106674194336
2021-07-12,60.740379333496094
2021-07-13,60.35210418701172
2021-07-14,60.46534729003906
2021-07-15,60.11750411987305
2021-07-16,59.527015686035156
2021-07-19,58.09526062011719
2021-07-20,58.426910400390625
2021-07-21,59.79396057128906
2021-07-22,60.20649719238281
2021-07-23,60.46534729003906
2021-07-26,61.33086013793945
2021-07-27,61.20145034790039
2021-07-28,61.54925537109375
2021-07-29,62.010337829589844
2021-07-30,61.79193878173828
2021-08-02,61.856666564941406
2021-08-03,62.31772232055664
2021-08-04,62.010337829589844
2021-08-05,62.31772232055664
2021-08-06,61.646339416503906
2021-08-09,61.630165100097656
2021-08-10,61.96989822387695
2021-08-11,62.188289642333984
2021-08-12,62.18022155761719
2021-08-13,62.34199142456055
2021-08-16,62.042701721191406
2021-08-17,61.44411849975586
2021-08-18,61.69486618041992
2021-08-19,60.999229431152344
2021-08-20,61.25807189941406
2021-08-23,61.96989822387695
2021-08-24,61.929447174072266
2021-08-25,62.22875213623047
2021-08-26,61.98606872558594
2021-08-27,62.7221794128418
2021-08-30,63.07000732421875
2021-08-31,63.31268310546875
2021-09-01,63.65241622924805
2021-09-02,63.99214553833008
2021-09-03,63.95979690551758
2021-09-07,63.40165328979492
2021-09-08,62.46332931518555
2021-09-09,62.576560974121094
2021-09-10,62.261112213134766
2021-09-13,62.20448684692383
2021-09-14,61.56544876098633
2021-09-15,61.39558410644531
2021-09-16,61.44411849975586
2021-09-17,60.87788391113281
2021-09-20,59.2681770324707
2021-09-21,59.72114944458008
2021-09-22,60.2145881652832
2021-09-23,61.27424240112305
2021-09-24,60.66813278198242
2021-09-27,60.34269714355469
2021-09-28,58.59353256225586
2021-09-29,58.13792037963867
2021-09-30,58.43894577026367
2021-10-01,58.878273010253906
2021-10-04,58.325042724609375
2021-10-05,58.585391998291016
2021-10-06,57.983341217041016
2021-10-07,58.349464416503906
2021-10-08,58.20301818847656
2021-10-11,57.76368713378906
2021-10-12,58.048431396484375
2021-10-13,59.09794235229492
2021-10-14,59.85455322265625
2021-10-15,60.42405319213867
2021-10-18,60.61117935180664
2021-10-19,61.2295036315918
2021-10-20,61.636287689208984
2021-10-21,61.628143310546875
2021-10-22,61.82339859008789
2021-10-25,61.278316497802734
2021-10-26,61.074928283691406
2021-10-27,60.75762176513672
2021-10-28,61.49797439575195
2021-10-29,60.871524810791016
2021-11-01,61.506099700927734
2021-11-02,60.85525894165039
2021-11-03,61.6200065612793
2021-11-04,61.49797439575195
2021-11-05,61.78273010253906
2021-11-08,61.88035583496094
2021-11-09,61.74204635620117
2021-11-10,60.64372634887695
2021-11-11,60.94475173950195
2021-11-12,61.074928283691406
2021-11-15,60.79015350341797
2021-11-16,60.375244140625
2021-11-17,60.53797149658203
2021-11-18,60.497283935546875
2021-11-19,59.6348991394043
2021-11-22,59.089805603027344
2021-11-23,58.69114685058594
2021-11-24,58.20301818847656
2021-11-26,57.145355224609375
2021-11-29,57.4626579284668
2021-11-30,57.1616325378418
2021-12-01,56.90129470825195
2021-12-02,57.568416595458984
2021-12-03,57.03960037231445
2021-12-06,57.38130187988281
2021-12-07,58.349464416503906
2021-12-08,58.65046310424805
2021-12-09,58.13792037963867
2021-12-10,58.29249954223633
2021-12-13,57.568416595458984
2021-12-14,57.23485565185547
2021-12-15,57.80435562133789
2021-12-16,57.853172302246094
2021-12-17,57.45452880859375
2021-12-20,57.503334045410156
2021-12-21,58.19486999511719
2021-12-22,59.317596435546875
2021-12-23,59.77320098876953
2021-12-27,60.48396682739258
2021-12-28,60.61452865600586
2021-12-29,60.94093322753906
2021-12-30,60.65532684326172
2021-12-31,60.802215576171875
2022-01-03,61.25918960571289
2022-01-04,61.397911071777344
2022-01-05,60.851165771484375
2022-01-06,60.54922866821289
2022-01-07,60.826683044433594
2022-01-10,59.774009704589844
2022-01-11,60.45948028564453
2022-01-12,61.3326301574707
2022-01-13,60.71244812011719
2022-01-14,60.3533935546875
2022-01-18,59.047752380371094
2022-01-19,59.11302947998047
2022-01-20,58.64789962768555
2022-01-21,57.88899230957031
2022-01-24,56.50174331665039
2022-01-25,56.26509475708008
2022-01-26,56.289588928222656
2022-01-27,56.248783111572266
2022-01-28,56.50990295410156
2022-01-31,57.856361389160156
2022-02-01,58.17460632324219
2022-02-02,58.6234245300293
2022-02-03,58.1419677734375
2022-02-04,57.880821228027344
2022-02-07,57.7013053894043
2022-02-08,57.75026321411133
2022-02-09,59.047752380371094
2022-02-10,58.6234245300293
2022-02-11,57.71763610839844
2022-02-14,56.909751892089844
2022-02-15,58.23173141479492
2022-02-16,58.53366470336914
2022-02-17,57.13008499145508
2022-02-18,56.74655532836914
2022-02-22,55.563316345214844
2022-02-23,54.943145751953125
2022-02-24,53.555885314941406
2022-02-25,54.983943939208984
2022-02-28,54.249515533447266
2022-03-01,52.715370178222656
2022-03-02,53.04179382324219
2022-03-03,51.83407211303711
2022-03-04,49.67159652709961
2022-03-07,47.64784240722656
2022-03-08,49.56551742553711
2022-03-09,51.7606315612793
2022-03-10,50.89563751220703
2022-03-11,51.08332443237305
2022-03-14,52.31552505493164
2022-03-15,52.25840377807617
2022-03-16,54.53512191772461
2022-03-17,54.6820068359375
2022-03-18,55.03290939331055
2022-03-21,54.71465301513672
2022-03-22,55.66123580932617
2022-03-23,54.64936447143555
2022-03-24,54.526947021484375
2022-03-25,54.83793640136719
2022-03-28,54.87884521484375
2022-03-29,56.106380462646484
2022-03-30,55.84450149536133
2022-03-31,55.001609802246094
2022-04-01,55.50899124145508
2022-04-04,55.484432220458984
2022-04-05,54.968868255615234
2022-04-06,54.07686996459961
2022-04-07,54.34691619873047
2022-04-08,54.420570373535156
2022-04-11,53.9459228515625
2022-04-12,53.83953857421875
2022-04-13,54.46150207519531
2022-04-14,54.25690460205078
2022-04-18,54.125972747802734
2022-04-19,54.355098724365234
2022-04-20,54.64970779418945
2022-04-21,54.40420913696289
2022-04-22,53.79861831665039
2022-04-25,53.14393997192383
2022-04-26,51.48268508911133
2022-04-27,51.51540756225586
2022-04-28,51.99824905395508
2022-04-29,51.56451416015625
2022-05-02,51.58906173706055
2022-05-03,51.801841735839844
2022-05-04,52.7102165222168
2022-05-05,50.73797607421875
2022-05-06,50.09148025512695
2022-05-09,48.422035217285156
2022-05-10,48.503868103027344
2022-05-11,48.23381423950195
2022-05-12,48.16834259033203
2022-05-13,49.354949951171875
2022-05-16,49.813236236572266
2022-05-17,51.19626235961914
2022-05-18,49.91143798828125
2022-05-19,50.54975891113281
2022-05-20,50.705238342285156
2022-05-23,51.90822982788086
2022-05-24,51.621803283691406
2022-05-25,51.75273895263672
2022-05-26,52.4974479675293
2022-05-27,52.8820686340332
2022-05-31,52.898433685302734
2022-06-01,52.178279876708984
2022-06-02,53.50401306152344
2022-06-03,52.800228118896484
2022-06-06,53.152130126953125
2022-06-07,53.06209945678711
2022-06-08,52.636558532714844
2022-06-09,51.41720962524414
2022-06-10,50.05055618286133
2022-06-13,47.890098571777344
2022-06-14,47.3418083190918
2022-06-15,48.60206985473633
2022-06-16,47.03083801269531
2022-06-17,47.423641204833984
2022-06-21,47.7509880065918
2022-06-22,47.5218505859375
2022-06-23,47.3008918762207
2022-06-24,48.11078643798828
2022-06-27,48.19560241699219
2022-06-28,47.8139762878418
2022-06-29,47.22880172729492
2022-06-30,46.81324768066406
2022-07-01,46.7369270324707
2022-07-05,45.27824783325195
2022-07-06,44.79485321044922
2022-07-07,45.66836166381836
2022-07-08,45.88037872314453
2022-07-11,45.04079055786133
2022-07-12,45.13407897949219
2022-07-13,45.167991638183594
2022-07-14,44.311458587646484
2022-07-15,45.06623840332031
2022-07-18,45.795570373535156
2022-07-19,46.78780746459961
2022-07-20,46.397701263427734
2022-07-21,47.11007308959961
2022-07-22,47.127037048339844
2022-07-25,47.82244873046875
2022-07-26,46.87261199951172
2022-07-27,47.992069244384766
2022-07-28,48.3143310546875
2022-07-29,49.17935562133789
2022-08-01,48.840126037597656
2022-08-02,47.8478889465332
2022-08-03,48.60266876220703
2022-08-04,48.92493438720703
2022-08-05,48.4415397644043
2022-08-08,48.26344680786133
2022-08-09,47.992069244384766
2022-08-10,49.46770095825195
2022-08-11,49.31504821777344
2022-08-12,49.58642578125
2022-08-15,48.81468200683594
2022-08-16,49.04365921020508
2022-08-17,48.39913558959961
2022-08-18,48.22951889038086
2022-08-19,47.3305778503418
2022-08-22,45.93126678466797
2022-08-23,46.15175247192383
2022-08-24,46.17720413208008
2022-08-25,46.5079460144043
2022-08-26,45.2188835144043
2022-08-29,45.17648696899414
2022-08-30,44.9644660949707
2022-08-31,44.786376953125
2022-09-01,43.912864685058594
2022-09-02,43.234405517578125
2022-09-06,43.242897033691406
2022-09-07,43.853492736816406
2022-09-08,43.61604309082031
2022-09-09,44.989906311035156
2022-09-12,45.93126678466797
2022-09-13,44.150325775146484
2022-09-14,44.24361038208008
2022-09-15,43.675411224365234
2022-09-16,43.42947006225586
2022-09-19,43.395538330078125
2022-09-20,42.140411376953125
2022-09-21,41.80118179321289
2022-09-22,41.42802810668945
2022-09-23,39.621646881103516
2022-09-26,38.681434631347656
2022-09-27,38.17485427856445
2022-09-28,39.136512756347656
2022-09-29,38.4667854309082
2022-09-30,38.84458923339844
2022-10-03,40.02949905395508
2022-10-04,41.377559661865234
2022-10-05,40.65630340576172
2022-10-06,40.09819030761719
2022-10-07,39.248146057128906
2022-10-10,39.17945098876953
2022-10-11,38.58699035644531
2022-10-12,38.475379943847656
2022-10-13,39.95222473144531
2022-10-14,39.11075973510742
2022-10-17,40.51891326904297
2022-10-18,40.86237716674805
2022-10-19,40.12395477294922
2022-10-20,40.00373840332031
2022-10-21,40.67348098754883
2022-10-24,40.613372802734375
2022-10-25,41.90131378173828
2022-10-26,42.57105255126953
2022-10-27,42.0902214050293
2022-10-28,42.50236511230469
2022-10-31,41.892730712890625
2022-11-01,42.31346130371094
2022-11-02,41.44624328613281
2022-11-03,41.068443298339844
2022-11-04,43.09482955932617
2022-11-07,43.70444869995117
2022-11-08,44.219635009765625
2022-11-09,43.45545196533203
2022-11-10,46.01417541503906
2022-11-11,47.49102783203125
2022-11-14,46.70967102050781
2022-11-15,46.6409797668457
2022-11-16,46.30611801147461
2022-11-17,46.08286666870117
2022-11-18,46.263179779052734
2022-11-21,45.8853874206543
2022-11-22,46.555118560791016
2022-11-23,47.327884674072266
2022-11-25,47.740028381347656
2022-11-28,46.54652786254883
2022-11-29,46.67531967163086
2022-11-30,47.42233657836914
2022-12-01,48.17792892456055
2022-12-02,48.46987533569336
2022-12-05,47.7572021484375
2022-12-06,47.078887939453125
2022-12-07,47.001609802246094
2022-12-08,47.19050979614258
2022-12-09,47.36222839355469
2022-12-12,47.439510345458984
2022-12-13,48.169349670410156
2022-12-14,48.13500213623047
2022-12-15,46.99301528930664
2022-12-16,46.43490982055664
2022-12-19,46.220252990722656
2022-12-20,46.254600524902344
2022-12-21,47.087467193603516
2022-12-22,46.68391036987305
2022-12-23,47.0956916809082
2022-12-27,47.13029098510742
2022-12-28,46.758304595947266
2022-12-29,47.632057189941406
2022-12-30,47.33792495727539
2023-01-03,47.83102035522461
2023-01-04,48.505794525146484
2023-01-05,48.07324981689453
2023-01-06,49.30168914794922
2023-01-09,49.578514099121094
2023-01-10,49.621768951416016
2023-01-11,49.933197021484375
2023-01-12,50.763694763183594
2023-01-13,50.93671798706055
2023-01-17,50.90210723876953
2023-01-18,50.98861312866211
2023-01-19,50.65122985839844
2023-01-20,51.317352294921875
2023-01-23,51.594181060791016
2023-01-24,51.47306823730469
2023-01-25,51.33465576171875
2023-01-26,51.533626556396484
2023-01-27,51.72394561767578
2023-01-30,51.248146057128906
2023-01-31,51.26544952392578
2023-02-01,52.519832611083984
2023-02-02,52.8745231628418
2023-02-03,52.13053894042969
2023-02-06,51.576881408691406
2023-02-07,51.73259353637695
2023-02-08,51.663387298583984
2023-02-09,51.76720428466797
2023-02-10,51.39521408081055
2023-02-13,51.974822998046875
2023-02-14,52.30355453491211
2023-02-15,51.87102127075195
2023-02-16,51.62012481689453
2023-02-17,51.974822998046875
2023-02-21,51.369258880615234
2023-02-22,50.72043991088867
2023-02-23,51.47306823730469
2023-02-24,50.67718505859375
2023-02-27,51.86235809326172
2023-02-28,51.56822204589844
2023-03-01,51.96617126464844
2023-03-02,51.89696502685547
2023-03-03,52.554439544677734
2023-03-06,52.286251068115234
2023-03-07,50.91940689086914
2023-03-08,51.282745361328125
2023-03-09,50.65122985839844
2023-03-10,50.305198669433594
2023-03-13,49.7169303894043
2023-03-14,50.65122985839844
2023-03-15,48.7393684387207
2023-03-16,49.128665924072266
2023-03-17,48.488494873046875
2023-03-20,49.01620101928711
2023-03-21,49.933197021484375
2023-03-22,49.578514099121094
2023-03-23,49.388187408447266
2023-03-24,48.886436462402344
2023-03-27,49.26627731323242
2023-03-28,49.12656021118164
2023-03-29,49.79893493652344
2023-03-30,50.93410873413086
2023-03-31,50.91664123535156
2023-04-03,51.24845504760742
2023-04-04,51.414371490478516
2023-04-05,50.36651611328125
2023-04-06,50.8817138671875
2023-04-10,50.80312728881836
2023-04-11,51.23973083496094
2023-04-12,51.597740173339844
2023-04-13,52.540802001953125
2023-04-14,52.418548583984375
2023-04-17,52.558265686035156
2023-04-18,52.724178314208984
2023-04-19,52.392364501953125
2023-04-20,52.025611877441406
2023-04-21,52.165321350097656
2023-04-24,52.28757858276367
2023-04-25,51.30085754394531
2023-04-26,51.737457275390625
2023-04-27,52.558265686035156
2023-04-28,52.75037384033203
2023-05-01,52.724178314208984
2023-05-02,52.21772003173828
2023-05-03,52.15658950805664
2023-05-04,51.9295654296875
2023-05-05,52.863895416259766
2023-05-08,52.724178314208984
2023-05-09,52.18278503417969
2023-05-10,52.03434753417969
2023-05-11,51.77238082885742
2023-05-12,51.40563201904297
2023-05-15,51.95576095581055
2023-05-16,51.16986846923828
2023-05-17,51.265926361083984
2023-05-18,51.02142333984375
2023-05-19,51.3270378112793
2023-05-22,51.10874557495117
2023-05-23,50.698341369628906
2023-05-24,49.8338623046875
2023-05-25,49.43218994140625
2023-05-26,49.65922546386719
2023-05-30,49.44965744018555
2023-05-31,49.11784362792969
2023-06-01,49.71162414550781
2023-06-02,50.41018295288086
2023-06-05,50.18315124511719
2023-06-06,50.10456085205078
2023-06-07,50.07836151123047
2023-06-08,50.66341781616211
2023-06-09,50.64594650268555
2023-06-12,50.82931900024414
2023-06-13,51.335784912109375
2023-06-14,51.35324478149414
2023-06-15,51.67633056640625
2023-06-16,51.466758728027344
2023-06-20,50.51496887207031
2023-06-21,50.50624084472656
2023-06-22,49.99978256225586
2023-06-23,49.231353759765625
2023-06-26,49.28520584106445
2023-06-27,49.57242965698242
2023-06-28,49.58140563964844
2023-06-29,49.50959777832031
2023-06-30,50.119937896728516
2023-07-03,50.36228561401367
2023-07-05,49.62628173828125
2023-07-06,49.03388977050781
2023-07-07,49.88658142089844
2023-07-10,49.96735382080078
2023-07-11,50.69438171386719
2023-07-12,52.03175354003906
2023-07-13,52.7587776184082
2023-07-14,52.076629638671875
2023-07-17,51.90610122680664
2023-07-18,52.26511764526367
2023-07-19,52.53438949584961
2023-07-20,52.10355758666992
2023-07-21,51.76247787475586
2023-07-24,51.690677642822266
2023-07-25,52.04072952270508
2023-07-26,52.148433685302734
2023-07-27,51.45731735229492
2023-07-28,51.591941833496094
2023-07-31,51.861209869384766
2023-08-01,51.5380973815918
2023-08-02,50.65847396850586
2023-08-03,50.62258529663086
2023-08-04,50.82901382446289
2023-08-07,51.197017669677734
2023-08-08,50.739261627197266
2023-08-09,50.91877365112305
2023-08-10,50.676429748535156
2023-08-11,50.42510986328125
2023-08-14,50.51487350463867
2023-08-15,49.850669860839844
2023-08-16,49.635257720947266
2023-08-17,49.365989685058594
2023-08-18,48.997982025146484
2023-08-21,48.764625549316406
2023-08-22,48.62998580932617
2023-08-23,48.88129806518555
2023-08-24,48.08247375488281
2023-08-25,48.45048141479492
2023-08-28,48.96208190917969
2023-08-29,49.680137634277344
2023-08-30,49.80580139160156
2023-08-31,49.64423370361328
2023-09-01,49.45574188232422
2023-09-05,49.06081771850586
2023-09-06,48.908233642578125
2023-09-07,48.45945358276367
2023-09-08,48.423545837402344
2023-09-11,49.06081771850586
2023-09-12,48.67486572265625
2023-09-13,48.46843338012695
2023-09-14,48.97106170654297
2023-09-15,48.67486572265625
2023-09-18,48.36969757080078
2023-09-19,48.43252944946289
2023-09-20,48.54920196533203
2023-09-21,48.10940170288086
2023-09-22,48.08247375488281
2023-09-25,47.592857360839844
2023-09-26,46.90375518798828
2023-09-27,46.81309509277344
2023-09-28,47.23017501831055
2023-09-29,47.5747184753418
2023-10-02,46.55921173095703
2023-10-03,45.797584533691406
2023-10-04,45.598114013671875
2023-10-05,46.042388916015625
2023-10-06,46.6861572265625
2023-10-09,46.55921173095703
2023-10-10,47.29364013671875
2023-10-11,47.447784423828125
2023-10-12,46.967227935791016
2023-10-13,46.1693229675293
2023-10-16,46.59547805786133
2023-10-17,46.64988327026367
2023-10-18,45.65250778198242
2023-10-19,45.40770721435547
2023-10-20,45.09035873413086
2023-10-23,45.08129119873047
2023-10-24,45.13568878173828
2023-10-25,44.10204315185547
2023-10-26,44.256187438964844
2023-10-27,44.310585021972656
2023-10-30,45.108482360839844
2023-10-31,45.41676330566406
2023-11-01,45.56184005737305
2023-11-02,46.794960021972656
2023-11-03,47.710723876953125
2023-11-06,47.07603454589844
2023-11-07,46.776824951171875
2023-11-08,47.01256561279297
2023-11-09,47.1485710144043
2023-11-10,47.27550506591797
2023-11-13,47.320838928222656
2023-11-14,49.50599670410156
2023-11-15,49.46065902709961
2023-11-16,48.74436950683594
2023-11-17,49.71453857421875
2023-11-20,49.99561309814453
2023-11-21,49.32466506958008
2023-11-22,49.469730377197266
2023-11-24,50.06814956665039
2023-11-27,49.97748947143555
2023-11-28,50.08628463745117
2023-11-29,50.403629302978516
2023-11-30,49.768943786621094
2023-12-01,50.37643051147461
2023-12-04,49.73267364501953
2023-12-05,49.80520248413086
2023-12-06,49.768943786621094
2023-12-07,50.222293853759766
2023-12-08,50.43083190917969
2023-12-11,50.448974609375
2023-12-12,50.059085845947266
2023-12-13,50.793514251708984
2023-12-14,52.55252456665039
2023-12-15,52.33491134643555
2023-12-18,52.54344940185547
2023-12-19,53.41389083862305
2023-12-20,53.02400207519531
2023-12-21,53.885379791259766
2023-12-22,54.2452507019043
2023-12-26,54.69166564941406
2023-12-27,54.89210891723633
2023-12-28,54.550880432128906
2023-12-29,54.404903411865234
2024-01-02,53.319175720214844
2024-01-03,52.64401626586914
2024-01-04,53.16407012939453
2024-01-05,52.908607482910156
2024-01-08,53.620262145996094
2024-01-09,53.02721405029297
2024-01-10,53.16407012939453
2024-01-11,52.91773223876953
2024-01-12,53.24618911743164
2024-01-16,52.12397003173828
2024-01-17,51.72251892089844
2024-01-18,52.151336669921875
2024-01-19,51.98711013793945
2024-01-22,52.3520622253418
2024-01-23,52.2151985168457
2024-01-24,52.62577819824219
2024-01-25,52.84474563598633
2024-01-26,53.20056915283203
2024-01-29,53.22793960571289
2024-01-30,52.99985122680664
2024-01-31,52.77174758911133
2024-02-01,53.17319869995117
2024-02-02,52.45241928100586
2024-02-05,51.64039993286133
2024-02-06,52.31557083129883
2024-02-07,52.16958236694336
2024-02-08,52.37030792236328
2024-02-09,52.3885498046875
2024-02-12,52.5984001159668
2024-02-13,51.3302001953125
2024-02-14,52.178707122802734
2024-02-15,52.64401626586914
2024-02-16,52.78087615966797
2024-02-20,52.71700668334961
2024-02-21,52.89036560058594
2024-02-22,53.22793960571289
2024-02-23,53.00896453857422
2024-02-26,52.99985122680664
2024-02-27,53.12757873535156
2024-02-28,52.68964385986328
2024-02-29,52.92685317993164
2024-03-01,53.42866516113281
2024-03-04,53.10020446777344
2024-03-05,53.09107971191406
2024-03-06,53.68412399291992
2024-03-07,54.304542541503906
2024-03-08,54.15856170654297
2024-03-11,54.103816986083984
2024-03-12,54.28629684448242
2024-03-13,54.268043518066406
2024-03-14,53.811859130859375
2024-03-15,53.857479095458984
2024-03-18,53.547264099121094
2024-03-19,53.629390716552734
2024-03-20,54.395774841308594
2024-03-21,54.18593215942383
2024-03-22,53.84254837036133
2024-03-25,53.97074890136719
2024-03-26,54.089786529541016
2024-03-27,54.73992156982422
2024-03-28,54.712459564208984
2024-04-01,54.630043029785156
2024-04-02,54.190513610839844
2024-04-03,54.730770111083984
2024-04-04,54.4285888671875
2024-04-05,54.63920211791992
2024-04-08,55.206932067871094
2024-04-09,55.0237922668457
2024-04-10,54.29124069213867
2024-04-11,54.57509994506836
2024-04-12,53.531219482421875
2024-04-15,53.28398132324219
2024-04-16,52.64299774169922
2024-04-17,52.74372100830078
2024-04-18,52.54227066040039
2024-04-19,52.496490478515625
2024-04-22,53.0825309753418
2024-04-23,53.696041107177734
2024-04-24,53.60447311401367
2024-04-25,53.40302276611328
2024-04-26,54.034847259521484
2024-04-29,54.794864654541016
2024-04-30,54.098941802978516
2024-05-01,53.92496109008789
2024-05-02,54.657508850097656
2024-05-03,54.987159729003906
2024-05-06,55.435855865478516
2024-05-07,55.646461486816406
2024-05-08,55.73802185058594
2024-05-09,56.22334671020508
2024-05-10,56.498050689697266
2024-05-13,56.66287612915039
2024-05-14,57.26723098754883
2024-05-15,57.80748748779297
2024-05-16,57.670135498046875
2024-05-17,57.99062728881836
2024-05-20,58.08219909667969
2024-05-21,58.12797164916992
2024-05-22,57.63350296020508
2024-05-23,57.41373825073242
2024-05-24,58.210384368896484
2024-05-28,58.347740173339844
2024-05-29,57.184818267822266
2024-05-30,58.08219909667969
2024-05-31,58.5675048828125
2024-06-03,58.768959045410156
2024-06-04,58.20124053955078
2024-06-05,58.402687072753906
2024-06-06,58.356903076171875
2024-06-07,57.303863525390625
2024-06-10,57.41373825073242
2024-06-11,56.63540267944336
2024-06-12,57.62434768676758
2024-06-13,56.4888916015625
2024-06-14,55.55488586425781
2024-06-17,56.25996398925781
2024-06-18,56.69034194946289
2024-06-20,56.75444030761719
2024-06-21,56.18671417236328
2024-06-24,56.84601593017578
2024-06-25,56.16777038574219
2024-06-26,55.53162384033203
2024-06-27,55.7655029296875
2024-06-28,55.73744201660156
2024-07-01,55.8964729309082
2024-07-02,56.21455001831055
2024-07-03,57.06585693359375
2024-07-05,57.97329330444336
2024-07-08,57.62716293334961
2024-07-09,57.234249114990234
2024-07-10,57.77683639526367
2024-07-11,58.45040512084961
2024-07-12,58.93687057495117
2024-07-15,58.525245666503906
2024-07-16,59.18009948730469
2024-07-17,58.927513122558594
2024-07-18,58.81525421142578
2024-07-19,58.41297912597656
2024-07-22,58.8807373046875
2024-07-23,58.12297821044922
2024-07-24,57.40264129638672
2024-07-25,57.18747329711914
2024-07-26,58.24459457397461
2024-07-29,57.76748275756836
2024-07-30,58.09490966796875
2024-07-31,58.49717712402344
2024-08-01,57.084564208984375
2024-08-02,56.80392074584961
2024-08-05,55.16677474975586
2024-08-06,55.353878021240234
2024-08-07,55.46614074707031
2024-08-08,55.971317291259766
2024-08-09,56.32680130004883
2024-08-12,56.31745147705078
2024-08-13,56.981658935546875
2024-08-14,57.215538024902344
2024-08-15,57.69264221191406
2024-08-16,57.83297348022461
2024-08-19,58.69363784790039
2024-08-20,58.39426803588867
2024-08-21,59.09590148925781
2024-08-22,58.58137130737305
2024-08-23,59.79753112792969
2024-08-26,59.61043167114258
2024-08-27,59.872371673583984
2024-08-28,59.1146125793457
2024-08-29,59.44204330444336
2024-08-30,59.544944763183594
2024-09-03,57.6739387512207
2024-09-04,58.02942657470703
2024-09-05,57.96394348144531
2024-09-06,57.000370025634766
2024-09-09,57.327796936035156
2024-09-10,57.20618438720703
2024-09-11,57.34650802612305
2024-09-12,57.70199966430664
2024-09-13,58.27265930175781
2024-09-16,58.7497673034668
2024-09-17,58.45040512084961
2024-09-18,58.51588439941406
2024-09-19,59.65720748901367
2024-09-20,58.68428421020508
2024-09-23,58.89009475708008
2024-09-24,59.086544036865234
2024-09-25,58.54481506347656
2024-09-26,60.05225372314453
2024-09-27,60.05225372314453
2024-09-30,59.826133728027344
2024-10-01,59.072418212890625
2024-10-02,58.64845275878906
2024-10-03,57.87590026855469
2024-10-04,58.58250045776367
2024-10-07,57.97953414916992
2024-10-08,57.828792572021484
2024-10-09,57.87590026855469
2024-10-10,57.574405670166016
2024-10-11,57.86647033691406
2024-10-14,57.715728759765625
2024-10-15,57.43309020996094
2024-10-16,57.75341796875
2024-10-17,57.69689178466797
2024-10-18,58.11143112182617
2024-10-21,57.178707122802734
2024-10-22,57.36714172363281
2024-10-23,56.48152160644531
2024-10-24,56.61342239379883
2024-10-25,56.321353912353516
2024-10-28,56.726478576660156
2024-10-29,56.189456939697266
2024-10-30,56.15176773071289
2024-10-31,55.69953918457031
2024-11-01,55.511112213134766
2024-11-04,55.454586029052734
2024-11-05,55.916236877441406
2024-11-06,54.96467590332031
2024-11-07,56.20829772949219
2024-11-08,55.47343063354492
2024-11-11,55.52995681762695
2024-11-12,54.333431243896484
2024-11-13,53.98483657836914
2024-11-14,54.135581970214844
2024-11-15,54.333431243896484
2024-11-18,54.465335845947266
2024-11-19,54.38996124267578
2024-11-20,53.98483657836914
2024-11-21,53.7398796081543
2024-11-22,53.87178039550781
2024-11-25,54.27690505981445
2024-11-26,53.60797882080078
2024-11-27,54.305171966552734
2024-11-29,54.644344329833984
2024-12-02,54.22980499267578
2024-12-03,54.333431243896484
2024-12-04,54.96467590332031
2024-12-05,55.33210372924805
2024-12-06,55.27557373046875
2024-12-09,55.29441452026367
2024-12-10,55.416900634765625
2024-12-11,55.70896911621094
2024-12-12,55.12483596801758
2024-12-13,55.040042877197266
2024-12-16,54.7762451171875
2024-12-17,54.097896575927734
2024-12-18,52.99559020996094
2024-12-19,52.92964172363281
2024-12-20,53.315921783447266
2024-12-23,53.57971954345703
2024-12-24,53.98483657836914
2024-12-26,54.272743225097656
2024-12-27,54.0344123840332
2024-12-30,53.89141082763672
2024-12-31,54.0739631652832
2025-01-02,53.777687072753906
2025-01-03,54.09307098388672
2025-01-06,54.52313995361328
2025-01-07,53.75857162475586
2025-01-08,53.11825180053711
2025-01-10,52.41102981567383
2025-01-13,52.11475372314453
2025-01-14,52.5352668762207
2025-01-15,53.37628936767578
2025-01-16,53.63433074951172
2025-01-17,53.56743240356445
2025-01-21,54.74295425415039
2025-01-22,54.38934326171875
2025-01-23,54.64738082885742
2025-01-24,54.8958625793457
2025-01-27,54.981876373291016
2025-01-28,55.144351959228516
2025-01-29,55.249481201171875
2025-01-30,55.756004333496094
2025-01-31,55.54574203491211
2025-02-03,54.84808349609375
2025-02-04,55.526634216308594
2025-02-05,55.994930267333984
2025-02-06,56.0809440612793
2025-02-07,55.56486129760742
2025-02-10,55.96625900268555
2025-02-11,56.358097076416016
2025-02-12,56.59703063964844
2025-02-13,57.17045211791992
2025-02-14,57.562294006347656
2025-02-18,57.61007308959961
2025-02-19,57.18001174926758
2025-02-20,57.42849349975586
2025-02-21,57.25646209716797
2025-02-24,57.266021728515625
2025-02-25,57.7821044921875
2025-02-26,57.590965270996094
2025-02-27,56.644813537597656
2025-02-28,56.37721633911133
2025-03-03,56.92197036743164
2025-03-04,56.88374328613281
2025-03-05,58.44154357910156
2025-03-06,57.93501663208008
2025-03-07,59.273006439208984
2025-03-10,57.99235534667969
2025-03-11,58.21217727661133
2025-03-12,58.307743072509766
2025-03-13,57.92546463012695
2025-03-14,59.273006439208984
2025-03-17,59.922889709472656
2025-03-18,60.209598541259766
2025-03-19,60.41030502319336
2025-03-20,59.9420051574707
2025-03-21,59.40681076049805
2025-03-24,59.607505798339844
2025-03-25,59.88466262817383
2025-03-26,59.46253204345703
2025-03-27,59.424156188964844
2025-03-28,59.270652770996094
2025-03-31,58.48395919799805
2025-04-01,58.4264030456543
2025-04-02,58.695030212402344
2025-04-03,57.96589279174805
2025-04-04,54.013240814208984
2025-04-07,52.81401062011719
2025-04-08,52.75645446777344
2025-04-09,56.31576156616211
2025-04-10,55.73053741455078
2025-04-11,57.17919921875
2025-04-14,57.75483703613281
2025-04-15,58.33045959472656
2025-04-16,58.38802719116211
2025-04-17,59.06918716430664
2025-04-21,58.8964958190918
2025-04-22,59.71197509765625
2025-04-23,59.77912902832031
2025-04-24,60.88241958618164
2025-04-25,61.323734283447266
2025-04-28,61.96651840209961
2025-04-29,62.0528678894043
2025-04-30,62.35026931762695
2025-05-01,62.41743087768555
2025-05-02,63.367225646972656
2025-05-05,63.1849365234375
2025-05-06,63.66463851928711
2025-05-07,63.46316146850586
2025-05-08,63.06022262573242
2025-05-09,63.55910110473633
2025-05-12,63.56869125366211
2025-05-13,64.34578704833984
2025-05-14,64.37457275390625
2025-05-15,64.62401580810547
2025-05-16,64.92141723632812
2025-05-19,65.46826934814453
2025-05-20,65.92877960205078
2025-05-21,65.5162353515625
2025-05-22,65.48746490478516
2025-05-23,65.74649047851562
2025-05-27,66.26455688476562
2025-05-28,65.95755004882812
2025-05-29,66.28373718261719
2025-05-30,66.18780517578125
2025-06-02,67.10881805419922
2025-06-03,66.27415466308594
2025-06-04,66.8114013671875
2025-06-05,66.78262329101562
2025-06-06,67.01287078857422
2025-06-09,67.05125427246094
2025-06-10,67.22393798828125
2025-06-11,67.41581726074219
2025-06-12,67.97225189208984
2025-06-13,67.20475006103516
2025-06-16,67.36784362792969
2025-06-17,66.73465728759766
2025-06-18,66.41806030273438
2025-06-20,65.71771240234375
2025-06-23,66.44683837890625
2025-06-24,67.06084442138672
2025-06-25,66.82540893554688
2025-06-26,67.79659271240234
2025-06-27,68.561767578125
2025-06-30,68.78739929199219
2025-07-01,68.69911193847656
2025-07-02,68.57157897949219
2025-07-03,68.93453979492188
2025-07-07,68.60100555419922
2025-07-08,69.28770446777344
2025-07-09,69.68991088867188
2025-07-10,69.83706665039062
2025-07-11,69.17979431152344
2025-07-14,69.01302337646484
2025-07-15,68.35575866699219
2025-07-16,68.60100555419922
2025-07-17,68.5029067993164
2025-07-18,68.47348022460938
2025-07-21,68.79720306396484
2025-07-22,69.16017150878906
2025-07-23,70.30793762207031
2025-07-24,69.53295135498047
2025-07-25,69.51333618164062
2025-07-28,68.68929290771484
2025-07-29,68.54214477539062
2025-07-30,67.94374084472656
2025-07-31,67.80640411376953
2025-08-01,67.6102066040039
2025-08-04,68.19879913330078
2025-08-05,68.3949966430664
2025-08-06,68.7187271118164
2025-08-07,69.15036010742188
2025-08-08,69.23866271972656
2025-08-11,68.64025115966797
2025-08-12,69.33675384521484
2025-08-13,69.40542602539062
2025-08-14,69.28770446777344
2025-08-15,69.101318359375
2025-08-18,68.97378540039062
2025-08-19,69.08169555664062
2025-08-20,69.35637664794922
2025-08-21,69.25827026367188
2025-08-22,70.6905288696289
2025-08-25,69.89592742919922
2025-08-26,69.55257415771484
2025-08-27,69.19940948486328
2025-08-28,69.39561462402344
2025-08-29,69.12093353271484
2025-09-02,67.62982177734375
2025-09-03,67.89468383789062
2025-09-04,68.25765991210938
2025-09-05,68.69911193847656
2025-09-08,69.22884368896484
2025-09-09,69.35637664794922
2025-09-10,69.24846649169922
2025-09-11,70.1607894897461
2025-09-12,70.04307556152344
2025-09-15,70.46489715576172
2025-09-16,70.46489715576172
2025-09-17,70.3177490234375
2025-09-18,70.19022369384766
2025-09-19,69.53295135498047
2025-09-22,69.74877166748047
2025-09-23,69.72915649414062
2025-09-24,69.22884368896484
2025-09-25,68.34990692138672
2025-09-26,68.88319396972656
2025-09-29,69.04120635986328
2025-09-30,69.54486846923828
2025-10-01,69.75225830078125
2025-10-02,69.5152359008789
2025-10-03,69.96952056884766
2025-10-06,69.93001556396484
2025-10-07,69.2979736328125
2025-10-08,69.44611358642578
2025-10-09,69.04120635986328
2025-10-10,68.2906494140625
2025-10-13,68.86344909667969
2025-10-14,68.55729675292969
2025-10-15,68.45853424072266
2025-10-16,68.80418395996094
2025-10-17,68.75481414794922
2025-10-20,68.8733139038086
2025-10-21,68.46841430664062
2025-10-22,69.05107879638672
2025-10-23,69.5152359008789
2025-10-24,69.87076568603516
2025-10-27,70.07815551757812
2025-10-28,69.83126068115234
2025-10-29,69.20909118652344
2025-10-30,68.64617919921875
2025-10-31,68.2116470336914
2025-11-03,68.00425720214844
2025-11-04,66.62165069580078
2025-11-05,66.97718048095703
2025-11-06,66.68090057373047
2025-11-07,67.14506530761719
2025-11-10,67.55985260009766
2025-11-11,67.77710723876953
2025-11-12,67.8067398071289
2025-11-13,67.48084259033203
2025-11-14,67.1648178100586
2025-11-17,66.54264068603516
2025-11-18,66.22662353515625
2025-11-19,66.02910614013672
2025-11-20,65.22917938232422
2025-11-21,66.24637603759766
2025-11-24,66.53277587890625
2025-11-25,67.56971740722656
2025-11-26,68.33015441894531
2025-11-28,69.25846862792969
2025-12-01,68.95232391357422
2025-12-02,68.99182891845703
2025-12-03,69.57449340820312
2025-12-04,69.61399841308594
2025-12-05,69.73250579833984
2025-12-08,69.47573852539062
2025-12-09,69.22884368896484
2025-12-10,69.59424591064453
2025-12-11,70.00902557373047
2025-12-12,69.71275329589844
2025-12-15,69.91027069091797
2025-12-16,70.07815551757812
2025-12-17,69.56462097167969
2025-12-18,70.2855453491211
2025-12-19,70.11766052246094
2025-12-22,70.8089599609375
2025-12-23,71.1151123046875
2025-12-24,71.36199951171875
2025-12-26,71.5199966430664
2025-12-29,71.8499984741211
2025-12-30,72.05999755859375
2025-12-31,71.83999633789062
2026-01-02,72.02999877929688
2026-01-05,72.44999694824219
2026-01-06,72.55000305175781
2026-01-07,72.83000183105469
2026-01-08,72.80000305175781
2026-01-09,73.08999633789062
2026-01-12,73.04000091552734
2026-01-13,72.70999908447266
2026-01-14,73.04000091552734
2026-01-15,73.12000274658203
2026-01-16,73.51000213623047
2026-01-20,72.08999633789062
2026-01-21,73.08999633789062
2026-01-22,74.25
2026-01-23,74.3593978881836
