date,value
2002-10-21,12.123391151428223
2002-10-22,11.8809232711792
2002-10-23,11.580265045166016
2002-10-24,11.531767845153809
2002-10-25,11.662704467773438
2002-10-28,11.842127799987793
2002-10-29,11.541465759277344
2002-10-30,11.851831436157227
2002-10-31,11.95366382598877
2002-11-01,12.123391151428223
2002-11-04,12.322216987609863
2002-11-05,12.700464248657227
2002-11-06,12.637425422668457
2002-11-07,12.108843803405762
2002-11-08,12.007002830505371
2002-11-11,11.871221542358398
2002-11-12,11.977910995483398
2002-11-13,11.910013198852539
2002-11-14,12.39011001586914
2002-11-15,12.521041870117188
2002-11-18,12.453145027160645
2002-11-19,12.380414009094238
2002-11-20,12.516186714172363
2002-11-21,12.84109115600586
2002-11-22,12.860490798950195
2002-11-25,12.753804206848145
2002-11-26,12.1912841796875
2002-11-27,12.792601585388184
2002-11-29,12.792601585388184
2002-12-02,12.821696281433105
2002-12-03,12.530738830566406
2002-12-04,12.671366691589355
2002-12-05,12.268874168395996
2002-12-06,12.424047470092773
2002-12-09,11.910013198852539
2002-12-10,12.205831527709961
2002-12-11,12.27371597290039
2002-12-12,12.167037963867188
2002-12-13,12.021551132202148
2002-12-16,12.574384689331055
2002-12-17,12.399803161621094
2002-12-18,12.094298362731934
2002-12-19,11.871221542358398
2002-12-20,12.302823066711426
2002-12-23,12.1912841796875
2002-12-24,12.196128845214844
2002-12-26,12.380414009094238
2002-12-27,11.90031909942627
2002-12-30,12.152486801147461
2002-12-31,12.152486801147461
2003-01-02,12.661670684814453
2003-01-03,12.647126197814941
2003-01-06,12.957478523254395
2003-01-07,12.957478523254395
2003-01-08,12.482239723205566
2003-01-09,12.569526672363281
2003-01-10,12.676224708557129
2003-01-13,12.84109115600586
2003-01-14,12.913836479187012
2003-01-15,12.802302360534668
2003-01-16,12.685914039611816
2003-01-17,12.312520027160645
2003-01-21,12.011857032775879
2003-01-22,11.827582359313965
2003-01-23,11.939117431640625
2003-01-24,11.667553901672363
2003-01-27,11.323249816894531
2003-01-28,11.459030151367188
2003-01-29,11.716042518615723
2003-01-30,11.497827529907227
2003-01-31,11.793638229370117
2003-02-03,11.8809232711792
2003-02-04,11.599666595458984
2003-02-05,11.589962005615234
2003-02-06,11.376588821411133
2003-02-07,11.197164535522461
2003-02-10,11.187463760375977
2003-02-11,11.26020622253418
2003-02-12,11.056529998779297
2003-02-13,11.250509262084961
2003-02-14,11.570568084716797
2003-02-18,11.808184623718262
2003-02-19,11.623908042907715
2003-02-20,11.429930686950684
2003-02-21,11.653002738952637
2003-02-24,11.323249816894531
2003-02-25,11.095324516296387
2003-02-26,10.780119895935059
2003-02-27,10.911050796508789
2003-02-28,11.197164535522461
2003-03-03,11.274757385253906
2003-03-04,11.148667335510254
2003-03-05,11.158367156982422
2003-03-06,10.838308334350586
2003-03-07,10.741325378417969
2003-03-10,10.285489082336426
2003-03-11,10.367927551269531
2003-03-12,9.96057415008545
2003-03-13,10.527950286865234
2003-03-14,10.673432350158691
2003-03-17,11.265055656433105
2003-03-18,11.202018737792969
2003-03-19,11.284452438354492
2003-03-20,11.16322135925293
2003-03-21,11.712931632995605
2003-03-24,10.960235595703125
2003-03-25,11.295300483703613
2003-03-26,11.314732551574707
2003-03-27,11.159331321716309
2003-03-28,11.110770225524902
2003-03-31,10.73685073852539
2003-04-01,10.960235595703125
2003-04-02,11.373000144958496
2003-04-03,11.309876441955566
2003-04-04,11.601236343383789
2003-04-07,11.81976318359375
2003-04-08,11.81976318359375
2003-04-09,11.829476356506348
2003-04-10,11.742064476013184
2003-04-11,11.780913352966309
2003-04-14,12.052855491638184
2003-04-15,12.23739242553711
2003-04-16,12.077140808105469
2003-04-17,12.40735149383545
2003-04-21,12.373358726501465
2003-04-22,12.698714256286621
2003-04-23,12.669580459594727
2003-04-24,12.52389907836914
2003-04-25,12.23739242553711
2003-04-28,12.65015983581543
2003-04-29,12.572464942932129
2003-04-30,12.64045524597168
2003-05-01,12.655014991760254
2003-05-02,12.7958402633667
2003-05-05,13.058076858520508
2003-05-06,13.35429859161377
2003-05-07,13.077498435974121
2003-05-08,12.786130905151367
2003-05-09,13.092065811157227
2003-05-12,13.174616813659668
2003-05-13,13.062928199768066
2003-05-14,13.06778335571289
2003-05-15,13.184332847595215
2003-05-16,13.402851104736328
2003-05-19,12.7958402633667
2003-05-20,12.888107299804688
2003-05-21,12.829834938049316
2003-05-22,12.990083694458008
2003-05-23,13.11148738861084
2003-05-27,13.349433898925781
2003-05-28,13.388287544250488
2003-05-29,13.397997856140137
2003-05-30,13.5631103515625
2003-06-02,13.713644027709961
2003-06-03,13.70879077911377
2003-06-04,13.859332084655762
2003-06-05,13.86904239654541
2003-06-06,13.898184776306152
2003-06-09,13.801056861877441
2003-06-10,13.961304664611816
2003-06-11,14.30609130859375
2003-06-12,14.422636985778809
2003-06-13,14.247817993164062
2003-06-16,14.602312088012695
2003-06-17,14.6168851852417
2003-06-18,14.553749084472656
2003-06-19,14.364364624023438
2003-06-20,14.289384841918945
2003-06-23,14.008237838745117
2003-06-24,13.958914756774902
2003-06-25,13.884927749633789
2003-06-26,13.958914756774902
2003-06-27,13.756681442260742
2003-06-30,13.786283493041992
2003-07-01,13.741893768310547
2003-07-02,13.973715782165527
2003-07-03,13.722150802612305
2003-07-07,14.047698974609375
2003-07-08,13.998376846313477
2003-07-09,13.939183235168457
2003-07-10,13.73202133178711
2003-07-11,13.894797325134277
2003-07-14,13.944109916687012
2003-07-15,13.830670356750488
2003-07-16,13.825742721557617
2003-07-17,13.50512409210205
2003-07-18,13.884927749633789
2003-07-21,13.564322471618652
2003-07-22,13.741893768310547
2003-07-23,13.756681442260742
2003-07-24,13.944109916687012
2003-07-25,14.082222938537598
2003-07-28,14.156211853027344
2003-07-29,14.008237838745117
2003-07-30,14.02303409576416
2003-07-31,13.884927749633789
2003-08-01,13.870126724243164
2003-08-04,13.909586906433105
2003-08-05,14.008237838745117
2003-08-06,13.835602760314941
2003-08-07,13.786283493041992
2003-08-08,13.796141624450684
2003-08-11,13.968780517578125
2003-08-12,14.087162017822266
2003-08-13,14.072364807128906
2003-08-14,14.254868507385254
2003-08-15,14.452167510986328
2003-08-18,14.230201721191406
2003-08-19,14.210470199584961
2003-08-20,14.156211853027344
2003-08-21,14.008237838745117
2003-08-22,13.939183235168457
2003-08-25,13.904659271240234
2003-08-26,13.815872192382812
2003-08-27,13.85533618927002
2003-08-28,14.008237838745117
2003-08-29,13.993441581726074
2003-09-02,14.027971267700195
2003-09-03,14.220342636108398
2003-09-04,14.36830997467041
2003-09-05,14.373245239257812
2003-09-08,14.531085968017578
2003-09-09,14.491618156433105
2003-09-10,14.269657135009766
2003-09-11,14.36830997467041
2003-09-12,14.284452438354492
2003-09-15,14.36830997467041
2003-09-16,14.353511810302734
2003-09-17,14.432437896728516
2003-09-18,14.634666442871094
2003-09-19,14.590269088745117
2003-09-22,14.357259750366211
2003-09-23,14.203577995300293
2003-09-24,13.886292457580566
2003-09-25,14.069725036621094
2003-09-26,13.901164054870605
2003-09-29,14.00527286529541
2003-09-30,13.871417999267578
2003-10-01,14.282892227172852
2003-10-02,14.163915634155273
2003-10-03,14.377097129821777
2003-10-06,14.560525894165039
2003-10-07,14.426667213439941
2003-10-08,14.530779838562012
2003-10-09,14.704297065734863
2003-10-10,14.758828163146973
2003-10-13,14.907559394836426
2003-10-14,14.887736320495605
2003-10-15,14.857983589172363
2003-10-16,14.823284149169922
2003-10-17,14.674553871154785
2003-10-20,14.843111038208008
2003-10-21,14.922439575195312
2003-10-22,14.664641380310059
2003-10-23,14.679511070251465
2003-10-24,14.610101699829102
2003-10-27,14.714212417602539
2003-10-28,14.77865982055664
2003-10-29,14.87285041809082
2003-10-30,14.912515640258789
2003-10-31,14.887736320495605
2003-11-03,15.071158409118652
2003-11-04,15.026541709899902
2003-11-05,14.957135200500488
2003-11-06,15.031499862670898
2003-11-07,15.155442237854004
2003-11-10,15.041411399841309
2003-11-11,15.051331520080566
2003-11-12,15.343826293945312
2003-11-13,15.428110122680664
2003-11-14,15.477681159973145
2003-11-17,15.214927673339844
2003-11-18,15.165355682373047
2003-11-19,15.294255256652832
2003-11-20,15.110820770263672
2003-11-21,15.274422645568848
2003-11-24,15.467777252197266
2003-11-25,15.423157691955566
2003-11-26,15.606581687927246
2003-11-28,15.705740928649902
2003-12-01,15.958575248718262
2003-12-02,16.02302360534668
2003-12-03,16.20645523071289
2003-12-04,16.18663215637207
2003-12-05,16.102344512939453
2003-12-08,16.231243133544922
2003-12-09,16.191579818725586
2003-12-10,16.127132415771484
2003-12-11,16.389890670776367
2003-12-12,16.444414138793945
2003-12-15,16.484081268310547
2003-12-16,16.603057861328125
2003-12-17,16.593154907226562
2003-12-18,16.890600204467773
2003-12-19,16.746829986572266
2003-12-22,16.80389404296875
2003-12-23,16.913043975830078
2003-12-24,17.017223358154297
2003-12-26,17.032115936279297
2003-12-29,17.146221160888672
2003-12-30,17.121417999267578
2003-12-31,17.42901611328125
2004-01-02,17.463743209838867
2004-01-05,17.796146392822266
2004-01-06,17.890409469604492
2004-01-07,17.642353057861328
2004-01-08,17.994598388671875
2004-01-09,17.835845947265625
2004-01-12,17.815998077392578
2004-01-13,17.766386032104492
2004-01-14,17.890409469604492
2004-01-15,17.835845947265625
2004-01-16,17.70188331604004
2004-01-20,17.94994354248047
2004-01-21,18.183135986328125
2004-01-22,18.212900161743164
2004-01-23,18.083906173706055
2004-01-26,18.073974609375
2004-01-27,18.09878921508789
2004-01-28,17.766386032104492
2004-01-29,17.776309967041016
2004-01-30,17.677085876464844
2004-02-02,17.73164939880371
2004-02-03,17.687000274658203
2004-02-04,17.528234481811523
2004-02-05,17.59769058227539
2004-02-06,17.969799041748047
2004-02-09,18.09878921508789
2004-02-10,18.198015213012695
2004-02-11,18.560184478759766
2004-02-12,18.381589889526367
2004-02-13,18.1583309173584
2004-02-17,18.584993362426758
2004-02-18,18.292280197143555
2004-02-19,18.381589889526367
2004-02-20,18.1434383392334
2004-02-23,18.173208236694336
2004-02-24,18.103748321533203
2004-02-25,17.944992065429688
2004-02-26,17.870567321777344
2004-02-27,18.024368286132812
2004-03-01,18.133516311645508
2004-03-02,17.890409469604492
2004-03-03,17.736614227294922
2004-03-04,17.885452270507812
2004-03-05,18.232736587524414
2004-03-08,18.183135986328125
2004-03-09,17.835845947265625
2004-03-10,17.548080444335938
2004-03-11,17.34467887878418
2004-03-12,17.24048614501953
2004-03-15,16.704662322998047
2004-03-16,16.843576431274414
2004-03-17,17.195837020874023
2004-03-18,17.14125633239746
2004-03-19,16.7691650390625
2004-03-22,16.44493293762207
2004-03-23,16.643539428710938
2004-03-24,16.33570098876953
2004-03-25,16.703125
2004-03-26,16.653480529785156
2004-03-29,16.941452026367188
2004-03-30,16.931529998779297
2004-03-31,17.065593719482422
2004-04-01,17.393293380737305
2004-04-02,17.527360916137695
2004-04-05,17.497570037841797
2004-04-06,17.333715438842773
2004-04-07,17.38833236694336
2004-04-08,17.219511032104492
2004-04-12,17.363508224487305
2004-04-13,17.065593719482422
2004-04-14,16.981185913085938
2004-04-15,17.05565643310547
2004-04-16,17.100343704223633
2004-04-19,17.19964599609375
2004-04-20,17.065593719482422
2004-04-21,16.886844635009766
2004-04-22,17.229446411132812
2004-04-23,17.095380783081055
2004-04-26,17.020902633666992
2004-04-27,17.15992546081543
2004-04-28,16.767667770385742
2004-04-29,16.698162078857422
2004-04-30,16.593896865844727
2004-05-03,16.7627010345459
2004-05-04,16.906696319580078
2004-05-05,17.269161224365234
2004-05-06,16.747814178466797
2004-05-07,16.23142433166504
2004-05-10,15.96330738067627
2004-05-11,16.156946182250977
2004-05-12,16.007986068725586
2004-05-13,16.08246612548828
2004-05-14,16.067567825317383
2004-05-17,16.067567825317383
2004-05-18,16.02784538269043
2004-05-19,16.216529846191406
2004-05-20,16.211565017700195
2004-05-21,16.14701271057129
2004-05-24,16.41514015197754
2004-05-25,16.752775192260742
2004-05-26,16.72298812866211
2004-05-27,17.065593719482422
2004-05-28,16.946420669555664
2004-06-01,16.79746437072754
2004-06-02,16.966279983520508
2004-06-03,16.86697769165039
2004-06-04,17.179784774780273
2004-06-07,17.527360916137695
2004-06-08,17.358537673950195
2004-06-09,16.931529998779297
2004-06-10,17.100343704223633
2004-06-14,16.807390213012695
2004-06-15,17.184755325317383
2004-06-16,17.080480575561523
2004-06-17,17.174823760986328
2004-06-18,17.333715438842773
2004-06-21,17.1761417388916
2004-06-22,17.155935287475586
2004-06-23,17.27210235595703
2004-06-24,17.37814712524414
2004-06-25,17.27210235595703
2004-06-28,17.42865753173828
2004-06-29,17.29230308532715
2004-06-30,17.53976058959961
2004-07-01,17.29230308532715
2004-07-02,17.42865753173828
2004-07-06,17.287250518798828
2004-07-07,17.37310028076172
2004-07-08,17.34785270690918
2004-07-09,17.509462356567383
2004-07-12,17.41350555419922
2004-07-13,17.27210235595703
2004-07-14,17.256948471069336
2004-07-15,16.99938201904297
2004-07-16,17.054931640625
2004-07-19,17.070083618164062
2004-07-20,17.034738540649414
2004-07-21,16.666061401367188
2004-07-22,16.767065048217773
2004-07-23,16.312538146972656
2004-07-26,16.251930236816406
2004-07-27,16.438793182373047
2004-07-28,16.2670841217041
2004-07-29,16.565053939819336
2004-07-30,16.544849395751953
2004-08-02,16.549896240234375
2004-08-03,16.5398006439209
2004-08-04,16.5398006439209
2004-08-05,16.26204490661621
2004-08-06,16.216575622558594
2004-08-09,16.186279296875
2004-08-10,16.3226375579834
2004-08-11,16.11052703857422
2004-08-12,16.065067291259766
2004-08-13,16.2266788482666
2004-08-16,16.4034423828125
2004-08-17,16.453948974609375
2004-08-18,16.691322326660156
2004-08-19,16.49434471130371
2004-08-20,16.58525848388672
2004-08-23,16.398393630981445
2004-08-24,16.357994079589844
2004-08-25,16.5398006439209
2004-08-26,16.605459213256836
2004-08-27,16.575151443481445
2004-08-30,16.509496688842773
2004-08-31,16.72666358947754
2004-09-01,16.691322326660156
2004-09-02,17.00948715209961
2004-09-03,16.797367095947266
2004-09-07,16.99938201904297
2004-09-08,16.969079971313477
2004-09-09,17.034738540649414
2004-09-10,17.166046142578125
2004-09-13,17.23169708251953
2004-09-14,17.317556381225586
2004-09-15,17.054931640625
2004-09-16,17.14583969116211
2004-09-17,17.267045974731445
2004-09-20,17.178211212158203
2004-09-21,17.523399353027344
2004-09-22,17.168067932128906
2004-09-23,17.096996307373047
2004-09-24,17.132524490356445
2004-09-27,17.056371688842773
2004-09-28,17.203594207763672
2004-09-29,17.239124298095703
2004-09-30,17.264503479003906
2004-10-01,17.655384063720703
2004-10-04,17.62999725341797
2004-10-05,17.741687774658203
2004-10-06,17.817832946777344
2004-10-07,17.711219787597656
2004-10-08,17.76198959350586
2004-10-11,17.76706314086914
2004-10-12,17.4827938079834
2004-10-13,17.457414627075195
2004-10-14,17.416797637939453
2004-10-15,17.64015769958496
2004-10-18,17.670612335205078
2004-10-19,17.731531143188477
2004-10-20,17.807674407958984
2004-10-21,17.929506301879883
2004-10-22,17.777217864990234
2004-10-25,17.78229331970215
2004-10-26,17.863515853881836
2004-10-27,18.107177734375
2004-10-28,18.26453971862793
2004-10-29,18.360998153686523
2004-11-01,18.39145278930664
2004-11-02,18.45236587524414
2004-11-03,18.594499588012695
2004-11-04,18.914308547973633
2004-11-05,19.01583480834961
2004-11-08,18.88892936706543
2004-11-09,18.858470916748047
2004-11-10,18.883848190307617
2004-11-11,19.173202514648438
2004-11-12,19.2696533203125
2004-11-15,19.137666702270508
2004-11-16,19.010757446289062
2004-11-17,19.320417404174805
2004-11-18,19.2696533203125
2004-11-19,19.117366790771484
2004-11-22,19.198579788208008
2004-11-23,19.18842887878418
2004-11-24,19.34579849243164
2004-11-26,19.614831924438477
2004-11-29,19.65544891357422
2004-11-30,19.421934127807617
2004-12-01,19.87372589111328
2004-12-02,19.711292266845703
2004-12-03,19.83820343017578
2004-12-06,19.888961791992188
2004-12-07,19.81789207458496
2004-12-08,19.78236198425293
2004-12-09,19.762052536010742
2004-12-10,19.589447021484375
2004-12-13,19.929563522338867
2004-12-14,19.909265518188477
2004-12-15,20.086931228637695
2004-12-16,19.711292266845703
2004-12-17,19.584379196166992
2004-12-20,19.767833709716797
2004-12-21,19.92535972595215
2004-12-22,20.047327041625977
2004-12-23,20.316650390625
2004-12-27,20.428457260131836
2004-12-28,20.479267120361328
2004-12-29,20.46910285949707
2004-12-30,20.48944091796875
2004-12-31,20.362380981445312
2005-01-03,20.2760066986084
2005-01-04,19.93553352355957
2005-01-05,19.91012191772461
2005-01-06,19.945690155029297
2005-01-07,19.80340576171875
2005-01-10,19.813570022583008
2005-01-11,19.66619300842285
2005-01-12,19.818647384643555
2005-01-13,19.691598892211914
2005-01-14,19.691598892211914
2005-01-18,19.783079147338867
2005-01-19,19.579811096191406
2005-01-20,19.31047821044922
2005-01-21,19.437515258789062
2005-01-24,19.47308921813965
2005-01-25,19.503591537475586
2005-01-26,19.711933135986328
2005-01-27,19.71701431274414
2005-01-28,19.65095329284668
2005-01-31,19.97109603881836
2005-02-01,20.016830444335938
2005-02-02,20.037160873413086
2005-02-03,19.996509552001953
2005-02-04,20.20993995666504
2005-02-07,20.0422420501709
2005-02-08,20.0574951171875
2005-02-09,19.996509552001953
2005-02-10,20.17437171936035
2005-02-11,20.281082153320312
2005-02-14,20.504674911499023
2005-02-15,20.555498123168945
2005-02-16,20.47418975830078
2005-02-17,20.550411224365234
2005-02-18,20.58089828491211
2005-02-22,20.525009155273438
2005-02-23,20.616477966308594
2005-02-24,20.45893669128418
2005-02-25,20.88581085205078
2005-02-28,20.606304168701172
2005-03-01,20.89596176147461
2005-03-02,20.63172721862793
2005-03-03,20.758764266967773
2005-03-04,21.139890670776367
2005-03-07,21.139890670776367
2005-03-08,21.16020393371582
2005-03-09,21.139890670776367
2005-03-10,21.211034774780273
2005-03-11,21.07890510559082
2005-03-14,20.946788787841797
2005-03-15,20.86039924621582
2005-03-16,20.834985733032227
2005-03-17,20.809574127197266
2005-03-18,20.728267669677734
2005-03-21,20.707942962646484
2005-03-22,20.34134864807129
2005-03-23,20.112215042114258
2005-03-24,20.366802215576172
2005-03-28,20.315895080566406
2005-03-29,20.086761474609375
2005-03-30,20.34134864807129
2005-03-31,20.13766860961914
2005-04-01,20.061302185058594
2005-04-04,19.93400764465332
2005-04-05,20.08167266845703
2005-04-06,20.13766860961914
2005-04-07,20.366802215576172
2005-04-08,20.366802215576172
2005-04-11,20.534826278686523
2005-04-12,20.468643188476562
2005-04-13,20.280248641967773
2005-04-14,20.06639289855957
2005-04-15,19.725242614746094
2005-04-18,19.674325942993164
2005-04-19,19.66414451599121
2005-04-20,19.373920440673828
2005-04-21,19.857629776000977
2005-04-22,19.908554077148438
2005-04-25,19.954360961914062
2005-04-26,19.56739616394043
2005-04-27,19.501209259033203
2005-04-28,19.26699447631836
2005-04-29,19.42484474182129
2005-05-02,19.45029640197754
2005-05-03,19.61832618713379
2005-05-04,19.84235954284668
2005-05-05,19.908554077148438
2005-05-06,19.913633346557617
2005-05-09,19.86272430419922
2005-05-10,19.674325942993164
2005-05-11,19.70488166809082
2005-05-12,19.552127838134766
2005-05-13,19.419748306274414
2005-05-16,19.521577835083008
2005-05-17,19.46047592163086
2005-05-18,19.796525955200195
2005-05-19,19.984926223754883
2005-05-20,19.806720733642578
2005-05-23,20.086761474609375
2005-05-24,19.92891502380371
2005-05-25,19.908554077148438
2005-05-26,19.93400764465332
2005-05-27,20.03584861755371
2005-05-31,19.679420471191406
2005-06-01,19.674325942993164
2005-06-02,19.92891502380371
2005-06-03,19.613237380981445
2005-06-06,19.755800247192383
2005-06-07,19.903457641601562
2005-06-08,19.7303409576416
2005-06-09,19.765979766845703
2005-06-10,19.715065002441406
2005-06-13,19.760889053344727
2005-06-14,19.66924285888672
2005-06-15,19.857629776000977
2005-06-16,19.77107810974121
2005-06-17,20.18859100341797
2005-06-20,19.967424392700195
2005-06-21,20.045116424560547
2005-06-22,20.09691047668457
2005-06-23,19.827564239501953
2005-06-24,19.786134719848633
2005-06-27,19.667001724243164
2005-06-28,19.889724731445312
2005-06-29,19.925979614257812
2005-06-30,20.01921272277832
2005-07-01,19.869001388549805
2005-07-05,19.837934494018555
2005-07-06,19.843116760253906
2005-07-07,19.760242462158203
2005-07-08,20.153894424438477
2005-07-11,20.30410385131836
2005-07-12,20.625232696533203
2005-07-13,20.531997680664062
2005-07-14,20.61487579345703
2005-07-15,20.568252563476562
2005-07-18,20.568252563476562
2005-07-19,20.822063446044922
2005-07-20,20.951553344726562
2005-07-21,20.827241897583008
2005-07-22,20.72364044189453
2005-07-25,20.625232696533203
2005-07-26,20.620052337646484
2005-07-27,20.84795570373535
2005-07-28,21.055150985717773
2005-07-29,20.915273666381836
2005-08-01,21.060325622558594
2005-08-02,21.184635162353516
2005-08-03,21.4436092376709
2005-08-04,21.189817428588867
2005-08-05,21.01370620727539
2005-08-08,21.024057388305664
2005-08-09,21.438444137573242
2005-08-10,21.510950088500977
2005-08-11,21.697416305541992
2005-08-12,21.54720687866211
2005-08-15,21.474689483642578
2005-08-16,21.143205642700195
2005-08-17,21.024057388305664
2005-08-18,20.79615592956543
2005-08-19,21.003337860107422
2005-08-22,21.101760864257812
2005-08-23,20.951553344726562
2005-08-24,20.83759307861328
2005-08-25,20.842790603637695
2005-08-26,20.568252563476562
2005-08-29,20.744367599487305
2005-08-30,20.651132583618164
2005-08-31,21.086212158203125
2005-09-01,21.277862548828125
2005-09-02,21.298580169677734
2005-09-06,21.697416305541992
2005-09-07,21.635255813598633
2005-09-08,21.53167152404785
2005-09-09,21.738853454589844
2005-09-12,21.41253662109375
2005-09-13,21.215707778930664
2005-09-14,21.28304672241211
2005-09-15,21.16909408569336
2005-09-16,21.500593185424805
2005-09-19,21.21703338623047
2005-09-20,21.138988494873047
2005-09-21,21.029722213745117
2005-09-22,20.993314743041992
2005-09-23,20.941282272338867
2005-09-26,21.269060134887695
2005-09-27,21.1754207611084
2005-09-28,21.40953826904297
2005-09-29,21.576030731201172
2005-09-30,21.451160430908203
2005-10-03,21.383525848388672
2005-10-04,21.289871215820312
2005-10-05,21.07135009765625
2005-10-06,21.232643127441406
2005-10-07,21.237855911254883
2005-10-10,21.133787155151367
2005-10-11,21.076553344726562
2005-10-12,20.88405990600586
2005-10-13,20.842439651489258
2005-10-14,21.092164993286133
2005-10-17,20.967300415039062
2005-10-18,20.634319305419922
2005-10-19,20.759199142456055
2005-10-20,20.32216453552246
2005-10-21,20.363784790039062
2005-10-24,20.738378524780273
2005-10-25,20.66032600402832
2005-10-26,20.62391471862793
2005-10-27,20.431415557861328
2005-10-28,20.571880340576172
2005-10-31,20.62911605834961
2005-11-01,20.65513801574707
2005-11-02,20.915273666381836
2005-11-03,20.842439651489258
2005-11-04,20.634319305419922
2005-11-07,20.707162857055664
2005-11-08,20.634319305419922
2005-11-09,20.64472770690918
2005-11-10,20.62911605834961
2005-11-11,20.81122398376465
2005-11-14,20.74879264831543
2005-11-15,20.764385223388672
2005-11-16,20.608304977416992
2005-11-17,20.8736515045166
2005-11-18,21.045345306396484
2005-11-21,21.144197463989258
2005-11-22,21.253454208374023
2005-11-23,21.352310180664062
2005-11-25,21.138988494873047
2005-11-28,21.22744369506836
2005-11-29,21.232643127441406
2005-11-30,21.123384475708008
2005-12-01,21.477169036865234
2005-12-02,21.471981048583984
2005-12-05,21.497989654541016
2005-12-06,21.539609909057617
2005-12-07,21.34191131591797
2005-12-08,21.508392333984375
2005-12-09,21.58123779296875
2005-12-12,21.893400192260742
2005-12-13,22.03388023376465
2005-12-14,22.049484252929688
2005-12-15,21.924606323242188
2005-12-16,22.137937545776367
2005-12-19,22.128555297851562
2005-12-20,22.008737564086914
2005-12-21,22.09730339050293
2005-12-22,22.248374938964844
2005-12-23,22.258785247802734
2005-12-27,22.191068649291992
2005-12-28,22.243152618408203
2005-12-29,22.26400375366211
2005-12-30,22.076461791992188
2006-01-03,22.821372985839844
2006-01-04,23.09225082397461
2006-01-05,23.0089111328125
2006-01-06,23.31103515625
2006-01-09,23.128719329833984
2006-01-10,23.024534225463867
2006-01-11,23.196439743041992
2006-01-12,22.92034912109375
2006-01-13,22.935976028442383
2006-01-17,22.784912109375
2006-01-18,22.53487205505371
2006-01-19,22.696346282958984
2006-01-20,22.28483009338379
2006-01-23,22.613004684448242
2006-01-24,22.654682159423828
2006-01-25,22.826570510864258
2006-01-26,23.264158248901367
2006-01-27,23.118301391601562
2006-01-30,23.227680206298828
2006-01-31,23.436059951782227
2006-02-01,23.451677322387695
2006-02-02,23.186017990112305
2006-02-03,23.02973747253418
2006-02-06,22.935976028442383
2006-02-07,22.826570510864258
2006-02-08,23.0089111328125
2006-02-09,23.17559242248535
2006-02-10,23.08704376220703
2006-02-13,23.0557861328125
2006-02-14,23.30583381652832
2006-02-15,23.09225082397461
2006-02-16,23.31103515625
2006-02-17,23.456892013549805
2006-02-21,23.441272735595703
2006-02-22,23.73819351196289
2006-02-23,23.634000778198242
2006-02-24,23.654842376708984
2006-02-27,23.665267944335938
2006-02-28,23.410003662109375
2006-03-01,23.63921546936035
2006-03-02,23.61318016052246
2006-03-03,23.50898551940918
2006-03-06,23.38396644592285
2006-03-07,23.17559242248535
2006-03-08,23.21727752685547
2006-03-09,23.232900619506836
2006-03-10,23.62358856201172
2006-03-13,23.78506851196289
2006-03-14,24.08720588684082
2006-03-15,24.186180114746094
2006-03-16,24.352859497070312
2006-03-17,24.38885498046875
2006-03-20,24.373205184936523
2006-03-21,24.19591522216797
2006-03-22,24.4149227142334
2006-03-23,24.10725975036621
2006-03-24,24.242849349975586
2006-03-27,23.982112884521484
2006-03-28,23.778728485107422
2006-03-29,24.00819206237793
2006-03-30,24.440998077392578
2006-03-31,24.31585693359375
2006-04-03,24.456645965576172
2006-04-04,24.665225982666016
2006-04-05,24.769512176513672
2006-04-06,24.618288040161133
2006-04-07,24.091617584228516
2006-04-10,24.154193878173828
2006-04-11,23.935182571411133
2006-04-12,23.851747512817383
2006-04-13,23.888248443603516
2006-04-17,24.10205078125
2006-04-18,24.4149227142334
2006-04-19,24.769512176513672
2006-04-20,24.86338233947754
2006-04-21,25.05111312866211
2006-04-24,25.1032657623291
2006-04-25,25.124116897583008
2006-04-26,25.290987014770508
2006-04-27,25.322284698486328
2006-04-28,25.264907836914062
2006-05-01,25.280546188354492
2006-05-02,25.541278839111328
2006-05-03,25.290987014770508
2006-05-04,25.5830135345459
2006-05-05,26.036666870117188
2006-05-08,25.911521911621094
2006-05-09,26.036666870117188
2006-05-10,26.036666870117188
2006-05-11,25.786365509033203
2006-05-12,25.343130111694336
2006-05-15,25.098045349121094
2006-05-16,25.228410720825195
2006-05-17,24.20111846923828
2006-05-18,24.242849349975586
2006-05-19,24.456645965576172
2006-05-22,24.21156120300293
2006-05-23,24.284561157226562
2006-05-24,24.221986770629883
2006-05-25,24.753875732421875
2006-05-26,24.905092239379883
2006-05-30,24.362777709960938
2006-05-31,24.618288040161133
2006-06-01,24.884239196777344
2006-06-02,24.98853874206543
2006-06-05,24.394062042236328
2006-06-06,24.16462516784668
2006-06-07,23.91954231262207
2006-06-08,23.523223876953125
2006-06-09,23.418922424316406
2006-06-12,23.038259506225586
2006-06-13,22.485511779785156
2006-06-14,22.876604080200195
2006-06-15,23.6014347076416
2006-06-16,23.384313583374023
2006-06-19,23.192726135253906
2006-06-20,23.485424041748047
2006-06-21,23.911176681518555
2006-06-22,23.730224609375
2006-06-23,23.67168617248535
2006-06-26,23.767494201660156
2006-06-27,23.315120697021484
2006-06-28,23.554603576660156
2006-06-29,24.469972610473633
2006-06-30,24.826534271240234
2006-07-03,25.055387496948242
2006-07-05,24.54447364807129
2006-07-06,24.874431610107422
2006-07-07,24.698810577392578
2006-07-10,24.847816467285156
2006-07-11,24.79991912841797
2006-07-12,24.384824752807617
2006-07-13,23.8898868560791
2006-07-14,23.72490882873535
2006-07-17,23.363019943237305
2006-07-18,23.325769424438477
2006-07-19,24.1666259765625
2006-07-20,23.980356216430664
2006-07-21,23.980356216430664
2006-07-24,24.50191307067871
2006-07-25,24.4965763092041
2006-07-26,24.661563873291016
2006-07-27,24.704133987426758
2006-07-28,25.220352172851562
2006-07-31,25.071340560913086
2006-08-01,24.932968139648438
2006-08-02,25.188426971435547
2006-08-03,25.16712760925293
2006-08-04,25.2895450592041
2006-08-07,25.050045013427734
2006-08-08,25.01813316345215
2006-08-09,25.16712760925293
2006-08-10,25.145837783813477
2006-08-11,24.890399932861328
2006-08-14,25.076662063598633
2006-08-15,25.816396713256836
2006-08-16,25.997356414794922
2006-08-17,25.96009635925293
2006-08-18,26.061201095581055
2006-08-21,25.954769134521484
2006-08-22,25.83769416809082
2006-08-23,25.614177703857422
2006-08-24,25.6833553314209
2006-08-25,25.67803382873535
2006-08-28,25.997356414794922
2006-08-29,26.12507438659668
2006-08-30,26.082502365112305
2006-08-31,26.0665283203125
2006-09-01,26.135717391967773
2006-09-05,26.077180862426758
2006-09-06,25.65674591064453
2006-09-07,25.401290893554688
2006-09-08,25.41193962097168
2006-09-11,25.41193962097168
2006-09-12,25.81108283996582
2006-09-13,25.82705307006836
2006-09-14,25.84302520751953
2006-09-15,25.751049041748047
2006-09-18,25.80451202392578
2006-09-19,25.54252815246582
2006-09-20,26.045133590698242
2006-09-21,26.14137840270996
2006-09-22,25.986312866210938
2006-09-25,26.237632751464844
2006-09-26,26.307138442993164
2006-09-27,26.403385162353516
2006-09-28,26.46219253540039
2006-09-29,26.403385162353516
2006-10-02,26.387344360351562
2006-10-03,26.387344360351562
2006-10-04,26.75092887878418
2006-10-05,26.75092887878418
2006-10-06,26.50497055053711
2006-10-09,26.542400360107422
2006-10-10,26.50497055053711
2006-10-11,26.547746658325195
2006-10-12,26.825790405273438
2006-10-13,26.756284713745117
2006-10-16,26.772323608398438
2006-10-17,26.55309295654297
2006-10-18,26.643997192382812
2006-10-19,26.852523803710938
2006-10-20,26.975505828857422
2006-10-23,26.948766708374023
2006-10-24,26.889963150024414
2006-10-25,27.119873046875
2006-10-26,27.355146408081055
2006-10-27,27.210771560668945
2006-10-30,27.16800308227539
2006-10-31,27.30701446533203
2006-11-01,27.17334747314453
2006-11-02,27.087793350219727
2006-11-03,27.077096939086914
2006-11-06,27.542295455932617
2006-11-07,27.67597007751465
2006-11-08,27.831029891967773
2006-11-09,27.831029891967773
2006-11-10,27.92726707458496
2006-11-13,27.92726707458496
2006-11-14,28.125097274780273
2006-11-15,28.146495819091797
2006-11-16,28.087684631347656
2006-11-17,28.071636199951172
2006-11-20,28.044904708862305
2006-11-21,28.157184600830078
2006-11-22,28.355030059814453
2006-11-24,28.274829864501953
2006-11-27,27.852407455444336
2006-11-28,28.050247192382812
2006-11-29,28.248090744018555
2006-11-30,28.29085350036621
2006-12-01,28.044904708862305
2006-12-04,28.248090744018555
2006-12-05,28.595640182495117
2006-12-06,28.392457962036133
2006-12-07,28.51008415222168
2006-12-08,28.456619262695312
2006-12-11,28.72931480407715
2006-12-12,28.782791137695312
2006-12-13,29.028749465942383
2006-12-14,29.06083106994629
2006-12-15,28.888782501220703
2006-12-18,28.84054946899414
2006-12-19,29.04422378540039
2006-12-20,28.915576934814453
2006-12-21,28.84054946899414
2006-12-22,28.58863067626953
2006-12-26,28.658321380615234
2006-12-27,29.103168487548828
2006-12-28,29.049583435058594
2006-12-29,29.103168487548828
2007-01-03,29.290754318237305
2007-01-04,29.274673461914062
2007-01-05,28.765514373779297
2007-01-08,28.781579971313477
2007-01-09,28.711915969848633
2007-01-10,28.401046752929688
2007-01-11,28.711915969848633
2007-01-12,28.92093276977539
2007-01-16,28.84589958190918
2007-01-17,28.674388885498047
2007-01-18,28.58327293395996
2007-01-19,28.937021255493164
2007-01-22,28.658321380615234
2007-01-23,28.88341522216797
2007-01-24,29.087106704711914
2007-01-25,28.674388885498047
2007-01-26,28.7708683013916
2007-01-29,28.84054946899414
2007-01-30,29.13532829284668
2007-01-31,29.301485061645508
2007-02-01,29.47835922241211
2007-02-02,29.38723373413086
2007-02-05,29.25324249267578
2007-02-06,29.435466766357422
2007-02-07,29.601627349853516
2007-02-08,29.601627349853516
2007-02-09,29.38723373413086
2007-02-12,29.194293975830078
2007-02-13,29.660587310791016
2007-02-14,29.955366134643555
2007-02-15,29.933917999267578
2007-02-16,29.885677337646484
2007-02-20,29.933917999267578
2007-02-21,29.78384780883789
2007-02-22,29.885677337646484
2007-02-23,29.950002670288086
2007-02-26,30.078636169433594
2007-02-27,28.652957916259766
2007-02-28,28.861988067626953
2007-03-01,28.438568115234375
2007-03-02,28.063385009765625
2007-03-05,27.55957794189453
2007-03-06,28.34210205078125
2007-03-07,28.288496017456055
2007-03-08,28.577917098999023
2007-03-09,28.66904067993164
2007-03-12,28.73335838317871
2007-03-13,27.977630615234375
2007-03-14,28.063385009765625
2007-03-15,28.197378158569336
2007-03-16,28.33901596069336
2007-03-19,28.78432273864746
2007-03-20,29.031129837036133
2007-03-21,29.674942016601562
2007-03-22,29.653486251831055
2007-03-23,29.819826126098633
2007-03-26,29.782258987426758
2007-03-27,29.701791763305664
2007-03-28,29.42815399169922
2007-03-29,29.835920333862305
2007-03-30,29.857378005981445
2007-04-02,30.012958526611328
2007-04-03,30.340248107910156
2007-04-04,30.511924743652344
2007-04-05,30.790903091430664
2007-04-09,30.678247451782227
2007-04-10,30.989423751831055
2007-04-11,30.833833694458008
2007-04-12,31.064537048339844
2007-04-13,31.354263305664062
2007-04-16,31.778121948242188
2007-04-17,31.799575805664062
2007-04-18,31.75128936767578
2007-04-19,31.665447235107422
2007-04-20,32.19659423828125
2007-04-23,31.896141052246094
2007-04-24,31.94980239868164
2007-04-25,32.34682083129883
2007-04-26,32.175140380859375
2007-04-27,32.16977310180664
2007-04-30,32.19659423828125
2007-05-01,32.175140380859375
2007-05-02,32.34682083129883
2007-05-03,32.34682083129883
2007-05-04,32.615089416503906
2007-05-07,32.620460510253906
2007-05-08,32.36830520629883
2007-05-09,32.49169158935547
2007-05-10,31.719093322753906
2007-05-11,32.40584945678711
2007-05-14,32.24488830566406
2007-05-15,32.4755973815918
2007-05-16,32.513145446777344
2007-05-17,32.352203369140625
2007-05-18,32.91554641723633
2007-05-21,32.636558532714844
2007-05-22,32.67411804199219
2007-05-23,32.840423583984375
2007-05-24,32.45414733886719
2007-05-25,32.75458908081055
2007-05-29,32.76531982421875
2007-05-30,32.88870620727539
2007-05-31,33.097957611083984
2007-06-01,33.33940124511719
2007-06-04,33.403778076171875
2007-06-05,33.18915939331055
2007-06-06,32.58826446533203
2007-06-07,31.815683364868164
2007-06-08,32.298553466796875
2007-06-11,32.28244400024414
2007-06-12,31.681533813476562
2007-06-13,32.207332611083984
2007-06-14,32.652652740478516
2007-06-15,33.15031051635742
2007-06-18,33.19411849975586
2007-06-19,33.30361557006836
2007-06-20,32.84919738769531
2007-06-21,33.0572509765625
2007-06-22,32.71231460571289
2007-06-25,32.64113998413086
2007-06-26,32.482383728027344
2007-06-27,32.69042205810547
2007-06-28,32.80539321899414
2007-06-29,32.94774627685547
2007-07-02,33.45142364501953
2007-07-03,33.61020278930664
2007-07-05,33.45142364501953
2007-07-06,33.72517013549805
2007-07-09,33.741600036621094
2007-07-10,33.23244094848633
2007-07-11,33.54998016357422
2007-07-12,34.360252380371094
2007-07-13,34.23982238769531
2007-07-16,34.23432922363281
2007-07-17,34.086524963378906
2007-07-18,33.88941192626953
2007-07-19,34.086524963378906
2007-07-20,33.52808380126953
2007-07-23,33.741600036621094
2007-07-24,33.0517692565918
2007-07-25,32.882041931152344
2007-07-26,31.803489685058594
2007-07-27,31.370988845825195
2007-07-30,32.02248764038086
2007-07-31,31.885616302490234
2007-08-01,32.06081771850586
2007-08-02,32.18125534057617
2007-08-03,31.743270874023438
2007-08-06,32.19768142700195
2007-08-07,32.52070999145508
2007-08-08,32.860137939453125
2007-08-09,31.9239444732666
2007-08-10,31.56807518005371
2007-08-13,31.442155838012695
2007-08-14,30.98226547241211
2007-08-15,30.254112243652344
2007-08-16,30.303367614746094
2007-08-17,31.020587921142578
2007-08-20,30.790653228759766
2007-08-21,30.714000701904297
2007-08-22,31.414779663085938
2007-08-23,31.33266258239746
2007-08-24,32.04438781738281
2007-08-27,31.748743057250977
2007-08-28,30.878246307373047
2007-08-29,31.75969886779785
2007-08-30,31.56807518005371
2007-08-31,32.049869537353516
2007-09-04,32.279808044433594
2007-09-05,31.743270874023438
2007-09-06,31.9239444732666
2007-09-07,31.464054107666016
2007-09-10,31.518808364868164
2007-09-11,31.967731475830078
2007-09-12,32.01154327392578
2007-09-13,32.219581604003906
2007-09-14,32.07176208496094
2007-09-17,31.787071228027344
2007-09-18,33.188636779785156
2007-09-19,33.40216064453125
2007-09-20,33.55544662475586
2007-09-21,33.75448989868164
2007-09-24,33.54005813598633
2007-09-25,33.60053634643555
2007-09-26,33.770992279052734
2007-09-27,34.08990478515625
2007-09-28,34.24384689331055
2007-10-01,34.568260192871094
2007-10-02,34.37581253051758
2007-10-03,34.15038299560547
2007-10-04,34.2768440246582
2007-10-05,34.52976608276367
2007-10-08,34.1723747253418
2007-10-09,34.485774993896484
2007-10-10,34.386810302734375
2007-10-11,34.579246520996094
2007-10-12,34.6947135925293
2007-10-15,34.46929168701172
2007-10-16,34.1833610534668
2007-10-17,34.57375717163086
2007-10-18,34.777198791503906
2007-10-19,34.22736358642578
2007-10-22,34.007423400878906
2007-10-23,34.485774993896484
2007-10-24,34.386810302734375
2007-10-25,34.61773681640625
2007-10-26,35.21157455444336
2007-10-29,35.44249725341797
2007-10-30,35.3160285949707
2007-10-31,35.79438400268555
2007-11-01,34.8046875
2007-11-02,35.250057220458984
2007-11-05,34.947654724121094
2007-11-06,35.447994232177734
2007-11-07,35.02461624145508
2007-11-08,35.272056579589844
2007-11-09,34.44179153442383
2007-11-12,33.990928649902344
2007-11-13,34.9201545715332
2007-11-14,34.79368591308594
2007-11-15,34.23835372924805
2007-11-16,34.59574508666992
2007-11-19,33.84247970581055
2007-11-20,34.63972854614258
2007-11-21,34.133888244628906
2007-11-23,34.76619338989258
2007-11-26,34.001914978027344
2007-11-27,34.5572624206543
2007-11-28,35.65693664550781
2007-11-29,35.21157455444336
2007-11-30,35.34901809692383
2007-12-03,35.24454116821289
2007-12-04,35.23905563354492
2007-12-05,35.546966552734375
2007-12-06,35.937355041503906
2007-12-07,35.82189178466797
2007-12-10,36.2067756652832
2007-12-11,35.21706008911133
2007-12-12,35.9758415222168
2007-12-13,35.44249725341797
2007-12-14,34.5242805480957
2007-12-17,33.88094711303711
2007-12-18,34.254859924316406
2007-12-19,33.974430084228516
2007-12-20,34.271358489990234
2007-12-21,34.84300994873047
2007-12-24,34.96607208251953
2007-12-26,35.09473419189453
2007-12-27,35.15066909790039
2007-12-28,35.603763580322266
2007-12-31,35.049991607666016
2008-01-02,34.98844909667969
2008-01-03,35.10593032836914
2008-01-04,34.38433837890625
2008-01-07,34.65282440185547
2008-01-08,34.28923797607422
2008-01-09,34.501800537109375
2008-01-10,34.65282440185547
2008-01-11,34.177364349365234
2008-01-14,34.96607208251953
2008-01-15,33.74666976928711
2008-01-16,33.04186248779297
2008-01-17,32.365013122558594
2008-01-18,32.197200775146484
2008-01-22,30.457565307617188
2008-01-23,29.657678604125977
2008-01-24,31.03372573852539
2008-01-25,30.066022872924805
2008-01-28,30.877098083496094
2008-01-29,30.95540428161621
2008-01-30,30.97218894958496
2008-01-31,31.25747299194336
2008-02-01,31.76650047302246
2008-02-04,31.29102897644043
2008-02-05,29.54021644592285
2008-02-06,29.836671829223633
2008-02-07,29.652088165283203
2008-02-08,29.484272003173828
2008-02-11,29.573781967163086
2008-02-12,30.26738166809082
2008-02-13,30.703691482543945
2008-02-14,30.396045684814453
2008-02-15,30.28415870666504
2008-02-19,30.658939361572266
2008-02-20,30.653348922729492
2008-02-21,30.524707794189453
2008-02-22,30.79320526123047
2008-02-25,31.1959285736084
2008-02-26,31.777679443359375
2008-02-27,31.9958438873291
2008-02-28,31.710542678833008
2008-02-29,30.664548873901367
2008-03-03,30.821165084838867
2008-03-04,30.3456974029541
2008-03-05,30.809980392456055
2008-03-06,30.295352935791016
2008-03-07,29.93736457824707
2008-03-10,29.78633689880371
2008-03-11,30.815580368041992
2008-03-12,30.871511459350586
2008-03-13,31.039329528808594
2008-03-14,30.384872436523438
2008-03-17,30.088388442993164
2008-03-18,30.95540428161621
2008-03-19,29.86463737487793
2008-03-20,30.09029197692871
2008-03-24,30.66701889038086
2008-03-25,31.266138076782227
2008-03-26,31.467693328857422
2008-03-27,31.434101104736328
2008-03-28,31.400514602661133
2008-03-31,31.551692962646484
2008-04-01,32.64915084838867
2008-04-02,32.67713928222656
2008-04-03,32.72753143310547
2008-04-04,32.90110778808594
2008-04-07,33.018707275390625
2008-04-08,32.93471145629883
2008-04-09,32.74992752075195
2008-04-10,32.5987434387207
2008-04-11,32.00522994995117
2008-04-14,32.12841033935547
2008-04-15,32.31317901611328
2008-04-16,33.24266052246094
2008-04-17,32.72753143310547
2008-04-18,33.1922607421875
2008-04-21,33.26504898071289
2008-04-22,32.88432312011719
2008-04-23,32.979496002197266
2008-04-24,32.721927642822266
2008-04-25,32.95710372924805
2008-04-28,32.9403076171875
2008-04-29,32.738731384277344
2008-04-30,32.95149612426758
2008-05-01,33.25385284423828
2008-05-02,33.214664459228516
2008-05-05,33.225852966308594
2008-05-06,33.41624069213867
2008-05-07,32.7667236328125
2008-05-08,32.850711822509766
2008-05-09,32.72753143310547
2008-05-12,33.12507247924805
2008-05-13,32.906707763671875
2008-05-14,33.080291748046875
2008-05-15,33.427433013916016
2008-05-16,33.79698944091797
2008-05-19,33.612213134765625
2008-05-20,33.533809661865234
2008-05-21,33.237060546875
2008-05-22,33.46102523803711
2008-05-23,33.0690803527832
2008-05-27,32.93471145629883
2008-05-28,33.12507247924805
2008-05-29,32.9403076171875
2008-05-30,33.018707275390625
2008-06-02,32.565155029296875
2008-06-03,32.39717483520508
2008-06-04,32.139610290527344
2008-06-05,32.60994338989258
2008-06-06,31.686084747314453
2008-06-09,31.680477142333984
2008-06-10,31.221330642700195
2008-06-11,30.695018768310547
2008-06-12,30.65582275390625
2008-06-13,30.963773727416992
2008-06-16,30.941368103027344
2008-06-17,31.019760131835938
2008-06-18,30.812593460083008
2008-06-19,30.700599670410156
2008-06-20,30.25724983215332
2008-06-23,30.00357437133789
2008-06-24,30.00357437133789
2008-06-25,30.476327896118164
2008-06-26,29.634572982788086
2008-06-27,29.697999954223633
2008-06-30,29.582685470581055
2008-07-01,29.403959274291992
2008-07-02,29.213687896728516
2008-07-03,29.52503204345703
2008-07-07,29.21945571899414
2008-07-08,29.5019588470459
2008-07-09,29.1502742767334
2008-07-10,29.432781219482422
2008-07-11,28.925418853759766
2008-07-14,28.752450942993164
2008-07-15,28.302743911743164
2008-07-16,28.856231689453125
2008-07-17,29.519254684448242
2008-07-18,29.865192413330078
2008-07-21,29.974742889404297
2008-07-22,30.10734748840332
2008-07-23,30.020858764648438
2008-07-24,29.513490676879883
2008-07-25,29.726823806762695
2008-07-28,29.248287200927734
2008-07-29,29.605754852294922
2008-07-30,29.801767349243164
2008-07-31,29.559627532958984
2008-08-01,29.16180992126465
2008-08-04,29.06378936767578
2008-08-05,29.865192413330078
2008-08-06,29.882495880126953
2008-08-07,29.277109146118164
2008-08-08,29.20792007446289
2008-08-11,29.052248001098633
2008-08-12,28.890830993652344
2008-08-13,28.475709915161133
2008-08-14,28.198972702026367
2008-08-15,27.904924392700195
2008-08-18,27.7723331451416
2008-08-19,27.420635223388672
2008-08-20,27.472509384155273
2008-08-21,27.559003829956055
2008-08-22,27.56475830078125
2008-08-25,27.2015380859375
2008-08-26,27.322612762451172
2008-08-27,27.605117797851562
2008-08-28,28.100967407226562
2008-08-29,27.968347549438477
2008-09-02,27.76655387878418
2008-09-03,27.674312591552734
2008-09-04,26.307889938354492
2008-09-05,26.077268600463867
2008-09-08,26.394371032714844
2008-09-09,25.685205459594727
2008-09-10,25.77747344970703
2008-09-11,25.82357406616211
2008-09-12,26.325185775756836
2008-09-15,25.20092010498047
2008-09-16,24.993366241455078
2008-09-17,24.168895721435547
2008-09-18,25.033716201782227
2008-09-19,27.078643798828125
2008-09-22,26.21092414855957
2008-09-23,25.794416427612305
2008-09-24,25.771278381347656
2008-09-25,26.5985050201416
2008-09-26,26.361331939697266
2008-09-29,23.752378463745117
2008-09-30,24.637466430664062
2008-10-01,24.649023056030273
2008-10-02,23.46314811706543
2008-10-03,23.584623336791992
2008-10-06,22.14999771118164
2008-10-07,21.288061141967773
2008-10-08,20.755857467651367
2008-10-09,19.24602699279785
2008-10-10,18.441938400268555
2008-10-13,21.675640106201172
2008-10-14,21.102947235107422
2008-10-15,18.690685272216797
2008-10-16,19.5352725982666
2008-10-17,19.292306900024414
2008-10-20,20.25836181640625
2008-10-21,19.014633178710938
2008-10-22,17.394893646240234
2008-10-23,17.74198341369629
2008-10-24,16.752779006958008
2008-10-27,15.94290828704834
2008-10-28,18.089067459106445
2008-10-29,18.297321319580078
2008-10-30,18.65019416809082
2008-10-31,19.0609188079834
2008-11-03,18.748537063598633
2008-11-04,20.547611236572266
2008-11-05,19.280742645263672
2008-11-06,18.002296447753906
2008-11-07,19.199748992919922
2008-11-10,18.78324317932129
2008-11-11,17.996511459350586
2008-11-12,17.018882751464844
2008-11-13,18.742753982543945
2008-11-14,17.53372573852539
2008-11-17,17.128795623779297
2008-11-18,17.215564727783203
2008-11-19,16.04125213623047
2008-11-20,15.242948532104492
2008-11-21,15.966045379638672
2008-11-24,17.418027877807617
2008-11-25,17.776687622070312
2008-11-26,17.817180633544922
2008-11-28,17.713056564331055
2008-12-01,16.116455078125
2008-12-02,17.215564727783203
2008-12-03,17.37753677368164
2008-12-04,16.943675994873047
2008-12-05,17.047801971435547
2008-12-08,18.141130447387695
2008-12-09,18.048572540283203
2008-12-10,18.736967086791992
2008-12-11,18.702255249023438
2008-12-12,18.78324317932129
2008-12-15,18.881582260131836
2008-12-16,20.27572250366211
2008-12-17,20.188947677612305
2008-12-18,19.598899841308594
2008-12-19,19.18826675415039
2008-12-22,18.949796676635742
2008-12-23,18.955608367919922
2008-12-24,19.04867172241211
2008-12-26,19.106828689575195
2008-12-29,19.095197677612305
2008-12-30,19.8687801361084
2008-12-31,19.97928810119629
2009-01-02,20.31664276123047
2009-01-05,19.79898452758789
2009-01-06,19.9676570892334
2009-01-07,19.694293975830078
2009-01-08,19.892047882080078
2009-01-09,19.002140045166016
2009-01-12,18.57172393798828
2009-01-13,18.222742080688477
2009-01-14,17.268857955932617
2009-01-15,17.22233009338379
2009-01-16,17.449155807495117
2009-01-20,15.954349517822266
2009-01-21,16.751190185546875
2009-01-22,16.28006935119629
2009-01-23,16.12883949279785
2009-01-26,16.594158172607422
2009-01-27,16.809354782104492
2009-01-28,17.530590057373047
2009-01-29,16.605791091918945
2009-01-30,16.332416534423828
2009-02-02,16.250991821289062
2009-02-03,16.83844566345215
2009-02-04,16.65813446044922
2009-02-05,16.902427673339844
2009-02-06,17.39681053161621
2009-02-09,17.52477264404297
2009-02-10,16.448747634887695
2009-02-11,16.68722152709961
2009-02-12,16.55925941467285
2009-02-13,16.390581130981445
2009-02-17,15.227298736572266
2009-02-18,15.20985221862793
2009-02-19,15.163323402404785
2009-02-20,14.87250804901123
2009-02-23,14.2210693359375
2009-02-24,14.884138107299805
2009-02-25,14.453723907470703
2009-02-26,14.39555835723877
2009-02-27,14.30250072479248
2009-03-02,13.406773567199707
2009-03-03,13.494019508361816
2009-03-04,14.034937858581543
2009-03-05,13.29626178741455
2009-03-06,13.23809814453125
2009-03-09,12.958910942077637
2009-03-10,13.97677993774414
2009-03-11,14.128007888793945
2009-03-12,14.75617504119873
2009-03-13,14.779441833496094
2009-03-16,14.948122024536133
2009-03-17,15.285470008850098
2009-03-18,15.803126335144043
2009-03-19,15.84965705871582
2009-03-20,15.643902778625488
2009-03-23,16.908708572387695
2009-03-24,16.27922248840332
2009-03-25,16.693050384521484
2009-03-26,16.856252670288086
2009-03-27,16.086875915527344
2009-03-30,15.195108413696289
2009-03-31,15.824590682983398
2009-04-01,16.133516311645508
2009-04-02,16.98447608947754
2009-04-03,17.287567138671875
2009-04-06,16.733848571777344
2009-04-07,16.320018768310547
2009-04-08,16.611446380615234
2009-04-09,17.124366760253906
2009-04-13,17.334196090698242
2009-04-14,17.170995712280273
2009-04-15,17.36916732788086
2009-04-16,17.549848556518555
2009-04-17,17.532367706298828
2009-04-20,16.512365341186523
2009-04-21,16.95533561706543
2009-04-22,16.879566192626953
2009-04-23,17.26425552368164
2009-04-24,17.759681701660156
2009-04-27,17.35750961303711
2009-04-28,17.270076751708984
2009-04-29,17.800485610961914
2009-04-30,18.02196502685547
2009-05-01,18.16769027709961
2009-05-04,18.90791130065918
2009-05-05,18.63979721069336
2009-05-06,19.100250244140625
2009-05-07,18.79716682434082
2009-05-08,19.70642852783203
2009-05-11,19.20517349243164
2009-05-12,19.286766052246094
2009-05-13,18.575681686401367
2009-05-14,18.785507202148438
2009-05-15,18.470773696899414
2009-05-18,19.39168357849121
2009-05-19,19.595684051513672
2009-05-20,19.78802490234375
2009-05-21,19.76471519470215
2009-05-22,19.951229095458984
2009-05-26,20.400026321411133
2009-05-27,19.910432815551758
2009-05-28,20.2834529876709
2009-05-29,20.56322479248047
2009-06-01,21.1169490814209
2009-06-02,21.35009002685547
2009-06-03,20.656482696533203
2009-06-04,20.883804321289062
2009-06-05,20.51077651977539
2009-06-08,20.365049362182617
2009-06-09,20.691455841064453
2009-06-10,20.551572799682617
2009-06-11,20.825511932373047
2009-06-12,20.808025360107422
2009-06-15,19.799684524536133
2009-06-16,19.57819938659668
2009-06-17,19.56654167175293
2009-06-18,19.677282333374023
2009-06-19,19.90133285522461
2009-06-22,19.278305053710938
2009-06-23,19.535900115966797
2009-06-24,19.691665649414062
2009-06-25,20.05710220336914
2009-06-26,19.835433959960938
2009-06-29,20.152950286865234
2009-06-30,19.949262619018555
2009-07-01,20.284748077392578
2009-07-02,19.619773864746094
2009-07-06,19.511938095092773
2009-07-07,18.936826705932617
2009-07-08,18.781064987182617
2009-07-09,19.158485412597656
2009-07-10,18.90686798095703
2009-07-13,19.464014053344727
2009-07-14,19.565855026245117
2009-07-15,20.46446990966797
2009-07-16,20.716081619262695
2009-07-17,20.626222610473633
2009-07-20,21.045576095581055
2009-07-21,21.063554763793945
2009-07-22,21.195350646972656
2009-07-23,21.632665634155273
2009-07-24,21.830366134643555
2009-07-27,21.87828254699707
2009-07-28,21.75847625732422
2009-07-29,21.620691299438477
2009-07-30,21.974143981933594
2009-07-31,22.267683029174805
2009-08-03,22.734973907470703
2009-08-04,22.866769790649414
2009-08-05,22.639127731323242
2009-08-06,22.477365493774414
2009-08-07,22.722990036010742
2009-08-10,22.489349365234375
2009-08-11,22.261701583862305
2009-08-12,22.651113510131836
2009-08-13,22.89073371887207
2009-08-14,22.621152877807617
2009-08-17,21.704561233520508
2009-08-18,21.962162017822266
2009-08-19,22.249725341796875
2009-08-20,22.453411102294922
2009-08-21,23.184280395507812
2009-08-24,23.352027893066406
2009-08-25,23.62759780883789
2009-08-26,23.519758224487305
2009-08-27,23.831279754638672
2009-08-28,23.663537979125977
2009-08-31,23.543731689453125
2009-09-01,22.71700096130371
2009-09-02,22.74695587158203
2009-09-03,22.90871238708496
2009-09-04,23.429906845092773
2009-09-08,23.819313049316406
2009-09-09,24.3045597076416
2009-09-10,24.484277725219727
2009-09-11,24.436355590820312
2009-09-14,24.616069793701172
2009-09-15,24.741880416870117
2009-09-16,25.257089614868164
2009-09-17,25.107318878173828
2009-09-18,25.196786880493164
2009-09-21,24.99262237548828
2009-09-22,25.32889747619629
2009-09-23,24.99262237548828
2009-09-24,24.638336181640625
2009-09-25,24.58428955078125
2009-09-28,25.136747360229492
2009-09-29,24.980613708496094
2009-09-30,24.81848907470703
2009-10-01,24.067861557006836
2009-10-02,23.833663940429688
2009-10-05,24.308046340942383
2009-10-06,24.878530502319336
2009-10-07,24.78244972229004
2009-10-08,25.124727249145508
2009-10-09,25.106714248657227
2009-10-12,25.4129695892334
2009-10-13,25.274860382080078
2009-10-14,26.121557235717773
2009-10-15,26.15158462524414
2009-10-16,25.53907012939453
2009-10-19,26.049501419067383
2009-10-20,25.809297561645508
2009-10-21,25.791288375854492
2009-10-22,26.067514419555664
2009-10-23,25.665163040161133
2009-10-26,24.980613708496094
2009-10-27,24.734413146972656
2009-10-28,24.055849075317383
2009-10-29,24.962610244750977
2009-10-30,23.81564712524414
2009-11-02,23.94175910949707
2009-11-03,23.767616271972656
2009-11-04,24.181957244873047
2009-11-05,24.674367904663086
2009-11-06,24.548255920410156
2009-11-09,25.473012924194336
2009-11-10,25.40096664428711
2009-11-11,25.56909942626953
2009-11-12,25.154752731323242
2009-11-13,25.5991268157959
2009-11-16,25.89937400817871
2009-11-17,25.737232208251953
2009-11-18,25.84532928466797
2009-11-19,25.4429931640625
2009-11-20,25.022647857666016
2009-11-23,25.62314796447754
2009-11-24,25.683195114135742
2009-11-25,26.07951545715332
2009-11-27,25.010631561279297
2009-11-30,25.040664672851562
2009-12-01,25.70720863342285
2009-12-02,25.809297561645508
2009-12-03,25.557086944580078
2009-12-04,25.563077926635742
2009-12-07,25.40697479248047
2009-12-08,24.80046844482422
2009-12-09,24.66836166381836
2009-12-10,24.830486297607422
2009-12-11,24.9445858001709
2009-12-14,25.09471893310547
2009-12-15,24.848508834838867
2009-12-16,25.274860382080078
2009-12-17,24.572282791137695
2009-12-18,24.511899948120117
2009-12-21,24.892257690429688
2009-12-22,25.031112670898438
2009-12-23,25.326955795288086
2009-12-24,25.399404525756836
2009-12-28,25.592592239379883
2009-12-29,25.592592239379883
2009-12-30,25.339035034179688
2009-12-31,25.04319953918457
2010-01-04,25.9005126953125
2010-01-05,25.77976417541504
2010-01-06,25.7435359954834
2010-01-07,25.665056228637695
2010-01-08,25.864280700683594
2010-01-11,26.02124786376953
2010-01-12,25.56845474243164
2010-01-13,25.809953689575195
2010-01-14,25.92464828491211
2010-01-15,25.133758544921875
2010-01-19,25.435625076293945
2010-01-20,24.58435821533203
2010-01-21,23.739120483398438
2010-01-22,23.36479377746582
2010-01-25,23.527807235717773
2010-01-26,23.467437744140625
2010-01-27,23.419126510620117
2010-01-28,22.86972427368164
2010-01-29,22.604066848754883
2010-02-01,23.18970489501953
2010-02-02,23.624404907226562
2010-02-03,23.310457229614258
2010-02-04,21.92788314819336
2010-02-05,21.547527313232422
2010-02-08,21.354331970214844
2010-02-09,22.235807418823242
2010-02-10,22.054677963256836
2010-02-11,21.9641170501709
2010-02-12,21.758840560913086
2010-02-16,22.435029983520508
2010-02-17,22.380706787109375
2010-02-18,22.573896408081055
2010-02-19,22.507478713989258
2010-02-22,22.441055297851562
2010-02-23,21.891664505004883
2010-02-24,22.066747665405273
2010-02-25,21.831295013427734
2010-02-26,22.102977752685547
2010-03-01,22.4773006439209
2010-03-02,22.525604248046875
2010-03-03,22.821428298950195
2010-03-04,22.74897575378418
2010-03-05,23.358745574951172
2010-03-08,23.419126510620117
2010-03-09,23.268198013305664
2010-03-10,23.53988265991211
2010-03-11,23.57006072998047
2010-03-12,23.6485595703125
2010-03-15,23.473468780517578
2010-03-16,23.81760025024414
2010-03-17,23.926280975341797
2010-03-18,23.690807342529297
2010-03-19,23.33355712890625
2010-03-22,23.36377716064453
2010-03-23,23.460498809814453
2010-03-24,23.061538696289062
2010-03-25,23.146160125732422
2010-03-26,23.41213607788086
2010-03-29,23.629762649536133
2010-03-30,23.508859634399414
2010-03-31,23.514911651611328
2010-04-01,24.08313751220703
2010-04-05,24.07709312438965
2010-04-06,23.865516662597656
2010-04-07,23.52094841003418
2010-04-08,23.43631935119629
2010-04-09,23.980371475219727
2010-04-12,24.282615661621094
2010-04-13,24.2463436126709
2010-04-14,24.512325286865234
2010-04-15,24.385377883911133
2010-04-16,23.732526779174805
2010-04-19,23.696258544921875
2010-04-20,23.84133529663086
2010-04-21,23.4907283782959
2010-04-22,23.134078979492188
2010-04-23,23.31542205810547
2010-04-26,23.345651626586914
2010-04-27,21.97947883605957
2010-04-28,21.90089988708496
2010-04-29,22.2938232421875
2010-04-30,22.160831451416016
2010-05-03,22.269643783569336
2010-05-04,21.042518615722656
2010-05-05,20.516599655151367
2010-05-06,19.52522850036621
2010-05-07,19.14439582824707
2010-05-10,21.217817306518555
2010-05-11,20.873254776000977
2010-05-12,21.15132713317871
2010-05-13,20.697954177856445
2010-05-14,19.80330467224121
2010-05-17,19.85770606994629
2010-05-18,19.55545997619629
2010-05-19,19.809343338012695
2010-05-20,19.150440216064453
2010-05-21,19.73680305480957
2010-05-24,18.999319076538086
2010-05-25,19.005367279052734
2010-05-26,18.479450225830078
2010-05-27,19.893978118896484
2010-05-28,19.476865768432617
2010-06-01,19.132307052612305
2010-06-02,19.67030906677246
2010-06-03,19.519182205200195
2010-06-04,18.328325271606445
2010-06-07,18.14093017578125
2010-06-08,18.425050735473633
2010-06-09,18.358556747436523
2010-06-10,19.343883514404297
2010-06-11,19.561506271362305
2010-06-14,19.77912139892578
2010-06-15,20.697954177856445
2010-06-16,20.498472213745117
2010-06-17,20.631450653076172
2010-06-18,20.6705265045166
2010-06-21,20.534090042114258
2010-06-22,20.267410278320312
2010-06-23,20.38524055480957
2010-06-24,19.85809898376465
2010-06-25,19.994535446166992
2010-06-28,19.88290786743164
2010-06-29,18.9836483001709
2010-06-30,18.958839416503906
2010-07-01,19.33715057373047
2010-07-02,19.1448917388916
2010-07-06,19.690649032592773
2010-07-07,20.62092399597168
2010-07-08,20.78215980529785
2010-07-09,20.86278533935547
2010-07-12,20.757356643676758
2010-07-13,21.24730110168457
2010-07-14,21.296907424926758
2010-07-15,21.451953887939453
2010-07-16,20.775959014892578
2010-07-19,20.974411010742188
2010-07-20,20.8937931060791
2010-07-21,20.38524055480957
2010-07-22,21.296907424926758
2010-07-23,21.563587188720703
2010-07-26,21.82406234741211
2010-07-27,22.016315460205078
2010-07-28,21.898479461669922
2010-07-29,21.95429801940918
2010-07-30,21.83026123046875
2010-08-02,22.77913475036621
2010-08-03,22.723318099975586
2010-08-04,22.797739028930664
2010-08-05,22.785335540771484
2010-08-06,22.74192237854004
2010-08-09,22.841157913208008
2010-08-10,22.710906982421875
2010-08-11,21.36512565612793
2010-08-12,21.296907424926758
2010-08-13,21.024032592773438
2010-08-16,21.12325668334961
2010-08-17,21.495361328125
2010-08-18,21.464351654052734
2010-08-19,20.91239356994629
2010-08-20,20.57129669189453
2010-08-23,20.515480041503906
2010-08-24,20.143381118774414
2010-08-25,20.143381118774414
2010-08-26,20.081361770629883
2010-08-27,20.58370590209961
2010-08-30,20.130970001220703
2010-08-31,20.20540428161621
2010-09-01,21.12325668334961
2010-09-02,21.396137237548828
2010-09-03,21.71242332458496
2010-09-07,21.067445755004883
2010-09-08,21.265899658203125
2010-09-09,21.47676658630371
2010-09-10,21.60079002380371
2010-09-13,22.08453941345215
2010-09-14,22.301593780517578
2010-09-15,22.276790618896484
2010-09-16,22.33260726928711
2010-09-17,22.029354095458984
2010-09-20,22.43327522277832
2010-09-21,22.569990158081055
2010-09-22,22.557559967041016
2010-09-23,22.1287841796875
2010-09-24,23.091976165771484
2010-09-27,22.799915313720703
2010-09-28,23.085771560668945
2010-09-29,22.874486923217773
2010-09-30,22.812347412109375
2010-10-01,23.01740837097168
2010-10-04,22.538921356201172
2010-10-05,23.458614349365234
2010-10-06,23.601543426513672
2010-10-07,23.645044326782227
2010-10-08,23.732046127319336
2010-10-11,23.66990852355957
2010-10-12,23.6574764251709
2010-10-13,24.16703224182129
2010-10-14,24.34103775024414
2010-10-15,24.291330337524414
2010-10-18,24.409391403198242
2010-10-19,23.719615936279297
2010-10-20,24.30998420715332
2010-10-21,24.390745162963867
2010-10-22,24.452892303466797
2010-10-25,24.415607452392578
2010-10-26,24.26025390625
2010-10-27,23.961977005004883
2010-10-28,24.22296714782715
2010-10-29,24.22296714782715
2010-11-01,23.95575523376465
2010-11-02,24.55230712890625
2010-11-03,24.583391189575195
2010-11-04,25.148887634277344
2010-11-05,24.738744735717773
2010-11-08,24.508827209472656
2010-11-09,24.22296714782715
2010-11-10,24.16703224182129
2010-11-11,23.800399780273438
2010-11-12,23.663694381713867
2010-11-15,23.694761276245117
2010-11-16,23.073331832885742
2010-11-17,23.22247886657715
2010-11-18,23.887393951416016
2010-11-19,23.9992618560791
2010-11-22,23.520750045776367
2010-11-23,22.545133590698242
2010-11-24,22.663204193115234
2010-11-26,22.221996307373047
2010-11-29,21.693782806396484
2010-11-30,21.153148651123047
2010-12-01,22.04799461364746
2010-12-02,22.6569881439209
2010-12-03,22.942832946777344
2010-12-06,22.650781631469727
2010-12-07,22.806121826171875
2010-12-08,22.986339569091797
2010-12-09,23.16034507751465
2010-12-10,23.154125213623047
2010-12-13,23.458614349365234
2010-12-14,23.45240020751953
2010-12-15,22.986339569091797
2010-12-16,23.14791488647461
2010-12-17,22.93141746520996
2010-12-20,22.918909072875977
2010-12-21,23.10034942626953
2010-12-22,23.08783721923828
2010-12-23,22.956451416015625
2010-12-27,22.893871307373047
2010-12-28,22.73746681213379
2010-12-29,22.993986129760742
2010-12-30,22.881370544433594
2010-12-31,23.050304412841797
2011-01-03,23.25052833557129
2011-01-04,23.212974548339844
2011-01-05,22.993986129760742
2011-01-06,22.624832153320312
2011-01-07,22.243167877197266
2011-01-10,22.074230194091797
2011-01-11,22.243167877197266
2011-01-12,23.219240188598633
2011-01-13,23.79486846923828
2011-01-14,24.101455688476562
2011-01-18,24.214080810546875
2011-01-19,24.088937759399414
2011-01-20,24.357982635498047
2011-01-21,24.858545303344727
2011-01-24,25.05875587463379
2011-01-25,24.958656311035156
2011-01-26,24.971155166625977
2011-01-27,25.36534881591797
2011-01-28,24.55194854736328
2011-01-31,24.996183395385742
2011-02-01,25.64063835144043
2011-02-02,25.502994537353516
2011-02-03,25.240201950073242
2011-02-04,25.20891761779785
2011-02-07,25.334060668945312
2011-02-08,25.584325790405273
2011-02-09,25.64063835144043
2011-02-10,25.371599197387695
2011-02-11,25.321550369262695
2011-02-14,25.108821868896484
2011-02-15,25.11506462097168
2011-02-16,25.590579986572266
2011-02-17,25.740760803222656
2011-02-18,25.865894317626953
2011-02-22,24.877296447753906
2011-02-23,25.002445220947266
2011-02-24,25.021215438842773
2011-02-25,25.29651641845703
2011-02-28,25.628128051757812
2011-03-01,25.13382911682129
2011-03-02,25.29651641845703
2011-03-03,25.72198486328125
2011-03-04,25.340316772460938
2011-03-07,25.183895111083984
2011-03-08,25.240201950073242
2011-03-09,25.127593994140625
2011-03-10,24.58949851989746
2011-03-11,24.739656448364258
2011-03-14,24.608266830444336
2011-03-15,24.020118713378906
2011-03-16,23.069072723388672
2011-03-17,23.957548141479492
2011-03-18,24.31684112548828
2011-03-21,25.08812141418457
2011-03-22,24.968965530395508
2011-03-23,24.874906539916992
2011-03-24,25.508224487304688
2011-03-25,25.226072311401367
2011-03-28,25.182172775268555
2011-03-29,25.326391220092773
2011-03-30,25.614818572998047
2011-03-31,25.527042388916016
2011-04-01,25.90328025817871
2011-04-04,25.87818717956543
2011-04-05,25.87818717956543
2011-04-06,26.298315048217773
2011-04-07,26.223066329956055
2011-04-08,26.442535400390625
2011-04-11,26.386096954345703
2011-04-12,26.26068115234375
2011-04-13,26.21678924560547
2011-04-14,26.19798469543457
2011-04-15,25.965974807739258
2011-04-18,25.138277053833008
2011-04-19,25.35147476196289
2011-04-20,26.17290496826172
2011-04-21,26.39236068725586
2011-04-25,26.386096954345703
2011-04-26,26.7623233795166
2011-04-27,27.439537048339844
2011-04-28,27.577489852905273
2011-04-29,27.608844757080078
2011-05-02,27.59002685546875
2011-05-03,27.521055221557617
2011-05-04,27.220060348510742
2011-05-05,26.41118049621582
2011-05-06,26.141550064086914
2011-05-09,26.072582244873047
2011-05-10,26.52404022216797
2011-05-11,25.9785213470459
2011-05-12,26.03494644165039
2011-05-13,25.533315658569336
2011-05-16,25.51449966430664
2011-05-17,25.5521297454834
2011-05-18,25.73396110534668
2011-05-19,25.928348541259766
2011-05-20,25.33265495300293
2011-05-23,24.75577735900879
2011-05-24,24.812206268310547
2011-05-25,25.006595611572266
2011-05-26,25.106918334960938
2011-05-27,25.357730865478516
2011-05-31,26.122739791870117
2011-06-01,25.288768768310547
2011-06-02,25.539594650268555
2011-06-03,25.740238189697266
2011-06-06,25.200977325439453
2011-06-07,25.564668655395508
2011-06-08,25.182172775268555
2011-06-09,25.545854568481445
2011-06-10,24.711891174316406
2011-06-13,24.787124633789062
2011-06-14,25.407907485961914
2011-06-15,24.279220581054688
2011-06-16,24.29802703857422
2011-06-17,25.032028198242188
2011-06-20,24.864330291748047
2011-06-21,25.58027458190918
2011-06-22,25.244874954223633
2011-06-23,24.819175720214844
2011-06-24,24.25804328918457
2011-06-27,24.664392471313477
2011-06-28,25.077178955078125
2011-06-29,25.631866455078125
2011-06-30,26.186565399169922
2011-07-01,26.560649871826172
2011-07-05,26.0382080078125
2011-07-06,25.715721130371094
2011-07-07,25.928565979003906
2011-07-08,25.199724197387695
2011-07-11,23.94845199584961
2011-07-12,23.703346252441406
2011-07-13,24.180652618408203
2011-07-14,23.96135711669922
2011-07-15,23.954893112182617
2011-07-18,23.490507125854492
2011-07-19,23.916196823120117
2011-07-20,24.38058853149414
2011-07-21,25.277122497558594
2011-07-22,25.212627410888672
2011-07-25,24.915937423706055
2011-07-26,25.115880966186523
2011-07-27,24.283845901489258
2011-07-28,24.135486602783203
2011-07-29,24.16775131225586
2011-08-01,23.490507125854492
2011-08-02,22.697174072265625
2011-08-03,22.903562545776367
2011-08-04,21.06534194946289
2011-08-05,21.936080932617188
2011-08-08,20.078519821166992
2011-08-09,21.078250885009766
2011-08-10,19.272279739379883
2011-08-11,20.22686195373535
2011-08-12,20.92345428466797
2011-08-15,21.484590530395508
2011-08-16,21.05889892578125
2011-08-17,21.207250595092773
2011-08-18,20.033361434936523
2011-08-19,19.52382469177246
2011-08-22,19.814064025878906
2011-08-23,20.581602096557617
2011-08-24,20.691251754760742
2011-08-25,20.10431480407715
2011-08-26,20.272008895874023
2011-08-29,20.852497100830078
2011-08-30,20.65255355834961
2011-08-31,21.06534194946289
2011-09-01,20.665454864501953
2011-09-02,19.852767944335938
2011-09-06,18.820781707763672
2011-09-07,19.375476837158203
2011-09-08,18.93043327331543
2011-09-09,17.891998291015625
2011-09-12,17.556602478027344
2011-09-13,17.87910270690918
2011-09-14,18.453140258789062
2011-09-15,19.194875717163086
2011-09-16,19.001625061035156
2011-09-19,18.411460876464844
2011-09-20,18.476316452026367
2011-09-21,17.82131576538086
2011-09-22,17.17928123474121
2011-09-23,17.48409080505371
2011-09-26,18.158540725708008
2011-09-27,18.8330078125
2011-09-28,18.52172088623047
2011-09-29,19.11835479736328
2011-09-30,18.340126037597656
2011-10-03,17.665674209594727
2011-10-04,18.21042251586914
2011-10-05,18.735729217529297
2011-10-06,19.384248733520508
2011-10-07,19.24805450439453
2011-10-10,20.2662353515625
2011-10-11,20.246776580810547
2011-10-12,20.772075653076172
2011-10-13,20.668310165405273
2011-10-14,20.92123794555664
2011-10-17,20.130041122436523
2011-10-18,20.558067321777344
2011-10-19,20.214351654052734
2011-10-20,20.07815933227539
2011-10-21,20.71370506286621
2011-10-24,21.01852035522461
2011-10-25,20.60345458984375
2011-10-26,20.862873077392578
2011-10-27,22.646291732788086
2011-10-28,22.21826934814453
2011-10-31,20.940689086914062
2011-11-01,19.714994430541992
2011-11-02,20.058704376220703
2011-11-03,20.836929321289062
2011-11-04,20.181922912597656
2011-11-07,20.233808517456055
2011-11-08,20.674802780151367
2011-11-09,19.176719665527344
2011-11-10,19.643653869628906
2011-11-11,20.40890884399414
2011-11-14,19.77335548400879
2011-11-15,19.624202728271484
2011-11-16,19.26750946044922
2011-11-17,19.07944107055664
2011-11-18,19.293455123901367
2011-11-21,18.742212295532227
2011-11-22,18.49577522277832
2011-11-23,17.801855087280273
2011-11-25,17.737009048461914
2011-11-28,18.85894203186035
2011-11-29,18.969194412231445
2011-11-30,20.123559951782227
2011-12-01,19.935487747192383
2011-12-02,19.922513961791992
2011-12-05,20.240293502807617
2011-12-06,20.311626434326172
2011-12-07,20.305143356323242
2011-12-08,19.41667366027832
2011-12-09,20.14301300048828
2011-12-12,19.1961727142334
2011-12-13,18.690332412719727
2011-12-14,18.41794776916504
2011-12-15,18.489288330078125
2011-12-16,18.285388946533203
2011-12-19,18.226573944091797
2011-12-20,19.063072204589844
2011-12-21,18.906232833862305
2011-12-22,19.102293014526367
2011-12-23,19.278736114501953
2011-12-27,19.2133846282959
2011-12-28,18.7493896484375
2011-12-29,19.187244415283203
2011-12-30,19.28527069091797
2012-01-03,19.96493148803711
2012-01-04,19.579355239868164
2012-01-05,19.089214324951172
2012-01-06,18.684030532836914
2012-01-09,18.814743041992188
2012-01-10,19.23299217224121
2012-01-11,19.174165725708008
2012-01-12,19.363691329956055
2012-01-13,18.991191864013672
2012-01-17,19.49439811706543
2012-01-18,19.81461524963379
2012-01-19,20.25247573852539
2012-01-20,20.23287582397461
2012-01-23,20.409324645996094
2012-01-24,20.36357307434082
2012-01-25,20.598840713500977
2012-01-26,20.683794021606445
2012-01-27,20.736082077026367
2012-01-30,20.330902099609375
2012-01-31,20.44198989868164
2012-02-01,20.88638687133789
2012-02-02,20.97788429260254
2012-02-03,21.311176300048828
2012-02-06,21.187000274658203
2012-02-07,21.409194946289062
2012-02-08,21.559513092041016
2012-02-09,21.63139533996582
2012-02-10,21.017091751098633
2012-02-13,21.18046760559082
2012-02-14,20.964813232421875
2012-02-15,20.85371208190918
2012-02-16,21.187000274658203
2012-02-17,21.41573715209961
2012-02-21,21.54644203186035
2012-02-22,21.383068084716797
2012-02-23,21.605260848999023
2012-02-24,21.827455520629883
2012-02-27,21.644468307495117
2012-02-28,21.827455520629883
2012-02-29,21.520294189453125
2012-03-01,21.860136032104492
2012-03-02,21.592180252075195
2012-03-05,21.53990936279297
2012-03-06,20.513883590698242
2012-03-07,20.840635299682617
2012-03-08,21.487627029418945
2012-03-09,21.252357482910156
2012-03-12,21.311176300048828
2012-03-13,21.651002883911133
2012-03-14,21.5660457611084
2012-03-15,21.86666488647461
2012-03-16,22.07443618774414
2012-03-19,22.231725692749023
2012-03-20,21.94989585876465
2012-03-21,21.74015998840332
2012-03-22,21.438676834106445
2012-03-23,21.543542861938477
2012-03-26,21.877811431884766
2012-03-27,21.569759368896484
2012-03-28,21.32724952697754
2012-03-29,21.025768280029297
2012-03-30,21.268266677856445
2012-04-02,21.471445083618164
2012-04-03,20.86846160888672
2012-04-04,20.26547622680664
2012-04-05,20.022977828979492
2012-04-09,19.95088005065918
2012-04-10,19.354448318481445
2012-04-11,19.72148323059082
2012-04-12,20.00331687927246
2012-04-13,19.30856704711914
2012-04-16,19.531414031982422
2012-04-17,20.009868621826172
2012-04-18,19.66905403137207
2012-04-19,19.30856704711914
2012-04-20,19.65593910217285
2012-04-23,19.151275634765625
2012-04-24,19.387222290039062
2012-04-25,19.83945655822754
2012-04-26,19.9639835357666
2012-04-27,20.06230354309082
2012-04-30,19.83945655822754
2012-05-01,19.9443302154541
2012-05-02,19.629722595214844
2012-05-03,19.426551818847656
2012-05-04,19.111940383911133
2012-05-07,19.45276641845703
2012-05-08,19.118499755859375
2012-05-09,18.744915008544922
2012-05-10,18.97430992126465
2012-05-11,18.90876579284668
2012-05-14,18.397546768188477
2012-05-15,18.069833755493164
2012-05-16,17.98463249206543
2012-05-17,17.748682022094727
2012-05-18,17.840438842773438
2012-05-21,18.28611946105957
2012-05-22,18.181255340576172
2012-05-23,17.938753128051758
2012-05-24,17.788005828857422
2012-05-25,17.833881378173828
2012-05-29,17.892871856689453
2012-05-30,17.270227432250977
2012-05-31,17.329214096069336
2012-06-01,16.92940902709961
2012-06-04,17.270227432250977
2012-06-05,17.24401092529297
2012-06-06,17.86665153503418
2012-06-07,17.755237579345703
2012-06-08,17.840438842773438
2012-06-11,17.552051544189453
2012-06-12,17.814224243164062
2012-06-13,17.735572814941406
2012-06-14,17.971525192260742
2012-06-15,18.296184539794922
2012-06-18,17.985050201416016
2012-06-19,18.485580444335938
2012-06-20,18.566734313964844
2012-06-21,18.0932674407959
2012-06-22,18.323246002197266
2012-06-25,17.680673599243164
2012-06-26,17.741554260253906
2012-06-27,17.957992553710938
2012-06-28,17.937705993652344
2012-06-29,19.087556838989258
2012-07-02,19.249889373779297
2012-07-03,19.418983459472656
2012-07-05,18.75613021850586
2012-07-06,18.30971336364746
2012-07-09,18.296184539794922
2012-07-10,18.127092361450195
2012-07-11,18.2894229888916
2012-07-12,18.133853912353516
2012-07-13,18.384119033813477
2012-07-16,18.350296020507812
2012-07-17,18.519390106201172
2012-07-18,18.681730270385742
2012-07-19,18.8034725189209
2012-07-20,18.086502075195312
2012-07-23,17.619802474975586
2012-07-24,17.22749900817871
2012-07-25,17.45746612548828
2012-07-26,18.377355575561523
2012-07-27,19.06726837158203
2012-07-30,19.019916534423828
2012-07-31,18.952281951904297
2012-08-01,18.959041595458984
2012-08-02,18.296184539794922
2012-08-03,19.500146865844727
2012-08-06,19.75041389465332
2012-08-07,20.129188537597656
2012-08-08,20.000675201416016
2012-08-09,19.899213790893555
2012-08-10,19.878925323486328
2012-08-13,19.865398406982422
2012-08-14,19.912744522094727
2012-08-15,19.85863494873047
2012-08-16,20.25093650817871
2012-08-17,20.29151725769043
2012-08-20,20.31181526184082
2012-08-21,20.54178237915039
2012-08-22,20.5214900970459
2012-08-23,20.244178771972656
2012-08-24,20.244178771972656
2012-08-27,20.365921020507812
2012-08-28,20.420024871826172
2012-08-29,20.31181526184082
2012-08-30,19.993911743164062
2012-08-31,20.34563636779785
2012-09-04,20.420024871826172
2012-09-05,20.44032096862793
2012-09-06,21.224925994873047
2012-09-07,21.66457748413086
2012-09-10,21.387258529663086
2012-09-11,21.853961944580078
2012-09-12,21.98248291015625
2012-09-13,22.286849975585938
2012-09-14,22.597990036010742
2012-09-17,22.483007431030273
2012-09-18,22.158336639404297
2012-09-19,22.293615341186523
2012-09-20,22.07040786743164
2012-09-21,22.20896339416504
2012-09-24,22.05274200439453
2012-09-25,21.828622817993164
2012-09-26,21.455080032348633
2012-09-27,21.719955444335938
2012-09-28,21.07474136352539
2012-10-01,21.312450408935547
2012-10-02,21.489032745361328
2012-10-03,21.414329528808594
2012-10-04,21.67920684814453
2012-10-05,21.862586975097656
2012-10-08,21.658824920654297
2012-10-09,21.122282028198242
2012-10-10,21.06795310974121
2012-10-11,21.312450408935547
2012-10-12,21.353199005126953
2012-10-15,21.59091567993164
2012-10-16,22.22933578491211
2012-10-17,22.534957885742188
2012-10-18,22.433088302612305
2012-10-19,21.964458465576172
2012-10-22,22.113880157470703
2012-10-23,21.522994995117188
2012-10-24,21.455080032348633
2012-10-25,21.482240676879883
2012-10-26,21.570539474487305
2012-10-31,21.67920684814453
2012-11-01,21.937288284301758
2012-11-02,21.67920684814453
2012-11-05,21.529787063598633
2012-11-06,21.76070213317871
2012-11-07,21.251325607299805
2012-11-08,21.00682830810547
2012-11-09,21.00002670288086
2012-11-12,21.0611572265625
2012-11-13,20.979665756225586
2012-11-14,20.816652297973633
2012-11-15,20.911739349365234
2012-11-16,20.741945266723633
2012-11-19,21.35999298095703
2012-11-20,21.46187400817871
2012-11-21,21.550167083740234
2012-11-23,22.141040802001953
2012-11-26,22.120668411254883
2012-11-27,21.88974952697754
2012-11-28,22.134246826171875
2012-11-29,22.358381271362305
2012-11-30,22.42629623413086
2012-12-03,22.494213104248047
2012-12-04,22.657217025756836
2012-12-05,22.711551666259766
2012-12-06,22.67080307006836
2012-12-07,22.514589309692383
2012-12-10,22.487424850463867
2012-12-11,22.813425064086914
2012-12-12,22.935672760009766
2012-12-13,22.8813419342041
2012-12-14,23.091886520385742
2012-12-17,23.193756103515625
2012-12-18,23.451839447021484
2012-12-19,23.438261032104492
2012-12-20,23.62842559814453
2012-12-21,23.465267181396484
2012-12-24,23.308231353759766
2012-12-26,23.35602569580078
2012-12-27,23.5949764251709
2012-12-28,23.1239013671875
2012-12-31,23.663253784179688
2013-01-02,23.909034729003906
2013-01-03,23.540367126464844
2013-01-04,23.74517059326172
2013-01-07,23.64958953857422
2013-01-08,23.581321716308594
2013-01-09,23.622289657592773
2013-01-10,24.100189208984375
2013-01-11,24.29818344116211
2013-01-14,24.352802276611328
2013-01-15,24.168466567993164
2013-01-16,24.004621505737305
2013-01-17,24.311832427978516
2013-01-18,24.25722312927246
2013-01-22,24.31866455078125
2013-01-23,24.195775985717773
2013-01-24,24.3664493560791
2013-01-25,24.817060470581055
2013-01-28,24.79657745361328
2013-01-29,24.817060470581055
2013-01-30,24.80340003967285
2013-01-31,24.53713035583496
2013-02-01,24.85118865966797
2013-02-04,23.74517059326172
2013-02-05,24.06606674194336
2013-02-06,23.786144256591797
2013-02-07,23.4038143157959
2013-02-08,23.5949764251709
2013-02-11,23.533538818359375
2013-02-12,23.854419708251953
2013-02-13,23.956815719604492
2013-02-14,23.642772674560547
2013-02-15,23.410642623901367
2013-02-19,23.91585922241211
2013-02-20,23.376508712768555
2013-02-21,22.8303279876709
2013-02-22,23.4038143157959
2013-02-25,22.488964080810547
2013-02-26,22.611852645874023
2013-02-27,23.110246658325195
2013-02-28,22.994178771972656
2013-03-01,22.850805282592773
2013-03-04,23.028308868408203
2013-03-05,23.35602569580078
2013-03-06,23.45160484313965
2013-03-07,23.676904678344727
2013-03-08,23.74517059326172
2013-03-11,23.765649795532227
2013-03-12,23.65642547607422
2013-03-13,23.533538818359375
2013-03-14,23.861238479614258
2013-03-15,23.833877563476562
2013-03-18,23.327646255493164
2013-03-19,23.129255294799805
2013-03-20,23.505516052246094
2013-03-21,23.170299530029297
2013-03-22,23.457626342773438
2013-03-25,22.814573287963867
2013-03-26,22.800891876220703
2013-03-27,22.424638748168945
2013-03-28,22.602500915527344
2013-04-01,22.47252655029297
2013-04-02,22.862459182739258
2013-04-03,22.69827651977539
2013-04-04,22.82141876220703
2013-04-05,22.629867553710938
2013-04-08,22.72564125061035
2013-04-09,22.828256607055664
2013-04-10,23.3139591217041
2013-04-11,23.4849910736084
2013-04-12,23.355005264282227
2013-04-15,22.787206649780273
2013-04-16,23.231876373291016
2013-04-17,22.43148422241211
2013-04-18,22.410951614379883
2013-04-19,22.595664978027344
2013-04-22,22.787206649780273
2013-04-23,23.327646255493164
2013-04-24,23.669694900512695
2013-04-25,23.58076286315918
2013-04-26,23.6491641998291
2013-04-29,24.169086456298828
2013-04-30,24.1417236328125
2013-05-01,23.963851928710938
2013-05-02,24.128036499023438
2013-05-03,24.552181243896484
2013-05-06,24.449569702148438
2013-05-07,24.593225479125977
2013-05-08,24.94211196899414
2013-05-09,24.606908798217773
2013-05-10,24.709522247314453
2013-05-13,24.586380004882812
2013-05-14,24.688997268676758
2013-05-15,24.709522247314453
2013-05-16,24.552181243896484
2013-05-17,24.839492797851562
2013-05-20,24.887386322021484
2013-05-21,24.901065826416016
2013-05-22,24.682159423828125
2013-05-23,24.675315856933594
2013-05-24,24.627422332763672
2013-05-28,24.887386322021484
2013-05-29,24.784772872924805
2013-05-30,25.024194717407227
2013-05-31,24.483768463134766
2013-06-03,24.723196029663086
2013-06-04,24.54533576965332
2013-06-05,24.182762145996094
2013-06-06,24.346942901611328
2013-06-07,24.606908798217773
2013-06-10,24.600065231323242
2013-06-11,24.292217254638672
2013-06-12,24.20328140258789
2013-06-13,24.517972946166992
2013-06-14,24.25118064880371
2013-06-17,24.63426399230957
2013-06-18,24.771089553833008
2013-06-19,24.169086456298828
2013-06-20,23.25923728942871
2013-06-21,23.110727310180664
2013-06-24,22.725425720214844
2013-06-25,22.94259262084961
2013-06-26,23.271848678588867
2013-06-27,23.404953002929688
2013-06-28,23.208799362182617
2013-07-01,23.43297576904297
2013-07-02,23.040666580200195
2013-07-03,22.977619171142578
2013-07-05,23.061689376831055
2013-07-08,23.43297576904297
2013-07-09,23.411954879760742
2013-07-10,23.552061080932617
2013-07-11,24.196557998657227
2013-07-12,24.021427154541016
2013-07-15,24.12649917602539
2013-07-16,24.133512496948242
2013-07-17,24.168537139892578
2013-07-18,24.47677230834961
2013-07-19,24.5538272857666
2013-07-22,24.6799259185791
2013-07-23,24.77100372314453
2013-07-24,24.967144012451172
2013-07-25,25.14928436279297
2013-07-26,25.19832420349121
2013-07-29,25.07223129272461
2013-07-30,25.11426544189453
2013-07-31,25.26837921142578
2013-08-01,25.625646591186523
2013-08-02,25.723716735839844
2013-08-05,25.618633270263672
2013-08-06,25.50655174255371
2013-08-07,25.625646591186523
2013-08-08,25.98992919921875
2013-08-09,25.968915939331055
2013-08-12,25.877832412719727
2013-08-13,25.996932983398438
2013-08-14,26.010953903198242
2013-08-15,25.996932983398438
2013-08-16,26.123029708862305
2013-08-19,25.786779403686523
2013-08-20,25.73773765563965
2013-08-21,25.471534729003906
2013-08-22,25.870832443237305
2013-08-23,26.038965225219727
2013-08-26,25.85682487487793
2013-08-27,25.156288146972656
2013-08-28,25.100252151489258
2013-08-29,25.00217628479004
2013-08-30,24.707948684692383
2013-09-03,24.946125030517578
2013-09-04,25.079227447509766
2013-09-05,25.023195266723633
2013-09-06,25.310405731201172
2013-09-09,25.604629516601562
2013-09-10,26.003929138183594
2013-09-11,26.256132125854492
2013-09-12,26.116031646728516
2013-09-13,26.26314353942871
2013-09-16,26.480300903320312
2013-09-17,26.599397659301758
2013-09-18,27.412019729614258
2013-09-19,27.285930633544922
2013-09-20,27.098440170288086
2013-09-23,27.014169692993164
2013-09-24,27.07736587524414
2013-09-25,27.182695388793945
2013-09-26,27.168651580810547
2013-09-27,27.17568016052246
2013-09-30,26.972042083740234
2013-10-01,27.302080154418945
2013-10-02,27.365285873413086
2013-10-03,27.168651580810547
2013-10-04,27.330169677734375
2013-10-07,27.23185157775879
2013-10-08,27.02118492126465
2013-10-09,27.105459213256836
2013-10-10,27.772554397583008
2013-10-11,27.800643920898438
2013-10-14,27.920011520385742
2013-10-15,27.8287410736084
2013-10-16,28.10260772705078
2013-10-17,28.432645797729492
2013-10-18,28.594144821166992
2013-10-21,28.552021026611328
2013-10-22,28.88205337524414
2013-10-23,28.657344818115234
2013-10-24,28.889080047607422
2013-10-25,28.868013381958008
2013-10-28,28.68544578552246
2013-10-29,28.875032424926758
2013-10-30,28.699478149414062
2013-10-31,28.6713924407959
2013-11-01,28.47477149963379
2013-11-04,28.57308006286621
2013-11-05,28.17281723022461
2013-11-06,28.502857208251953
2013-11-07,27.913009643554688
2013-11-08,27.997264862060547
2013-11-11,28.250062942504883
2013-11-12,28.09558868408203
2013-11-13,28.221975326538086
2013-11-14,28.320287704467773
2013-11-15,28.41858673095703
2013-11-18,28.57308006286621
2013-11-19,28.404550552368164
2013-11-20,28.08153533935547
2013-11-21,28.36944007873535
2013-11-22,28.622228622436523
2013-11-25,28.587120056152344
2013-11-26,28.741619110107422
2013-11-27,28.860990524291992
2013-11-29,28.91013526916504
2013-12-02,28.692459106445312
2013-12-03,28.306241989135742
2013-12-04,28.06046485900879
2013-12-05,27.82172203063965
2013-12-06,28.292200088500977
2013-12-09,28.34134864807129
2013-12-10,28.144731521606445
2013-12-11,27.934062957763672
2013-12-12,27.730430603027344
2013-12-13,27.772554397583008
2013-12-16,28.250062942504883
2013-12-17,27.976205825805664
2013-12-18,28.502857208251953
2013-12-19,28.61521339416504
2013-12-20,28.81133270263672
2013-12-23,29.114681243896484
2013-12-24,29.19229507446289
2013-12-26,29.418058395385742
2013-12-27,29.54503059387207
2013-12-30,29.700225830078125
2013-12-31,29.77077293395996
2014-01-02,28.895986557006836
2014-01-03,28.804279327392578
2014-01-06,28.87483024597168
2014-01-07,29.24872398376465
2014-01-08,29.178178787231445
2014-01-09,29.135847091674805
2014-01-10,29.43920135498047
2014-01-13,29.1711368560791
2014-01-14,29.55207061767578
2014-01-15,29.89777183532715
2014-01-16,29.763717651367188
2014-01-17,29.43214225769043
2014-01-21,29.664958953857422
2014-01-22,29.5732364654541
2014-01-23,29.537965774536133
2014-01-24,28.458600997924805
2014-01-27,28.423328399658203
2014-01-28,28.81133270263672
2014-01-29,28.303394317626953
2014-01-30,28.465652465820312
2014-01-31,28.049421310424805
2014-02-03,27.470943450927734
2014-02-04,27.71785545349121
2014-02-05,27.767248153686523
2014-02-06,28.38804817199707
2014-02-07,28.82544708251953
2014-02-10,28.649078369140625
2014-02-11,29.107635498046875
2014-02-12,29.100582122802734
2014-02-13,29.38276481628418
2014-02-14,29.516807556152344
2014-02-18,29.622634887695312
2014-02-19,29.418058395385742
2014-02-20,29.55913543701172
2014-02-21,29.636734008789062
2014-02-24,29.855430603027344
2014-02-25,29.89069366455078
2014-02-26,29.728443145751953
2014-02-27,29.78488540649414
2014-02-28,29.883651733398438
2014-03-03,29.00886344909668
2014-03-04,29.714340209960938
2014-03-05,29.763717651367188
2014-03-06,30.074121475219727
2014-03-07,29.834266662597656
2014-03-10,29.728443145751953
2014-03-11,29.54503059387207
2014-03-12,29.50269317626953
2014-03-13,28.72667694091797
2014-03-14,28.839557647705078
2014-03-17,29.326322555541992
2014-03-18,29.608503341674805
2014-03-19,29.1993465423584
2014-03-20,29.38276481628418
2014-03-21,29.29579734802246
2014-03-24,29.29579734802246
2014-03-25,29.71298599243164
2014-03-26,29.720062255859375
2014-03-27,29.776630401611328
2014-03-28,30.116044998168945
2014-03-31,30.165538787841797
2014-04-01,30.4695987701416
2014-04-02,30.40596580505371
2014-04-03,30.441322326660156
2014-04-04,30.3776798248291
2014-04-07,30.236248016357422
2014-04-08,30.26453971862793
2014-04-09,30.65345573425293
2014-04-10,29.97461700439453
2014-04-11,29.83319664001465
2014-04-14,29.995834350585938
2014-04-15,29.81198501586914
2014-04-16,30.20088768005371
2014-04-17,30.34231948852539
2014-04-21,30.40596580505371
2014-04-22,30.66758918762207
2014-04-23,30.547391891479492
2014-04-24,30.52617835998535
2014-04-25,30.25747299194336
2014-04-28,30.44839096069336
2014-04-29,30.695878982543945
2014-04-30,30.886798858642578
2014-05-01,30.95043182373047
2014-05-02,30.724163055419922
2014-05-05,30.759523391723633
2014-05-06,30.582740783691406
2014-05-07,30.823163986206055
2014-05-08,30.89386749267578
2014-05-09,30.688812255859375
2014-05-12,30.999937057495117
2014-05-13,30.87973403930664
2014-05-14,30.8514461517334
2014-05-15,30.490814208984375
2014-05-16,30.603952407836914
2014-05-19,30.61103057861328
2014-05-20,30.427173614501953
2014-05-21,30.71709442138672
2014-05-22,30.63222885131836
2014-05-23,30.78780174255371
2014-05-27,31.169647216796875
2014-05-28,31.077722549438477
2014-05-29,31.176721572875977
2014-05-30,31.296920776367188
2014-06-02,31.254505157470703
2014-06-03,31.127212524414062
2014-06-04,31.12014389038086
2014-06-05,31.57270622253418
2014-06-06,31.85554313659668
2014-06-09,31.78484344482422
2014-06-10,31.7282657623291
2014-06-11,31.431272506713867
2014-06-12,31.37470817565918
2014-06-13,31.325210571289062
2014-06-16,31.304006576538086
2014-06-17,31.339370727539062
2014-06-18,31.714134216308594
2014-06-19,31.89797592163086
2014-06-20,31.73845863342285
2014-06-23,31.63018226623535
2014-06-24,31.435283660888672
2014-06-25,31.399208068847656
2014-06-26,31.218746185302734
2014-06-27,31.262048721313477
2014-06-30,31.233177185058594
2014-07-01,31.485809326171875
2014-07-02,31.413639068603516
2014-07-03,31.62296485900879
2014-07-07,31.146562576293945
2014-07-08,30.69902801513672
2014-07-09,30.944448471069336
2014-07-10,30.453609466552734
2014-07-11,30.43195915222168
2014-07-14,30.61962890625
2014-07-15,30.37421417236328
2014-07-16,30.63407325744629
2014-07-17,30.006084442138672
2014-07-18,30.35978126525879
2014-07-21,30.10713768005371
2014-07-22,30.316469192504883
2014-07-23,30.381437301635742
2014-07-24,30.63407325744629
2014-07-25,30.258718490600586
2014-07-28,30.208189010620117
2014-07-29,30.164875030517578
2014-07-30,30.1215763092041
2014-07-31,29.42140007019043
2014-08-01,29.139902114868164
2014-08-04,29.291492462158203
2014-08-05,28.764564514160156
2014-08-06,28.764564514160156
2014-08-07,28.33867645263672
2014-08-08,28.757339477539062
2014-08-11,28.73568344116211
2014-08-12,28.59132194519043
2014-08-13,28.822303771972656
2014-08-14,28.981094360351562
2014-08-15,28.843948364257812
2014-08-18,29.06049346923828
2014-08-19,29.13268280029297
2014-08-20,28.937789916992188
2014-08-21,29.291492462158203
2014-08-22,29.024398803710938
2014-08-25,29.450279235839844
2014-08-26,29.681264877319336
2014-08-27,29.73902130126953
2014-08-28,29.50802993774414
2014-08-29,29.49359703063965
2014-09-02,29.500802993774414
2014-09-03,29.840063095092773
2014-09-04,29.933902740478516
2014-09-05,30.092702865600586
2014-09-08,29.717348098754883
2014-09-09,29.645174026489258
2014-09-10,29.71013641357422
2014-09-11,29.601863861083984
2014-09-12,29.558549880981445
2014-09-15,29.587430953979492
2014-09-16,29.66683006286621
2014-09-17,29.54412269592285
2014-09-18,29.79676055908203
2014-09-19,29.654996871948242
2014-09-22,29.568199157714844
2014-09-23,29.126989364624023
2014-09-24,29.401838302612305
2014-09-25,28.8304386138916
2014-09-26,29.025732040405273
2014-09-29,28.67131233215332
2014-09-30,28.714712142944336
2014-10-01,28.410930633544922
2014-10-02,27.991422653198242
2014-10-03,27.89015769958496
2014-10-06,27.998645782470703
2014-10-07,27.35492515563965
2014-10-08,27.904624938964844
2014-10-09,27.02943992614746
2014-10-10,26.609928131103516
2014-10-13,26.660560607910156
2014-10-14,26.769060134887695
2014-10-15,26.392948150634766
2014-10-16,25.995134353637695
2014-10-17,26.588226318359375
2014-10-20,26.67502784729004
2014-10-21,27.080066680908203
2014-10-22,26.67502784729004
2014-10-23,27.181337356567383
2014-10-24,27.3115234375
2014-10-27,27.0511417388916
2014-10-28,27.514047622680664
2014-10-29,27.0511417388916
2014-10-30,27.18856430053711
2014-10-31,27.680402755737305
2014-11-03,27.347679138183594
2014-11-04,27.13070297241211
2014-11-05,27.289833068847656
2014-11-06,27.26813507080078
2014-11-07,27.07284164428711
2014-11-10,27.246431350708008
2014-11-11,27.427242279052734
2014-11-12,26.957109451293945
2014-11-13,27.08730697631836
2014-11-14,27.13070297241211
2014-11-17,27.26813507080078
2014-11-18,27.79612922668457
2014-11-19,27.803363800048828
2014-11-20,27.593608856201172
2014-11-21,28.034818649291992
2014-11-24,28.403701782226562
2014-11-25,28.59175682067871
2014-11-26,28.714712142944336
2014-11-28,28.656856536865234
2014-12-01,28.613454818725586
2014-12-02,28.533884048461914
2014-12-03,28.43263053894043
2014-12-04,28.21563720703125
2014-12-05,28.562828063964844
2014-12-08,28.27351951599121
2014-12-09,28.0275821685791
2014-12-10,27.673168182373047
2014-12-11,27.61530303955078
2014-12-12,26.913713455200195
2014-12-15,26.37124252319336
2014-12-16,26.638864517211914
2014-12-17,27.0511417388916
2014-12-18,27.65870475769043
2014-12-19,27.356212615966797
2014-12-22,27.53113555908203
2014-12-23,27.611328125
2014-12-24,27.72066879272461
2014-12-26,27.749813079833984
2014-12-29,27.53113555908203
2014-12-30,27.101083755493164
2014-12-31,26.867830276489258
2015-01-02,26.84596824645996
2015-01-05,25.70156478881836
2015-01-06,25.410001754760742
2015-01-07,25.708847045898438
2015-01-08,26.09517478942871
2015-01-09,25.70156478881836
2015-01-12,25.832775115966797
2015-01-13,25.956687927246094
2015-01-14,26.03687286376953
2015-01-15,25.97126007080078
2015-01-16,26.53253173828125
2015-01-20,26.758487701416016
2015-01-21,27.02090072631836
2015-01-22,27.1302433013916
2015-01-23,26.92613983154297
2015-01-26,27.42909812927246
2015-01-27,27.34162712097168
2015-01-28,26.678308486938477
2015-01-29,27.407228469848633
2015-01-30,26.889698028564453
2015-02-02,27.370790481567383
2015-02-03,28.041378021240234
2015-02-04,27.443675994873047
2015-02-05,27.90288543701172
2015-02-06,27.224998474121094
2015-02-09,26.991748809814453
2015-02-10,27.378076553344727
2015-02-11,27.203134536743164
2015-02-12,27.93933868408203
2015-02-13,28.063257217407227
2015-02-17,28.12156867980957
2015-02-18,28.150712966918945
2015-02-19,28.150712966918945
2015-02-20,28.580785751342773
2015-02-23,28.383975982666016
2015-02-24,28.71198844909668
2015-02-25,28.675537109375
2015-02-26,28.507896423339844
2015-02-27,28.61722183227539
2015-03-02,28.675537109375
2015-03-03,28.398557662963867
2015-03-04,28.340242385864258
2015-03-05,28.420425415039062
2015-03-06,27.83000373840332
2015-03-09,27.94661521911621
2015-03-10,27.24686622619629
2015-03-11,27.443675994873047
2015-03-12,27.655054092407227
2015-03-13,27.458250045776367
2015-03-16,27.93933868408203
2015-03-17,27.815418243408203
2015-03-18,28.260059356689453
2015-03-19,27.8372859954834
2015-03-20,28.67214012145996
2015-03-23,28.80348014831543
2015-03-24,28.949440002441406
2015-03-25,28.745105743408203
2015-03-26,28.49700164794922
2015-03-27,28.635644912719727
2015-03-30,28.73781394958496
2015-03-31,28.32915687561035
2015-04-01,28.577268600463867
2015-04-02,28.876462936401367
2015-04-06,29.182964324951172
2015-04-07,29.00052261352539
2015-04-08,28.920249938964844
2015-04-09,28.847280502319336
2015-04-10,28.920249938964844
2015-04-13,28.752405166625977
2015-04-14,28.861860275268555
2015-04-15,28.95673370361328
2015-04-16,28.85456657409668
2015-04-17,28.35103988647461
2015-04-20,28.445907592773438
2015-04-21,28.577268600463867
2015-04-22,28.642932891845703
2015-04-23,28.723209381103516
2015-04-24,28.85456657409668
2015-04-27,29.248634338378906
2015-04-28,29.241336822509766
2015-04-29,28.839969635009766
2015-04-30,28.912952423095703
2015-05-01,29.182964324951172
2015-05-04,29.05890655517578
2015-05-05,28.504287719726562
2015-05-06,28.891056060791016
2015-05-07,28.752405166625977
2015-05-08,29.431079864501953
2015-05-11,29.05890655517578
2015-05-12,28.942134857177734
2015-05-13,29.015106201171875
2015-05-14,29.635408401489258
2015-05-15,29.628116607666016
2015-05-18,29.45296859741211
2015-05-19,29.51133918762207
2015-05-20,29.59891700744629
2015-05-21,29.7083797454834
2015-05-22,29.38729476928711
2015-05-26,28.628337860107422
2015-05-27,29.080799102783203
2015-05-28,29.022411346435547
2015-05-29,28.48239517211914
2015-06-01,28.453208923339844
2015-06-02,28.745105743408203
2015-06-03,29.182964324951172
2015-06-04,28.752405166625977
2015-06-05,28.314546585083008
2015-06-08,28.256166458129883
2015-06-09,28.146717071533203
2015-06-10,28.949440002441406
2015-06-11,29.037012100219727
2015-06-12,28.628337860107422
2015-06-15,28.256166458129883
2015-06-16,28.19779396057129
2015-06-17,28.066425323486328
2015-06-18,28.584558486938477
2015-06-19,28.422975540161133
2015-06-22,29.51759147644043
2015-06-23,29.45056915283203
2015-06-24,29.204845428466797
2015-06-25,29.256980895996094
2015-06-26,29.376121520996094
2015-06-29,28.05065155029297
2015-06-30,27.87194061279297
2015-07-01,28.04320526123047
2015-07-02,27.931509017944336
2015-07-06,26.911361694335938
2015-07-07,26.978364944458008
2015-07-08,26.635833740234375
2015-07-09,27.26878547668457
2015-07-10,28.765514373779297
2015-07-13,28.72083854675293
2015-07-14,28.914451599121094
2015-07-15,28.817638397216797
2015-07-16,29.108049392700195
2015-07-17,28.981460571289062
2015-07-20,29.063364028930664
2015-07-21,29.01124382019043
2015-07-22,28.892091751098633
2015-07-23,28.8772029876709
2015-07-24,28.579349517822266
2015-07-27,28.303836822509766
2015-07-28,28.6165771484375
2015-07-29,28.6389102935791
2015-07-30,28.519771575927734
2015-07-31,28.728275299072266
2015-08-03,28.862314224243164
2015-08-04,28.691051483154297
2015-08-05,29.03358268737793
2015-08-06,29.0931453704834
2015-08-07,29.063364028930664
2015-08-10,29.480361938476562
2015-08-11,29.01124382019043
2015-08-12,28.705934524536133
2015-08-13,28.4602108001709
2015-08-14,28.3857421875
2015-08-17,28.2665958404541
2015-08-18,28.013418197631836
2015-08-19,27.782575607299805
2015-08-20,27.075172424316406
2015-08-21,26.553924560546875
2015-08-24,25.81672477722168
2015-08-25,26.062461853027344
2015-08-26,26.65072250366211
2015-08-27,26.963470458984375
2015-08-28,26.710294723510742
2015-08-31,26.635833740234375
2015-09-01,25.95076560974121
2015-09-02,26.315635681152344
2015-09-03,26.300739288330078
2015-09-04,25.71993064880371
2015-09-08,26.472017288208008
2015-09-09,26.263504028320312
2015-09-10,26.509239196777344
2015-09-11,26.457122802734375
2015-09-14,26.211387634277344
2015-09-15,26.412439346313477
2015-09-16,26.747522354125977
2015-09-17,26.985815048217773
2015-09-18,25.98462677001953
2015-09-21,25.93986701965332
2015-09-22,25.119218826293945
2015-09-23,25.059537887573242
2015-09-24,24.9476318359375
2015-09-25,25.193830490112305
2015-09-28,24.753660202026367
2015-09-29,24.85810089111328
2015-09-30,25.253509521484375
2015-10-01,25.17144203186035
2015-10-02,25.589223861694336
2015-10-05,26.186046600341797
2015-10-06,26.40241241455078
2015-10-07,26.648605346679688
2015-10-08,26.782899856567383
2015-10-09,26.932100296020508
2015-10-12,26.864961624145508
2015-10-13,26.596376419067383
2015-10-14,26.708280563354492
2015-10-15,27.036548614501953
2015-10-16,27.0813045501709
2015-10-19,27.036548614501953
2015-10-20,26.939563751220703
2015-10-21,26.91718292236328
2015-10-22,27.2752742767334
2015-10-23,27.573692321777344
2015-10-26,27.491634368896484
2015-10-27,27.28272819519043
2015-10-28,27.431941986083984
2015-10-29,27.28272819519043
2015-10-30,27.320035934448242
2015-11-02,27.640838623046875
2015-11-03,27.55130958557129
2015-11-04,27.252893447875977
2015-11-05,27.32750129699707
2015-11-06,27.260360717773438
2015-11-09,26.902259826660156
2015-11-10,26.79035186767578
2015-11-11,26.864961624145508
2015-11-12,26.529245376586914
2015-11-13,26.25320053100586
2015-11-16,26.49193572998047
2015-11-17,26.581457138061523
2015-11-18,26.84258270263672
2015-11-19,26.924644470214844
2015-11-20,26.775426864624023
2015-11-23,26.611305236816406
2015-11-24,26.544166564941406
2015-11-25,26.71575164794922
2015-11-27,26.924644470214844
2015-11-30,26.947011947631836
2015-12-01,27.021629333496094
2015-12-02,26.648605346679688
2015-12-03,26.394948959350586
2015-12-04,26.708280563354492
2015-12-07,26.63368034362793
2015-12-08,26.215904235839844
2015-12-09,26.096529006958008
2015-12-10,26.02193832397461
2015-12-11,25.54446792602539
2015-12-14,25.49969482421875
2015-12-15,25.7906494140625
2015-12-16,26.260662078857422
2015-12-17,26.01445960998535
2015-12-18,25.622638702392578
2015-12-21,25.72003936767578
2015-12-22,25.87737464904785
2015-12-23,26.31189727783203
2015-12-24,26.244478225708008
2015-12-28,26.19202423095703
2015-12-29,26.43927001953125
2015-12-30,26.14708137512207
2015-12-31,25.794950485229492
2016-01-04,25.248035430908203
2016-01-05,25.02327537536621
2016-01-06,24.596240997314453
2016-01-07,24.251598358154297
2016-01-08,24.00436019897461
2016-01-11,24.139219284057617
2016-01-12,24.43889808654785
2016-01-13,23.929443359375
2016-01-14,24.221633911132812
2016-01-15,23.41998291015625
2016-01-19,23.614778518676758
2016-01-20,23.11281967163086
2016-01-21,23.352556228637695
2016-01-22,23.94443130493164
2016-01-25,23.614778518676758
2016-01-26,24.131732940673828
2016-01-27,23.936935424804688
2016-01-28,23.921947479248047
2016-01-29,24.221633911132812
2016-02-01,24.116744995117188
2016-02-02,23.397512435913086
2016-02-03,23.719669342041016
2016-02-04,23.82455825805664
2016-02-05,23.427480697631836
2016-02-08,22.895553588867188
2016-02-09,22.670787811279297
2016-02-10,22.760690689086914
2016-02-11,22.41606330871582
2016-02-12,22.715740203857422
2016-02-16,23.135295867919922
2016-02-17,23.644746780395508
2016-02-18,23.44246482849121
2016-02-19,23.360055923461914
2016-02-22,23.652240753173828
2016-02-23,23.225194931030273
2016-02-24,23.045391082763672
2016-02-25,23.34506607055664
2016-02-26,23.33008575439453
2016-02-29,23.18024444580078
2016-03-01,23.89198112487793
2016-03-02,24.02684211730957
2016-03-03,24.244102478027344
2016-03-04,24.386457443237305
2016-03-07,24.334014892578125
2016-03-08,24.146713256835938
2016-03-09,24.251598358154297
2016-03-10,24.304046630859375
2016-03-11,25.143144607543945
2016-03-14,25.083209991455078
2016-03-15,24.933372497558594
2016-03-16,25.23305320739746
2016-03-17,25.218069076538086
2016-03-18,25.236087799072266
2016-03-21,25.15351676940918
2016-03-22,25.07094955444336
2016-03-23,24.80072021484375
2016-03-24,24.545509338378906
2016-03-28,24.598051071166992
2016-03-29,24.920822143554688
2016-03-30,25.183536529541016
2016-03-31,24.943340301513672
2016-04-01,24.680622100830078
2016-04-04,24.620563507080078
2016-04-05,24.027578353881836
2016-04-06,24.35034942626953
2016-04-07,23.817392349243164
2016-04-08,24.267770767211914
2016-04-11,24.32032585144043
2016-04-12,24.635583877563477
2016-04-13,25.100976943969727
2016-04-14,25.19855308532715
2016-04-15,25.206064224243164
2016-04-18,25.453767776489258
2016-04-19,25.956689834594727
2016-04-20,26.05427360534668
2016-04-21,26.031753540039062
2016-04-22,25.926658630371094
2016-04-25,25.82156753540039
2016-04-26,25.90414047241211
2016-04-27,26.084291458129883
2016-04-28,25.806560516357422
2016-04-29,25.596389770507812
2016-05-02,25.806560516357422
2016-05-03,25.2661075592041
2016-05-04,24.920822143554688
2016-05-05,24.7782039642334
2016-05-06,24.943340301513672
2016-05-09,24.920822143554688
2016-05-10,25.21356773376465
2016-05-11,24.98837661743164
2016-05-12,24.875782012939453
2016-05-13,24.613065719604492
2016-05-16,24.890792846679688
2016-05-17,24.56802749633789
2016-05-18,24.598051071166992
2016-05-19,24.4254093170166
2016-05-20,24.688129425048828
2016-05-23,24.55301284790039
2016-05-24,25.07094955444336
2016-05-25,25.446264266967773
2016-05-26,25.611391067504883
2016-05-27,25.58137321472168
2016-05-31,25.438753128051758
2016-06-01,25.408733367919922
2016-06-02,25.42374038696289
2016-06-03,25.461267471313477
2016-06-06,25.513816833496094
2016-06-07,25.73149299621582
2016-06-08,25.746511459350586
2016-06-09,25.371200561523438
2016-06-10,24.47044563293457
2016-06-13,24.03508186340332
2016-06-14,23.599721908569336
2016-06-15,23.787372589111328
2016-06-16,24.0125675201416
2016-06-17,24.266786575317383
2016-06-20,24.806047439575195
2016-06-21,25.114200592041016
2016-06-22,25.160425186157227
2016-06-23,26.054058074951172
2016-06-24,22.872411727905273
2016-06-27,22.479515075683594
2016-06-28,23.072704315185547
2016-06-29,23.50411605834961
2016-06-30,24.0125675201416
2016-07-01,23.989452362060547
2016-07-05,23.26529312133789
2016-07-06,23.195972442626953
2016-07-07,23.01877784729004
2016-07-08,23.488706588745117
2016-07-11,23.812265396118164
2016-07-12,24.289897918701172
2016-07-13,24.35922622680664
2016-07-14,24.6596736907959
2016-07-15,24.54412269592285
2016-07-18,24.459379196166992
2016-07-19,24.228267669677734
2016-07-20,24.4439697265625
2016-07-21,24.428558349609375
2016-07-22,24.459379196166992
2016-07-25,24.451683044433594
2016-07-26,24.57493782043457
2016-07-27,24.7906436920166
2016-07-28,24.806047439575195
2016-07-29,25.091093063354492
2016-08-01,24.759828567504883
2016-08-02,24.49789810180664
2016-08-03,24.4439697265625
2016-08-04,24.49789810180664
2016-08-05,24.705894470214844
2016-08-08,24.806047439575195
2016-08-09,25.160425186157227
2016-08-10,25.28367805480957
2016-08-11,25.460872650146484
2016-08-12,25.468570709228516
2016-08-15,25.537899017333984
2016-08-16,25.483972549438477
2016-08-17,25.406940460205078
2016-08-18,25.499387741088867
2016-08-19,25.260568618774414
2016-08-22,25.19893455505371
2016-08-23,25.337600708007812
2016-08-24,25.345306396484375
2016-08-25,25.2220458984375
2016-08-26,25.168123245239258
2016-08-29,25.245161056518555
2016-08-30,25.32990264892578
2016-08-31,25.306791305541992
2016-09-01,25.44545555114746
2016-09-02,25.80753517150879
2016-09-06,25.96931266784668
2016-09-07,26.030942916870117
2016-09-08,26.04635238647461
2016-09-09,25.483972549438477
2016-09-12,25.66886329650879
2016-09-13,25.091093063354492
2016-09-14,24.975528717041016
2016-09-15,25.129608154296875
2016-09-16,24.614421844482422
2016-09-19,24.80780601501465
2016-09-20,24.8387451171875
2016-09-21,25.210054397583008
2016-09-22,25.63550567626953
2016-09-23,25.488534927368164
2016-09-26,25.14043617248535
2016-09-27,25.124967575073242
2016-09-28,25.387969970703125
2016-09-29,24.939311981201172
2016-09-30,25.341556549072266
2016-10-03,25.248729705810547
2016-10-04,25.295148849487305
2016-10-05,25.49627113342285
2016-10-06,25.418909072875977
2016-10-07,25.248729705810547
2016-10-10,25.372499465942383
2016-10-11,25.06308937072754
2016-10-12,24.939311981201172
2016-10-13,24.78459930419922
2016-10-14,24.91610336303711
2016-10-17,24.877429962158203
2016-10-18,25.14043617248535
2016-10-19,25.186847686767578
2016-10-20,25.27967643737793
2016-10-21,25.202320098876953
2016-10-24,25.287403106689453
2016-10-25,25.271936416625977
2016-10-26,25.186847686767578
2016-10-27,25.22553062438965
2016-10-28,25.256460189819336
2016-10-31,25.1945858001709
2016-11-01,25.055343627929688
2016-11-02,24.869699478149414
2016-11-03,24.792339324951172
2016-11-04,24.583473205566406
2016-11-07,25.01667022705078
2016-11-08,25.14043617248535
2016-11-09,25.117231369018555
2016-11-10,25.02440071105957
2016-11-11,24.77686309814453
2016-11-14,24.59121322631836
2016-11-15,24.699512481689453
2016-11-16,24.328205108642578
2016-11-17,24.405561447143555
2016-11-18,24.096141815185547
2016-11-21,24.335939407348633
2016-11-22,24.413297653198242
2016-11-23,24.150285720825195
2016-11-25,24.320472717285156
2016-11-28,24.0419921875
2016-11-29,24.31273078918457
2016-11-30,24.2740535736084
2016-12-01,24.21990966796875
2016-12-02,24.204437255859375
2016-12-05,24.753660202026367
2016-12-06,25.155908584594727
2016-12-07,25.58135223388672
2016-12-08,25.488534927368164
2016-12-09,25.49627113342285
2016-12-12,25.52721405029297
2016-12-13,25.84436798095703
2016-12-14,25.434385299682617
2016-12-15,25.46533203125
2016-12-16,25.538267135620117
2016-12-19,25.460668563842773
2016-12-20,25.61587142944336
2016-12-21,25.67795181274414
2016-12-22,25.66242790222168
2016-12-23,25.7477970123291
2016-12-27,25.778825759887695
2016-12-28,25.600353240966797
2016-12-29,25.77106285095215
2016-12-30,25.96508026123047
2017-01-03,26.019392013549805
2017-01-04,26.197866439819336
2017-01-05,26.461706161499023
2017-01-06,26.360841751098633
2017-01-09,26.345306396484375
2017-01-10,26.267717361450195
2017-01-11,26.40739631652832
2017-01-12,26.430673599243164
2017-01-13,26.562599182128906
2017-01-17,26.500513076782227
2017-01-18,26.461706161499023
2017-01-19,26.360841751098633
2017-01-20,26.60139274597168
2017-01-23,26.58587646484375
2017-01-24,26.655712127685547
2017-01-25,26.989395141601562
2017-01-26,26.686750411987305
2017-01-27,26.64019775390625
2017-01-30,26.384119033813477
2017-01-31,26.399642944335938
2017-02-01,26.477230072021484
2017-02-02,26.500513076782227
2017-02-03,26.647960662841797
2017-02-06,26.267717361450195
2017-02-07,26.159072875976562
2017-02-08,26.14354705810547
2017-02-09,26.36859130859375
2017-02-10,26.306520462036133
2017-02-13,26.41515350341797
2017-02-14,26.492759704589844
2017-02-15,26.60139274597168
2017-02-16,26.710031509399414
2017-02-17,26.578121185302734
2017-02-21,26.624677658081055
2017-02-22,26.647960662841797
2017-02-23,26.655712127685547
2017-02-24,26.446195602416992
2017-02-27,26.531551361083984
2017-02-28,26.531551361083984
2017-03-01,26.973876953125
2017-03-02,26.849712371826172
2017-03-03,27.268756866455078
2017-03-06,27.129070281982422
2017-03-07,27.028194427490234
2017-03-08,26.9195613861084
2017-03-09,27.28428840637207
2017-03-10,27.57140350341797
2017-03-13,27.579158782958984
2017-03-14,27.28428840637207
2017-03-15,27.672279357910156
2017-03-16,28.005958557128906
2017-03-17,27.983421325683594
2017-03-20,27.90566062927246
2017-03-21,27.913434982299805
2017-03-22,27.983421325683594
2017-03-23,28.045612335205078
2017-03-24,28.107810974121094
2017-03-27,28.27887725830078
2017-03-28,28.41105842590332
2017-03-29,28.341073989868164
2017-03-30,28.138919830322266
2017-03-31,28.26332664489746
2017-04-03,28.16224479675293
2017-04-04,28.185569763183594
2017-04-05,27.97564125061035
2017-04-06,28.084495544433594
2017-04-07,28.06894302368164
2017-04-10,27.890106201171875
2017-04-11,27.952308654785156
2017-04-12,27.93675422668457
2017-04-13,27.695711135864258
2017-04-17,27.8590087890625
2017-04-18,27.672399520874023
2017-04-19,27.641286849975586
2017-04-20,27.921215057373047
2017-04-21,27.960086822509766
2017-04-24,29.515159606933594
2017-04-25,29.740636825561523
2017-04-26,29.476280212402344
2017-04-27,29.42184829711914
2017-04-28,29.414066314697266
2017-05-01,29.577356338500977
2017-05-02,29.779518127441406
2017-05-03,29.73286247253418
2017-05-04,30.370437622070312
2017-05-05,30.860286712646484
2017-05-08,30.38599395751953
2017-05-09,30.22270393371582
2017-05-10,30.27713394165039
2017-05-11,30.129404067993164
2017-05-12,30.40153694152832
2017-05-15,30.611465454101562
2017-05-16,30.938045501708984
2017-05-17,30.37821388244629
2017-05-18,30.39376449584961
2017-05-19,30.829185485839844
2017-05-22,30.868064880371094
2017-05-23,30.883615493774414
2017-05-24,30.89137840270996
2017-05-25,30.821414947509766
2017-05-26,30.68144989013672
2017-05-30,30.595918655395508
2017-05-31,30.7436580657959
2017-06-01,30.89137840270996
2017-06-02,31.24127960205078
2017-06-05,31.008014678955078
2017-06-06,30.80586051940918
2017-06-07,30.821414947509766
2017-06-08,30.829185485839844
2017-06-09,30.80586051940918
2017-06-12,30.549272537231445
2017-06-13,30.782520294189453
2017-06-14,30.751426696777344
2017-06-15,30.31601333618164
2017-06-16,30.637895584106445
2017-06-19,30.811893463134766
2017-06-20,30.50345230102539
2017-06-21,30.519256591796875
2017-06-22,30.479717254638672
2017-06-23,30.558807373046875
2017-06-26,30.67743492126465
2017-06-27,30.75651741027832
2017-06-28,31.064960479736328
2017-06-29,30.542987823486328
2017-06-30,30.424360275268555
2017-07-03,30.48762321472168
2017-07-05,30.479717254638672
2017-07-06,30.3610897064209
2017-07-07,30.49553680419922
2017-07-10,30.56671905517578
2017-07-11,30.70906639099121
2017-07-12,30.930509567260742
2017-07-13,31.033327102661133
2017-07-14,31.207305908203125
2017-07-17,31.072860717773438
2017-07-18,31.017499923706055
2017-07-19,31.112409591674805
2017-07-20,31.325942993164062
2017-07-21,31.10451316833496
2017-07-24,31.072860717773438
2017-07-25,31.17568016052246
2017-07-26,31.39711570739746
2017-07-27,31.325942993164062
2017-07-28,31.41293716430664
2017-07-31,31.41293716430664
2017-08-01,31.610652923583984
2017-08-02,31.618553161621094
2017-08-03,31.705556869506836
2017-08-04,31.87163734436035
2017-08-07,31.863718032836914
2017-08-08,31.713472366333008
2017-08-09,31.515750885009766
2017-08-10,31.009599685668945
2017-08-11,31.009599685668945
2017-08-14,31.333850860595703
2017-08-15,31.365480422973633
2017-08-16,31.49993133544922
2017-08-17,31.072860717773438
2017-08-18,31.199403762817383
2017-08-21,31.136127471923828
2017-08-22,31.38129997253418
2017-08-23,31.365480422973633
2017-08-24,31.333850860595703
2017-08-25,31.59482765197754
2017-08-28,31.555286407470703
2017-08-29,31.405033111572266
2017-08-30,31.270580291748047
2017-08-31,31.452482223510742
2017-09-01,31.539466857910156
2017-09-05,31.278484344482422
2017-09-06,31.673908233642578
2017-09-07,31.950714111328125
2017-09-08,31.9269962310791
2017-09-11,32.2591438293457
2017-09-12,32.39360046386719
2017-09-13,32.25123596191406
2017-09-14,32.369873046875
2017-09-15,32.40953826904297
2017-09-18,32.512718200683594
2017-09-19,32.63969039916992
2017-09-20,32.528587341308594
2017-09-21,32.58414077758789
2017-09-22,32.61587142944336
2017-09-25,32.31432342529297
2017-09-26,32.17147445678711
2017-09-27,32.26671600341797
2017-09-28,32.37781524658203
2017-09-29,32.73491668701172
2017-10-02,32.63969039916992
2017-10-03,32.726993560791016
2017-10-04,32.57619857788086
2017-10-05,32.65556716918945
2017-10-06,32.66349792480469
2017-10-09,32.61587142944336
2017-10-10,32.917442321777344
2017-10-11,33.01266860961914
2017-10-12,32.917442321777344
2017-10-13,32.89363098144531
2017-10-16,32.838077545166016
2017-10-17,32.766658782958984
2017-10-18,32.93331527709961
2017-10-19,32.941253662109375
2017-10-20,32.766658782958984
2017-10-23,32.623817443847656
2017-10-24,32.766658782958984
2017-10-25,32.726993560791016
2017-10-26,32.75872039794922
2017-10-27,32.69524002075195
2017-10-30,32.88570022583008
2017-10-31,33.05234909057617
2017-11-01,33.14757537841797
2017-11-02,33.242801666259766
2017-11-03,33.06028366088867
2017-11-06,33.04440689086914
2017-11-07,32.73491668701172
2017-11-08,32.75872039794922
2017-11-09,32.47303771972656
2017-11-10,32.393680572509766
2017-11-13,32.258785247802734
2017-11-14,32.393680572509766
2017-11-15,32.29051971435547
2017-11-16,32.48097229003906
2017-11-17,32.33812713623047
2017-11-20,32.27465057373047
2017-11-21,32.48891830444336
2017-11-22,32.5206413269043
2017-11-24,32.988853454589844
2017-11-27,32.782535552978516
2017-11-28,32.965049743652344
2017-11-29,32.86188507080078
2017-11-30,32.84601974487305
2017-12-01,32.59207534790039
2017-12-04,32.65556716918945
2017-12-05,32.50478744506836
2017-12-06,32.4016227722168
2017-12-07,32.5206413269043
2017-12-08,32.69524002075195
2017-12-11,32.67143249511719
2017-12-12,32.61587142944336
2017-12-13,32.60001754760742
2017-12-14,32.29051971435547
2017-12-15,32.397979736328125
2017-12-18,32.83578872680664
2017-12-19,32.788021087646484
2017-12-20,32.58902359008789
2017-12-21,32.66863250732422
2017-12-22,32.59699630737305
2017-12-26,32.62882614135742
2017-12-27,32.58902359008789
2017-12-28,32.52534103393555
2017-12-29,32.40592956542969
2018-01-02,32.54922103881836
2018-01-03,32.67657470703125
2018-01-04,33.2576789855957
2018-01-05,33.592002868652344
2018-01-08,33.45668411254883
2018-01-09,33.48057174682617
2018-01-10,33.36116409301758
2018-01-11,33.5681266784668
2018-01-12,34.037784576416016
2018-01-16,34.125343322753906
2018-01-17,34.25270462036133
2018-01-18,34.30046081542969
2018-01-19,34.56315231323242
2018-01-22,34.85768127441406
2018-01-23,34.94523620605469
2018-01-24,35.00096130371094
2018-01-25,34.86563491821289
2018-01-26,35.1920051574707
2018-01-29,34.897483825683594
2018-01-30,34.60295867919922
2018-01-31,34.65867233276367
2018-02-01,34.67459487915039
2018-02-02,33.7910041809082
2018-02-05,32.36613464355469
2018-02-06,33.281558990478516
2018-02-07,32.636783599853516
2018-02-08,31.673601150512695
2018-02-09,31.76911735534668
2018-02-12,32.20692825317383
2018-02-13,32.111412048339844
2018-02-14,32.69251251220703
2018-02-15,32.90742874145508
2018-02-16,32.971107482910156
2018-02-20,32.67657470703125
2018-02-21,32.43778610229492
2018-02-22,32.67657470703125
2018-02-23,32.90742874145508
2018-02-26,33.17807388305664
2018-02-27,32.58902359008789
2018-02-28,32.278568267822266
2018-03-01,31.984045028686523
2018-03-02,31.968128204345703
2018-03-05,32.19101333618164
2018-03-06,32.34225845336914
2018-03-07,32.53329849243164
2018-03-08,32.55717468261719
2018-03-09,32.66863250732422
2018-03-12,32.70843505859375
2018-03-13,32.43778610229492
2018-03-14,32.53329849243164
2018-03-15,32.55717468261719
2018-03-16,32.69834899902344
2018-03-19,32.46706008911133
2018-03-20,32.41920852661133
2018-03-21,32.339454650878906
2018-03-22,31.64560890197754
2018-03-23,31.27078628540039
2018-03-26,31.93272590637207
2018-03-27,31.525997161865234
2018-03-28,31.725374221801758
2018-03-29,32.11614990234375
2018-04-02,31.629667282104492
2018-04-03,31.972591400146484
2018-04-04,32.10021209716797
2018-04-05,32.45909118652344
2018-04-06,32.25969696044922
2018-04-09,32.578712463378906
2018-04-10,32.929622650146484
2018-04-11,32.75417709350586
2018-04-12,32.95354080200195
2018-04-13,32.985450744628906
2018-04-16,33.113059997558594
2018-04-17,33.44003677368164
2018-04-18,33.55168533325195
2018-04-19,33.42409133911133
2018-04-20,33.3283805847168
2018-04-23,33.312435150146484
2018-04-24,33.13698196411133
2018-04-25,33.09709930419922
2018-04-26,33.160911560058594
2018-04-27,33.24863052368164
2018-04-30,33.17686080932617
2018-05-01,32.9934196472168
2018-05-02,33.04924392700195
2018-05-03,33.12102508544922
2018-05-04,33.17686080932617
2018-05-07,33.208744049072266
2018-05-08,33.04127502441406
2018-05-09,33.160911560058594
2018-05-10,33.392181396484375
2018-05-11,33.368255615234375
2018-05-14,33.37623596191406
2018-05-15,33.113059997558594
2018-05-16,33.05723571777344
2018-05-17,33.16888427734375
2018-05-18,33.04924392700195
2018-05-21,33.200782775878906
2018-05-22,33.232688903808594
2018-05-23,32.72226333618164
2018-05-24,32.61859130859375
2018-05-25,32.25969696044922
2018-05-29,31.10330581665039
2018-05-30,31.765243530273438
2018-05-31,31.589784622192383
2018-06-01,31.892850875854492
2018-06-04,32.06032180786133
2018-06-05,31.972591400146484
2018-06-06,32.34743118286133
2018-06-07,32.068294525146484
2018-06-08,32.12413024902344
2018-06-11,32.522884368896484
2018-06-12,32.283626556396484
2018-06-13,32.3873176574707
2018-06-14,32.41920852661133
2018-06-15,32.33684539794922
2018-06-18,31.9209041595459
2018-06-19,31.627300262451172
2018-06-20,31.553903579711914
2018-06-21,31.235849380493164
2018-06-22,31.659927368164062
2018-06-25,31.244001388549805
2018-06-26,31.154281616210938
2018-06-27,30.844375610351562
2018-06-28,30.89330291748047
2018-06-29,31.260305404663086
2018-07-02,31.113500595092773
2018-07-03,31.292932510375977
2018-07-05,31.8801326751709
2018-07-06,32.06770324707031
2018-07-09,32.23081970214844
2018-07-10,32.287899017333984
2018-07-11,31.619152069091797
2018-07-12,31.863813400268555
2018-07-13,31.95353126525879
2018-07-16,32.02692413330078
2018-07-17,31.99430274963379
2018-07-18,32.108489990234375
2018-07-19,31.929061889648438
2018-07-20,32.075862884521484
2018-07-23,32.0513916015625
2018-07-24,32.206356048583984
2018-07-25,32.49994659423828
2018-07-26,32.29606628417969
2018-07-27,32.43471145629883
2018-07-30,32.49178695678711
2018-07-31,32.62228012084961
2018-08-01,32.3939323425293
2018-08-02,32.04323959350586
2018-08-03,31.99430274963379
2018-08-06,31.88827896118164
2018-08-07,32.198184967041016
2018-08-08,32.100337982177734
2018-08-09,31.90458869934082
2018-08-10,30.92592430114746
2018-08-13,30.77096939086914
2018-08-14,30.787282943725586
2018-08-15,30.175617218017578
2018-08-16,30.387666702270508
2018-08-17,30.62415885925293
2018-08-20,30.836212158203125
2018-08-21,31.276628494262695
2018-08-22,31.464195251464844
2018-08-23,31.25215721130371
2018-08-24,31.586523056030273
2018-08-27,32.02692413330078
2018-08-28,31.961685180664062
2018-08-29,32.08401870727539
2018-08-30,31.6680908203125
2018-08-31,31.219520568847656
2018-09-04,30.885154724121094
2018-09-05,30.59969711303711
2018-09-06,30.44475746154785
2018-09-07,30.11852264404297
2018-09-10,30.461055755615234
2018-09-11,30.493684768676758
2018-09-12,30.56708335876465
2018-09-13,30.92592430114746
2018-09-14,30.803586959838867
2018-09-17,30.89330291748047
2018-09-18,31.08088493347168
2018-09-19,31.195064544677734
2018-09-20,31.847501754760742
2018-09-21,31.910383224487305
2018-09-24,31.75523567199707
2018-09-25,31.877710342407227
2018-09-26,31.90221405029297
2018-09-27,31.75523567199707
2018-09-28,31.248979568481445
2018-10-01,31.265317916870117
2018-10-02,31.012182235717773
2018-10-03,31.159164428710938
2018-10-04,30.79989242553711
2018-10-05,30.538591384887695
2018-10-08,30.277301788330078
2018-10-09,30.29362678527832
2018-10-10,29.681224822998047
2018-10-11,29.40361213684082
2018-10-12,29.411766052246094
2018-10-15,29.5015869140625
2018-10-16,30.007835388183594
2018-10-17,29.681224822998047
2018-10-18,29.093320846557617
2018-10-19,29.321956634521484
2018-10-22,29.052494049072266
2018-10-23,28.881013870239258
2018-10-24,28.07263946533203
2018-10-25,28.505409240722656
2018-10-26,28.358434677124023
2018-10-29,28.325767517089844
2018-10-30,28.480907440185547
2018-10-31,28.69321632385254
2018-11-01,29.085155487060547
2018-11-02,29.142311096191406
2018-11-05,29.15047264099121
2018-11-06,29.248458862304688
2018-11-07,29.632230758666992
2018-11-08,29.174968719482422
2018-11-09,29.125974655151367
2018-11-12,28.472749710083008
2018-11-13,28.701377868652344
2018-11-14,28.791196823120117
2018-11-15,28.946338653564453
2018-11-16,28.92184066772461
2018-11-19,28.64421844482422
2018-11-20,28.088970184326172
2018-11-21,28.456417083740234
2018-11-23,28.186954498291016
2018-11-26,28.611555099487305
2018-11-27,28.472749710083008
2018-11-28,28.91367530822754
2018-11-29,28.791196823120117
2018-11-30,28.64421844482422
2018-12-03,29.019824981689453
2018-12-04,28.276777267456055
2018-12-06,27.901165008544922
2018-12-07,27.566387176513672
2018-12-10,27.46023941040039
2018-12-11,27.517393112182617
2018-12-12,28.056312561035156
2018-12-13,28.039987564086914
2018-12-14,27.6317138671875
2018-12-17,27.443912506103516
2018-12-18,27.501060485839844
2018-12-19,27.272438049316406
2018-12-20,27.141786575317383
2018-12-21,26.768051147460938
2018-12-24,26.292688369750977
2018-12-26,27.013933181762695
2018-12-27,27.030323028564453
2018-12-28,27.15325355529785
2018-12-31,27.26800537109375
2019-01-02,27.145063400268555
2019-01-03,26.784442901611328
2019-01-04,27.685997009277344
2019-01-07,27.710588455200195
2019-01-08,27.89089584350586
2019-01-09,28.25152015686035
2019-01-10,28.226932525634766
2019-01-11,27.989246368408203
2019-01-14,27.89089584350586
2019-01-15,27.92368507385254
2019-01-16,27.899091720581055
2019-01-17,27.948266983032227
2019-01-18,28.35806655883789
2019-01-22,28.013843536376953
2019-01-23,28.194141387939453
2019-01-24,28.218746185302734
2019-01-25,28.661314010620117
2019-01-28,28.60394859313965
2019-01-29,28.73508644104004
2019-01-30,28.95638084411621
2019-01-31,28.890806198120117
2019-02-01,28.95638084411621
2019-02-04,28.93998146057129
2019-02-05,29.210451126098633
2019-02-06,29.087512969970703
2019-02-07,28.571157455444336
2019-02-08,28.456422805786133
2019-02-11,28.44002914428711
2019-02-12,28.80065155029297
2019-02-13,28.80065155029297
2019-02-14,28.71049690246582
2019-02-15,29.218647003173828
2019-02-19,29.34157371520996
2019-02-20,29.464519500732422
2019-02-21,29.439937591552734
2019-02-22,29.554670333862305
2019-02-25,29.620254516601562
2019-02-26,29.849740982055664
2019-02-27,29.710405349731445
2019-02-28,29.857927322387695
2019-03-01,30.071027755737305
2019-03-04,29.93988037109375
2019-03-05,29.964481353759766
2019-03-06,29.898914337158203
2019-03-07,29.398956298828125
2019-03-08,29.51369285583496
2019-03-11,29.718599319458008
2019-03-12,29.710405349731445
2019-03-13,30.046443939208984
2019-03-14,30.112014770507812
2019-03-15,30.549131393432617
2019-03-18,30.680593490600586
2019-03-19,30.779184341430664
2019-03-20,30.787405014038086
2019-03-21,30.66416358947754
2019-03-22,29.73569679260254
2019-03-25,29.7932071685791
2019-03-26,29.850730895996094
2019-03-27,29.93288230895996
2019-03-28,29.842500686645508
2019-03-29,30.056137084960938
2019-04-01,30.409439086914062
2019-04-02,30.508047103881836
2019-04-03,30.828487396240234
2019-04-04,30.877790451049805
2019-04-05,30.90244483947754
2019-04-08,30.91887092590332
2019-04-09,30.746322631835938
2019-04-10,30.88601303100586
2019-04-11,30.927087783813477
2019-04-12,31.17359161376953
2019-04-15,31.181798934936523
2019-04-16,31.206443786621094
2019-04-17,31.461162567138672
2019-04-18,31.477596282958984
2019-04-22,31.477596282958984
2019-04-23,31.45294761657715
2019-04-24,31.214664459228516
2019-04-25,31.181798934936523
2019-04-26,31.214664459228516
2019-04-29,31.39542579650879
2019-04-30,31.674795150756836
2019-05-01,31.4365177154541
2019-05-02,31.3050479888916
2019-05-03,31.584423065185547
2019-05-06,31.31327247619629
2019-05-07,30.557344436645508
2019-05-08,30.762758255004883
2019-05-09,30.63129425048828
2019-05-10,30.828487396240234
2019-05-13,30.146514892578125
2019-05-14,30.44231414794922
2019-05-15,30.655948638916016
2019-05-16,31.009258270263672
2019-05-17,30.86135482788086
2019-05-20,30.524478912353516
2019-05-21,30.70524024963379
2019-05-22,30.623077392578125
2019-05-23,30.25333595275879
2019-05-24,30.63129425048828
2019-05-28,30.277976989746094
2019-05-29,29.990394592285156
2019-05-30,30.138303756713867
2019-05-31,29.817855834960938
2019-06-03,30.064346313476562
2019-06-04,30.60664939880371
2019-06-05,30.557344436645508
2019-06-06,30.66416358947754
2019-06-07,31.157146453857422
2019-06-10,31.165361404418945
2019-06-11,31.354347229003906
2019-06-12,31.10785484313965
2019-06-13,31.14072036743164
2019-06-14,30.90244483947754
2019-06-17,30.910663604736328
2019-06-18,31.502246856689453
2019-06-19,31.64192771911621
2019-06-20,31.954164505004883
2019-06-21,31.95164680480957
2019-06-24,32.00199508666992
2019-06-25,31.775386810302734
2019-06-26,31.83413314819336
2019-06-27,31.892885208129883
2019-06-28,32.144676208496094
2019-07-01,32.178245544433594
2019-07-02,32.28734588623047
2019-07-03,32.55592727661133
2019-07-05,32.3209228515625
2019-07-08,32.15306854248047
2019-07-09,32.08592224121094
2019-07-10,32.144676208496094
2019-07-11,32.11949157714844
2019-07-12,32.12788772583008
2019-07-15,32.16146469116211
2019-07-16,32.10270690917969
2019-07-17,31.985212326049805
2019-07-18,32.043968200683594
2019-07-19,31.792173385620117
2019-07-22,31.90128517150879
2019-07-23,32.186641693115234
2019-07-24,32.195030212402344
2019-07-25,31.85931968688965
2019-07-26,31.968425750732422
2019-07-29,32.02717208862305
2019-07-30,31.439668655395508
2019-07-31,31.179500579833984
2019-08-01,31.04520034790039
2019-08-02,30.67592430114746
2019-08-05,30.096811294555664
2019-08-06,30.2394962310791
2019-08-07,30.449312210083008
2019-08-08,30.726287841796875
2019-08-09,30.56682586669922
2019-08-12,30.32342529296875
2019-08-13,30.684322357177734
2019-08-14,29.761104583740234
2019-08-15,29.761104583740234
2019-08-16,30.11359977722168
2019-08-19,30.365385055541992
2019-08-20,30.2394962310791
2019-08-21,30.64234733581543
2019-08-22,30.533248901367188
2019-08-23,30.071643829345703
2019-08-26,30.37378692626953
2019-08-27,30.382183074951172
2019-08-28,30.37378692626953
2019-08-29,30.77664566040039
2019-08-30,30.768251419067383
2019-09-03,30.633955001831055
2019-09-04,31.078779220581055
2019-09-05,31.338964462280273
2019-09-06,31.355745315551758
2019-09-09,31.464845657348633
2019-09-10,31.498428344726562
2019-09-11,31.624324798583984
2019-09-12,31.926464080810547
2019-09-13,32.0103874206543
2019-09-16,31.615928649902344
2019-09-17,31.825740814208984
2019-09-18,31.817352294921875
2019-09-19,31.926464080810547
2019-09-20,31.903770446777344
2019-09-23,31.74407958984375
2019-09-24,31.61802101135254
2019-09-25,31.416297912597656
2019-09-26,31.575986862182617
2019-09-27,31.517160415649414
2019-09-30,31.718870162963867
2019-10-01,31.374286651611328
2019-10-02,30.575847625732422
2019-10-03,30.80276870727539
2019-10-04,31.046497344970703
2019-10-07,31.05491065979004
2019-10-08,30.718725204467773
2019-10-09,31.080129623413086
2019-10-10,31.39108657836914
2019-10-11,32.029842376708984
2019-10-14,32.02143478393555
2019-10-15,32.45006561279297
2019-10-16,32.5088996887207
2019-10-17,32.584537506103516
2019-10-18,32.63496780395508
2019-10-21,32.7778434753418
2019-10-22,32.59294891357422
2019-10-23,32.803062438964844
2019-10-24,32.81145095825195
2019-10-25,32.7778434753418
2019-10-28,32.861900329589844
2019-10-29,32.836673736572266
2019-10-30,33.0047721862793
2019-10-31,32.92072296142578
2019-11-01,33.130836486816406
2019-11-04,33.32414627075195
2019-11-05,33.2905158996582
2019-11-06,33.3409423828125
2019-11-07,33.42500305175781
2019-11-08,33.42500305175781
2019-11-11,33.41659164428711
2019-11-12,33.40818405151367
2019-11-13,33.315738677978516
2019-11-14,33.30733871459961
2019-11-15,33.55106735229492
2019-11-18,33.54266357421875
2019-11-19,33.50904083251953
2019-11-20,33.30733871459961
2019-11-21,33.357757568359375
2019-11-22,33.315738677978516
2019-11-25,33.42500305175781
2019-11-26,33.4502067565918
2019-11-27,33.4502067565918
2019-11-29,33.38298034667969
2019-12-02,32.97955322265625
2019-12-03,32.94593048095703
2019-12-04,33.26531982421875
2019-12-05,33.23169708251953
2019-12-06,33.43340301513672
2019-12-09,33.198062896728516
2019-12-10,33.28212356567383
2019-12-11,33.55946731567383
2019-12-12,33.8620491027832
2019-12-13,34.03853225708008
2019-12-16,34.38311767578125
2019-12-17,34.18141555786133
2019-12-18,34.055328369140625
2019-12-19,34.04692840576172
2019-12-20,34.21798324584961
2019-12-23,34.226402282714844
2019-12-24,34.16741943359375
2019-12-26,34.36964797973633
2019-12-27,34.48760986328125
2019-12-30,34.201133728027344
2019-12-31,34.36964797973633
2020-01-02,34.76566696166992
2020-01-03,34.319095611572266
2020-01-06,34.37807083129883
2020-01-07,34.18427276611328
2020-01-08,34.352806091308594
2020-01-09,34.49604034423828
2020-01-10,34.386497497558594
2020-01-13,34.470760345458984
2020-01-14,34.352806091308594
2020-01-15,34.2938117980957
2020-01-16,34.46234130859375
2020-01-17,34.61400604248047
2020-01-21,34.2685432434082
2020-01-22,34.14214324951172
2020-01-23,34.04104232788086
2020-01-24,33.9820556640625
2020-01-27,33.15630340576172
2020-01-28,33.52705001831055
2020-01-29,33.577613830566406
2020-01-30,33.543907165527344
2020-01-31,32.94565963745117
2020-02-03,33.08889389038086
2020-02-04,33.66187286376953
2020-02-05,34.02418518066406
2020-02-06,34.20956039428711
2020-02-07,33.9736328125
2020-02-10,34.02418518066406
2020-02-11,34.18427276611328
2020-02-12,34.36964797973633
2020-02-13,34.11686706542969
2020-02-14,34.11686706542969
2020-02-18,33.965206146240234
2020-02-19,34.14214324951172
2020-02-20,33.93992614746094
2020-02-21,33.720848083496094
2020-02-24,32.263153076171875
2020-02-25,31.437402725219727
2020-02-26,31.44583511352539
2020-02-27,30.552669525146484
2020-02-28,30.30832862854004
2020-03-02,30.96553611755371
2020-03-03,30.54424476623535
2020-03-04,31.656478881835938
2020-03-05,30.586376190185547
2020-03-06,30.030263900756836
2020-03-09,27.224401473999023
2020-03-10,28.083852767944336
2020-03-11,26.56717300415039
2020-03-12,23.255760192871094
2020-03-13,24.696603775024414
2020-03-16,21.865467071533203
2020-03-17,22.994550704956055
2020-03-18,21.22509002685547
2020-03-19,21.53685188293457
2020-03-20,21.595836639404297
2020-03-23,21.8478946685791
2020-03-24,23.903268814086914
2020-03-25,24.791400909423828
2020-03-26,25.831777572631836
2020-03-27,24.808313369750977
2020-03-30,25.214311599731445
2020-03-31,24.96056365966797
2020-04-01,23.69181251525879
2020-04-02,24.038604736328125
2020-04-03,23.632600784301758
2020-04-06,25.070520401000977
2020-04-07,25.205856323242188
2020-04-08,25.493438720703125
2020-04-09,26.13627052307129
2020-04-13,25.82331085205078
2020-04-14,26.330812454223633
2020-04-15,25.17202377319336
2020-04-16,25.06206512451172
2020-04-17,25.967103958129883
2020-04-20,25.628768920898438
2020-04-21,24.97748374938965
2020-04-22,25.25660514831543
2020-04-23,24.985939025878906
2020-04-24,25.26506233215332
2020-04-27,25.76410484313965
2020-04-28,25.907896041870117
2020-04-29,26.80448341369629
2020-04-30,26.280065536499023
2020-05-01,25.69643783569336
2020-05-04,25.578020095825195
2020-05-05,25.52726936340332
2020-05-06,25.18048095703125
2020-05-07,25.637229919433594
2020-05-08,26.068607330322266
2020-05-11,25.907896041870117
2020-05-12,25.52726936340332
2020-05-13,25.053606033325195
2020-05-14,24.892892837524414
2020-05-15,24.952102661132812
2020-05-18,26.364646911621094
2020-05-19,26.00093650817871
2020-05-20,26.66914939880371
2020-05-21,26.4153995513916
2020-05-22,26.37310791015625
2020-05-26,27.1428165435791
2020-05-27,27.878690719604492
2020-05-28,28.140893936157227
2020-05-29,28.217025756835938
2020-06-01,28.783735275268555
2020-06-02,29.333520889282227
2020-06-03,30.50078010559082
2020-06-04,30.551523208618164
2020-06-05,31.45656394958496
2020-06-08,31.811813354492188
2020-06-09,31.194358825683594
2020-06-10,31.008275985717773
2020-06-11,29.037490844726562
2020-06-12,29.544986724853516
2020-06-15,29.82411003112793
2020-06-16,30.2301025390625
2020-06-17,30.2020-06-17,30.348527908325195
2020-06-18,30.196271896362305
2020-06-19,30.001737594604492
2020-06-22,30.46650505065918
2020-06-23,30.79971694946289
2020-06-24,29.936803817749023
2020-06-25,30.39815902709961
2020-06-26,29.85135841369629
2020-06-29,30.312721252441406
2020-06-30,30.355445861816406
2020-07-01,30.363985061645508
2020-07-02,30.919322967529297
2020-07-06,31.551528930664062
2020-07-07,30.996206283569336
2020-07-08,31.278152465820312
2020-07-09,30.84242057800293
2020-07-10,31.20979881286621
2020-07-13,31.158540725708008
2020-07-14,31.6967830657959
2020-07-15,32.12397003173828
2020-07-16,32.02998352050781
2020-07-17,32.17523193359375
2020-07-20,32.40590286254883
2020-07-21,32.5340576171875
2020-07-22,32.64512252807617
2020-07-23,32.320465087890625
2020-07-24,32.08124923706055
2020-07-27,32.41444396972656
2020-07-28,32.18376541137695
2020-07-29,32.5596809387207
2020-07-30,31.93600845336914
2020-07-31,31.226877212524414
2020-08-03,31.884746551513672
2020-08-04,32.05561828613281
2020-08-05,32.23503112792969
2020-08-06,32.26919937133789
2020-08-07,32.09833526611328
2020-08-10,32.08124923706055
2020-08-11,32.311927795410156
2020-08-12,33.089393615722656
2020-08-13,32.84164047241211
2020-08-14,32.56824493408203
2020-08-17,32.73910140991211
2020-08-18,32.68783950805664
2020-08-19,32.64512252807617
2020-08-20,32.45717239379883
2020-08-21,32.12397003173828
2020-08-24,32.764732360839844
2020-08-25,32.927066802978516
2020-08-26,33.19191360473633
2020-08-27,32.747650146484375
2020-08-28,32.99541091918945
2020-08-31,32.55113983154297
2020-09-01,32.5853157043457
2020-09-02,33.2431755065918
2020-09-03,32.4742546081543
2020-09-04,32.5084228515625
2020-09-08,31.93600845336914
2020-09-09,32.77327346801758
2020-09-10,32.37173080444336
2020-09-11,32.66221237182617
2020-09-14,32.713470458984375
2020-09-15,32.90143966674805
2020-09-16,32.67930221557617
2020-09-17,32.78181457519531
2020-09-18,32.423004150390625
2020-09-21,31.258840560913086
2020-09-22,31.155818939208984
2020-09-23,30.666454315185547
2020-09-24,30.778057098388672
2020-09-25,30.700788497924805
2020-09-28,31.370445251464844
2020-09-29,31.4305477142334
2020-09-30,31.207324981689453
2020-10-01,31.327518463134766
2020-10-02,31.233081817626953
2020-10-05,31.816883087158203
2020-10-06,31.421947479248047
2020-10-07,31.748191833496094
2020-10-08,32.00574493408203
2020-10-09,32.289066314697266
2020-10-12,32.52945327758789
2020-10-13,32.06584930419922
2020-10-14,31.902727127075195
2020-10-15,31.370445251464844
2020-10-16,31.69668197631836
2020-10-19,31.533559799194336
2020-10-20,31.78253746032715
2020-10-21,31.370445251464844
2020-10-22,31.353273391723633
2020-10-23,31.688098907470703
2020-10-26,30.64069366455078
2020-10-27,30.108415603637695
2020-10-28,28.854970932006836
2020-10-29,28.932239532470703
2020-10-30,28.837799072265625
2020-11-02,29.37008285522461
2020-11-03,30.331626892089844
2020-11-04,30.709381103515625
2020-11-05,31.62799835205078
2020-11-06,31.722444534301758
2020-11-09,33.31070327758789
2020-11-10,33.920257568359375
2020-11-11,34.10054397583008
2020-11-12,33.53392028808594
2020-11-13,34.031864166259766
2020-11-16,34.30659484863281
2020-11-17,34.36668395996094
2020-11-18,34.15205764770508
2020-11-19,34.34093475341797
2020-11-20,34.298011779785156
2020-11-23,34.33234405517578
2020-11-24,34.87321853637695
2020-11-25,34.93331527709961
2020-11-27,35.19087600708008
2020-11-30,34.62425231933594
2020-12-01,35.49993133544922
2020-12-02,35.51711654663086
2020-12-03,35.4913444519043
2020-12-04,35.81759262084961
2020-12-07,35.620140075683594
2020-12-08,35.69740676879883
2020-12-09,35.56003952026367
2020-12-10,35.620140075683594
2020-12-11,35.34541320800781
2020-12-14,35.388336181640625
2020-12-15,35.89486312866211
2020-12-16,36.04940414428711
2020-12-17,36.40139389038086
2020-12-18,36.14383316040039
2020-12-21,35.522003173828125
2020-12-22,35.496097564697266
2020-12-23,36.005645751953125
2020-12-24,36.117923736572266
2020-12-28,36.36838150024414
2020-12-29,36.428836822509766
2020-12-30,36.446109771728516
2020-12-31,36.031558990478516
2021-01-04,36.299293518066406
2021-01-05,36.532474517822266
2021-01-06,37.119754791259766
2021-01-07,37.13703536987305
2021-01-08,37.30976486206055
2021-01-11,36.73975372314453
2021-01-12,36.80020523071289
2021-01-13,36.72247314453125
2021-01-14,36.95566940307617
2021-01-15,36.238834381103516
2021-01-19,36.52384567260742
2021-01-20,36.748382568359375
2021-01-21,36.83475875854492
2021-01-22,36.610198974609375
2021-01-25,36.256099700927734
2021-01-26,36.5670166015625
2021-01-27,35.547908782958984
2021-01-28,35.979736328125
2021-01-29,35.202449798583984
2021-02-01,35.686100006103516
2021-02-02,36.2215690612793
2021-02-03,36.316566467285156
2021-02-04,36.43747329711914
2021-02-05,36.80020523071289
2021-02-08,37.0161247253418
2021-02-09,37.08521270751953
2021-02-10,36.89521408081055
2021-02-11,37.21476745605469
2021-02-12,37.45658493041992
2021-02-16,37.68976974487305
2021-02-17,37.35293960571289
2021-02-18,37.30113220214844
2021-02-19,37.50840377807617
2021-02-22,37.43931198120117
2021-02-23,37.482486724853516
2021-02-24,37.76750564575195
2021-02-25,37.050662994384766
2021-02-26,36.68793487548828
2021-03-01,37.378849029541016
2021-03-02,37.422035217285156
2021-03-03,37.19748306274414
2021-03-04,36.808841705322266
2021-03-05,36.972938537597656
2021-03-08,37.162940979003906
2021-03-09,37.68976974487305
2021-03-10,38.112953186035156
2021-03-11,38.48433303833008
2021-03-12,38.48433303833008
2021-03-15,38.31160354614258
2021-03-16,38.25114059448242
2021-03-17,38.63979721069336
2021-03-18,38.17340850830078
2021-03-19,38.19068908691406
2021-03-22,38.20796585083008
2021-03-23,37.75001907348633
2021-03-24,37.65497970581055
2021-03-25,37.89691162109375
2021-03-26,38.380767822265625
2021-03-29,38.311649322509766
2021-03-30,38.44989776611328
2021-03-31,38.45854568481445
2021-04-01,39.12385177612305
2021-04-05,39.81508255004883
2021-04-06,39.40898895263672
2021-04-07,39.46946716308594
2021-04-08,39.6595573425293
2021-04-09,39.72868347167969
2021-04-12,39.58179473876953
2021-04-13,39.82372283935547
2021-04-14,39.80644226074219
2021-04-15,40.10886001586914
2021-04-16,40.670494079589844
2021-04-19,40.575439453125
2021-04-20,39.80644226074219
2021-04-21,40.37671661376953
2021-04-22,40.2643928527832
2021-04-23,40.6964111328125
2021-04-26,40.756900787353516
2021-04-27,40.713687896728516
2021-04-28,40.86922073364258
2021-04-29,40.86058044433594
2021-04-30,40.15207290649414
2021-05-03,40.65321350097656
2021-05-04,39.832366943359375
2021-05-05,40.489044189453125
2021-05-06,40.86922073364258
2021-05-07,41.48270034790039
2021-05-10,41.016109466552734
2021-05-11,40.497684478759766
2021-05-12,40.08293914794922
2021-05-13,40.52360534667969
2021-05-14,41.474037170410156
2021-05-17,41.30989074707031
2021-05-18,41.24940490722656
2021-05-19,40.68777084350586
2021-05-20,41.42219924926758
2021-05-21,41.55181884765625
2021-05-24,41.88014602661133
2021-05-25,41.93199157714844
2021-05-26,41.68141174316406
2021-05-27,41.77646255493164
2021-05-28,42.00111389160156
2021-06-01,42.18256759643555
2021-06-02,42.26033401489258
2021-06-03,41.94926452636719
2021-06-04,42.23440170288086
2021-06-07,42.41586685180664
2021-06-08,42.364013671875
2021-06-09,42.27760314941406
2021-06-10,42.30353546142578
2021-06-11,42.493614196777344
2021-06-14,42.5973014831543
2021-06-15,42.6405029296875
2021-06-16,42.217124938964844
2021-06-17,41.94926452636719
2021-06-18,41.05066680908203
2021-06-21,41.63039779663086
2021-06-22,41.647891998291016
2021-06-23,41.23691177368164
2021-06-24,41.735321044921875
2021-06-25,41.71783447265625
2021-06-28,41.411800384521484
2021-06-29,41.403053283691406
2021-06-30,40.94835662841797
2021-07-01,41.05329513549805
2021-07-02,41.097007751464844
2021-07-06,40.572364807128906
2021-07-07,40.84342956542969
2021-07-08,40.117679595947266
2021-07-09,41.000823974609375
2021-07-12,41.21942901611328
2021-07-13,40.860923767089844
2021-07-14,41.08826446533203
2021-07-15,40.616085052490234
2021-07-16,40.26632308959961
2021-07-19,39.28699493408203
2021-07-20,39.63674545288086
2021-07-21,40.39748764038086
2021-07-22,40.51115417480469
2021-07-23,40.93087387084961
2021-07-26,41.018314361572266
2021-07-27,40.85212021-07-28,42021-07-28,41.097007751464844
2021-07-29,41.411800384521484
2021-07-30,41.12324142456055
2021-08-02,41.228179931640625
2021-08-03,41.49049758911133
2021-08-04,41.50798416137695
2021-08-05,41.70035934448242
2021-08-06,41.63039779663086
2021-08-09,41.55170440673828
2021-08-10,41.61290740966797
2021-08-11,41.87522888183594
2021-08-12,41.99764633178711
2021-08-13,42.25121307373047
2021-08-16,42.00638198852539
2021-08-17,41.57793045043945
2021-08-18,41.34183883666992
2021-08-19,40.90463638305664
2021-08-20,41.13198471069336
2021-08-23,41.58667755126953
2021-08-24,41.56919479370117
2021-08-25,41.61290740966797
2021-08-26,41.411800384521484
2021-08-27,41.85774230957031
2021-08-30,41.927703857421875
2021-08-31,41.9189453125
2021-09-01,42.3211784362793
2021-09-02,42.478572845458984
2021-09-03,42.20751190185547
2021-09-07,42.25996780395508
2021-09-08,41.78779602050781
2021-09-09,41.682857513427734
2021-09-10,41.5429573059082
2021-09-13,41.927703857421875
2021-09-14,41.796531677246094
2021-09-15,41.72657775878906
2021-09-16,41.75281524658203
2021-09-17,41.05329513549805
2021-09-20,40.1295051574707
2021-09-21,40.65488052368164
2021-09-22,41.16273498535156
2021-09-23,41.749412536621094
2021-09-24,41.320350646972656
2021-09-27,41.33786392211914
2021-09-28,40.27836990356445
2021-09-29,40.05946350097656
2021-09-30,39.65668487548828
2021-10-01,39.866825103759766
2021-10-04,39.5165901184082
2021-10-05,39.893096923828125
2021-10-06,39.6129035949707
2021-10-07,40.05946350097656
2021-10-08,39.95439910888672
2021-10-11,39.70045852661133
2021-10-12,39.6741943359375
2021-10-13,40.26961898803711
2021-10-14,40.900054931640625
2021-10-15,41.215274810791016
2021-10-18,40.95259475708008
2021-10-19,41.118961334228516
2021-10-20,41.27656173706055
2021-10-21,41.15398025512695
2021-10-22,41.469207763671875
2021-10-25,41.28533172607422
2021-10-26,41.53925704956055
2021-10-27,41.44293975830078
2021-10-28,41.9507942199707
2021-10-29,41.81070327758789
2021-11-01,42.222232818603516
2021-11-02,42.257266998291016
2021-11-03,42.67755889892578
2021-11-04,42.598751068115234
2021-11-05,42.90521240234375
2021-11-08,42.870201110839844
2021-11-09,42.8614387512207
2021-11-10,42.24850845336914
2021-11-11,42.37985610961914
2021-11-12,42.493682861328125
2021-11-15,42.2747802734375
2021-11-16,42.2747802734375
2021-11-17,42.283531188964844
2021-11-18,42.397361755371094
2021-11-19,41.71437072753906
2021-11-22,41.250308990478516
2021-11-23,41.14522933959961
2021-11-24,40.786231994628906
2021-11-26,39.38523864746094
2021-11-29,39.5165901184082
2021-11-30,39.20135498046875
2021-12-01,39.227638244628906
2021-12-02,39.6391716003418
2021-12-03,39.23638916015625
2021-12-06,39.75300598144531
2021-12-07,40.90882110595703
2021-12-08,40.87379455566406
2021-12-09,40.26961898803711
2021-12-10,40.45349884033203
2021-12-13,40.05946350097656
2021-12-14,39.82305145263672
2021-12-15,40.40971755981445
2021-12-16,40.2958869934082
2021-12-17,39.577880859375
2021-12-20,39.623985290527344
2021-12-21,40.20930099487305
2021-12-22,40.750282287597656
2021-12-23,41.0606689453125
2021-12-27,41.4420166015625
2021-12-28,41.397674560546875
2021-12-29,41.37106704711914
2021-12-30,41.300113677978516
2021-12-31,41.37992858886719
2022-01-03,41.743534088134766
2022-01-04,41.8942985534668
2022-01-05,41.6903190612793
2022-01-06,41.51295471191406
2022-01-07,41.61051559448242
2022-01-10,41.19370651245117
2022-01-11,41.58390426635742
2022-01-12,42.01845932006836
2022-01-13,41.67258834838867
2022-01-14,41.681453704833984
2022-01-18,41.04294204711914
2022-01-19,41.09614562988281
2022-01-20,40.909915924072266
2022-01-21,40.39553451538086
2022-01-24,39.872310638427734
2022-01-25,39.42888259887695
2022-01-26,39.60625076293945
2022-01-27,39.46435546875
2022-01-28,39.63286590576172
2022-01-31,40.20043182373047
2022-02-01,40.670467376708984
2022-02-02,40.794620513916016
2022-02-03,40.13835906982422
2022-02-04,40.0762825012207
2022-02-07,40.10288619995117
2022-02-08,40.32460021972656
2022-02-09,41.016326904296875
2022-02-10,40.55517578125
2022-02-11,39.45549392700195
2022-02-14,39.02980422973633
2022-02-15,40.11174774169922
2022-02-16,40.27138900756836
2022-02-17,39.49983215332031
2022-02-18,39.32246017456055
2022-02-22,38.3735466003418
2022-02-23,38.00107192993164
2022-02-24,37.30047607421875
2022-02-25,38.3026008605957
2022-02-28,37.01668167114258
2022-03-01,35.491310119628906
2022-03-02,36.20966339111328
2022-03-03,35.18092727661133
2022-03-04,33.34516906738281
2022-03-07,32.10358810424805
2022-03-08,33.043636322021484
2022-03-09,35.35829162597656
2022-03-10,34.30295181274414
2022-03-11,34.01029586791992
2022-03-14,34.73750686645508
2022-03-15,35.074501037597656
2022-03-16,36.75062561035156
2022-03-17,36.79497528076172
2022-03-18,36.919132232666016
2022-03-21,36.41065979003906
2022-03-22,36.944026947021484
2022-03-23,36.09064865112305
2022-03-24,36.41065979003906
2022-03-25,36.446224212646484
2022-03-28,36.730674743652344
2022-03-29,37.93962097167969
2022-03-30,37.54849624633789
2022-03-31,36.57956314086914
2022-04-01,37.006248474121094
2022-04-04,37.0684700012207
2022-04-05,36.28621292114258
2022-04-06,35.557289123535156
2022-04-07,35.58395004272461
2022-04-08,35.59284973144531
2022-04-11,35.35282897949219
2022-04-12,35.121707916259766
2022-04-13,35.530609130859375
2022-04-14,35.326171875
2022-04-18,35.281715393066406
2022-04-19,35.530609130859375
2022-04-20,36.04619598388672
2022-04-21,35.70840072631836
2022-04-22,35.148372650146484
2022-04-25,34.801692962646484
2022-04-26,33.60163879394531
2022-04-27,33.61052703857422
2022-04-28,34.25944519042969
2022-04-29,33.743865966796875
2022-05-02,33.73497772216797
2022-05-03,34.00165557861328
2022-05-04,34.73947525024414
2022-05-05,33.54830551147461
2022-05-06,33.059391021728516
2022-05-09,32.1437873840332
2022-05-10,32.4904670715332
2022-05-11,32.44602584838867
2022-05-12,32.38380432128906
2022-05-13,33.379398345947266
2022-05-16,33.343849182128906
2022-05-17,34.30389404296875
2022-05-18,33.12160873413086
2022-05-19,33.46828842163086
2022-05-20,33.521629333496094
2022-05-23,34.38389205932617
2022-05-24,34.20610046386719
2022-05-25,34.295005798339844
2022-05-26,34.94392776489258
2022-05-27,35.61063003540039
2022-05-31,35.42394256591797
2022-06-01,34.83724594116211
2022-06-02,35.78841018676758
2022-06-03,35.281715393066406
2022-06-06,35.56616973876953
2022-06-07,35.60173416137695
2022-06-08,35.08614730834961
2022-06-09,34.054988861083984
2022-06-10,32.95271301269531
2022-06-13,31.743764877319336
2022-06-14,31.45041847229004
2022-06-15,32.22378921508789
2022-06-16,31.308191299438477
2022-06-17,31.468204498291016
2022-06-21,31.94136619567871
2022-06-22,31.759733200073242
2022-06-23,31.63258171081543
2022-06-24,32.69517135620117
2022-06-27,32.413631439208984
2022-06-28,32.113922119140625
2022-06-29,31.84147071838379
2022-06-30,31.59625816345215
2022-07-01,31.550851821899414
2022-07-05,30.45192527770996
2022-07-06,30.4700870513916
2022-07-07,30.933269500732422
2022-07-08,30.933269500732422
2022-07-11,30.315696716308594
2022-07-12,30.243032455444336
2022-07-13,30.315696716308594
2022-07-14,29.83434295654297
2022-07-15,30.50641441345215
2022-07-18,30.68805503845215
2022-07-19,31.9504451751709
2022-07-20,31.57809066772461
2022-07-21,31.96862030029297
2022-07-22,31.777894973754883
2022-07-25,32.06852340698242
2022-07-26,31.314712524414062
2022-07-27,32.25924301147461
2022-07-28,32.549861907958984
2022-07-29,33.14018630981445
2022-08-01,33.094783782958984
2022-08-02,32.49536895751953
2022-08-03,33.08571243286133
2022-08-04,33.42173385620117
2022-08-05,33.131107330322266
2022-08-08,33.221927642822266
2022-08-09,32.95854949951172
2022-08-10,33.69419479370117
2022-08-11,33.63970184326172
2022-08-12,33.97574234008789
2022-08-15,33.66694641113281
2022-08-16,33.857669830322266
2022-08-17,33.45806121826172
2022-08-18,33.28550338745117
2022-08-19,32.640682220458984
2022-08-22,31.641666412353516
2022-08-23,31.732479095458984
2022-08-24,31.814218521118164
2022-08-25,32.1956672668457
2022-08-26,31.042253494262695
2022-08-29,31.15123748779297
2022-08-30,30.996843338012695
2022-08-31,30.733463287353516
2022-09-01,30.270280838012695
2022-09-02,30.025070190429688
2022-09-06,30.025070190429688
2022-09-07,30.724384307861328
2022-09-08,30.542749404907227
2022-09-09,31.414613723754883
2022-09-12,32.16841506958008
2022-09-13,30.942346572875977
2022-09-14,31.160324096679688
2022-09-15,30.82427978515625
2022-09-16,30.68805503845215
2022-09-19,30.79484748840332
2022-09-20,30.155946731567383
2022-09-21,29.708715438842773
2022-09-22,29.599191665649414
2022-09-23,28.45830726623535
2022-09-26,28.07496452331543
2022-09-27,27.86504364013672
2022-09-28,28.576953887939453
2022-09-29,28.19361686706543
2022-09-30,28.07496452331543
2022-10-03,28.741249084472656
2022-10-04,30.411500930786133
2022-10-05,29.991655349731445
2022-10-06,29.31624984741211
2022-10-07,28.63172149658203
2022-10-10,28.503936767578125
2022-10-11,28.202741622924805
2022-10-12,28.19361686706543
2022-10-13,29.05156707763672
2022-10-14,28.56783103942871
2022-10-17,29.544429779052734
2022-10-18,29.955148696899414
2022-10-19,29.635698318481445
2022-10-20,29.672203063964844
2022-10-21,30.274595260620117
2022-10-24,30.511903762817383
2022-10-25,31.29683494567871
2022-10-26,31.598026275634766
2022-10-27,31.29683494567871
2022-10-28,31.762311935424805
2022-10-31,31.278575897216797
2022-11-01,31.552391052246094
2022-11-02,30.803972244262695
2022-11-03,30.53015899658203
2022-11-04,32.173038482666016
2022-11-07,32.48334884643555
2022-11-08,32.7845458984375
2022-11-09,32.40121078491211
2022-11-10,34.418304443359375
2022-11-11,35.26712417602539
2022-11-14,34.9659309387207
2022-11-15,35.19409942626953
2022-11-16,35.303627014160156
2022-11-17,35.34926223754883
2022-11-18,35.522682189941406
2022-11-21,35.19409942626953
2022-11-22,35.63220977783203
2022-11-23,35.96990966796875
2022-11-25,36.088558197021484
2022-11-28,35.53181076049805
2022-11-29,35.73259735107422
2022-11-30,36.554039001464844
2022-12-01,36.73658752441406
2022-12-02,36.77309799194336
2022-12-05,36.280235290527344
2022-12-06,36.14332580566406
2022-12-07,36.225460052490234
2022-12-08,36.36237716674805
2022-12-09,36.225460052490234
2022-12-12,36.3897590637207
2022-12-13,37.046905517578125
2022-12-14,36.95564651489258
2022-12-15,35.70521926879883
2022-12-16,35.37664794921875
2022-12-19,35.308815002441406
2022-12-20,35.40047836303711
2022-12-21,35.987125396728516
2022-12-22,35.58380889892578
2022-12-23,35.62047576904297
2022-12-27,35.702972412109375
2022-12-28,35.272151947021484
2022-12-29,35.987125396728516
2022-12-30,35.473812103271484
2023-01-03,35.99629211425781
2023-01-04,36.98625946044922
2023-01-05,36.57377624511719
2023-01-06,37.673736572265625
2023-01-09,38.08622360229492
2023-01-10,38.407039642333984
2023-01-11,38.84703063964844
2023-01-12,39.387847900390625
2023-01-13,39.644508361816406
2023-01-17,39.56201171875
2023-01-18,39.31452178955078
2023-01-19,39.030357360839844
2023-01-20,39.415340423583984
2023-01-23,39.681175231933594
2023-01-24,39.69950866699219
2023-01-25,39.92865753173828
2023-01-26,40.047821044921875
2023-01-27,39.82783508300781
2023-01-30,39.45201110839844
2023-01-31,39.919490814208984
2023-02-01,40.48781204223633
2023-02-02,40.671138763427734
2023-02-03,40.17615509033203
2023-02-06,39.681175231933594
2023-02-07,39.974491119384766
2023-02-08,39.681175231933594
2023-02-09,39.82783508300781
2023-02-10,39.47034454345703
2023-02-13,40.06615447998047
2023-02-14,40.23115158081055
2023-02-15,40.37781524658203
2023-02-16,40.166988372802734
2023-02-17,40.26781463623047
2023-02-21,39.63533401489258
2023-02-22,39.47034454345703
2023-02-23,39.88282775878906
2023-02-24,38.892860412597656
2023-02-27,39.56201171875
2023-02-28,39.27784729003906
2023-03-01,39.507015228271484
2023-03-02,39.681175231933594
2023-03-03,40.31365203857422
2023-03-06,40.33198165893555
2023-03-07,39.54368209838867
2023-03-08,39.76366424560547
2023-03-09,39.31452178955078
2023-03-10,39.057857513427734
2023-03-13,38.572044372558594
2023-03-14,39.369510650634766
2023-03-15,37.93955993652344
2023-03-16,38.6637077331543
2023-03-17,38.09539031982422
2023-03-20,38.8531379699707
2023-03-21,39.662391662597656
2023-03-22,39.598018646240234
2023-03-23,39.69917678833008
2023-03-24,39.32213592529297
2023-03-27,39.64399719238281
2023-03-28,39.73595428466797
2023-03-29,40.434852600097656
2023-03-30,41.142940521240234
2023-03-31,41.29008483886719
2023-04-03,41.51078796386719
2023-04-04,41.630340576171875
2023-04-05,41.34526062011719
2023-04-06,41.56596755981445
2023-04-10,41.57516098022461
2023-04-11,41.66712188720703
2023-04-12,42.03495407104492
2023-04-13,42.623504638671875
2023-04-14,42.54993438720703
2023-04-17,42.20968246459961
2023-04-18,42.55913543701172
2023-04-19,42.50395202636719
2023-04-20,42.41199493408203
2023-04-21,42.7706413269043
2023-04-24,42.899383544921875
2023-04-25,42.1361198425293
2023-04-26,42.23727798461914
2023-04-27,42.761444091796875
2023-04-28,42.595916748046875
2023-05-01,42.513153076171875
2023-05-02,42.044158935546875
2023-05-03,42.14531326293945
2023-05-04,41.988975524902344
2023-05-05,42.66949462890625
2023-05-08,42.64189529418945
2023-05-09,42.23727798461914
2023-05-10,42.182090759277344
2023-05-11,41.998165130615234
2023-05-12,41.8602409362793
2023-05-15,42.053348541259766
2023-05-16,41.78667068481445
2023-05-17,42.099334716796875
2023-05-18,42.163700103759766
2023-05-19,42.4947624206543
2023-05-22,42.50395202636719
2023-05-23,41.67631149291992
2023-05-24,40.986610412597656
2023-05-25,41.087764739990234
2023-05-26,41.713096618652344
2023-05-30,41.216522216796875
2023-05-31,40.49923324584961
2023-06-01,41.07857131958008
2023-06-02,41.51078796386719
2023-06-05,41.09696578979492
2023-06-06,41.20732498168945
2023-06-07,41.060184478759766
2023-06-08,41.58435821533203
2023-06-09,41.27169418334961
2023-06-12,41.73149108886719
2023-06-13,42.07174301147461
2023-06-14,42.37520980834961
2023-06-15,42.89018630981445
2023-06-16,42.95456314086914
2023-06-20,42.498416900634766
2023-06-21,42.47964859008789
2023-06-22,42.273162841796875
2023-06-23,41.64432144165039
2023-06-26,41.81325912475586
2023-06-27,42.442100524902344
2023-06-28,42.47964859008789
2023-06-29,42.498416900634766
2023-06-30,43.155418395996094
2023-07-03,43.155418395996094
2023-07-05,42.31070327758789
2023-07-06,41.306427001953125
2023-07-07,41.71002197265625
2023-07-10,42.03851318359375
2023-07-11,42.460872650146484
2023-07-12,43.56838607788086
2023-07-13,44.3286247253418
2023-07-14,44.15968322753906
2023-07-17,44.03767776489258
2023-07-18,44.15968322753906
2023-07-19,43.82179641723633
2023-07-20,43.56838607788086
2023-07-21,43.87811279296875
2023-07-24,43.55900192260742
2023-07-25,43.399436950683594
2023-07-26,43.35251998901367
2023-07-27,43.4088249206543
2023-07-28,44.1690673828125
2023-07-31,44.140907287597656
2023-08-01,43.47452926635742
2023-08-02,42.50779724121094
2023-08-03,42.329471588134766
2023-08-04,42.48903274536133
2023-08-07,42.96769714355469
2023-08-08,42.45148468017578
2023-08-09,42.601661682128906
2023-08-10,43.01462936401367
2023-08-11,42.545345306396484
2023-08-14,42.47964859008789
2023-08-15,41.878963470458984
2023-08-16,41.59739685058594
2023-08-17,41.12810134887695
2023-08-18,41.18442153930664
2023-08-21,41.494144439697266
2023-08-22,41.419063568115234
2023-08-23,41.65370178222656
2023-08-24,40.92161560058594
2023-08-25,41.27827453613281
2023-08-28,41.76633071899414
2023-08-29,42.37640380859375
2023-08-30,42.36701583862305
2023-08-31,41.84141540527344
2023-09-01,41.54107666015625
2023-09-05,41.07178497314453
2023-09-06,40.874691009521484
2023-09-07,40.57434844970703
2023-09-08,40.677589416503906
2023-09-11,41.146873474121094
2023-09-12,40.85592269897461
2023-09-13,40.61188888549805
2023-09-14,41.05302047729492
2023-09-15,40.996707916259766
2023-09-18,40.73318099975586
2023-09-19,40.75199890136719
2023-09-20,40.73318099975586
2023-09-21,40.09318923950195
2023-09-22,40.06496810913086
2023-09-25,39.688499450683594
2023-09-26,39.104984283447266
2023-09-27,39.010868072509766
2023-09-28,39.500274658203125
2023-09-29,39.53791046142578
2023-10-02,38.84145736694336
2023-10-03,38.530879974365234
2023-10-04,38.86028289794922
2023-10-05,38.98263168334961
2023-10-06,39.594383239746094
2023-10-09,39.25556564331055
2023-10-10,39.84849548339844
2023-10-11,40.121437072753906
2023-10-12,39.5849723815918
2023-10-13,39.0014533996582
2023-10-16,39.43438720703125
2023-10-17,39.4908561706543
2023-10-18,38.73793029785156
2023-10-19,38.66263961791992
2023-10-20,38.28617477416992
2023-10-23,38.549705505371094
2023-10-24,38.747344970703125
2023-10-25,38.46500015258789
2023-10-26,38.29558563232422
2023-10-27,37.966190338134766
2023-10-30,38.56853103637695
2023-10-31,38.72852325439453
2023-11-01,39.05792236328125
2023-11-02,39.999080657958984
2023-11-03,40.29084014892578
2023-11-06,40.06496810913086
2023-11-07,39.904964447021484
2023-11-08,40.28142547607422
2023-11-09,40.319068908691406
2023-11-10,40.63906478881836
2023-11-13,40.77082824707031
2023-11-14,42.02256774902344
2023-11-15,42.10727310180664
2023-11-16,42.1260871887207
2023-11-17,42.67195510864258
2023-11-20,42.8978385925293
2023-11-21,42.6154899597168
2023-11-22,42.66255187988281
2023-11-24,43.11430358886719
2023-11-27,42.94490051269531
2023-11-28,42.954307556152344
2023-11-29,43.19900894165039
2023-11-30,43.039005279541016
2023-12-01,43.34017562866211
2023-12-04,43.23664855957031
2023-12-05,43.35900115966797
2023-12-06,43.37782287597656
2023-12-07,43.622528076171875
2023-12-08,43.97075653076172
2023-12-11,44.121341705322266
2023-12-12,44.262516021728516
2023-12-13,44.846031188964844
2023-12-14,45.02484893798828
2023-12-15,44.573089599609375
2023-12-18,44.6004524230957
2023-12-19,45.00617599487305
2023-12-20,44.31740188598633
2023-12-21,45.03447723388672
2023-12-22,44.92125701904297
2023-12-26,45.25149154663086
2023-12-27,45.440189361572266
2023-12-28,45.06277847290039
2023-12-29,45.109962463378906
2024-01-02,44.45893096923828
2024-01-03,43.84563446044922
2024-01-04,44.04377365112305
2024-01-05,43.97772979736328
2024-01-08,44.54384231567383
2024-01-09,44.0532112121582
2024-01-10,44.29852294921875
2024-01-11,44.241912841796875
2024-01-12,44.29852294921875
2024-01-16,43.487098693847656
2024-01-17,43.21347427368164
2024-01-18,43.82676696777344
2024-01-19,43.97772979736328
2024-01-22,43.94942855834961
2024-01-23,43.864505767822266
2024-01-24,44.74197769165039
2024-01-25,44.97786331176758
2024-01-26,45.38357925415039
2024-01-29,45.534549713134766
2024-01-30,45.62889862060547
2024-01-31,45.14769744873047
2024-02-01,45.6949462890625
2024-02-02,45.4024543762207
2024-02-05,45.23261642456055
2024-02-06,45.60059356689453
2024-02-07,45.61002731323242
2024-02-08,45.77042770385742
2024-02-09,46.100669860839844
2024-02-12,46.09122848510742
2024-02-13,45.18544387817383
2024-02-14,45.79874038696289
2024-02-15,46.34597396850586
2024-02-16,46.242191314697266
2024-02-20,46.544124603271484
2024-02-21,46.84605407714844
2024-02-22,47.5914306640625
2024-02-23,47.6197395324707
2024-02-26,47.67634201049805
2024-02-27,47.90279769897461
2024-02-28,47.799007415771484
2024-02-29,47.8461799621582
2024-03-01,48.03489303588867
2024-03-04,48.18585205078125
2024-03-05,47.86505889892578
2024-03-06,48.45003890991211
2024-03-07,49.280338287353516
2024-03-08,48.82745361328125
2024-03-11,48.723663330078125
2024-03-12,49.28977966308594
2024-03-13,49.48792266845703
2024-03-14,49.101070404052734
2024-03-15,49.176551818847656
2024-03-18,48.92037582397461
2024-03-19,49.043270111083984
2024-03-20,49.72389602661133
2024-03-21,49.49702072143555
2024-03-22,49.24178695678711
2024-03-25,49.39303207397461
2024-03-26,49.49702072143555
2024-03-27,49.90350341796875
2024-03-28,49.676631927490234
2024-04-01,49.790069580078125
2024-04-02,49.222877502441406
2024-04-03,49.638824462890625
2024-04-04,49.06217575073242
2024-04-05,49.137794494628906
2024-04-08,49.459205627441406
2024-04-09,49.16615676879883
2024-04-10,48.561153411865234
2024-04-11,48.5422477722168
2024-04-12,47.511844635009766
2024-04-15,47.54020309448242
2024-04-16,47.398406982421875
2024-04-17,47.46458053588867
2024-04-18,47.43622589111328
2024-04-19,47.37950134277344
2024-04-22,47.89942169189453
2024-04-23,48.76912307739258
2024-04-24,48.561153411865234
2024-04-25,48.3248176574707
2024-04-26,48.84474563598633
2024-04-29,48.69350051879883
2024-04-30,47.73872375488281
2024-05-01,47.58747100830078
2024-05-02,47.96560287475586
2024-05-03,48.41935348510742
2024-05-06,48.89201736450195
2024-05-07,49.25123977661133
2024-05-08,49.49702072143555
2024-05-09,49.97913360595703
2024-05-10,50.158748626708984
2024-05-13,50.20601272583008
2024-05-14,50.52742004394531
2024-05-15,50.971717834472656
2024-05-16,50.4517936706543
2024-05-17,50.593597412109375
2024-05-20,50.52742004394531
2024-05-21,50.470703125
2024-05-22,50.00749588012695
2024-05-23,49.81842803955078
2024-05-24,50.29108810424805
2024-05-28,50.32890319824219
2024-05-29,49.42139434814453
2024-05-30,49.78062438964844
2024-05-31,50.035858154296875
2024-06-03,50.18710708618164
2024-06-04,49.81842803955078
2024-06-05,50.64085388183594
2024-06-06,50.87718963623047
2024-06-07,50.158748626708984
2024-06-10,49.837337493896484
2024-06-11,49.21342086791992
2024-06-12,50.11147689819336
2024-06-13,48.98654556274414
2024-06-14,47.700904846191406
2024-06-17,48.42880630493164
2024-06-18,48.580055236816406
2024-06-20,48.69350051879883
2024-06-21,48.27755355834961
2024-06-24,48.72560501098633
2024-06-25,48.76423263549805
2024-06-26,48.368324279785156
2024-06-27,48.37797927856445
2024-06-28,48.310386657714844
2024-07-01,48.851139068603516
2024-07-02,48.62904739379883
2024-07-03,49.4594841003418
2024-07-05,49.79745101928711
2024-07-08,49.50776290893555
2024-07-09,48.88010787963867
2024-07-10,49.58501434326172
2024-07-11,49.710548400878906
2024-07-12,50.52167510986328
2024-07-15,49.87470245361328
2024-07-16,49.845733642578125
2024-07-17,49.17945098876953
2024-07-18,48.802860260009766
2024-07-19,48.33935546875
2024-07-22,49.295326232910156
2024-07-23,48.96701431274414
2024-07-24,48.22347640991211
2024-07-25,48.02069854736328
2024-07-26,48.71595001220703
2024-07-29,48.07863998413086
2024-07-30,48.21382522583008
2024-07-31,48.58076477050781
2024-08-01,47.24819564819336
2024-08-02,46.78469467163086
2024-08-05,46.07978820800781
2024-08-06,46.099098205566406
2024-08-07,46.330848693847656
2024-08-08,47.08403778076172
2024-08-09,47.17094421386719
2024-08-12,46.99713134765625
2024-08-13,47.759979248046875
2024-08-14,48.09794998168945
2024-08-15,48.86079788208008
2024-08-16,49.24704360961914
2024-08-19,49.894012451171875
2024-08-20,49.88436508178711
2024-08-21,50.376827239990234
2024-08-22,49.91333770751953
2024-08-23,50.73411178588867
2024-08-26,50.49271011352539
2024-08-27,50.637550354003906
2024-08-28,50.454078674316406
2024-08-29,50.589271545410156
2024-08-30,50.724456787109375
2024-09-03,49.816768646240234
2024-09-04,49.59467697143555
2024-09-05,49.353267669677734
2024-09-06,48.435916900634766
2024-09-09,48.83182907104492
2024-09-10,48.49386215209961
2024-09-11,49.015296936035156
2024-09-12,49.3629264831543
2024-09-13,49.59467697143555
2024-09-16,49.87470245361328
2024-09-17,49.845733642578125
2024-09-18,49.720211029052734
2024-09-19,50.907928466796875
2024-09-20,50.25129699707031
2024-09-23,50.236785888671875
2024-09-24,50.98154067993164
2024-09-25,50.50761032104492
2024-09-26,52.04547119140625
2024-09-27,52.04547119140625
2024-09-30,51.49416732788086
2024-10-01,50.691375732421875
2024-10-02,50.5753173828125
2024-10-03,50.043357849121094
2024-10-04,50.410888671875
2024-10-07,50.1981086730957
2024-10-08,50.20777893066406
2024-10-09,50.410888671875
2024-10-10,50.285152435302734
2024-10-11,50.60432815551758
2024-10-14,50.90416717529297
2024-10-15,49.57908630371094
2024-10-16,49.31794738769531
2024-10-17,49.38564682006836
2024-10-18,50.05302047729492
2024-10-21,49.41466522216797
2024-10-22,49.230892181396484
2024-10-23,48.921390533447266
2024-10-24,49.30826950073242
2024-10-25,49.114830017089844
2024-10-28,49.61777877807617
2024-10-29,49.42433166503906
2024-10-30,48.950401306152344
2024-10-31,48.602210998535156
2024-11-01,48.77630615234375
2024-11-04,48.68925476074219
2024-11-05,49.1341667175293
2024-11-06,47.760738372802734
2024-11-07,48.631221771240234
2024-11-08,47.741397857666016
2024-11-11,47.56729507446289
2024-11-12,46.580745697021484
2024-11-13,46.33894348144531
2024-11-14,46.735496520996094
2024-11-15,46.60009002685547
2024-11-18,46.754844665527344
2024-11-19,46.4743537902832
2024-11-20,46.25189208984375
2024-11-21,46.155174255371094
2024-11-22,46.135833740234375
2024-11-25,46.37763214111328
2024-11-26,46.06812286376953
2024-11-27,46.28090286254883
2024-11-29,46.977298736572266
2024-12-02,47.11270523071289
2024-12-03,47.431888580322266
2024-12-04,47.770408630371094
2024-12-05,48.3797492980957
2024-12-06,48.5441780090332
2024-12-09,48.52483367919922
2024-12-10,48.09926223754883
2024-12-11,48.25401306152344
2024-12-12,47.95418167114258
2024-12-13,48.25401306152344
2024-12-16,48.00254440307617
2024-12-17,48.012210845947266
2024-12-18,46.79352951049805
2024-12-19,46.677467346191406
2024-12-20,46.696807861328125
2024-12-23,46.965599060058594
2024-12-24,47.130558013916016
2024-12-26,47.33433532714844
2024-12-27,47.1402702331543
2024-12-30,46.75211715698242
2024-12-31,46.72300720214844
2025-01-02,46.247528076171875
2025-01-03,46.51923370361328
2025-01-06,47.71277618408203
2025-01-07,47.858333587646484
2025-01-08,47.64485168457031
2025-01-10,47.24700164794922
2025-01-13,47.06263732910156
2025-01-14,47.509002685546875
2025-01-15,47.99418640136719
2025-01-16,48.73166275024414
2025-01-17,48.93544006347656
2025-01-21,50.031951904296875
2025-01-22,50.1386833190918
2025-01-23,50.52683639526367
2025-01-24,50.614166259765625
2025-01-27,50.691795349121094
2025-01-28,50.38127899169922
2025-01-29,50.49772262573242
2025-01-30,51.03142166137695
2025-01-31,50.57535171508789
2025-02-03,49.643802642822266
2025-02-04,50.711204528808594
2025-02-05,51.01201629638672
2025-02-06,51.438968658447266
2025-02-07,50.89557647705078
2025-02-10,51.34193801879883
2025-02-11,51.87563705444336
2025-02-12,52.535484313964844
2025-02-13,53.040077209472656
2025-02-14,53.39910888671875
2025-02-18,53.69021987915039
2025-02-19,52.816890716552734
2025-02-20,53.17592239379883
2025-02-21,52.836299896240234
2025-02-24,52.70044708251953
2025-02-25,53.24385070800781
2025-02-26,53.39910888671875
2025-02-27,52.25408172607422
2025-02-28,52.45785903930664
2025-03-03,53.48644256591797
2025-03-04,53.64169692993164
2025-03-05,55.359249114990234
2025-03-06,54.874061584472656
2025-03-07,55.55331802368164
2025-03-10,54.04925537109375
2025-03-11,54.13658905029297
2025-03-12,54.14628982543945
2025-03-13,53.5252571105957
2025-03-14,54.80613708496094
2025-03-17,55.43687438964844
2025-03-18,55.65034866333008
2025-03-19,55.74739456176758
2025-03-20,54.883766174316406
2025-03-21,54.35006332397461
2025-03-24,54.35590362548828
2025-03-25,54.88127136230469
2025-03-26,53.8208122253418
2025-03-27,53.781890869140625
2025-03-28,53.51920700073242
2025-03-31,52.93547439575195
2025-04-01,53.1397819519043
2025-04-02,53.42191696166992
2025-04-03,52.127967834472656
2025-04-04,48.90766525268555
2025-04-07,47.5650634765625
2025-04-08,46.91322326660156
2025-04-09,51.164791107177734
2025-04-10,50.35728454589844
2025-04-11,51.320457458496094
2025-04-14,51.67070388793945
2025-04-15,52.01121520996094
2025-04-16,51.855552673339844
2025-04-17,52.31281661987305
2025-04-21,51.690162658691406
2025-04-22,53.100868225097656
2025-04-23,53.77216339111328
2025-04-24,54.54075622558594
2025-04-25,54.90073013305664
2025-04-28,55.15367889404297
2025-04-29,54.97856140136719
2025-04-30,54.72560501098633
2025-05-01,54.774253845214844
2025-05-02,55.85417175292969
2025-05-05,55.98064422607422
2025-05-06,55.91254806518555
2025-05-07,55.65958786010742
2025-05-08,55.69850540161133
2025-05-09,56.18495559692383
2025-05-12,56.44763946533203
2025-05-13,56.91462707519531
2025-05-14,56.77842330932617
2025-05-15,57.041107177734375
2025-05-16,57.20650100708008
2025-05-19,57.85834503173828
2025-05-20,58.11130142211914
2025-05-21,57.877803802490234
2025-05-22,57.848609924316406
2025-05-23,57.20650100708008
2025-05-27,58.15021514892578
2025-05-28,57.44972610473633
2025-05-29,57.71240997314453
2025-05-30,57.58592987060547
2025-06-02,58.305877685546875
2025-06-03,57.92644500732422
2025-06-04,58.305877685546875
2025-06-05,58.305877685546875
2025-06-06,58.51018524169922
2025-06-09,58.43235397338867
2025-06-10,58.52964401245117
2025-06-11,58.451812744140625
2025-06-12,58.77286911010742
2025-06-13,57.59566116333008
2025-06-16,58.15993881225586
2025-06-17,57.20650100708008
2025-06-18,57.12866973876953
2025-06-20,56.91462707519531
2025-06-23,57.48942184448242
2025-06-24,58.41107940673828
2025-06-25,57.95520782470703
2025-06-26,58.311973571777344
2025-06-27,58.956146240234375
2025-06-30,59.193992614746094
2025-07-01,58.9660530090332
2025-07-02,59.491294860839844
2025-07-03,59.38228225708008
2025-07-07,59.075069427490234
2025-07-08,59.748966217041016
2025-07-09,60.6904411315918
2025-07-10,60.274208068847656
2025-07-11,59.54085159301758
2025-07-14,59.5012092590332
2025-07-15,58.757938385009766
2025-07-16,58.916500091552734
2025-07-17,59.094886779785156
2025-07-18,58.70838928222656
2025-07-21,58.916500091552734
2025-07-22,58.90658950805664
2025-07-23,60.30393600463867
2025-07-24,59.51111602783203
2025-07-25,59.7687873840332
2025-07-28,58.609283447265625
2025-07-29,58.74802780151367
2025-07-30,58.32188415527344
2025-07-31,57.35068130493164
2025-08-01,56.637142181396484
2025-08-04,57.37049865722656
2025-08-05,57.50924301147461
2025-08-06,57.98493576049805
2025-08-07,58.77775955200195
2025-08-08,59.01560592651367
2025-08-11,58.54982376098633
2025-08-12,59.12461853027344
2025-08-13,59.758872985839844
2025-08-14,60.006629943847656
2025-08-15,60.4129524230957
2025-08-18,60.05617904663086
2025-08-19,60.22465896606445
2025-08-20,60.363399505615234
2025-08-21,59.8877067565918
2025-08-22,60.819271087646484
2025-08-25,59.669681549072266
2025-08-26,59.42192459106445
2025-08-27,59.332733154296875
2025-08-28,59.64986038208008
2025-08-29,59.263362884521484
2025-09-02,58.5993766784668
2025-09-03,58.77775955200195
2025-09-04,58.995784759521484
2025-09-05,59.065155029296875
2025-09-08,59.62013244628906
2025-09-09,59.59040069580078
2025-09-10,59.28318405151367
2025-09-11,59.907527923583984
2025-09-12,59.8877067565918
2025-09-15,60.561607360839844
2025-09-16,60.4228630065918
2025-09-17,60.05617904663086
2025-09-18,60.829185485839844
2025-09-19,60.739994049072266
2025-09-22,60.802490234375
2025-09-23,60.981056213378906
2025-09-24,60.653682708740234
2025-09-25,60.167579650878906
2025-09-26,61.02073669433594
2025-09-29,61.24890899658203
2025-09-30,61.625885009765625
2025-10-01,62.37984085083008
2025-10-02,62.816341400146484
2025-10-03,62.95522689819336
2025-10-06,62.6179313659668
2025-10-07,61.93342208862305
2025-10-08,62.34016036987305
2025-10-09,61.68540954589844
2025-10-10,60.60408020019531
2025-10-13,61.13978576660156
2025-10-14,61.52668380737305
2025-10-15,61.68540954589844
2025-10-16,62.2409553527832
2025-10-17,62.41952133178711
2025-10-20,62.89570617675781
2025-10-21,62.39968490600586
2025-10-22,62.042545318603516
2025-10-23,62.4691276550293
2025-10-24,62.49888610839844
2025-10-27,63.064353942871094
2025-10-28,62.984989166259766
2025-10-29,62.80642318725586
2025-10-30,62.33024215698242
2025-10-31,61.9830207824707
2025-11-03,62.042545318603516
2025-11-04,61.36795425415039
2025-11-05,61.89373779296875
2025-11-06,61.44731521606445
2025-11-07,61.67548751831055
2025-11-10,62.48896789550781
2025-11-11,63.094112396240234
2025-11-12,63.69926071166992
2025-11-13,63.21316146850586
2025-11-14,62.70721435546875
2025-11-17,61.71516799926758
2025-11-18,60.9512939453125
2025-11-19,60.84217071533203
2025-11-20,59.979087829589844
2025-11-21,60.574317932128906
2025-11-24,60.49495315551758
2025-11-25,61.477081298828125
2025-11-26,62.23103332519531
2025-11-28,62.578250885009766
2025-12-01,62.47904586791992
2025-12-02,62.975067138671875
2025-12-03,63.37188720703125
2025-12-04,63.32228469848633
2025-12-05,63.33220672607422
2025-12-08,63.29252243041992
2025-12-09,63.11395263671875
2025-12-10,63.76870346069336
2025-12-11,64.4333724975586
2025-12-12,63.92743682861328
2025-12-15,64.21512603759766
2025-12-16,64.02664184570312
2025-12-17,63.29252243041992
2025-12-18,63.77862548828125
2025-12-19,64.10600280761719
2025-12-22,64.23999786376953
2025-12-23,64.37999725341797
2025-12-24,64.52999877929688
2025-12-26,64.72000122070312
2025-12-29,64.31999969482422
2025-12-30,64.7300033569336
2025-12-31,64.38999938964844
2026-01-02,65.37000274658203
2026-01-05,66.0
2026-01-06,66.01000213623047
2026-01-07,65.75
2026-01-08,65.61000061035156
2026-01-09,66.41000366210938
2026-01-12,66.87999725341797
2026-01-13,66.76000213623047
2026-01-14,66.6500015258789
2026-01-15,66.41000366210938
2026-01-16,66.58999633789062
2026-01-20,65.30000305175781
2026-01-21,66.0
2026-01-22,66.36000061035156
2026-01-23,66.3499984741211
