date,value
2007-10-11,20.093738555908203
2007-10-12,20.02811050415039
2007-10-15,19.977924346923828
2007-10-16,19.98563003540039
2007-10-17,20.05512809753418
2007-10-18,20.20954132080078
2007-10-19,20.282896041870117
2007-10-22,20.201820373535156
2007-10-23,20.286760330200195
2007-10-24,20.363956451416016
2007-10-25,20.41802215576172
2007-10-26,20.48365592956543
2007-10-29,20.52997589111328
2007-10-30,20.49907875061035
2007-10-31,20.51839256286621
2007-11-01,20.501380920410156
2007-11-02,20.65981674194336
2007-11-05,20.60959243774414
2007-11-06,20.67914581298828
2007-11-07,20.86850357055664
2007-11-08,20.953540802001953
2007-11-09,21.023096084594727
2007-11-12,21.042409896850586
2007-11-13,20.880098342895508
2007-11-14,20.945816040039062
2007-11-15,20.92647361755371
2007-11-16,20.93034553527832
2007-11-19,21.01537322998047
2007-11-20,21.100393295288086
2007-11-21,21.212461471557617
2007-11-23,21.18926429748535
2007-11-26,21.301332473754883
2007-11-27,21.177677154541016
2007-11-28,21.00762939453125
2007-11-29,21.03082275390625
2007-11-30,20.87236213684082
2007-12-03,20.966053009033203
2007-12-04,21.06279945373535
2007-12-05,20.84994125366211
2007-12-06,20.815086364746094
2007-12-07,20.74156379699707
2007-12-10,20.753173828125
2007-12-11,20.87702178955078
2007-12-12,20.753173828125
2007-12-13,20.637060165405273
2007-12-14,20.35837173461914
2007-12-17,20.32741928100586
2007-12-18,20.35837173461914
2007-12-19,20.400951385498047
2007-12-20,20.366130828857422
2007-12-21,20.339035034179688
2007-12-24,20.37774658203125
2007-12-26,20.47450065612793
2007-12-27,20.559642791748047
2007-12-28,20.74527359008789
2007-12-31,20.89284324645996
2008-01-02,21.021007537841797
2008-01-03,21.083133697509766
2008-01-04,21.133621215820312
2008-01-07,21.087007522583008
2008-01-08,21.063711166381836
2008-01-09,20.986042022705078
2008-01-10,21.164690017700195
2008-01-11,21.156923294067383
2008-01-14,21.33555793762207
2008-01-15,21.323911666870117
2008-01-16,21.234590530395508
2008-01-17,21.234590530395508
2008-01-18,21.250123977661133
2008-01-22,21.11420249938965
2008-01-23,21.207414627075195
2008-01-24,21.250123977661133
2008-01-25,21.234590530395508
2008-01-28,21.277311325073242
2008-01-29,21.2695369720459
2008-01-30,21.386045455932617
2008-01-31,21.331676483154297
2008-02-01,21.4422550201416
2008-02-04,21.41110610961914
2008-02-05,21.259248733520508
2008-02-06,21.267045974731445
2008-02-07,21.12686538696289
2008-02-08,21.16969871520996
2008-02-11,21.282615661621094
2008-02-12,21.220321655273438
2008-02-13,21.177486419677734
2008-02-14,21.177486419677734
2008-02-15,21.267045974731445
2008-02-19,21.18138313293457
2008-02-20,21.173593521118164
2008-02-21,21.294296264648438
2008-02-22,21.4033145904541
2008-02-25,21.274816513061523
2008-02-26,21.4383544921875
2008-02-27,21.625247955322266
2008-02-28,21.827722549438477
2008-02-29,21.995141983032227
2008-03-03,22.034557342529297
2008-03-04,22.003345489501953
2008-03-05,22.0423583984375
2008-03-06,22.178939819335938
2008-03-07,22.15943145751953
2008-03-10,22.198453903198242
2008-03-11,22.09309196472168
2008-03-12,22.459877014160156
2008-03-13,22.522321701049805
2008-03-14,22.9398250579834
2008-03-17,22.764236450195312
2008-03-18,22.725215911865234
2008-03-19,22.55352783203125
2008-03-20,22.377939224243164
2008-03-24,22.02676773071289
2008-03-25,22.48719024658203
2008-03-26,22.635465621948242
2008-03-27,22.6042537689209
2008-03-28,22.627653121948242
2008-03-31,22.61595344543457
2008-04-01,22.38092803955078
2008-04-02,22.404388427734375
2008-04-03,22.412200927734375
2008-04-04,22.51780128479004
2008-04-07,22.443492889404297
2008-04-08,22.427854537963867
2008-04-09,22.48651885986328
2008-04-10,22.48651885986328
2008-04-11,22.639026641845703
2008-04-14,22.64295196533203
2008-04-15,22.48651885986328
2008-04-16,22.607744216918945
2008-04-17,22.388750076293945
2008-04-18,22.2205867767334
2008-04-21,22.33399772644043
2008-04-22,22.474775314331055
2008-04-23,22.447412490844727
2008-04-24,22.142370223999023
2008-04-25,21.76695442199707
2008-04-28,21.95074462890625
2008-04-29,21.94292640686035
2008-04-30,22.087617874145508
2008-05-01,21.842517852783203
2008-05-02,21.819002151489258
2008-05-05,21.940563201904297
2008-05-06,21.975860595703125
2008-05-07,21.9052734375
2008-05-08,21.97193145751953
2008-05-09,22.140552520751953
2008-05-12,22.117033004760742
2008-05-13,21.964107513427734
2008-05-14,21.87390899658203
2008-05-15,21.76409339904785
2008-05-16,21.920955657958984
2008-05-19,21.924882888793945
2008-05-20,22.132720947265625
2008-05-21,22.199382781982422
2008-05-22,22.058202743530273
2008-05-23,22.16801643371582
2008-05-27,22.01507568359375
2008-05-28,21.917041778564453
2008-05-29,21.689592361450195
2008-05-30,21.75626564025879
2008-06-02,21.837636947631836
2008-06-03,21.743282318115234
2008-06-04,21.69610595703125
2008-06-05,21.719684600830078
2008-06-06,21.900550842285156
2008-06-09,21.66463851928711
2008-06-10,21.326501846313477
2008-06-11,21.385482788085938
2008-06-12,20.945119857788086
2008-06-13,21.086669921875
2008-06-16,21.129915237426758
2008-06-17,21.2360782623291
2008-06-18,21.318641662597656
2008-06-19,21.26359748840332
2008-06-20,21.530960083007812
2008-06-23,21.377626419067383
2008-06-24,21.52704429626465
2008-06-25,21.58599853515625
2008-06-26,21.817989349365234
2008-06-27,21.845518112182617
2008-06-30,21.66463851928711
2008-07-01,21.700519561767578
2008-07-02,21.885786056518555
2008-07-03,21.803014755249023
2008-07-07,21.85819435119629
2008-07-08,21.72417640686035
2008-07-09,21.96858024597168
2008-07-10,21.948867797851562
2008-07-11,22.01981544494629
2008-07-14,22.153841018676758
2008-07-15,22.25239372253418
2008-07-16,22.173555374145508
2008-07-17,21.976457595825195
2008-07-18,21.901565551757812
2008-07-21,22.03559112548828
2008-07-22,21.889728546142578
2008-07-23,21.803014755249023
2008-07-24,21.877899169921875
2008-07-25,21.846364974975586
2008-07-28,21.980396270751953
2008-07-29,21.818782806396484
2008-07-30,21.97250747680664
2008-07-31,21.980396270751953
2008-08-01,21.961040496826172
2008-08-04,21.929443359375
2008-08-05,21.858346939086914
2008-08-06,21.700355529785156
2008-08-07,21.704299926757812
2008-08-08,21.329069137573242
2008-08-11,21.119733810424805
2008-08-12,21.309335708618164
2008-08-13,21.29353141784668
2008-08-14,21.194766998291016
2008-08-15,20.969636917114258
2008-08-18,21.127634048461914
2008-08-19,21.18292999267578
2008-08-20,21.119733810424805
2008-08-21,21.289562225341797
2008-08-22,21.178977966308594
2008-08-25,21.289562225341797
2008-08-26,21.178977966308594
2008-08-27,21.084190368652344
2008-08-28,21.131572723388672
2008-08-29,21.036785125732422
2008-09-02,21.023693084716797
2008-09-03,21.003887176513672
2008-09-04,20.88499641418457
2008-09-05,20.7661075592041
2008-09-08,20.71063804626465
2008-09-09,20.73439598083496
2008-09-10,20.49662971496582
2008-09-11,20.449073791503906
2008-09-12,20.619474411010742
2008-09-15,20.774032592773438
2008-09-16,20.83348846435547
2008-09-17,20.369815826416016
2008-09-18,20.239038467407227
2008-09-19,20.667034149169922
2008-09-22,20.952381134033203
2008-09-23,21.102981567382812
2008-09-24,21.158447265625
2008-09-25,21.348684310913086
2008-09-26,21.098995208740234
2008-09-29,20.47681999206543
2008-09-30,20.564006805419922
2008-10-01,20.62875747680664
2008-10-02,20.65658950805664
2008-10-03,20.692317962646484
2008-10-06,20.79166603088379
2008-10-07,20.346664428710938
2008-10-08,19.544084548950195
2008-10-09,19.591760635375977
2008-10-10,19.071271896362305
2008-10-13,19.0792179107666
2008-10-14,19.500385284423828
2008-10-15,20.05265235900879
2008-10-16,19.55998420715332
2008-10-17,19.993045806884766
2008-10-20,19.941408157348633
2008-10-21,19.802350997924805
2008-10-22,19.46461296081543
2008-10-23,19.516273498535156
2008-10-24,19.289798736572266
2008-10-27,19.174589157104492
2008-10-28,19.17059898376465
2008-10-29,19.460643768310547
2008-10-30,19.647384643554688
2008-10-31,19.52817726135254
2008-11-03,19.47879409790039
2008-11-04,19.68195152282715
2008-11-05,19.729755401611328
2008-11-06,19.68195152282715
2008-11-07,19.76558494567871
2008-11-10,19.709827423095703
2008-11-11,19.522611618041992
2008-11-12,19.518625259399414
2008-11-13,19.697877883911133
2008-11-14,19.65806007385254
2008-11-17,19.618209838867188
2008-11-18,19.546525955200195
2008-11-19,19.47879409790039
2008-11-20,19.598302841186523
2008-11-21,19.518625259399414
2008-11-24,19.89703941345215
2008-11-25,20.15596580505371
2008-11-26,20.11614418029785
2008-11-28,20.03646469116211
2008-12-01,20.10515022277832
2008-12-02,20.216960906982422
2008-12-03,20.224931716918945
2008-12-04,20.157066345214844
2008-12-05,20.069223403930664
2008-12-08,20.32477569580078
2008-12-09,20.284841537475586
2008-12-10,20.328765869140625
2008-12-11,20.68813705444336
2008-12-12,20.672170639038086
2008-12-15,20.9836368560791
2008-12-16,21.63850212097168
2008-12-17,22.129653930664062
2008-12-18,21.92999839782715
2008-12-19,21.69438362121582
2008-12-22,21.742311477661133
2008-12-23,21.734329223632812
2008-12-24,21.742311477661133
2008-12-26,21.72234535217285
2008-12-29,21.87599754333496
2008-12-30,21.928024291992188
2008-12-31,21.767967224121094
2009-01-02,21.5878963470459
2009-01-05,21.32780647277832
2009-01-06,20.92765998840332
2009-01-07,21.2437686920166
2009-01-08,21.41983985900879
2009-01-09,21.28778839111328
2009-01-12,21.167741775512695
2009-01-13,20.935657501220703
2009-01-14,20.855634689331055
2009-01-15,20.883630752563477
2009-01-16,20.947650909423828
2009-01-20,20.547521591186523
2009-01-21,20.563522338867188
2009-01-22,20.567520141601562
2009-01-23,20.467491149902344
2009-01-26,20.447481155395508
2009-01-27,20.651552200317383
2009-01-28,20.695571899414062
2009-01-29,20.563522338867188
2009-01-30,20.307435989379883
2009-02-02,20.356367111206055
2009-02-03,20.43659210205078
2009-02-04,20.33631706237793
2009-02-05,20.248075485229492
2009-02-06,20.27614402770996
2009-02-09,20.416522979736328
2009-02-10,20.416522979736328
2009-02-11,20.43659210205078
2009-02-12,20.356367111206055
2009-02-13,20.30021095275879
2009-02-17,19.87904167175293
2009-02-18,19.79481315612793
2009-02-19,19.762727737426758
2009-02-20,20.131738662719727
2009-02-23,19.975305557250977
2009-02-24,20.01543617248535
2009-02-25,19.818872451782227
2009-02-26,19.730632781982422
2009-02-27,19.630352020263672
2009-03-02,19.525432586669922
2009-03-03,19.400806427001953
2009-03-04,19.453065872192383
2009-03-05,19.469146728515625
2009-03-06,19.416889190673828
2009-03-09,19.51738739013672
2009-03-10,19.577695846557617
2009-03-11,19.86714744567871
2009-03-12,20.019895553588867
2009-03-13,19.98773765563965
2009-03-16,20.044021606445312
2009-03-17,20.064115524291992
2009-03-18,20.73949432373047
2009-03-19,21.024913787841797
2009-03-20,20.900291442871094
2009-03-23,21.05707550048828
2009-03-24,20.70331382751465
2009-03-25,20.876163482666016
2009-03-26,20.791749954223633
2009-03-27,20.622905731201172
2009-03-30,20.542503356933594
2009-03-31,20.56260871887207
2009-04-01,20.60280418395996
2009-04-02,20.683202743530273
2009-04-03,20.74350357055664
2009-04-06,20.586721420288086
2009-04-07,20.542503356933594
2009-04-08,20.53847312927246
2009-04-09,20.361600875854492
2009-04-13,20.70732307434082
2009-04-14,20.723400115966797
2009-04-15,20.70331382751465
2009-04-16,20.610851287841797
2009-04-17,20.40180015563965
2009-04-20,20.341510772705078
2009-04-21,20.433971405029297
2009-04-22,20.39374351501465
2009-04-23,20.634971618652344
2009-04-24,20.86009407043457
2009-04-27,20.514379501342773
2009-04-28,20.803817749023438
2009-04-29,20.83597183227539
2009-04-30,20.74751091003418
2009-05-01,20.864116668701172
2009-05-04,20.99275779724121
2009-05-05,20.984708786010742
2009-05-06,21.069137573242188
2009-05-07,20.896278381347656
2009-05-08,21.246017456054688
2009-05-11,21.250024795532227
2009-05-12,21.254053115844727
2009-05-13,21.326404571533203
2009-05-14,21.366615295410156
2009-05-15,21.16963768005371
2009-05-18,21.306324005126953
2009-05-19,21.310338973999023
2009-05-20,21.595762252807617
2009-05-21,21.724395751953125
2009-05-22,21.76861572265625
2009-05-26,21.744510650634766
2009-05-27,21.644006729125977
2009-05-28,21.52341079711914
2009-05-29,21.861087799072266
2009-06-01,21.853038787841797
2009-06-02,21.993757247924805
2009-06-03,21.79676055908203
2009-06-04,21.764602661132812
2009-06-05,21.342487335205078
2009-06-08,21.426923751831055
2009-06-09,21.627931594848633
2009-06-10,21.398780822753906
2009-06-11,21.648014068603516
2009-06-12,21.635961532592773
2009-06-15,21.430925369262695
2009-06-16,21.479177474975586
2009-06-17,21.672143936157227
2009-06-18,21.559579849243164
2009-06-19,21.615867614746094
2009-06-22,21.547510147094727
2009-06-23,21.820880889892578
2009-06-24,21.684192657470703
2009-06-25,21.82892608642578
2009-06-26,21.973651885986328
2009-06-29,21.937469482421875
2009-06-30,21.973651885986328
2009-07-01,22.074155807495117
2009-07-02,21.98973274230957
2009-07-06,22.04600715637207
2009-07-07,21.84500503540039
2009-07-08,21.973651885986328
2009-07-09,22.154552459716797
2009-07-10,22.12640953063965
2009-07-13,22.090229034423828
2009-07-14,22.029924392700195
2009-07-15,22.146509170532227
2009-07-16,22.19474983215332
2009-07-17,22.13042449951172
2009-07-20,22.218868255615234
2009-07-21,22.279186248779297
2009-07-22,22.31936264038086
2009-07-23,22.234956741333008
2009-07-24,22.363590240478516
2009-07-27,22.34349822998047
2009-07-28,22.351526260375977
2009-07-29,22.238969802856445
2009-07-30,22.186710357666016
2009-07-31,22.661087036132812
2009-08-03,22.673139572143555
2009-08-04,22.636940002441406
2009-08-05,22.753543853759766
2009-08-06,22.592735290527344
2009-08-07,22.331418991088867
2009-08-10,22.283203125
2009-08-11,22.267112731933594
2009-08-12,22.399778366088867
2009-08-13,22.464101791381836
2009-08-14,22.516355514526367
2009-08-17,22.452028274536133
2009-08-18,22.43998146057129
2009-08-19,22.604801177978516
2009-08-20,22.677162170410156
2009-08-21,22.749513626098633
2009-08-24,22.761577606201172
2009-08-25,22.733440399169922
2009-08-26,22.669116973876953
2009-08-27,22.80982208251953
2009-08-28,22.72942352294922
2009-08-31,22.833948135375977
2009-09-01,22.62891960144043
2009-09-02,22.701271057128906
2009-09-03,22.793739318847656
2009-09-04,22.890214920043945
2009-09-08,23.131423950195312
2009-09-09,23.131423950195312
2009-09-10,23.09524917602539
2009-09-11,23.231924057006836
2009-09-14,23.36860466003418
2009-09-15,23.4047908782959
2009-09-16,23.449018478393555
2009-09-17,23.481155395507812
2009-09-18,23.38871192932129
2009-09-21,23.19976234436035
2009-09-22,23.489208221435547
2009-09-23,23.44096565246582
2009-09-24,23.256052017211914
2009-09-25,23.4007625579834
2009-09-28,23.473129272460938
2009-09-29,23.416847229003906
2009-09-30,23.489208221435547
2009-10-01,23.36860466003418
2009-10-02,23.46107292175293
2009-10-05,23.505287170410156
2009-10-06,23.573631286621094
2009-10-07,23.62590217590332
2009-10-08,23.8228759765625
2009-10-09,23.593740463256836
2009-10-12,23.71433448791504
2009-10-13,23.726394653320312
2009-10-14,23.77463150024414
2009-10-15,23.678163528442383
2009-10-16,23.5897159576416
2009-10-19,23.7585506439209
2009-10-20,23.770620346069336
2009-10-21,23.77865219116211
2009-10-22,23.79875373840332
2009-10-23,23.69021987915039
2009-10-26,23.477142333984375
2009-10-27,23.509323120117188
2009-10-28,23.428913116455078
2009-10-29,23.49323081970215
2009-10-30,23.51735496520996
2009-11-02,23.509323120117188
2009-11-03,23.420862197875977
2009-11-04,23.51332664489746
2009-11-05,23.5897159576416
2009-11-06,23.605775833129883
2009-11-09,23.851024627685547
2009-11-10,23.8791561126709
2009-11-11,23.951520919799805
2009-11-12,23.66609001159668
2009-11-13,23.90728759765625
2009-11-16,24.00779914855957
2009-11-17,23.923370361328125
2009-11-18,23.959562301635742
2009-11-19,23.935436248779297
2009-11-20,23.83894157409668
2009-11-23,23.951520919799805
2009-11-24,23.979644775390625
2009-11-25,24.212818145751953
2009-11-27,24.084184646606445
2009-11-30,24.228900909423828
2009-12-01,24.365575790405273
2009-12-02,24.313331604003906
2009-12-03,24.1846866607666
2009-12-04,23.83091926574707
2009-12-07,23.859046936035156
2009-12-08,23.77865219116211
2009-12-09,23.83091926574707
2009-12-10,23.750513076782227
2009-12-11,23.521366119384766
2009-12-14,23.682174682617188
2009-12-15,23.481155395507812
2009-12-16,23.4088134765625
2009-12-17,23.191734313964844
2009-12-18,23.139453887939453
2009-12-21,23.00277328491211
2009-12-22,22.950517654418945
2009-12-23,23.04700469970703
2009-12-24,22.994752883911133
2009-12-28,23.063077926635742
2009-12-29,22.945960998535156
2009-12-30,22.92577362060547
2009-12-31,22.950010299682617
2010-01-04,23.014612197875977
2010-01-05,23.1236572265625
2010-01-06,23.083276748657227
2010-01-07,22.950010299682617
2010-01-08,23.083276748657227
2010-01-11,23.24480628967285
2010-01-12,23.256921768188477
2010-01-13,23.333646774291992
2010-01-14,23.361909866333008
2010-01-15,23.329618453979492
2010-01-19,23.23269271850586
2010-01-20,22.88136100769043
2010-01-21,22.990392684936523
2010-01-22,23.00655174255371
2010-01-25,22.970197677612305
2010-01-26,22.986360549926758
2010-01-27,22.88136100769043
2010-01-28,22.80058479309082
2010-01-29,22.614835739135742
2010-02-01,22.65734100341797
2010-02-02,22.75455665588379
2010-02-03,22.681665420532227
2010-02-04,22.547996520996094
2010-02-05,22.377899169921875
2010-02-08,22.3859806060791
2010-02-09,22.580402374267578
2010-02-10,22.57230567932129
2010-02-11,22.608760833740234
2010-02-12,22.5439510345459
2010-02-16,22.69785499572754
2010-02-17,22.61280632019043
2010-02-18,22.59661102294922
2010-02-19,22.50345230102539
2010-02-22,22.616846084594727
2010-02-23,22.6330509185791
2010-02-24,22.71405601501465
2010-02-25,22.710004806518555
2010-02-26,22.669513702392578
2010-03-01,22.527740478515625
2010-03-02,22.64116096496582
2010-03-03,22.76265525817871
2010-03-04,22.64116096496582
2010-03-05,22.624950408935547
2010-03-08,22.6776123046875
2010-03-09,22.608760833740234
2010-03-10,22.65734100341797
2010-03-11,22.746461868286133
2010-03-12,22.87202262878418
2010-03-15,22.88417625427246
2010-03-16,22.99757194519043
2010-03-17,23.09478759765625
2010-03-18,22.977317810058594
2010-03-19,22.88011932373047
2010-03-22,22.851755142211914
2010-03-23,22.88417625427246
2010-03-24,22.616846084594727
2010-03-25,22.3859806060791
2010-03-26,22.45484733581543
2010-03-29,22.535846710205078
2010-03-30,22.580402374267578
2010-03-31,22.665451049804688
2010-04-01,22.673555374145508
2010-04-05,22.55609703063965
2010-04-06,22.515594482421875
2010-04-07,22.495330810546875
2010-04-08,22.47913932800293
2010-04-09,22.535846710205078
2010-04-12,22.6330509185791
2010-04-13,22.718103408813477
2010-04-14,22.746461868286133
2010-04-15,22.61280632019043
2010-04-16,22.568248748779297
2010-04-19,22.560138702392578
2010-04-20,22.6330509185791
2010-04-21,22.576351165771484
2010-04-22,22.394073486328125
2010-04-23,22.398134231567383
2010-04-26,22.410293579101562
2010-04-27,22.215879440307617
2010-04-28,22.053852081298828
2010-04-29,22.138914108276367
2010-04-30,22.33738136291504
2010-05-03,22.1632137298584
2010-05-04,22.00525665283203
2010-05-05,21.713640213012695
2010-05-06,21.454416275024414
2010-05-07,21.51111602783203
2010-05-10,21.782487869262695
2010-05-11,21.83515739440918
2010-05-12,21.74603271484375
2010-05-13,21.584033966064453
2010-05-14,21.48681640625
2010-05-17,21.37746238708496
2010-05-18,21.215450286865234
2010-05-19,21.454416275024414
2010-05-20,21.567825317382812
2010-05-21,21.636672973632812
2010-05-24,21.53542137145996
2010-05-25,21.559715270996094
2010-05-26,21.312664031982422
2010-05-27,21.43416976928711
2010-05-28,21.52326202392578
2010-06-01,21.620481491088867
2010-06-02,21.422006607055664
2010-06-03,21.300512313842773
2010-06-04,21.30860710144043
2010-06-07,21.16684341430664
2010-06-08,21.25999641418457
2010-06-09,21.32480812072754
2010-06-10,21.409868240356445
2010-06-11,21.300512313842773
2010-06-14,21.474668502807617
2010-06-15,21.51111602783203
2010-06-16,21.5313777923584
2010-06-17,21.685293197631836
2010-06-18,21.701478958129883
2010-06-21,21.66502571105957
2010-06-22,21.786535263061523
2010-06-23,21.782487869262695
2010-06-24,21.66502571105957
2010-06-25,21.827051162719727
2010-06-28,21.75008773803711
2010-06-29,21.66502571105957
2010-06-30,21.770343780517578
2010-07-01,21.984994888305664
2010-07-02,22.07412338256836
2010-07-06,22.110557556152344
2010-07-07,22.2523193359375
2010-07-08,22.223974227905273
2010-07-09,22.191574096679688
2010-07-12,22.0943603515625
2010-07-13,22.33738136291504
2010-07-14,22.30904197692871
2010-07-15,22.57230567932129
2010-07-16,22.649240493774414
2010-07-19,22.742408752441406
2010-07-20,22.669513702392578
2010-07-21,22.637096405029297
2010-07-22,22.624950408935547
2010-07-23,22.6330509185791
2010-07-26,22.799116134643555
2010-07-27,22.799116134643555
2010-07-28,22.592544555664062
2010-07-29,23.009729385375977
2010-07-30,23.098840713500977
2010-08-02,23.167694091796875
2010-08-03,23.560562133789062
2010-08-04,23.52006721496582
2010-08-05,23.552457809448242
2010-08-06,23.694231033325195
2010-08-09,23.641572952270508
2010-08-10,23.398569107055664
2010-08-11,23.179838180541992
2010-08-12,23.127187728881836
2010-08-13,22.811254501342773
2010-08-16,23.123130798339844
2010-08-17,23.1717472076416
2010-08-18,23.394498825073242
2010-08-19,23.337799072265625
2010-08-20,23.110986709594727
2010-08-23,23.046188354492188
2010-08-24,23.16364097595215
2010-08-25,23.31349754333496
2010-08-26,23.430967330932617
2010-08-27,23.402605056762695
2010-08-30,23.443115234375
2010-08-31,23.49577522277832
2010-09-01,23.42285919189453
2010-09-02,23.463361740112305
2010-09-03,23.451213836669922
2010-09-07,23.398569107055664
2010-09-08,23.216299057006836
2010-09-09,23.139341354370117
2010-09-10,22.88011932373047
2010-09-13,23.439064025878906
2010-09-14,23.649675369262695
2010-09-15,23.349937438964844
2010-09-16,23.49577522277832
2010-09-17,23.341859817504883
2010-09-20,23.305400848388672
2010-09-21,23.544374465942383
2010-09-22,23.831933975219727
2010-09-23,23.998001098632812
2010-09-24,24.058761596679688
2010-09-27,24.196474075317383
2010-09-28,24.2977237701416
2010-09-29,24.269367218017578
2010-09-30,24.285568237304688
2010-10-01,24.38681411743164
2010-10-04,24.382774353027344
2010-10-05,24.642000198364258
2010-10-06,24.88501739501953
2010-10-07,24.856658935546875
2010-10-08,24.92957305908203
2010-10-11,24.945762634277344
2010-10-12,24.872873306274414
2010-10-13,24.905277252197266
2010-10-14,25.12803840637207
2010-10-15,24.933618545532227
2010-10-18,24.937671661376953
2010-10-19,24.471878051757812
2010-10-20,24.767562866210938
2010-10-21,24.710857391357422
2010-10-22,24.76349639892578
2010-10-25,24.868810653686523
2010-10-26,24.654142379760742
2010-10-27,24.4556827545166
2010-10-28,24.662248611450195
2010-10-29,24.80400848388672
2010-11-01,24.76349639892578
2010-11-02,24.897178649902344
2010-11-03,25.047025680541992
2010-11-04,25.217145919799805
2010-11-05,24.982236862182617
2010-11-08,24.856658935546875
2010-11-09,24.593400955200195
2010-11-10,24.53264617919922
2010-11-11,24.398984909057617
2010-11-12,24.31796646118164
2010-11-15,24.05470085144043
2010-11-16,23.811689376831055
2010-11-17,23.880537033081055
2010-11-18,23.969640731811523
2010-11-19,23.953454971313477
2010-11-22,24.04254913330078
2010-11-23,23.74284553527832
2010-11-24,23.68208122253418
2010-11-26,23.463361740112305
2010-11-29,23.04213523864746
2010-11-30,23.106937408447266
2010-12-01,23.147438049316406
2010-12-02,23.358064651489258
2010-12-03,23.572723388671875
2010-12-06,23.552457809448242
2010-12-07,23.32160758972168
2010-12-08,23.20413589477539
2010-12-09,23.196048736572266
2010-12-10,23.196048736572266
2010-12-13,23.459318161010742
2010-12-14,23.252750396728516
2010-12-15,23.102888107299805
2010-12-16,23.187938690185547
2010-12-17,23.220335006713867
2010-12-20,23.216299057006836
2010-12-21,23.16364097595215
2010-12-22,23.220335006713867
2010-12-23,23.305400848388672
2010-12-27,23.32160758972168
2010-12-28,23.341859817504883
2010-12-29,23.59294319152832
2010-12-30,23.62147331237793
2010-12-31,23.829378128051758
2011-01-03,23.821212768554688
2011-01-04,23.70707893371582
2011-01-05,23.36876106262207
2011-01-06,23.222026824951172
2011-01-07,23.1201171875
2011-01-10,23.23830223083496
2011-01-11,23.222026824951172
2011-01-12,23.385061264038086
2011-01-13,23.59701919555664
2011-01-14,23.617399215698242
2011-01-18,23.65816307067871
2011-01-19,23.764129638671875
2011-01-20,23.65001106262207
2011-01-21,23.81714630126953
2011-01-24,23.976102828979492
2011-01-25,23.94349479675293
2011-01-26,23.91090202331543
2011-01-27,23.92719841003418
2011-01-28,23.85382080078125
2011-01-31,24.02503204345703
2011-02-01,24.196224212646484
2011-02-02,24.15138053894043
2011-02-03,24.05763053894043
2011-02-04,23.939414978027344
2011-02-07,23.849746704101562
2011-02-08,23.78452491760254
2011-02-09,23.67445182800293
2011-02-10,23.527725219726562
2011-02-11,23.53181266784668
2011-02-14,23.51143455505371
2011-02-15,23.584794998168945
2011-02-16,23.71114730834961
2011-02-17,23.89458656311035
2011-02-18,23.98833656311035
2011-02-22,24.033178329467773
2011-02-23,24.033178329467773
2011-02-24,24.049482345581055
2011-02-25,24.082096099853516
2011-02-28,24.18399429321289
2011-03-01,24.15138053894043
2011-03-02,24.334806442260742
2011-03-03,24.11063003540039
2011-03-04,24.28997230529785
2011-03-07,24.245132446289062
2011-03-08,24.065780639648438
2011-03-09,24.159534454345703
2011-03-10,24.01686668395996
2011-03-11,24.232906341552734
2011-03-14,24.473400115966797
2011-03-15,24.432645797729492
2011-03-16,24.51417350769043
2011-03-17,24.5549373626709
2011-03-18,24.66091537475586
2011-03-21,24.69759178161621
2011-03-22,24.664987564086914
2011-03-23,24.66091537475586
2011-03-24,24.636444091796875
2011-03-25,24.51009178161621
2011-03-28,24.477487564086914
2011-03-29,24.4000301361084
2011-03-30,24.39188575744629
2011-03-31,24.387800216674805
2011-04-01,24.379657745361328
2011-04-04,24.404094696044922
2011-04-05,24.277751922607422
2011-04-06,24.416336059570312
2011-04-07,24.37149429321289
2011-04-08,24.44894790649414
2011-04-11,24.477487564086914
2011-04-12,24.640527725219727
2011-04-13,24.603849411010742
2011-04-14,24.6283016204834
2011-04-15,24.677207946777344
2011-04-18,24.5345401763916
2011-04-19,24.673126220703125
2011-04-20,24.885093688964844
2011-04-21,25.044071197509766
2011-04-25,25.06036949157715
2011-04-26,25.18672752380371
2011-04-27,25.35793113708496
2011-04-28,25.480213165283203
2011-04-29,25.57805061340332
2011-05-02,25.59435272216797
2011-05-03,25.48430061340332
2011-05-04,25.49245262145996
2011-05-05,25.25602912902832
2011-05-06,25.12559700012207
2011-05-09,25.137813568115234
2011-05-10,25.198957443237305
2011-05-11,25.01146125793457
2011-05-12,24.96253776550293
2011-05-13,24.811721801757812
2011-05-16,24.905473709106445
2011-05-17,24.852493286132812
2011-05-18,24.836177825927734
2011-05-19,24.96661949157715
2011-05-20,24.82802391052246
2011-05-23,24.7220516204834
2011-05-24,24.779123306274414
2011-05-25,24.78726577758789
2011-05-26,24.8687801361084
2011-05-27,25.12559700012207
2011-05-31,25.231571197509766
2011-06-01,25.17601776123047
2011-06-02,25.392501831054688
2011-06-03,25.59671974182129
2011-06-06,25.568124771118164
2011-06-07,25.653894424438477
2011-06-08,25.539531707763672
2011-06-09,25.470094680786133
2011-06-10,25.290386199951172
2011-06-13,25.376161575317383
2011-06-14,25.33123016357422
2011-06-15,25.09025764465332
2011-06-16,25.151506423950195
2011-06-17,25.245452880859375
2011-06-20,25.24954605102539
2011-06-21,25.351648330688477
2011-06-22,25.30263328552246
2011-06-23,25.15559959411621
2011-06-24,25.078004837036133
2011-06-27,25.09025764465332
2011-06-28,25.131105422973633
2011-06-29,25.188268661499023
2011-06-30,25.229114532470703
2011-07-01,25.255725860595703
2011-07-05,25.173864364624023
2011-07-06,25.14113426208496
2011-07-07,25.173864364624023
2011-07-08,25.145217895507812
2011-07-11,24.789161682128906
2011-07-12,24.793241500854492
2011-07-13,25.010168075561523
2011-07-14,25.075651168823242
2011-07-15,25.087915420532227
2011-07-18,24.948780059814453
2011-07-19,25.022451400756836
2011-07-20,25.239343643188477
2011-07-21,25.41942024230957
2011-07-22,25.411243438720703
2011-07-25,25.44808006286621
2011-07-26,25.5585880279541
2011-07-27,25.554485321044922
2011-07-28,25.505373001098633
2011-07-29,25.64453125
2011-08-01,25.53941535949707
2011-08-02,25.461393356323242
2011-08-03,25.62563705444336
2011-08-04,25.251977920532227
2011-08-05,25.44497299194336
2011-08-08,25.440866470336914
2011-08-09,25.662599563598633
2011-08-10,25.49424934387207
2011-08-11,25.559947967529297
2011-08-12,25.662599563598633
2011-08-15,25.97464370727539
2011-08-16,25.929481506347656
2011-08-17,26.089618682861328
2011-08-18,26.060871124267578
2011-08-19,26.134784698486328
2011-08-22,26.064985275268555
2011-08-23,26.142995834350586
2011-08-24,25.98697280883789
2011-08-25,25.884315490722656
2011-08-26,26.073183059692383
2011-08-29,26.1142578125
2011-08-30,26.097829818725586
2011-08-31,25.9212646484375
2011-09-01,25.900239944458008
2011-09-02,25.830110549926758
2011-09-06,25.574369430541992
2011-09-07,25.743486404418945
2011-09-08,25.644495010375977
2011-09-09,25.372241973876953
2011-09-12,25.347490310668945
2011-09-13,25.368122100830078
2011-09-14,25.347490310668945
2011-09-15,25.454742431640625
2011-09-16,25.409374237060547
2011-09-19,25.244373321533203
2011-09-20,25.194887161254883
2011-09-21,24.99689483642578
2011-09-22,24.856639862060547
2011-09-23,24.852510452270508
2011-09-26,25.058752059936523
2011-09-27,25.12063217163086
2011-09-28,24.9267520904541
2011-09-29,24.99689483642578
2011-09-30,24.794763565063477
2011-10-03,24.58514976501465
2011-10-04,24.647296905517578
2011-10-05,24.705291748046875
2011-10-06,24.788129806518555
2011-10-07,24.9372615814209
2011-10-10,24.991117477416992
2011-10-11,25.094655990600586
2011-10-12,25.206523895263672
2011-10-13,25.202375411987305
2011-10-14,25.276941299438477
2011-10-17,25.14852523803711
2011-10-18,25.210664749145508
2011-10-19,25.102968215942383
2011-10-20,25.102968215942383
2011-10-21,25.260377883911133
2011-10-24,25.322505950927734
2011-10-25,25.314218521118164
2011-10-26,25.44678497314453
2011-10-27,25.79059410095215
2011-10-28,25.79059410095215
2011-10-31,25.314218521118164
2011-11-01,25.12152099609375
2011-11-02,25.20060157775879
2011-11-03,25.325469970703125
2011-11-04,25.21308135986328
2011-11-07,25.308813095092773
2011-11-08,25.421178817749023
2011-11-09,24.971691131591797
2011-11-10,25.021636962890625
2011-11-11,25.2338924407959
2011-11-14,25.109039306640625
2011-11-15,24.905099868774414
2011-11-16,24.65538787841797
2011-11-17,24.63874626159668
2011-11-18,24.68867301940918
2011-11-21,24.49723243713379
2011-11-22,24.50971221923828
2011-11-23,24.28082275390625
2011-11-25,24.022754669189453
2011-11-28,24.106002807617188
2011-11-29,24.180917739868164
2011-11-30,24.61375617980957
2011-12-01,24.779273986816406
2011-12-02,24.754058837890625
2011-12-05,24.74565315246582
2011-12-06,24.863296508789062
2011-12-07,25.027101516723633
2011-12-08,24.800256729125977
2011-12-09,24.85066795349121
2011-12-12,24.636436462402344
2011-12-13,24.439023971557617
2011-12-14,24.451610565185547
2011-12-15,24.527231216430664
2011-12-16,24.619644165039062
2011-12-19,24.66165542602539
2011-12-20,24.749849319458008
2011-12-21,24.733060836791992
2011-12-22,24.74565315246582
2011-12-23,24.733060836791992
2011-12-27,24.804471969604492
2011-12-28,24.654146194458008
2011-12-29,24.700464248657227
2011-12-30,24.77204132080078
2012-01-03,25.020488739013672
2012-01-04,24.82257652282715
2012-01-05,24.5194034576416
2012-01-06,24.380435943603516
2012-01-09,24.4604434967041
2012-01-10,24.527820587158203
2012-01-11,24.506772994995117
2012-01-12,24.57834243774414
2012-01-13,24.494123458862305
2012-01-17,24.561504364013672
2012-01-18,24.704669952392578
2012-01-19,24.818361282348633
2012-01-20,24.940479278564453
2012-01-23,24.948896408081055
2012-01-24,24.944692611694336
2012-01-25,25.08364486694336
2012-01-26,25.180484771728516
2012-01-27,25.466821670532227
2012-01-30,25.35735321044922
2012-01-31,25.44999122619629
2012-02-01,25.658737182617188
2012-02-02,25.6629638671875
2012-02-03,25.553319931030273
2012-02-06,25.409921646118164
2012-02-07,25.460525512695312
2012-02-08,25.481603622436523
2012-02-09,25.45208740234375
2012-02-10,25.329776763916016
2012-02-13,25.329776763916016
2012-02-14,25.31291961669922
2012-02-15,25.25387191772461
2012-02-16,25.296045303344727
2012-02-17,25.245433807373047
2012-02-21,25.31291961669922
2012-02-22,25.283390045166016
2012-02-23,25.426790237426758
2012-02-24,25.527997970581055
2012-02-27,25.51535987854004
2012-02-28,25.5786190032959
2012-02-29,25.51535987854004
2012-03-01,25.54153060913086
2012-03-02,25.393709182739258
2012-03-05,25.381038665771484
2012-03-06,25.24163818359375
2012-03-07,25.266984939575195
2012-03-08,25.419036865234375
2012-03-09,25.20786476135254
2012-03-12,25.195175170898438
2012-03-13,25.09382438659668
2012-03-14,24.903743743896484
2012-03-15,24.899511337280273
2012-03-16,24.958654403686523
2012-03-19,25.106487274169922
2012-03-20,25.01356315612793
2012-03-21,24.99243927001953
2012-03-22,25.01778221130371
2012-03-23,25.140281677246094
2012-03-26,25.288108825683594
2012-03-27,25.22476577758789
2012-03-28,25.212080001831055
2012-03-29,25.237422943115234
2012-03-30,25.317689895629883
2012-04-02,25.36675262451172
2012-04-03,25.142526626586914
2012-04-04,25.053686141967773
2012-04-05,24.93946075439453
2012-04-09,25.06215476989746
2012-04-10,25.108688354492188
2012-04-11,25.15945053100586
2012-04-12,25.320205688476562
2012-04-13,25.146757125854492
2012-04-16,25.176368713378906
2012-04-17,25.206003189086914
2012-04-18,25.244070053100586
2012-04-19,25.18907356262207
2012-04-20,25.2356014251709
2012-04-23,25.227148056030273
2012-04-24,25.29060173034668
2012-04-25,25.375211715698242
2012-04-26,25.434444427490234
2012-04-27,25.48944091796875
2012-04-30,25.595211029052734
2012-05-01,25.570634841918945
2012-05-02,25.511314392089844
2012-05-03,25.51555633544922
2012-05-04,25.456226348876953
2012-05-07,25.464693069458008
2012-05-08,25.401151657104492
2012-05-09,25.286752700805664
2012-05-10,25.30369758605957
2012-05-11,25.274032592773438
2012-05-14,25.15538787841797
2012-05-15,24.939306259155273
2012-05-16,24.841861724853516
2012-05-17,24.89269256591797
2012-05-18,24.939306259155273
2012-05-21,25.070661544799805
2012-05-22,24.888471603393555
2012-05-23,24.83338737487793
2012-05-24,24.83338737487793
2012-05-25,24.841861724853516
2012-05-29,24.799482345581055
2012-05-30,24.70203399658203
2012-05-31,24.84610366821289
2012-06-01,25.0264892578125
2012-06-04,25.060436248779297
2012-06-05,24.94160270690918
2012-06-06,25.119874954223633
2012-06-07,25.009510040283203
2012-06-08,24.984046936035156
2012-06-11,24.86520004272461
2012-06-12,24.83122444152832
2012-06-13,24.776052474975586
2012-06-14,24.83122444152832
2012-06-15,25.05621337890625
2012-06-18,24.96282958984375
2012-06-19,25.0816707611084
2012-06-20,25.085912704467773
2012-06-21,24.89914321899414
2012-06-22,24.92462730407715
2012-06-25,24.88641929626465
2012-06-26,24.86094093322754
2012-06-27,24.82699203491211
2012-06-28,24.797290802001953
2012-06-29,25.09864616394043
2012-07-02,25.117782592773438
2012-07-03,25.151798248291016
2012-07-05,24.968982696533203
2012-07-06,24.930715560913086
2012-07-09,24.994491577148438
2012-07-10,24.97747230529785
2012-07-11,25.032751083374023
2012-07-12,25.003005981445312
2012-07-13,25.092273712158203
2012-07-16,25.236820220947266
2012-07-17,25.279325485229492
2012-07-18,25.3388614654541
2012-07-19,25.39838409423828
2012-07-20,25.228328704833984
2012-07-23,25.10077476501465
2012-07-24,24.968982696533203
2012-07-25,25.079517364501953
2012-07-26,25.330354690551758
2012-07-27,25.372875213623047
2012-07-30,25.330354690551758
2012-07-31,25.42813491821289
2012-08-01,25.32168960571289
2012-08-02,25.274864196777344
2012-08-03,25.538837432861328
2012-08-06,25.5814151763916
2012-08-07,25.513296127319336
2012-08-08,25.551616668701172
2012-08-09,25.466449737548828
2012-08-10,25.513296127319336
2012-08-13,25.521818161010742
2012-08-14,25.445161819458008
2012-08-15,25.351491928100586
2012-08-16,25.334461212158203
2012-08-17,25.313173294067383
2012-08-20,25.291887283325195
2012-08-21,25.449438095092773
2012-08-22,25.56014060974121
2012-08-23,25.628271102905273
2012-08-24,25.602712631225586
2012-08-27,25.611234664916992
2012-08-28,25.717679977416992
2012-08-29,25.611234664916992
2012-08-30,25.60696792602539
2012-08-31,25.738969802856445
2012-09-04,25.689117431640625
2012-09-05,25.744503021240234
2012-09-06,25.731721878051758
2012-09-07,26.042766571044922
2012-09-10,26.004417419433594
2012-09-11,26.191904067993164
2012-09-12,26.166336059570312
2012-09-13,26.35380744934082
2012-09-14,26.31121253967285
2012-09-17,26.247282028198242
2012-09-18,26.20042610168457
2012-09-19,26.28563690185547
2012-09-20,26.225997924804688
2012-09-21,26.213218688964844
2012-09-24,26.238773345947266
2012-09-25,26.225997924804688
2012-09-26,26.268604278564453
2012-09-27,26.358074188232422
2012-09-28,26.243032455444336
2012-10-01,26.220842361450195
2012-10-02,26.284870147705078
2012-10-03,26.203777313232422
2012-10-04,26.301931381225586
2012-10-05,26.289127349853516
2012-10-08,26.212312698364258
2012-10-09,26.135480880737305
2012-10-10,26.203777313232422
2012-10-11,26.250715255737305
2012-10-12,26.336071014404297
2012-10-15,26.284870147705078
2012-10-16,26.323266983032227
2012-10-17,26.40435028076172
2012-10-18,26.301931381225586
2012-10-19,26.21656608581543
2012-10-22,26.195236206054688
2012-10-23,26.084278106689453
2012-10-24,26.080007553100586
2012-10-25,26.028791427612305
2012-10-26,26.07146644592285
2012-10-31,26.139755249023438
2012-11-01,26.033065795898438
2012-11-02,25.90504264831543
2012-11-05,25.875158309936523
2012-11-06,25.956247329711914
2012-11-07,25.96051597595215
2012-11-08,25.99039649963379
2012-11-09,25.951982498168945
2012-11-12,25.956247329711914
2012-11-13,25.94770622253418
2012-11-14,25.794071197509766
2012-11-15,25.802610397338867
2012-11-16,25.742855072021484
2012-11-19,25.870885848999023
2012-11-20,25.789798736572266
2012-11-21,25.759931564331055
2012-11-23,25.97758674621582
2012-11-26,26.0117244720459
2012-11-27,25.973318099975586
2012-11-28,26.084278106689453
2012-11-29,26.135480880737305
2012-11-30,26.135480880737305
2012-12-03,26.130342483520508
2012-12-04,26.288721084594727
2012-12-05,26.215957641601562
2012-12-06,26.177425384521484
2012-12-07,26.11322593688965
2012-12-10,26.156030654907227
2012-12-11,26.215957641601562
2012-12-12,26.250185012817383
2012-12-13,26.130342483520508
2012-12-14,26.2074031829834
2012-12-17,26.198827743530273
2012-12-18,26.258756637573242
2012-12-19,26.292993545532227
2012-12-20,26.310123443603516
2012-12-21,26.271587371826172
2012-12-24,26.24163818359375
2012-12-26,26.2074031829834
2012-12-27,26.204391479492188
2012-12-28,26.238712310791016
2012-12-31,26.174354553222656
2013-01-02,26.09284782409668
2013-01-03,25.852598190307617
2013-01-04,25.775371551513672
2013-01-07,25.84830093383789
2013-01-08,25.882633209228516
2013-01-09,25.84830093383789
2013-01-10,25.959848403930664
2013-01-11,25.98130989074707
2013-01-14,26.01991081237793
2013-01-15,26.002756118774414
2013-01-16,25.964149475097656
2013-01-17,25.916940689086914
2013-01-18,25.856876373291016
2013-01-22,25.916940689086914
2013-01-23,25.95555877685547
2013-01-24,25.839723587036133
2013-01-25,25.869752883911133
2013-01-28,25.753923416137695
2013-01-29,25.826860427856445
2013-01-30,25.856876373291016
2013-01-31,25.929821014404297
2013-02-01,25.852455139160156
2013-02-04,25.79660415649414
2013-02-05,25.71495819091797
2013-02-06,25.620412826538086
2013-02-07,25.543058395385742
2013-02-08,25.594642639160156
2013-02-11,25.49149513244629
2013-02-12,25.581745147705078
2013-02-13,25.564558029174805
2013-02-14,25.547359466552734
2013-02-15,25.482900619506836
2013-02-19,25.512983322143555
2013-02-20,25.298114776611328
2013-02-21,25.298114776611328
2013-02-22,25.298114776611328
2013-02-25,25.272335052490234
2013-02-26,25.246549606323242
2013-02-27,25.349679946899414
2013-02-28,25.298114776611328
2013-03-01,25.184350967407227
2013-03-04,25.22313690185547
2013-03-05,25.274843215942383
2013-03-06,25.102458953857422
2013-03-07,25.175735473632812
2013-03-08,24.994735717773438
2013-03-11,24.973190307617188
2013-03-12,25.037822723388672
2013-03-13,24.951637268066406
2013-03-14,25.016284942626953
2013-03-15,25.145553588867188
2013-03-18,25.098167419433594
2013-03-19,25.07661247253418
2013-03-20,25.05506706237793
2013-03-21,25.14125633239746
2013-03-22,25.274843215942383
2013-03-25,25.201581954956055
2013-03-26,25.167118072509766
2013-03-27,25.132633209228516
2013-03-28,25.210208892822266
2013-04-01,25.244714736938477
2013-04-02,25.231775283813477
2013-04-03,25.30512237548828
2013-04-04,25.339641571044922
2013-04-05,25.507915496826172
2013-04-08,25.41299057006836
2013-04-09,25.525178909301758
2013-04-10,25.34827423095703
2013-04-11,25.425931930541992
2013-04-12,25.45614242553711
2013-04-15,25.447509765625
2013-04-16,25.594200134277344
2013-04-17,25.408689498901367
2013-04-18,25.45614242553711
2013-04-19,25.37847137451172
2013-04-22,25.482025146484375
2013-04-23,25.41299057006836
2013-04-24,25.43887710571289
2013-04-25,25.447509765625
2013-04-26,25.594200134277344
2013-04-29,25.75385093688965
2013-04-30,25.88760757446289
2013-05-01,25.938108444213867
2013-05-02,25.85176658630371
2013-05-03,25.77835464477539
2013-05-06,25.661762237548828
2013-05-07,25.59699249267578
2013-05-08,25.761079788208008
2013-05-09,25.519271850585938
2013-05-10,25.21270751953125
2013-05-13,25.130657196044922
2013-05-14,25.005443572998047
2013-05-15,24.923391342163086
2013-05-16,24.970884323120117
2013-05-17,24.841341018676758
2013-05-20,24.914758682250977
2013-05-21,24.89748191833496
2013-05-22,24.716129302978516
2013-05-23,24.858625411987305
2013-05-24,24.8845272064209
2013-05-28,24.64703941345215
2013-05-29,24.711811065673828
2013-05-30,24.837032318115234
2013-05-31,24.76362419128418
2013-06-03,25.015731811523438
2013-06-04,24.898969650268555
2013-06-05,24.93790054321289
2013-06-06,25.206003189086914
2013-06-07,25.184375762939453
2013-06-10,24.981136322021484
2013-06-11,25.20166778564453
2013-06-12,25.270858764648438
2013-06-13,25.456804275512695
2013-06-14,25.569229125976562
2013-06-17,25.534637451171875
2013-06-18,25.422208786010742
2013-06-19,25.045997619628906
2013-06-20,24.613574981689453
2013-06-21,24.34546661376953
2013-06-24,24.263301849365234
2013-06-25,24.332494735717773
2013-06-26,24.38872528076172
2013-06-27,24.505468368530273
2013-06-28,24.336824417114258
2013-07-01,24.404369354248047
2013-07-02,24.25715446472168
2013-07-03,24.32210350036621
2013-07-05,24.006011962890625
2013-07-08,24.070955276489258
2013-07-09,24.07528305053711
2013-07-10,24.187864303588867
2013-07-11,24.581905364990234
2013-07-12,24.499637603759766
2013-07-15,24.52129364013672
2013-07-16,24.772430419921875
2013-07-17,24.69881820678711
2013-07-18,24.67717742919922
2013-07-19,24.703147888183594
2013-07-22,24.87636375427246
2013-07-23,24.954294204711914
2013-07-24,24.716129302978516
2013-07-25,24.87636375427246
2013-07-26,24.971620559692383
2013-07-29,24.949960708618164
2013-07-30,24.872020721435547
2013-07-31,24.919649124145508
2013-08-01,24.63237953186035
2013-08-02,24.823030471801758
2013-08-05,24.85335350036621
2013-08-06,24.901023864746094
2013-08-07,25.11332893371582
2013-08-08,25.25632095336914
2013-08-09,25.234649658203125
2013-08-12,25.139331817626953
2013-08-13,24.918354034423828
2013-08-14,24.87068748474121
2013-08-15,24.953020095825195
2013-08-16,24.901023864746094
2013-08-19,24.766695022583008
2013-08-20,24.87935447692871
2013-08-21,24.71471405029297
2013-08-22,24.65838623046875
2013-08-23,24.719038009643555
2013-08-26,24.74070167541504
2013-08-27,24.87935447692871
2013-08-28,24.753707885742188
2013-08-29,24.636714935302734
2013-08-30,24.63237953186035
2013-09-03,24.448028564453125
2013-09-04,24.513084411621094
2013-09-05,24.265830993652344
2013-09-06,24.517433166503906
2013-09-09,24.55213165283203
2013-09-10,24.49140739440918
2013-09-11,24.6735897064209
2013-09-12,24.677932739257812
2013-09-13,24.764686584472656
2013-09-16,24.920848846435547
2013-09-17,24.942537307739258
2013-09-18,25.289567947387695
2013-09-19,25.254867553710938
2013-09-20,25.224496841430664
2013-09-23,25.24184799194336
2013-09-24,25.2808895111084
2013-09-25,25.2722225189209
2013-09-26,25.172447204589844
2013-09-27,25.293899536132812
2013-09-30,25.319923400878906
2013-10-01,25.407718658447266
2013-10-02,25.542463302612305
2013-10-03,25.5728816986084
2013-10-04,25.46856689453125
2013-10-07,25.538105010986328
2013-10-08,25.529409408569336
2013-10-09,25.429445266723633
2013-10-10,25.342533111572266
2013-10-11,25.433792114257812
2013-10-14,25.416414260864258
2013-10-15,25.342533111572266
2013-10-16,25.355571746826172
2013-10-17,25.690231323242188
2013-10-18,25.729347229003906
2013-10-21,25.68588638305664
2013-10-22,25.885799407958984
2013-10-23,25.93796157836914
2013-10-24,25.91187286376953
2013-10-25,25.933610916137695
2013-10-28,25.933610916137695
2013-10-29,25.842344284057617
2013-10-30,25.75977325439453
2013-10-31,25.638072967529297
2013-11-01,25.458648681640625
2013-11-04,25.528324127197266
2013-11-05,25.419450759887695
2013-11-06,25.43251609802246
2013-11-07,25.42816734313965
2013-11-08,25.175575256347656
2013-11-11,25.258317947387695
2013-11-12,25.127683639526367
2013-11-13,25.26703453063965
2013-11-14,25.32799530029297
2013-11-15,25.341064453125
2013-11-18,25.393321990966797
2013-11-19,25.380264282226562
2013-11-20,25.258317947387695
2013-11-21,25.201723098754883
2013-11-22,25.30186653137207
2013-11-25,25.284442901611328
2013-11-26,25.36284065246582
2013-11-27,25.30186653137207
2013-11-29,25.293161392211914
2013-12-02,25.14134979248047
2013-12-03,25.26785659790039
2013-12-04,25.22423553466797
2013-12-05,25.25040054321289
2013-12-06,25.31584358215332
2013-12-09,25.359472274780273
2013-12-10,25.43799591064453
2013-12-11,25.411823272705078
2013-12-12,25.289670944213867
2013-12-13,25.342016220092773
2013-12-16,25.394372940063477
2013-12-17,25.381275177001953
2013-12-18,25.280948638916016
2013-12-19,25.171890258789062
2013-12-20,25.228599548339844
2013-12-23,25.219863891601562
2013-12-24,25.206787109375
2013-12-26,25.211149215698242
2013-12-27,25.131160736083984
2013-12-30,25.240421295166016
2013-12-31,25.23605728149414
2014-01-02,25.078718185424805
2014-01-03,25.017528533935547
2014-01-06,25.12679100036621
2014-01-07,25.144277572631836
2014-01-08,25.0524959564209
2014-01-09,25.04375457763672
2014-01-10,25.288503646850586
2014-01-13,25.36280059814453
2014-01-14,25.28414535522461
2014-01-15,25.161762237548828
2014-01-16,25.222951889038086
2014-01-17,25.14864730834961
2014-01-21,25.161762237548828
2014-01-22,25.131160736083984
2014-01-23,25.41088104248047
2014-01-24,25.393394470214844
2014-01-27,25.380294799804688
2014-01-28,25.358444213867188
2014-01-29,25.384658813476562
2014-01-30,25.314727783203125
2014-01-31,25.349695205688477
2014-02-03,25.33002471923828
2014-02-04,25.35625648498535
2014-02-05,25.421838760375977
2014-02-06,25.430572509765625
2014-02-07,25.522377014160156
2014-02-10,25.491785049438477
2014-02-11,25.50926971435547
2014-02-12,25.39122772216797
2014-02-13,25.579212188720703
2014-02-14,25.631675720214844
2014-02-18,25.732223510742188
2014-02-19,25.631675720214844
2014-02-20,25.58795738220215
2014-02-21,25.65791130065918
2014-02-24,25.68414306640625
2014-02-25,25.75408363342285
2014-02-26,25.710372924804688
2014-02-27,25.819665908813477
2014-02-28,25.915843963623047
2014-03-03,25.891321182250977
2014-03-04,25.860671997070312
2014-03-05,25.891321182250977
2014-03-06,25.930721282958984
2014-03-07,25.9132137298584
2014-03-10,25.921972274780273
2014-03-11,25.87818717956543
2014-03-12,25.908836364746094
2014-03-13,25.99639320373535
2014-03-14,26.06206703186035
2014-03-17,26.10584831237793
2014-03-18,26.127731323242188
2014-03-19,25.79500961303711
2014-03-20,25.764354705810547
2014-03-21,25.882564544677734
2014-03-24,25.96574592590332
2014-03-25,25.95261573791504
2014-03-26,26.009523391723633
2014-03-27,26.01828956604004
2014-03-28,25.97451400756836
2014-03-31,25.99639320373535
2014-04-01,25.991132736206055
2014-04-02,25.85957145690918
2014-04-03,25.754329681396484
2014-04-04,25.925350189208984
2014-04-07,26.02182960510254
2014-04-08,26.153385162353516
2014-04-09,26.232311248779297
2014-04-10,26.32879066467285
2014-04-11,26.31563377380371
2014-04-14,26.27617073059082
2014-04-15,26.24985694885254
2014-04-16,26.258630752563477
2014-04-17,26.170921325683594
2014-04-21,26.135848999023438
2014-04-22,26.100757598876953
2014-04-23,26.100757598876953
2014-04-24,26.100757598876953
2014-04-25,26.170921325683594
2014-04-28,26.166528701782227
2014-04-29,26.14460563659668
2014-04-30,26.258630752563477
2014-05-01,26.300771713256836
2014-05-02,26.353437423706055
2014-05-05,26.357826232910156
2014-05-06,26.489511489868164
2014-05-07,26.463178634643555
2014-05-08,26.476341247558594
2014-05-09,26.340267181396484
2014-05-12,26.309541702270508
2014-05-13,26.25687026977539
2014-05-14,26.379783630371094
2014-05-15,26.3885498046875
2014-05-16,26.392946243286133
2014-05-19,26.379783630371094
2014-05-20,26.344667434692383
2014-05-21,26.340267181396484
2014-05-22,26.2876033782959
2014-05-23,26.27882194519043
2014-05-27,26.30515480041504
2014-05-28,26.335874557495117
2014-05-29,26.331493377685547
2014-05-30,26.296377182006836
2014-06-02,26.206758499145508
2014-06-03,26.17160987854004
2014-06-04,26.154029846191406
2014-06-05,26.27265739440918
2014-06-06,26.382482528686523
2014-06-09,26.329774856567383
2014-06-10,26.27265739440918
2014-06-11,26.277034759521484
2014-06-12,26.33415985107422
2014-06-13,26.299009323120117
2014-06-16,26.34734535217285
2014-06-17,26.23750877380371
2014-06-18,26.400060653686523
2014-06-19,26.40885353088379
2014-06-20,26.378095626831055
2014-06-23,26.457183837890625
2014-06-24,26.452787399291992
2014-06-25,26.527463912963867
2014-06-26,26.5845890045166
2014-06-27,26.66366958618164
2014-06-30,26.716388702392578
2014-07-01,26.71551513671875
2014-07-02,26.627525329589844
2014-07-03,26.583539962768555
2014-07-07,26.57034683227539
2014-07-08,26.601125717163086
2014-07-09,26.645130157470703
2014-07-10,26.618736267089844
2014-07-11,26.675914764404297
2014-07-14,26.675914764404297
2014-07-15,26.59672737121582
2014-07-16,26.58794593811035
2014-07-17,26.653919219970703
2014-07-18,26.671524047851562
2014-07-21,26.653919219970703
2014-07-22,26.605541229248047
2014-07-23,26.63632583618164
2014-07-24,26.59672737121582
2014-07-25,26.57914161682129
2014-07-28,26.55713653564453
2014-07-29,26.521949768066406
2014-07-30,26.37677574157715
2014-07-31,26.350391387939453
2014-08-01,26.398780822753906
2014-08-04,26.45157241821289
2014-08-05,26.345977783203125
2014-08-06,26.420780181884766
2014-08-07,26.40317726135254
2014-08-08,26.48676300048828
2014-08-11,26.48676300048828
2014-08-12,26.45595932006836
2014-08-13,26.473556518554688
2014-08-14,26.530752182006836
2014-08-15,26.645130157470703
2014-08-18,26.55713653564453
2014-08-19,26.464763641357422
2014-08-20,26.332788467407227
2014-08-21,26.35918617248535
2014-08-22,26.37677574157715
2014-08-25,26.367984771728516
2014-08-26,26.345977783203125
2014-08-27,26.45595932006836
2014-08-28,26.495561599731445
2014-08-29,26.411970138549805
2014-09-02,26.208066940307617
2014-09-03,26.25210952758789
2014-09-04,26.04512596130371
2014-09-05,26.067134857177734
2014-09-08,25.895381927490234
2014-09-09,25.82491111755371
2014-09-10,25.736848831176758
2014-09-11,25.657567977905273
2014-09-12,25.63115692138672
2014-09-15,25.639955520629883
2014-09-16,25.679590225219727
2014-09-17,25.53865623474121
2014-09-18,25.53426170349121
2014-09-19,25.507843017578125
2014-09-22,25.53865623474121
2014-09-23,25.543071746826172
2014-09-24,25.503437042236328
2014-09-25,25.47260856628418
2014-09-26,25.371307373046875
2014-09-29,25.344900131225586
2014-09-30,25.26561737060547
2014-10-01,25.348926544189453
2014-10-02,25.406230926513672
2014-10-03,25.146163940429688
2014-10-06,25.362157821655273
2014-10-07,25.42386245727539
2014-10-08,25.62661361694336
2014-10-09,25.516420364379883
2014-10-10,25.459123611450195
2014-10-13,25.56049346923828
2014-10-14,25.61338996887207
2014-10-15,25.79851531982422
2014-10-16,25.74121856689453
2014-10-17,25.66187286376953
2014-10-20,25.719179153442383
2014-10-21,25.683910369873047
2014-10-22,25.569307327270508
2014-10-23,25.529634475708008
2014-10-24,25.525224685668945
2014-10-27,25.6178035736084
2014-10-28,25.653051376342773
2014-10-29,25.459123611450195
2014-10-30,25.401819229125977
2014-10-31,25.203472137451172
2014-11-03,24.98785400390625
2014-11-04,25.062816619873047
2014-11-05,24.912899017333984
2014-11-06,24.736522674560547
2014-11-07,24.864383697509766
2014-11-10,24.802661895751953
2014-11-11,24.855571746826172
2014-11-12,24.815895080566406
2014-11-13,24.837942123413086
2014-11-14,24.89525032043457
2014-11-17,24.815895080566406
2014-11-18,24.868812561035156
2014-11-19,24.762971878051758
2014-11-20,24.829111099243164
2014-11-21,24.75415802001953
2014-11-24,24.776201248168945
2014-11-25,24.89084815979004
2014-11-26,24.961397171020508
2014-11-28,24.864383697509766
2014-12-01,24.930532455444336
2014-12-02,24.71005630493164
2014-12-03,24.621877670288086
2014-12-04,24.67919158935547
2014-12-05,24.458721160888672
2014-12-08,24.55133056640625
2014-12-09,24.71005630493164
2014-12-10,24.85116958618164
2014-12-11,24.749746322631836
2014-12-12,24.837942123413086
2014-12-15,24.815895080566406
2014-12-16,25.02754020690918
2014-12-17,24.749746322631836
2014-12-18,24.692424774169922
2014-12-19,24.652742385864258
2014-12-22,24.66595458984375
2014-12-23,24.4984073638916
2014-12-24,24.560148239135742
2014-12-26,24.529279708862305
2014-12-29,24.5501708984375
2014-12-30,24.69689178466797
2014-12-31,24.599082946777344
2015-01-02,24.49237632751465
2015-01-05,24.439027786254883
2015-01-06,24.514598846435547
2015-01-07,24.447927474975586
2015-01-08,24.412351608276367
2015-01-09,24.5057315826416
2015-01-12,24.572406768798828
2015-01-13,24.541284561157227
2015-01-14,24.661312103271484
2015-01-15,24.652427673339844
2015-01-16,24.572406768798828
2015-01-20,24.412351608276367
2015-01-21,24.461261749267578
2015-01-22,24.194517135620117
2015-01-23,24.176721572875977
2015-01-26,24.15450096130371
2015-01-27,24.270082473754883
2015-01-28,24.19894790649414
2015-01-29,24.10558319091797
2015-01-30,24.2122802734375
2015-02-02,24.278972625732422
2015-02-03,24.40790367126465
2015-02-04,24.292312622070312
2015-02-05,24.421249389648438
2015-02-06,24.09225082397461
2015-02-09,24.056678771972656
2015-02-10,23.989988327026367
2015-02-11,23.843286514282227
2015-02-12,24.11003875732422
2015-02-13,24.074462890625
2015-02-17,24.02556037902832
2015-02-18,24.065568923950195
2015-02-19,23.972206115722656
2015-02-20,23.981096267700195
2015-02-23,23.989988327026367
2015-02-24,24.052236557006836
2015-02-25,24.15004539489746
2015-02-26,23.92330551147461
2015-02-27,23.949975967407227
2015-03-02,23.829938888549805
2015-03-03,23.816606521606445
2015-03-04,23.69212532043457
2015-03-05,23.638769149780273
2015-03-06,23.309776306152344
2015-03-09,23.34977912902832
2015-03-10,23.16305923461914
2015-03-11,23.051916122436523
2015-03-12,23.19417381286621
2015-03-13,22.945215225219727
2015-03-16,23.096370697021484
2015-03-17,23.10970687866211
2015-03-18,23.59430694580078
2015-03-19,23.33645248413086
2015-03-20,23.620990753173828
2015-03-23,23.91886329650879
2015-03-24,23.865503311157227
2015-03-25,23.892181396484375
2015-03-26,23.798824310302734
2015-03-27,23.82105827331543
2015-03-30,23.634323120117188
2015-03-31,23.616539001464844
2015-04-01,23.687671661376953
2015-04-02,23.80771827697754
2015-04-06,23.874408721923828
2015-04-07,23.705461502075195
2015-04-08,23.714340209960938
2015-04-09,23.474262237548828
2015-04-10,23.42536735534668
2015-04-13,23.38534164428711
2015-04-14,23.56318473815918
2015-04-15,23.674331665039062
2015-04-16,23.816606521606445
2015-04-17,23.87885284423828
2015-04-20,23.718799591064453
2015-04-21,23.66989517211914
2015-04-22,23.638769149780273
2015-04-23,23.758811950683594
2015-04-24,23.861064910888672
2015-04-27,23.927759170532227
2015-04-28,24.02556037902832
2015-04-29,24.083356857299805
2015-04-30,24.07891082763672
2015-05-01,23.927759170532227
2015-05-04,23.81216812133789
2015-05-05,23.758811950683594
2015-05-06,23.84772300720215
2015-05-07,23.78992462158203
2015-05-08,23.834383010864258
2015-05-11,23.674331665039062
2015-05-12,23.714340209960938
2015-05-13,23.838825225830078
2015-05-14,23.972206115722656
2015-05-15,24.132253646850586
2015-05-18,23.874408721923828
2015-05-19,23.660993576049805
2015-05-20,23.5987548828125
2015-05-21,23.625436782836914
2015-05-22,23.443151473999023
2015-05-26,23.20751953125
2015-05-27,23.21640968322754
2015-05-28,23.220853805541992
2015-05-29,23.300870895385742
2015-06-01,23.091928482055664
2015-06-02,23.251981735229492
2015-06-03,23.21640968322754
2015-06-04,23.19417381286621
2015-06-05,22.900753021240234
2015-06-08,23.083032608032227
2015-06-09,23.069704055786133
2015-06-10,23.225305557250977
2015-06-11,23.247529983520508
2015-06-12,23.19417381286621
2015-06-15,23.203081130981445
2015-06-16,23.185283660888672
2015-06-17,23.345333099365234
2015-06-18,23.403146743774414
2015-06-19,23.420917510986328
2015-06-22,23.367568969726562
2015-06-23,23.149717330932617
2015-06-24,23.145280838012695
2015-06-25,23.17195701599121
2015-06-26,23.047466278076172
2015-06-29,23.225305557250977
2015-06-30,23.12749671936035
2015-07-01,22.971885681152344
2015-07-02,22.985227584838867
2015-07-06,22.98966407775879
2015-07-07,22.985227584838867
2015-07-08,23.149717330932617
2015-07-09,23.056350708007812
2015-07-10,23.043020248413086
2015-07-13,22.931865692138672
2015-07-14,22.95409393310547
2015-07-15,22.945215225219727
2015-07-16,22.84739875793457
2015-07-17,22.860740661621094
2015-07-20,22.798498153686523
2015-07-21,22.940757751464844
2015-07-22,22.896303176879883
2015-07-23,23.003009796142578
2015-07-24,22.994115829467773
2015-07-27,23.123043060302734
2015-07-28,23.10081672668457
2015-07-29,22.998567581176758
2015-07-30,22.94965362548828
2015-07-31,23.07858657836914
2015-08-03,23.03857421875
2015-08-04,22.91409683227539
2015-08-05,22.785158157348633
2015-08-06,22.838512420654297
2015-08-07,22.927433013916016
2015-08-10,22.98077964782715
2015-08-11,23.003009796142578
2015-08-12,23.234188079833984
2015-08-13,23.198627471923828
2015-08-14,23.17639923095703
2015-08-17,23.136394500732422
2015-08-18,23.047466278076172
2015-08-19,23.18972396850586
2015-08-20,23.251981735229492
2015-08-21,23.46537971496582
2015-08-24,23.741025924682617
2015-08-25,23.54541015625
2015-08-26,23.26531410217285
2015-08-27,23.17195701599121
2015-08-28,23.07858657836914
2015-08-31,23.03412628173828
2015-09-01,23.238632202148438
2015-09-02,23.12749671936035
2015-09-03,23.12749671936035
2015-09-04,23.096370697021484
2015-09-08,23.167510986328125
2015-09-09,23.158611297607422
2015-09-10,23.16305923461914
2015-09-11,23.278642654418945
2015-09-14,23.296451568603516
2015-09-15,23.158611297607422
2015-09-16,23.20751953125
2015-09-17,23.412029266357422
2015-09-18,23.39424705505371
2015-09-21,23.21640968322754
2015-09-22,23.17195701599121
2015-09-23,23.16305923461914
2015-09-24,23.220853805541992
2015-09-25,23.11416244506836
2015-09-28,23.18084144592285
2015-09-29,23.220853805541992
2015-09-30,23.149717330932617
2015-10-01,23.26531410217285
2015-10-02,23.318666458129883
2015-10-05,23.314210891723633
2015-10-06,23.403146743774414
2015-10-07,23.403146743774414
2015-10-08,23.474262237548828
2015-10-09,23.576520919799805
2015-10-12,23.59430694580078
2015-10-13,23.59430694580078
2015-10-14,23.84772300720215
2015-10-15,23.80771827697754
2015-10-16,23.74547004699707
2015-10-19,23.64765167236328
2015-10-20,23.5987548828125
2015-10-21,23.612085342407227
2015-10-22,23.46537971496582
2015-10-23,23.305326461791992
2015-10-26,23.314210891723633
2015-10-27,23.35423469543457
2015-10-28,23.18972396850586
2015-10-29,23.14083480834961
2015-10-30,23.247529983520508
2015-11-02,23.243085861206055
2015-11-03,23.203081130981445
2015-11-04,22.985227584838867
2015-11-05,22.94965362548828
2015-11-06,22.63844871520996
2015-11-09,22.598438262939453
2015-11-10,22.625102996826172
2015-11-11,22.696237564086914
2015-11-12,22.740692138671875
2015-11-13,22.749595642089844
2015-11-16,22.674015045166016
2015-11-17,22.665122985839844
2015-11-18,22.64289093017578
2015-11-19,22.838512420654297
2015-11-20,22.75404167175293
2015-11-23,22.691789627075195
2015-11-24,22.771812438964844
2015-11-25,22.771812438964844
2015-11-27,22.709575653076172
2015-11-30,22.68735122680664
2015-12-01,22.81184196472168
2015-12-02,22.722919464111328
2015-12-03,22.869625091552734
2015-12-04,22.84739875793457
2015-12-07,22.802940368652344
2015-12-08,22.891857147216797
2015-12-09,23.060810089111328
2015-12-10,23.003009796142578
2015-12-11,23.016340255737305
2015-12-14,23.016340255737305
2015-12-15,22.874080657958984
2015-12-16,22.860740661621094
2015-12-17,22.771812438964844
2015-12-18,22.918529510498047
2015-12-21,23.003009796142578
2015-12-22,23.011903762817383
2015-12-23,22.985227584838867
2015-12-24,23.047466278076172
2015-12-28,23.083032608032227
2015-12-29,22.98966407775879
2015-12-30,22.96744155883789
2015-12-31,22.95409393310547
2016-01-04,22.94965362548828
2016-01-05,22.860740661621094
2016-01-06,22.909631729125977
2016-01-07,23.056350708007812
2016-01-08,23.016340255737305
2016-01-11,22.900753021240234
2016-01-12,22.851848602294922
2016-01-13,22.905195236206055
2016-01-14,22.87852668762207
2016-01-15,22.918529510498047
2016-01-19,22.865188598632812
2016-01-20,22.891857147216797
2016-01-21,22.918529510498047
2016-01-22,22.851848602294922
2016-01-25,22.87852668762207
2016-01-26,22.945215225219727
2016-01-27,22.971885681152344
2016-01-28,23.069704055786133
2016-01-29,23.020793914794922
2016-02-01,23.10081672668457
2016-02-02,23.123043060302734
2016-02-03,23.549848556518555
2016-02-04,23.718799591064453
2016-02-05,23.620990753173828
2016-02-08,23.718799591064453
2016-02-09,23.892181396484375
2016-02-10,24.01222038269043
2016-02-11,24.03890037536621
2016-02-12,23.94108772277832
2016-02-16,23.75435447692871
2016-02-17,23.74547004699707
2016-02-18,23.785490036010742
2016-02-19,23.901079177856445
2016-02-22,23.82105827331543
2016-02-23,23.80771827697754
2016-02-24,23.84772300720215
2016-02-25,23.84772300720215
2016-02-26,23.65211296081543
2016-02-29,23.781036376953125
2016-03-01,23.74991226196289
2016-03-02,23.736576080322266
2016-03-03,23.887737274169922
2016-03-04,23.936635971069336
2016-03-07,23.963319778442383
2016-03-08,24.07891082763672
2016-03-09,23.94108772277832
2016-03-10,24.03890037536621
2016-03-11,24.043350219726562
2016-03-14,23.99444007873535
2016-03-15,23.936635971069336
2016-03-16,24.256746292114258
2016-03-17,24.5501708984375
2016-03-18,24.567947387695312
2016-03-21,24.47014045715332
2016-03-22,24.447927474975586
2016-03-23,24.34565544128418
2016-03-24,24.292312622070312
2016-03-28,24.332332611083984
2016-03-29,24.621307373046875
2016-03-30,24.683549880981445
2016-03-31,24.781362533569336
2016-04-01,24.794694900512695
2016-04-04,24.80803871154785
2016-04-05,24.81691551208496
2016-04-06,24.8569393157959
2016-04-07,24.874731063842773
2016-04-08,24.97698211669922
2016-04-11,25.04811668395996
2016-04-12,24.968076705932617
2016-04-13,24.85249137878418
2016-04-14,24.781362533569336
2016-04-15,24.90584945678711
2016-04-18,24.93252944946289
2016-04-19,25.01254653930664
2016-04-20,24.888065338134766
2016-04-21,24.80803871154785
2016-04-22,24.621307373046875
2016-04-25,24.567947387695312
2016-04-26,24.630197525024414
2016-04-27,24.652427673339844
2016-04-28,24.93695640563965
2016-04-29,25.159257888793945
2016-05-02,25.23040008544922
2016-05-03,25.19926643371582
2016-05-04,25.141481399536133
2016-05-05,25.04367446899414
2016-05-06,25.030332565307617
2016-05-09,24.923625946044922
2016-05-10,24.874731063842773
2016-05-11,24.95475196838379
2016-05-12,24.883609771728516
2016-05-13,24.80359649658203
2016-05-16,24.763582229614258
2016-05-17,24.772478103637695
2016-05-18,24.501270294189453
2016-05-19,24.4968204498291
2016-05-20,24.501270294189453
2016-05-23,24.541284561157227
2016-05-24,24.439027786254883
2016-05-25,24.563518524169922
2016-05-26,24.634647369384766
2016-05-27,24.541284561157227
2016-05-31,24.483478546142578
2016-06-01,24.57684326171875
2016-06-02,24.674652099609375
2016-06-03,25.09701919555664
2016-06-06,25.105911254882812
2016-06-07,25.19926643371582
2016-06-08,25.29708480834961
2016-06-09,25.217060089111328
2016-06-10,25.150367736816406
2016-06-13,25.11036491394043
2016-06-14,25.04811668395996
2016-06-15,25.150367736816406
2016-06-16,25.24372673034668
2016-06-17,25.30153465270996
2016-06-20,25.345993041992188
2016-06-21,25.279308319091797
2016-06-22,25.403793334960938
2016-06-23,25.412677764892578
2016-06-24,25.13703155517578
2016-06-27,25.181488037109375
2016-06-28,25.31930923461914
2016-06-29,25.385995864868164
2016-06-30,25.408222198486328
2016-07-01,25.550493240356445
2016-07-05,25.470481872558594
2016-07-06,25.523832321166992
2016-07-07,25.497148513793945
2016-07-08,25.626081466674805
2016-07-11,25.497148513793945
2016-07-12,25.345993041992188
2016-07-13,25.421567916870117
2016-07-14,25.434900283813477
2016-07-15,25.239290237426758
2016-07-18,25.217060089111328
2016-07-19,25.11036491394043
2016-07-20,25.030332565307617
2016-07-21,25.074800491333008
2016-07-22,25.04811668395996
2016-07-25,25.0258846282959
2016-07-26,25.114797592163086
2016-07-27,25.248178482055664
2016-07-28,25.288196563720703
2016-07-29,25.692773818969727
2016-08-01,25.581621170043945
2016-08-02,25.683870315551758
2016-08-03,25.563831329345703
2016-08-04,25.581621170043945
2016-08-05,25.492708206176758
2016-08-08,25.452693939208984
2016-08-09,25.57272720336914
2016-08-10,25.768348693847656
2016-08-11,25.67055320739746
2016-08-12,25.714990615844727
2016-08-15,25.723888397216797
2016-08-16,25.88395118713379
2016-08-17,25.875045776367188
2016-08-18,26.075117111206055
2016-08-19,25.910612106323242
2016-08-22,25.910612106323242
2016-08-23,25.932842254638672
2016-08-24,25.84392738342285
2016-08-25,25.8172607421875
2016-08-26,25.608299255371094
2016-08-29,25.608299255371094
2016-08-30,25.470481872558594
2016-08-31,25.39933967590332
2016-09-01,25.466028213500977
2016-09-02,25.37711524963379
2016-09-06,25.741666793823242
2016-09-07,25.7861270904541
2016-09-08,25.66164779663086
2016-09-09,25.430461883544922
2016-09-12,25.5015869140625
2016-09-13,25.305978775024414
2016-09-14,25.403793334960938
2016-09-15,25.38155746459961
2016-09-16,25.26152229309082
2016-09-19,25.314868927001953
2016-09-20,25.385995864868164
2016-09-21,25.581621170043945
2016-09-22,25.674989700317383
2016-09-23,25.64386749267578
2016-09-26,25.741666793823242
2016-09-27,25.795028686523438
2016-09-28,25.768348693847656
2016-09-29,25.732786178588867
2016-09-30,25.64386749267578
2016-10-03,25.59940528869629
2016-10-04,25.36821746826172
2016-10-05,25.279308319091797
2016-10-06,25.172611236572266
2016-10-07,25.154823303222656
2016-10-10,25.083675384521484
2016-10-11,24.896957397460938
2016-10-12,24.763582229614258
2016-10-13,24.879167556762695
2016-10-14,24.70134162902832
2016-10-17,24.80803871154785
2016-10-18,24.834714889526367
2016-10-19,24.914737701416016
2016-10-20,24.799148559570312
2016-10-21,24.710235595703125
2016-10-24,24.7191219329834
2016-10-25,24.72800636291504
2016-10-26,24.639089584350586
2016-10-27,24.47904396057129
2016-10-28,24.541284561157227
2016-10-31,24.567947387695312
2016-11-01,24.6657657623291
2016-11-02,24.772478103637695
2016-11-03,24.834714889526367
2016-11-04,24.896957397460938
2016-11-07,24.73689842224121
2016-11-08,24.683549880981445
2016-11-09,24.425689697265625
2016-11-10,24.052236557006836
2016-11-11,23.909963607788086
2016-11-14,23.65211296081543
2016-11-15,23.696565628051758
2016-11-16,23.616539001464844
2016-11-17,23.474262237548828
2016-11-18,23.287538528442383
2016-11-21,23.358686447143555
2016-11-22,23.38534164428711
2016-11-23,23.18972396850586
2016-11-25,23.18972396850586
2016-11-28,23.332000732421875
2016-11-29,23.420917510986328
2016-11-30,23.16305923461914
2016-12-01,23.251981735229492
2016-12-02,23.367568969726562
2016-12-05,23.412029266357422
2016-12-06,23.340890884399414
2016-12-07,23.456491470336914
2016-12-08,23.225305557250977
2016-12-09,23.047466278076172
2016-12-12,23.225305557250977
2016-12-13,23.243085861206055
2016-12-14,22.994115829467773
2016-12-15,22.807388305664062
2016-12-16,22.76293182373047
2016-12-19,22.78072166442871
2016-12-20,22.75404167175293
2016-12-21,22.860740661621094
2016-12-22,22.798498153686523
2016-12-23,22.860740661621094
2016-12-27,22.905195236206055
2016-12-28,22.905195236206055
2016-12-29,23.056350708007812
2016-12-30,23.10081672668457
2017-01-03,22.816286087036133
2017-01-04,22.88740348815918
2017-01-05,23.145280838012695
2017-01-06,22.985227584838867
2017-01-09,23.020793914794922
2017-01-10,23.03857421875
2017-01-11,23.074146270751953
2017-01-12,23.198627471923828
2017-01-13,23.278642654418945
2017-01-17,23.456491470336914
2017-01-18,23.18084144592285
2017-01-19,23.145280838012695
2017-01-20,23.16305923461914
2017-01-23,23.38534164428711
2017-01-24,23.332000732421875
2017-01-25,23.332000732421875
2017-01-26,23.17195701599121
2017-01-27,23.16305923461914
2017-01-30,23.20751953125
2017-01-31,23.438703536987305
2017-02-01,23.403146743774414
2017-02-02,23.438703536987305
2017-02-03,23.39424705505371
2017-02-06,23.483169555664062
2017-02-07,23.332000732421875
2017-02-08,23.429813385009766
2017-02-09,23.323116302490234
2017-02-10,23.332000732421875
2017-02-13,23.243085861206055
2017-02-14,23.21640968322754
2017-02-15,23.225305557250977
2017-02-16,23.367568969726562
2017-02-17,23.278642654418945
2017-02-21,23.260873794555664
2017-02-22,23.296451568603516
2017-02-23,23.420917510986328
2017-02-24,23.492048263549805
2017-02-27,23.46537971496582
2017-02-28,23.50984001159668
2017-03-01,23.278642654418945
2017-03-02,23.12749671936035
2017-03-03,23.234188079833984
2017-03-06,23.234188079833984
2017-03-07,23.20751953125
2017-03-08,23.091928482055664
2017-03-09,22.97633934020996
2017-03-10,23.11859893798828
2017-03-13,23.10081672668457
2017-03-14,23.056350708007812
2017-03-15,23.412029266357422
2017-03-16,23.39424705505371
2017-03-17,23.518739700317383
2017-03-20,23.518739700317383
2017-03-21,23.625436782836914
2017-03-22,23.741025924682617
2017-03-23,23.705461502075195
2017-03-24,23.741025924682617
2017-03-27,23.84772300720215
2017-03-28,23.758811950683594
2017-03-29,23.81216812133789
2017-03-30,23.616539001464844
2017-03-31,23.687671661376953
2017-04-03,23.758811950683594
2017-04-04,23.732131958007812
2017-04-05,23.7677001953125
2017-04-06,23.687671661376953
2017-04-07,23.5987548828125
2017-04-10,23.66989517211914
2017-04-11,23.732131958007812
2017-04-12,23.856616973876953
2017-04-13,23.84772300720215
2017-04-17,23.936635971069336
2017-04-18,24.096691131591797
2017-04-19,24.043350219726562
2017-04-20,23.963319778442383
2017-04-21,23.981096267700195
2017-04-24,24.10558319091797
2017-04-25,24.043350219726562
2017-04-26,23.936635971069336
2017-04-27,23.981096267700195
2017-04-28,24.02556037902832
2017-05-01,24.02556037902832
2017-05-02,23.998884201049805
2017-05-03,23.936635971069336
2017-05-04,23.998884201049805
2017-05-05,24.034456253051758
2017-05-08,23.892181396484375
2017-05-09,23.714340209960938
2017-05-10,23.696565628051758
2017-05-11,23.687671661376953
2017-05-12,23.883298873901367
2017-05-15,23.909963607788086
2017-05-16,24.052236557006836
2017-05-17,24.283416748046875
2017-05-18,24.265640258789062
2017-05-19,24.416793823242188
2017-05-22,24.4434757232666
2017-05-23,24.372339248657227
2017-05-24,24.434579849243164
2017-05-25,24.434579849243164
2017-05-26,24.425689697265625
2017-05-30,24.487939834594727
2017-05-31,24.487939834594727
2017-06-01,24.487939834594727
2017-06-02,24.656877517700195
2017-06-05,24.621307373046875
2017-06-06,24.754690170288086
2017-06-07,24.647985458374023
2017-06-08,24.630197525024414
2017-06-09,24.532384872436523
2017-06-12,24.60352897644043
2017-06-13,24.630197525024414
2017-06-14,24.73689842224121
2017-06-15,24.567947387695312
2017-06-16,24.630197525024414
2017-06-19,24.47904396057129
2017-06-20,24.4434757232666
2017-06-21,24.4968204498291
2017-06-22,24.55907440185547
2017-06-23,24.57684326171875
2017-06-26,24.52349090576172
2017-06-27,24.541284561157227
2017-06-28,24.639089584350586
2017-06-29,24.621307373046875
2017-06-30,24.567947387695312
2017-07-03,24.425689697265625
2017-07-05,24.40790367126465
2017-07-06,24.34565544128418
2017-07-07,24.283416748046875
2017-07-10,24.283416748046875
2017-07-11,24.372339248657227
2017-07-12,24.487939834594727
2017-07-13,24.5057315826416
2017-07-14,24.594629287719727
2017-07-17,24.630197525024414
2017-07-18,24.879167556762695
2017-07-19,24.825817108154297
2017-07-20,24.950300216674805
2017-07-21,25.030332565307617
2017-07-24,25.039222717285156
2017-07-25,24.914737701416016
2017-07-26,25.083675384521484
2017-07-27,25.039222717285156
2017-07-28,25.163705825805664
2017-07-31,25.288196563720703
2017-08-01,25.305978775024414
2017-08-02,25.288196563720703
2017-08-03,25.385995864868164
2017-08-04,25.154823303222656
2017-08-07,25.217060089111328
2017-08-08,25.172611236572266
2017-08-09,25.190380096435547
2017-08-10,25.252626419067383
2017-08-11,25.36821746826172
2017-08-14,25.29708480834961
2017-08-15,25.145923614501953
2017-08-16,25.217060089111328
2017-08-17,25.225955963134766
2017-08-18,25.314868927001953
2017-08-21,25.385995864868164
2017-08-22,25.252626419067383
2017-08-23,25.323762893676758
2017-08-24,25.288196563720703
2017-08-25,25.44824981689453
2017-08-28,25.53715705871582
2017-08-29,25.53715705871582
2017-08-30,25.350435256958008
2017-08-31,25.474916458129883
2017-09-01,25.364551544189453
2017-09-05,25.56925392150879
2017-09-06,25.5959529876709
2017-09-07,25.782855987548828
2017-09-08,25.818452835083008
2017-09-11,25.631555557250977
2017-09-12,25.506959915161133
2017-09-13,25.373470306396484
2017-09-14,25.409059524536133
2017-09-15,25.444652557373047
2017-09-18,25.355661392211914
2017-09-19,25.409059524536133
2017-09-20,25.239973068237305
2017-09-21,25.231063842773438
2017-09-22,25.320068359375
2017-09-25,25.28445816040039
2017-09-26,25.159852981567383
2017-09-27,24.97296142578125
2017-09-28,24.999666213989258
2017-09-29,24.999666213989258
2017-10-02,24.899005889892578
2017-10-03,24.899005889892578
2017-10-04,24.94354248046875
2017-10-05,24.818822860717773
2017-10-06,24.863367080688477
2017-10-09,24.881183624267578
2017-10-10,24.99699592590332
2017-10-11,25.050434112548828
2017-10-12,25.05935287475586
2017-10-13,25.15734100341797
2017-10-16,25.112802505493164
2017-10-17,25.103910446166992
2017-10-18,25.05935287475586
2017-10-19,25.103910446166992
2017-10-20,24.90790557861328
2017-10-23,24.90790557861328
2017-10-24,24.872272491455078
2017-10-25,24.881183624267578
2017-10-26,24.70301628112793
2017-10-27,24.694110870361328
2017-10-30,24.80101203918457
2017-10-31,24.809917449951172
2017-11-01,24.76177215576172
2017-11-02,24.80634880065918
2017-11-03,24.788522720336914
2017-11-06,24.84202003479004
2017-11-07,24.77068328857422
2017-11-08,24.859859466552734
2017-11-09,24.84202003479004
2017-11-10,24.90443229675293
2017-11-13,24.859859466552734
2017-11-14,24.966856002807617
2017-11-15,25.020357131958008
2017-11-16,25.073854446411133
2017-11-17,25.18085479736328
2017-11-20,25.091691970825195
2017-11-21,25.198694229125977
2017-11-22,25.305688858032227
2017-11-24,25.33244514465332
2017-11-27,25.439424514770508
2017-11-28,25.359180450439453
2017-11-29,25.29677391052246
2017-11-30,25.33244514465332
2017-12-01,25.481483459472656
2017-12-04,25.39223861694336
2017-12-05,25.329761505126953
2017-12-06,25.285131454467773
2017-12-07,25.240509033203125
2017-12-08,25.169111251831055
2017-12-11,25.178028106689453
2017-12-12,25.133413314819336
2017-12-13,25.29405975341797
2017-12-14,25.29405975341797
2017-12-15,25.240509033203125
2017-12-18,25.29405975341797
2017-12-19,25.24403953552246
2017-12-20,25.217233657836914
2017-12-21,25.15471076965332
2017-12-22,25.208295822143555
2017-12-26,25.208295822143555
2017-12-27,25.31549644470215
2017-12-28,25.30656623840332
2017-12-29,25.395893096923828
2018-01-02,25.538816452026367
2018-01-03,25.431615829467773
2018-01-04,25.503082275390625
2018-01-05,25.485225677490234
2018-01-08,25.449495315551758
2018-01-09,25.369094848632812
2018-01-10,25.512012481689453
2018-01-11,25.547744750976562
2018-01-12,25.726396560668945
2018-01-16,25.815732955932617
2018-01-17,25.806804656982422
2018-01-18,25.788951873779297
2018-01-19,25.815732955932617
2018-01-22,25.85147476196289
2018-01-23,25.905057907104492
2018-01-24,26.137306213378906
2018-01-25,26.173046112060547
2018-01-26,26.19091033935547
2018-01-29,26.128385543823242
2018-01-30,26.02119255065918
2018-01-31,26.137306213378906
2018-02-01,26.192737579345703
2018-02-02,26.0050106048584
2018-02-05,26.0050106048584
2018-02-06,26.022886276245117
2018-02-07,25.817272186279297
2018-02-08,25.76364517211914
2018-02-09,25.69212532043457
2018-02-12,25.84409523010254
2018-02-13,25.960308074951172
2018-02-14,26.156972885131836
2018-02-15,26.264257431030273
2018-02-16,26.14804458618164
2018-02-20,25.969249725341797
2018-02-21,25.853036880493164
2018-02-22,26.031827926635742
2018-02-23,26.058645248413086
2018-02-26,26.085474014282227
2018-02-27,25.853036880493164
2018-02-28,25.94243049621582
2018-03-01,26.017587661743164
2018-03-02,26.04442596435547
2018-03-05,26.008636474609375
2018-03-06,26.116008758544922
2018-03-07,26.15178871154785
2018-03-08,26.071277618408203
2018-03-09,26.089162826538086
2018-03-12,26.187578201293945
2018-03-13,26.214420318603516
2018-03-14,26.277048110961914
2018-03-15,26.232311248779297
2018-03-16,26.14284324645996
2018-03-19,26.232311248779297
2018-03-20,26.116008758544922
2018-03-21,26.303884506225586
2018-03-22,26.268098831176758
2018-03-23,26.384414672851562
2018-03-26,26.491777420043945
2018-03-27,26.491777420043945
2018-03-28,26.303884506225586
2018-03-29,26.402301788330078
2018-04-02,26.46855354309082
2018-04-03,26.343215942382812
2018-04-04,26.370073318481445
2018-04-05,26.22679901123047
2018-04-06,26.298439025878906
2018-04-09,26.370073318481445
2018-04-10,26.38797378540039
2018-04-11,26.405893325805664
2018-04-12,26.31634521484375
2018-04-13,26.343215942382812
2018-04-16,26.39693260192871
2018-04-17,26.405893325805664
2018-04-18,26.370073318481445
2018-04-19,26.253664016723633
2018-04-20,26.056673049926758
2018-04-23,25.841766357421875
2018-04-24,25.832820892333984
2018-04-25,25.689558029174805
2018-04-26,25.698505401611328
2018-04-27,25.77013397216797
2018-04-30,25.662691116333008
2018-05-01,25.474525451660156
2018-05-02,25.366992950439453
2018-05-03,25.519323348999023
2018-05-04,25.483484268188477
2018-05-07,25.46555519104004
2018-05-08,25.32219696044922
2018-05-09,25.304269790649414
2018-05-10,25.411800384521484
2018-05-11,25.44763946533203
2018-05-14,25.384910583496094
2018-05-15,25.14298439025879
2018-05-16,25.12506866455078
2018-05-17,25.035457611083984
2018-05-18,25.017534255981445
2018-05-21,25.04442024230957
2018-05-22,25.05337905883789
2018-05-23,25.035457611083984
2018-05-24,25.178817749023438
2018-05-25,25.14298439025879
2018-05-29,24.999616622924805
2018-05-30,25.098190307617188
2018-05-31,25.14298439025879
2018-06-01,25.073930740356445
2018-06-04,25.118778228759766
2018-06-05,25.13671112060547
2018-06-06,25.10083770751953
2018-06-07,25.09186363220215
2018-06-08,25.064966201782227
2018-06-11,25.064966201782227
2018-06-12,24.993221282958984
2018-06-13,25.03805923461914
2018-06-14,24.885610580444336
2018-06-15,24.885610580444336
2018-06-18,24.867677688598633
2018-06-19,24.867677688598633
2018-06-20,24.8497371673584
2018-06-21,24.858715057373047
2018-06-22,24.97529411315918
2018-06-25,24.921483993530273
2018-06-26,24.876644134521484
2018-06-27,24.79592514038086
2018-06-28,24.76006317138672
2018-06-29,24.885610580444336
2018-07-02,24.850603103637695
2018-07-03,24.949337005615234
2018-07-05,25.012149810791016
2018-07-06,25.09292221069336
2018-07-09,25.110864639282227
2018-07-10,25.09292221069336
2018-07-11,24.949337005615234
2018-07-12,24.949337005615234
2018-07-13,24.96727180480957
2018-07-16,24.994205474853516
2018-07-17,24.949337005615234
2018-07-18,24.877538681030273
2018-07-19,24.832658767700195
2018-07-20,24.976245880126953
2018-07-23,24.895483016967773
2018-07-24,24.91342544555664
2018-07-25,25.0211238861084
2018-07-26,24.91342544555664
2018-07-27,24.940359115600586
2018-07-30,24.931379318237305
2018-07-31,24.95829963684082
2018-08-01,24.837923049926758
2018-08-02,24.7570858001709
2018-08-03,24.76605987548828
2018-08-06,24.748098373413086
2018-08-07,24.8019962310791
2018-08-08,24.819955825805664
2018-08-09,24.721147537231445
2018-08-10,24.62234115600586
2018-08-13,24.54149627685547
2018-08-14,24.469629287719727
2018-08-15,24.460647583007812
2018-08-16,24.48760414123535
2018-08-17,24.604381561279297
2018-08-20,24.712173461914062
2018-08-21,24.819955825805664
2018-08-22,24.873865127563477
2018-08-23,24.748098373413086
2018-08-24,24.819955825805664
2018-08-27,24.927757263183594
2018-08-28,24.945724487304688
2018-08-29,24.909801483154297
2018-08-30,24.891822814941406
2018-08-31,24.8019962310791
2018-09-04,24.707592010498047
2018-09-05,24.75255012512207
2018-09-06,24.788515090942383
2018-09-07,24.67162322998047
2018-09-10,24.72557258605957
2018-09-11,24.67162322998047
2018-09-12,24.74355125427246
2018-09-13,24.797508239746094
2018-09-14,24.69860076904297
2018-09-17,24.77052879333496
2018-09-18,24.72557258605957
2018-09-19,24.75255012512207
2018-09-20,24.88741683959961
2018-09-21,24.82447052001953
2018-09-24,24.75255012512207
2018-09-25,24.761537551879883
2018-09-26,24.77952766418457
2018-09-27,24.644655227661133
2018-09-28,24.617679595947266
2018-10-01,24.5429744720459
2018-10-02,24.497974395751953
2018-10-03,24.32697868347168
2018-10-04,24.29096794128418
2018-10-05,24.254974365234375
2018-10-08,24.272979736328125
2018-10-09,24.281984329223633
2018-10-10,24.308975219726562
2018-10-11,24.43498420715332
2018-10-12,24.42597198486328
2018-10-15,24.479984283447266
2018-10-16,24.515974044799805
2018-10-17,24.42597198486328
2018-10-18,24.371976852416992
2018-10-19,24.39898681640625
2018-10-22,24.33597755432129
2018-10-23,24.389976501464844
2018-10-24,24.34497833251953
2018-10-25,24.32697868347168
2018-10-26,24.416973114013672
2018-10-29,24.32697868347168
2018-10-30,24.272979736328125
2018-10-31,24.20998191833496
2018-11-01,24.40478515625
2018-11-02,24.36870574951172
2018-11-05,24.38675308227539
2018-11-06,24.41379737854004
2018-11-07,24.440858840942383
2018-11-08,24.305572509765625
2018-11-09,24.278528213500977
2018-11-12,24.134227752685547
2018-11-13,24.188335418701172
2018-11-14,24.25146484375
2018-11-15,24.278528213500977
2018-11-16,24.41379737854004
2018-11-19,24.42283058166504
2018-11-20,24.33263397216797
2018-11-21,24.38675308227539
2018-11-23,24.33263397216797
2018-11-26,24.34165382385254
2018-11-27,24.269506454467773
2018-11-28,24.36870574951172
2018-11-29,24.4769344329834
2018-11-30,24.440858840942383
2018-12-03,24.4923095703125
2018-12-04,24.564550399780273
2018-12-06,24.63675880432129
2018-12-07,24.67287254333496
2018-12-10,24.582590103149414
2018-12-11,24.546483993530273
2018-12-12,24.573564529418945
2018-12-13,24.537450790405273
2018-12-14,24.4923095703125
2018-12-17,24.555509567260742
2018-12-18,24.64579200744629
2018-12-19,24.670188903808594
2018-12-20,24.841888427734375
2018-12-21,24.652122497558594
2018-12-24,24.76959991455078
2018-12-26,24.724414825439453
2018-12-27,24.814762115478516
2018-12-28,24.878032684326172
2018-12-31,24.950328826904297
2019-01-02,24.9412841796875
2019-01-03,25.04973793029785
2019-01-04,25.03165626525879
2019-01-07,25.076839447021484
2019-01-08,25.004552841186523
2019-01-09,25.2123966217041
2019-01-10,25.167205810546875
2019-01-11,25.103944778442383
2019-01-14,25.13106346130371
2019-01-15,25.076839447021484
2019-01-16,25.058765411376953
2019-01-17,25.022619247436523
2019-01-18,24.932247161865234
2019-01-22,24.932247161865234
2019-01-23,25.013587951660156
2019-01-24,24.98647689819336
2019-01-25,25.149139404296875
2019-01-28,25.176239013671875
2019-01-29,25.167205810546875
2019-01-30,25.293720245361328
2019-01-31,25.302757263183594
2019-02-01,25.3000431060791
2019-02-04,25.200538635253906
2019-02-05,25.17341423034668
2019-02-06,25.110092163085938
2019-02-07,25.137237548828125
2019-02-08,25.137237548828125
2019-02-11,24.983455657958984
2019-02-12,25.02867889404297
2019-02-13,24.956315994262695
2019-02-14,24.974416732788086
2019-02-15,25.02867889404297
2019-02-19,25.110092163085938
2019-02-20,25.101041793823242
2019-02-21,25.064863204956055
2019-02-22,25.12818145751953
2019-02-25,25.119138717651367
2019-02-26,25.200538635253906
2019-02-27,25.16436195373535
2019-02-28,25.02867889404297
2019-03-01,24.97074317932129
2019-03-04,24.92546844482422
2019-03-05,24.898305892944336
2019-03-06,24.961679458618164
2019-03-07,24.90735626220703
2019-03-08,24.979793548583984
2019-03-11,25.025060653686523
2019-03-12,25.079383850097656
2019-03-13,25.142765045166016
2019-03-14,25.097497940063477
2019-03-15,25.133705139160156
2019-03-18,25.19709014892578
2019-03-19,25.242351531982422
2019-03-20,25.387218475341797
2019-03-21,25.323837280273438
2019-03-22,25.41438102722168
2019-03-25,25.450592041015625
2019-03-26,25.369102478027344
2019-03-27,25.323837280273438
2019-03-28,25.278568267822266
2019-03-29,25.251415252685547
2019-04-01,25.177072525024414
2019-04-02,25.204267501831055
2019-04-03,25.186124801635742
2019-04-04,25.177072525024414
2019-04-05,25.158933639526367
2019-04-08,25.213335037231445
2019-04-09,25.26772689819336
2019-04-10,25.358386993408203
2019-04-11,25.249601364135742
2019-04-12,25.240524291992188
2019-04-15,25.249601364135742
2019-04-16,25.186124801635742
2019-04-17,25.158933639526367
2019-04-18,25.131738662719727
2019-04-22,25.140798568725586
2019-04-23,25.050132751464844
2019-04-24,25.022937774658203
2019-04-25,24.93227195739746
2019-04-26,25.041072845458984
2019-04-29,25.0592041015625
2019-04-30,25.113603591918945
2019-05-01,25.101802825927734
2019-05-02,25.038280487060547
2019-05-03,25.101802825927734
2019-05-06,25.092727661132812
2019-05-07,25.1562557220459
2019-05-08,25.165327072143555
2019-05-09,25.192554473876953
2019-05-10,25.1834774017334
2019-05-13,25.192554473876953
2019-05-14,25.192554473876953
2019-05-15,25.201637268066406
2019-05-16,25.165327072143555
2019-05-17,25.092727661132812
2019-05-20,25.065500259399414
2019-05-21,25.020122528076172
2019-05-22,25.07457160949707
2019-05-23,25.1834774017334
2019-05-24,25.328685760498047
2019-05-28,25.292377471923828
2019-05-29,25.26515007019043
2019-05-30,25.27423667907715
2019-05-31,25.401275634765625
2019-06-03,25.5548152923584
2019-06-04,25.618410110473633
2019-06-05,25.67291831970215
2019-06-06,25.754667282104492
2019-06-07,25.909114837646484
2019-06-10,25.82735252380371
2019-06-11,25.845521926879883
2019-06-12,25.772842407226562
2019-06-13,25.818267822265625
2019-06-14,25.745590209960938
2019-06-17,25.67291831970215
2019-06-18,25.818267822265625
2019-06-19,25.900022506713867
2019-06-20,26.108970642089844
2019-06-21,26.154401779174805
2019-06-24,26.290658950805664
2019-06-25,26.290658950805664
2019-06-26,26.208904266357422
2019-06-27,26.19074058532715
2019-06-28,26.272485733032227
2019-07-01,26.123371124267578
2019-07-02,26.159744262695312
2019-07-03,26.28704071044922
2019-07-05,26.077905654907227
2019-07-08,26.04154396057129
2019-07-09,25.977888107299805
2019-07-10,26.05062484741211
2019-07-11,25.93242835998535
2019-07-12,26.023353576660156
2019-07-15,26.05062484741211
2019-07-16,26.005163192749023
2019-07-17,26.005163192749023
2019-07-18,26.259763717651367
2019-07-19,26.132463455200195
2019-07-22,26.150653839111328
2019-07-23,26.059728622436523
2019-07-24,26.132463455200195
2019-07-25,26.068815231323242
2019-07-26,25.996070861816406
2019-07-29,25.959699630737305
2019-07-30,26.014259338378906
2019-07-31,25.93242835998535
2019-08-01,26.030717849731445
2019-08-02,26.185449600219727
2019-08-05,26.267362594604492
2019-08-06,26.349271774291992
2019-08-07,26.4585018157959
2019-08-08,26.42209243774414
2019-08-09,26.42209243774414
2019-08-12,26.55862808227539
2019-08-13,26.51310920715332
2019-08-14,26.549524307250977
2019-08-15,26.713350296020508
2019-08-16,26.585912704467773
2019-08-19,26.412986755371094
2019-08-20,26.576814651489258
2019-08-21,26.476707458496094
2019-08-22,26.431190490722656
2019-08-23,26.567716598510742
2019-08-26,26.5222110748291
2019-08-27,26.6041202545166
2019-08-28,26.631425857543945
2019-08-29,26.567716598510742
2019-08-30,26.412986755371094
2019-09-03,26.445781707763672
2019-09-04,26.573326110839844
2019-09-05,26.4184513092041
2019-09-06,26.4184513092041
2019-09-09,26.409337997436523
2019-09-10,26.281814575195312
2019-09-11,26.20893096923828
2019-09-12,26.227153778076172
2019-09-13,26.026735305786133
2019-09-16,26.11783790588379
2019-09-17,26.181602478027344
2019-09-18,26.181602478027344
2019-09-19,26.227153778076172
2019-09-20,26.2726993560791
2019-09-23,26.2726993560791
2019-09-24,26.409337997436523
2019-09-25,26.227153778076172
2019-09-26,26.227153778076172
2019-09-27,26.190702438354492
2019-09-30,26.145158767700195
2019-10-01,26.09592628479004
2019-10-02,26.19622039794922
2019-10-03,26.351232528686523
2019-10-04,26.387710571289062
2019-10-07,26.305641174316406
2019-10-08,26.260053634643555
2019-10-09,26.22357749938965
2019-10-10,26.205341339111328
2019-10-11,26.205341339111328
2019-10-14,26.19622039794922
2019-10-15,26.15062713623047
2019-10-16,26.22357749938965
2019-10-17,26.260053634643555
2019-10-18,26.332990646362305
2019-10-21,26.26917266845703
2019-10-22,26.278284072875977
2019-10-23,26.26917266845703
2019-10-24,26.260053634643555
2019-10-25,26.187108993530273
2019-10-28,26.15975570678711
2019-10-29,26.15975570678711
2019-10-30,26.232696533203125
2019-10-31,26.37859344482422
2019-11-01,26.421472549438477
2019-11-04,26.275447845458984
2019-11-05,26.102048873901367
2019-11-06,26.11117935180664
2019-11-07,25.946901321411133
2019-11-08,25.864749908447266
2019-11-11,25.910383224487305
2019-11-12,25.837385177612305
2019-11-13,25.90125274658203
2019-11-14,26.001657485961914
2019-11-15,26.047290802001953
2019-11-18,26.074670791625977
2019-11-19,26.092920303344727
2019-11-20,26.102048873901367
2019-11-21,26.047290802001953
2019-11-22,26.010786056518555
2019-11-25,25.974271774291992
2019-11-26,26.010786056518555
2019-11-27,26.019914627075195
2019-11-29,25.992528915405273
2019-12-02,25.980649948120117
2019-12-03,26.099407196044922
2019-12-04,26.099407196044922
2019-12-05,26.11768341064453
2019-12-06,26.04460334777832
2019-12-09,26.072010040283203
2019-12-10,26.081146240234375
2019-12-11,26.26384735107422
2019-12-12,26.13595199584961
2019-12-13,26.181636810302734
2019-12-16,26.218172073364258
2019-12-17,26.236448287963867
2019-12-18,26.14509391784668
2019-12-19,26.099407196044922
2019-12-20,26.06009292602539
2019-12-23,26.06009292602539
2019-12-24,26.0875244140625
2019-12-26,26.178956985473633
2019-12-27,26.279541015625
2019-12-30,26.242961883544922
2019-12-31,26.343547821044922
2020-01-02,26.31612205505371
2020-01-03,26.32526397705078
2020-01-06,26.37097930908203
2020-01-07,26.288684844970703
2020-01-08,26.20639419555664
2020-01-09,26.124101638793945
2020-01-10,26.197250366210938
2020-01-13,26.160673141479492
2020-01-14,26.114953994750977
2020-01-15,26.20639419555664
2020-01-16,26.169815063476562
2020-01-17,26.14238929748535
2020-01-21,26.169815063476562
2020-01-22,26.215538024902344
2020-01-23,26.20639419555664
2020-01-24,26.252119064331055
2020-01-27,26.32526397705078
2020-01-28,26.252119064331055
2020-01-29,26.32526397705078
2020-01-30,26.343547821044922
2020-01-31,26.453283309936523
2020-02-03,26.349857330322266
2020-02-04,26.276641845703125
2020-02-05,26.148494720458984
2020-02-06,26.12104606628418
2020-02-07,26.111894607543945
2020-02-10,26.166812896728516
2020-02-11,26.148494720458984
2020-02-12,26.13019561767578
2020-02-13,26.09359359741211
2020-02-14,26.08443260192871
2020-02-18,26.102741241455078
2020-02-19,26.002063751220703
2020-02-20,25.91969108581543
2020-02-21,26.07528305053711
2020-02-24,26.166812896728516
2020-02-25,26.21256446838379
2020-02-26,26.13019561767578
2020-02-27,26.221729278564453
2020-02-28,26.459684371948242
2020-03-02,26.565027236938477
2020-03-03,26.794042587280273
2020-03-04,26.74823570251465
2020-03-05,26.958919525146484
2020-03-06,27.17877960205078
2020-03-09,27.334505081176758
2020-03-10,26.968082427978516
2020-03-11,27.059688568115234
2020-03-12,26.253578186035156
2020-03-13,25.5115909576416
2020-03-16,26.042892456054688
2020-03-17,25.007762908935547
2020-03-18,23.67951774597168
2020-03-19,24.29326820373535
2020-03-20,24.48563003540039
2020-03-23,24.586395263671875
2020-03-24,24.44898796081543
2020-03-25,24.54059410095215
2020-03-26,25.365018844604492
2020-03-27,25.566551208496094
2020-03-30,25.337547302246094
2020-03-31,25.465787887573242
2020-04-01,25.27230453491211
2020-04-02,25.217287063598633
2020-04-03,25.02471160888672
2020-04-06,25.015539169311523
2020-04-07,25.198945999145508
2020-04-08,25.10724449157715
2020-04-09,25.47403335571289
2020-04-13,25.419021606445312
2020-04-14,25.49237632751465
2020-04-15,25.428190231323242
2020-04-16,25.327320098876953
2020-04-17,25.364002227783203
2020-04-20,25.327320098876953
2020-04-21,25.33649253845215
2020-04-22,25.226451873779297
2020-04-23,25.345657348632812
2020-04-24,25.529062271118164
2020-04-27,25.373170852661133
2020-04-28,25.53822898864746
2020-04-29,25.75832176208496
2020-04-30,25.840835571289062
2020-05-01,25.853683471679688
2020-05-04,25.77108383178711
2020-05-05,25.734375
2020-05-06,25.59671401977539
2020-05-07,25.68848419189453
2020-05-08,25.68848419189453
2020-05-11,25.550825119018555
2020-05-12,25.65178108215332
2020-05-13,25.624244689941406
2020-05-14,25.624244689941406
2020-05-15,25.57835578918457
2020-05-18,25.743560791015625
2020-05-19,25.76191520690918
2020-05-20,25.91793441772461
2020-05-21,25.908754348754883
2020-05-22,25.64259910583496
2020-05-26,25.826148986816406
2020-05-27,25.862865447998047
2020-05-28,25.890392303466797
2020-05-29,26.073957443237305
2020-06-01,26.097841262817383
2020-06-02,26.152956008911133
2020-06-03,26.21725845336914
2020-06-04,26.226444244384766
2020-06-05,26.21725845336914
2020-06-08,26.410160064697266
2020-06-09,26.483654022216797
2020-06-10,26.667377471923828
2020-06-11,26.58470344543457
2020-06-12,26.492834091186523
2020-06-15,26.55713653564453
2020-06-16,26.456090927124023
2020-06-17,26.437721252441406
2020-06-18,26.39179039001465
2020-06-19,26.382600784301758
2020-06-22,26.50203514099121
2020-06-23,26.67656135559082
2020-06-24,26.58470344543457
2020-06-25,26.492834091186523
2020-06-26,26.520401000976562
2020-06-29,26.55713653564453
2020-06-30,26.55713653564453
2020-07-01,26.500123977661133
2020-07-02,26.509336471557617
2020-07-06,26.702425003051758
2020-07-07,26.6656436920166
2020-07-08,26.794382095336914
2020-07-09,26.775989532470703
2020-07-10,26.794382095336914
2020-07-13,26.730009078979492
2020-07-14,26.794382095336914
2020-07-15,26.85873794555664
2020-07-16,26.6656436920166
2020-07-17,26.94148826599121
2020-07-20,26.932302474975586
2020-07-21,27.15298080444336
2020-07-22,27.171377182006836
2020-07-23,27.143795013427734
2020-07-24,27.281715393066406
2020-07-27,27.4564208984375
2020-07-28,27.4564208984375
2020-07-29,27.621929168701172
2020-07-30,27.74146842956543
2020-07-31,27.54837417602539
2020-08-03,27.51432228088379
2020-08-04,27.679969787597656
2020-08-05,27.68916130065918
2020-08-06,27.762779235839844
2020-08-07,27.523529052734375
2020-08-10,27.560331344604492
2020-08-11,27.440702438354492
2020-08-12,27.376291275024414
2020-08-13,27.403900146484375
2020-08-14,27.48671531677246
2020-08-17,27.523529052734375
2020-08-18,27.762779235839844
2020-08-19,27.523529052734375
2020-08-20,27.615549087524414
2020-08-21,27.51432228088379
2020-08-24,27.551128387451172
2020-08-25,27.477514266967773
2020-08-26,27.48671531677246
2020-08-27,27.42230224609375
2020-08-28,27.652347564697266
2020-08-31,27.66155433654785
2020-09-01,27.691951751708984
2020-09-02,27.599851608276367
2020-09-03,27.57222557067871
2020-09-04,27.535390853881836
2020-09-08,27.48934555053711
2020-09-09,27.516977310180664
2020-09-10,27.41567039489746
2020-09-11,27.544597625732422
2020-09-14,27.57222557067871
2020-09-15,27.627477645874023
2020-09-16,27.609060287475586
2020-09-17,27.7471981048584
2020-09-18,27.728782653808594
2020-09-21,27.609060287475586
2020-09-22,27.507766723632812
2020-09-23,27.314373016357422
2020-09-24,27.277528762817383
2020-09-25,27.268329620361328
2020-09-28,27.39725685119629
2020-09-29,27.443296432495117
2020-09-30,27.323579788208008
2020-10-01,27.399152755737305
2020-10-02,27.445236206054688
2020-10-05,27.463659286499023
2020-10-06,27.472883224487305
2020-10-07,27.362289428710938
2020-10-08,27.528179168701172
2020-10-09,27.657201766967773
2020-10-12,27.638774871826172
2020-10-13,27.59269905090332
2020-10-14,27.712493896484375
2020-10-15,27.583480834960938
2020-10-16,27.629552841186523
2020-10-19,27.666418075561523
2020-10-20,27.740144729614258
2020-10-21,27.887598037719727
2020-10-22,27.74935531616211
2020-10-23,27.841516494750977
2020-10-26,27.767799377441406
2020-10-27,27.869165420532227
2020-10-28,27.740144729614258
2020-10-29,27.59269905090332
2020-10-30,27.601905822753906
2020-11-02,27.49399757385254
2020-11-03,27.641559600830078
2020-11-04,27.83524513244629
2020-11-05,28.093490600585938
2020-11-06,28.158058166503906
2020-11-09,27.807573318481445
2020-11-10,27.79834747314453
2020-11-11,27.752235412597656
2020-11-12,27.807573318481445
2020-11-13,27.890583038330078
2020-11-16,28.019710540771484
2020-11-17,28.12116050720215
2020-11-18,28.093490600585938
2020-11-19,28.1119441986084
2020-11-20,28.167280197143555
2020-11-23,28.075048446655273
2020-11-24,28.158058166503906
2020-11-25,28.241064071655273
2020-11-27,28.287172317504883
2020-11-30,28.167280197143555
2020-12-01,28.22542953491211
2020-12-02,28.290037155151367
2020-12-03,28.548473358154297
2020-12-04,28.51154899597168
2020-12-07,28.465408325195312
2020-12-08,28.539249420166016
2020-12-09,28.548473358154297
2020-12-10,28.631542205810547
2020-12-11,28.650012969970703
2020-12-14,28.622314453125
2020-12-15,28.69615364074707
2020-12-16,28.677696228027344
2020-12-17,28.862300872802734
2020-12-18,28.791175842285156
2020-12-21,28.781938552856445
2020-12-22,28.64337921142578
2020-12-23,28.62491226196289
2020-12-24,28.680334091186523
2020-12-28,28.671096801757812
2020-12-29,28.76346206665039
2020-12-30,28.911252975463867
2020-12-31,28.846590042114258
2021-01-04,29.003623962402344
2021-01-05,29.0498104095459
2021-01-06,29.040569305419922
2021-01-07,28.80964469909668
2021-01-08,28.735755920410156
2021-01-11,28.61567497253418
2021-01-12,28.680334091186523
2021-01-13,28.717273712158203
2021-01-14,28.735755920410156
2021-01-15,28.61567497253418
2021-01-19,28.587961196899414
2021-01-20,28.680334091186523
2021-01-21,28.671096801757812
2021-01-22,28.587961196899414
2021-01-25,28.597198486328125
2021-01-26,28.65262222290039
2021-01-27,28.486356735229492
2021-01-28,28.560251235961914
2021-01-29,28.486356735229492
2021-02-01,28.303335189819336
2021-02-02,28.28485107421875
2021-02-03,28.23863983154297
2021-02-04,28.15544319152832
2021-02-05,28.20166778564453
2021-02-08,28.312583923339844
2021-02-09,28.377288818359375
2021-02-10,28.368045806884766
2021-02-11,28.46047592163086
2021-02-12,28.331073760986328
2021-02-16,28.099985122680664
2021-02-17,28.026044845581055
2021-02-18,28.090734481811523
2021-02-19,28.08149528503418
2021-02-22,28.07225227355957
2021-02-23,28.07225227355957
2021-02-24,28.053770065307617
2021-02-25,27.739498138427734
2021-02-26,27.72100067138672
2021-03-01,27.81349754333496
2021-03-02,27.896745681762695
2021-03-03,27.674753189086914
2021-03-04,27.480506896972656
2021-03-05,27.388023376464844
2021-03-08,27.17527961730957
2021-03-09,27.360273361206055
2021-03-10,27.462013244628906
2021-03-11,27.60076141357422
2021-03-12,27.425016403198242
2021-03-15,27.415773391723633
2021-03-16,27.406517028808594
2021-03-17,27.480506896972656
2021-03-18,27.286272048950195
2021-03-19,27.360273361206055
2021-03-22,27.471267700195312
2021-03-23,27.39727210998535
2021-03-24,27.277027130126953
2021-03-25,27.258525848388672
2021-03-26,27.24927520751953
2021-03-29,27.110532760620117
2021-03-30,27.018033981323242
2021-03-31,26.953290939331055
2021-04-01,27.103246688842773
2021-04-05,27.149526596069336
2021-04-06,27.37169075012207
2021-04-07,27.31614875793457
2021-04-08,27.43648910522461
2021-04-09,27.353172302246094
2021-04-12,27.31614875793457
2021-04-13,27.43648910522461
2021-04-14,27.454998016357422
2021-04-15,27.57532501220703
2021-04-16,27.501270294189453
2021-04-19,27.621618270874023
2021-04-20,27.621618270874023
2021-04-21,27.65863609313965
2021-04-22,27.630861282348633
2021-04-23,27.741945266723633
2021-04-26,27.704923629760742
2021-04-27,27.593835830688477
2021-04-28,27.704923629760742
2021-04-29,27.621618270874023
2021-04-30,27.417966842651367
2021-05-03,27.57636833190918
2021-05-04,27.4652099609375
2021-05-05,27.437423706054688
2021-05-06,27.548582077026367
2021-05-07,27.715316772460938
2021-05-10,27.65047264099121
2021-05-11,27.65973472595215
2021-05-12,27.354053497314453
2021-05-13,27.40036392211914
2021-05-14,27.50225830078125
2021-05-17,27.548582077026367
2021-05-18,27.60414695739746
2021-05-19,27.520782470703125
2021-05-20,27.641212463378906
2021-05-21,27.622684478759766
2021-05-24,27.641212463378906
2021-05-25,27.752368927001953
2021-05-26,27.761638641357422
2021-05-27,27.724578857421875
2021-05-28,27.687524795532227
2021-06-01,27.75519561767578
2021-06-02,27.773740768432617
2021-06-03,27.59760284423828
2021-06-04,27.773740768432617
2021-06-07,27.75519561767578
2021-06-08,27.745929718017578
2021-06-09,27.829357147216797
2021-06-10,27.86644172668457
2021-06-11,27.78301239013672
2021-06-14,27.745929718017578
2021-06-15,27.662500381469727
2021-06-16,27.440011978149414
2021-06-17,27.273143768310547
2021-06-18,27.273143768310547
2021-06-21,27.375118255615234
2021-06-22,27.338037490844727
2021-06-23,27.29168701171875
2021-06-24,27.319496154785156
2021-06-25,27.29168701171875
2021-06-28,27.310222625732422
2021-06-29,27.263885498046875
2021-06-30,27.2082576751709
2021-07-01,27.17207145690918
2021-07-02,27.274118423461914
2021-07-06,27.227733612060547
2021-07-07,27.292673110961914
2021-07-08,27.37616729736328
2021-07-09,27.36688232421875
2021-07-12,27.35761260986328
2021-07-13,27.199899673461914
2021-07-14,27.413270950317383
2021-07-15,27.32978057861328
2021-07-16,27.37616729736328
2021-07-19,27.385446548461914
2021-07-20,27.40399169921875
2021-07-21,27.36688232421875
2021-07-22,27.413270950317383
2021-07-23,27.385446548461914
2021-07-26,27.39472007751465
2021-07-27,27.50603675842285
2021-07-28,27.54314613342285
2021-07-29,27.63591194152832
2021-07-30,27.58953285217285
2021-08-02,27.571901321411133
2021-08-03,27.674015045166016
2021-08-04,27.674015045166016
2021-08-05,27.655441284179688
2021-08-06,27.423357009887695
2021-08-09,27.423357009887695
2021-08-10,27.330524444580078
2021-08-11,27.44192886352539
2021-08-12,27.38622283935547
2021-08-13,27.48834800720215
2021-08-16,27.404794692993164
2021-08-17,27.367656707763672
2021-08-18,27.38622283935547
2021-08-19,27.29338836669922
2021-08-20,27.30267906188965
2021-08-23,27.432640075683594
2021-08-24,27.3955135345459
2021-08-25,27.367656707763672
2021-08-26,27.330524444580078
2021-08-27,27.460485458374023
2021-08-30,27.38622283935547
2021-08-31,27.339815139770508
2021-09-01,27.472671508789062
2021-09-02,27.491260528564453
2021-09-03,27.50983428955078
2021-09-07,27.34259796142578
2021-09-08,27.324020385742188
2021-09-09,27.43550682067871
2021-09-10,27.34259796142578
2021-09-13,27.398338317871094
2021-09-14,27.370466232299805
2021-09-15,27.36117935180664
2021-09-16,27.231103897094727
2021-09-17,27.101041793823242
2021-09-20,27.184654235839844
2021-09-21,27.138200759887695
2021-09-22,27.147491455078125
2021-09-23,27.07317543029785
2021-09-24,26.943099975585938
2021-09-27,26.924518585205078
2021-09-28,26.76656723022461
2021-09-29,26.57147216796875
2021-09-30,26.69224739074707
2021-10-01,26.77685546875
2021-10-04,26.767555236816406
2021-10-05,26.655990600585938
2021-10-06,26.637392044067383
2021-10-07,26.6094970703125
2021-10-08,26.52582550048828
2021-10-11,26.33986473083496
2021-10-12,26.414247512817383
2021-10-13,26.60019874572754
2021-10-14,26.693180084228516
2021-10-15,26.58160972595215
2021-10-18,26.563013076782227
2021-10-19,26.58160972595215
2021-10-20,26.637392044067383
2021-10-21,26.507226943969727
2021-10-22,26.646684646606445
2021-10-25,26.58160972595215
2021-10-26,26.590906143188477
2021-10-27,26.693180084228516
2021-10-28,26.739660263061523
2021-10-29,26.57231330871582
2021-11-01,26.53878402709961
2021-11-02,26.594655990600586
2021-11-03,26.60396957397461
2021-11-04,26.641218185424805
2021-11-05,26.790210723876953
2021-11-08,26.771583557128906
2021-11-09,26.901952743530273
2021-11-10,26.510847091674805
2021-11-11,26.436351776123047
2021-11-12,26.52016258239746
2021-11-15,26.315305709838867
2021-11-16,26.240806579589844
2021-11-17,26.343229293823242
2021-11-18,26.417728424072266
2021-11-19,26.3804874420166
2021-11-22,26.091825485229492
2021-11-23,26.063880920410156
2021-11-24,26.017322540283203
2021-11-26,26.343229293823242
2021-11-29,26.287368774414062
2021-11-30,26.408416748046875
2021-12-01,26.466205596923828
2021-12-02,26.419601440429688
2021-12-03,26.400964736938477
2021-12-06,26.419601440429688
2021-12-07,26.456876754760742
2021-12-08,26.48483657836914
2021-12-09,26.456876754760742
2021-12-10,26.494159698486328
2021-12-13,26.447555541992188
2021-12-14,26.373008728027344
2021-12-15,26.410282135009766
2021-12-16,26.522111892700195
2021-12-17,26.430713653564453
2021-12-20,26.37476348876953
2021-12-21,26.309473037719727
2021-12-22,26.365428924560547
2021-12-23,26.337448120117188
2021-12-27,26.356103897094727
2021-12-28,26.253515243530273
2021-12-29,26.262840270996094
2021-12-30,26.244190216064453
2021-12-31,26.365428924560547
2022-01-03,26.04833221435547
2022-01-04,26.04833221435547
2022-01-05,25.936418533325195
2022-01-06,25.889793395996094
2022-01-07,25.9550724029541
2022-01-10,25.983057022094727
2022-01-11,26.029685974121094
2022-01-12,26.244190216064453
2022-01-13,26.31879997253418
2022-01-14,26.188232421875
2022-01-18,25.908445358276367
2022-01-19,26.029685974121094
2022-01-20,25.973724365234375
2022-01-21,26.085643768310547
2022-01-24,26.020353317260742
2022-01-25,25.9550724029541
2022-01-26,25.656635284423828
2022-01-27,25.693944931030273
2022-01-28,25.572696685791016
2022-01-31,25.6752872467041
2022-02-01,25.761159896850586
2022-02-02,25.8544979095459
2022-02-03,25.789159774780273
2022-02-04,25.695819854736328
2022-02-07,25.639816284179688
2022-02-08,25.518468856811523
2022-02-09,25.66780662536621
2022-02-10,25.425140380859375
2022-02-11,25.490480422973633
2022-02-14,25.350473403930664
2022-02-15,25.397140502929688
2022-02-16,25.49980926513672
2022-02-17,25.546478271484375
2022-02-18,25.57447624206543
2022-02-22,25.509143829345703
2022-02-23,25.415809631347656
2022-02-24,25.201135635375977
2022-02-25,25.37847328186035
2022-02-28,25.38780975341797
2022-03-01,25.399015426635742
2022-03-02,25.146800994873047
2022-03-03,25.174827575683594
2022-03-04,25.128114700317383
2022-03-07,24.9226131439209
2022-03-08,24.773151397705078
2022-03-09,24.857223510742188
2022-03-10,24.698421478271484
2022-03-11,24.558300018310547
2022-03-14,24.315427780151367
2022-03-15,24.32476806640625
2022-03-16,24.558300018310547
2022-03-17,24.670392990112305
2022-03-18,24.642370223999023
2022-03-21,24.343442916870117
2022-03-22,24.371471405029297
2022-03-23,24.399494171142578
2022-03-24,24.287397384643555
2022-03-25,24.175302505493164
2022-03-28,24.11925506591797
2022-03-29,24.1566219329834
2022-03-30,24.334108352661133
2022-03-31,24.315427780151367
2022-04-01,24.209800720214844
2022-04-04,24.27523422241211
2022-04-05,24.03219985961914
2022-04-06,23.845251083374023
2022-04-07,23.779815673828125
2022-04-08,23.705039978027344
2022-04-11,23.368534088134766
2022-04-12,23.592864990234375
2022-04-13,23.60222053527832
2022-04-14,23.51808738708496
2022-04-18,23.39657974243164
2022-04-19,23.237661361694336
2022-04-20,23.39657974243164
2022-04-21,23.209627151489258
2022-04-22,23.050718307495117
2022-04-25,23.12548828125
2022-04-26,23.08810043334961
2022-04-27,22.84507942199707
2022-04-28,22.545955657958984
2022-04-29,22.620737075805664
2022-05-02,22.482269287109375
2022-05-03,22.547758102416992
2022-05-04,22.847148895263672
2022-05-05,22.49161720275879
2022-05-06,22.379352569580078
2022-05-09,22.248369216918945
2022-05-10,22.285795211791992
2022-05-11,22.27644157409668
2022-05-12,22.388715744018555
2022-05-13,22.27644157409668
2022-05-16,22.341928482055664
2022-05-17,22.369997024536133
2022-05-18,22.435489654541016
2022-05-19,22.650672912597656
2022-05-20,22.63196563720703
2022-05-23,22.725521087646484
2022-05-24,22.92200469970703
2022-05-25,22.856508255004883
2022-05-26,22.800369262695312
2022-05-27,22.875219345092773
2022-05-31,22.744234085083008
2022-06-01,22.474544525146484
2022-06-02,22.736745834350586
2022-06-03,22.493268966674805
2022-06-06,22.418352127075195
2022-06-07,22.408992767333984
2022-06-08,22.21233558654785
2022-06-09,21.912681579589844
2022-06-10,21.706663131713867
2022-06-13,21.20098304748535
2022-06-14,21.116708755493164
2022-06-15,21.406999588012695
2022-06-16,21.631746292114258
2022-06-17,21.388273239135742
2022-06-21,21.25716781616211
2022-06-22,21.547468185424805
2022-06-23,21.744121551513672
2022-06-24,21.716032028198242
2022-06-27,21.631746292114258
2022-06-28,21.463186264038086
2022-06-29,21.538101196289062
2022-06-30,21.687929153442383
2022-07-01,21.784486770629883
2022-07-05,21.60638427734375
2022-07-06,21.428279876708984
2022-07-07,21.447025299072266
2022-07-08,21.40015983581543
2022-07-11,21.222057342529297
2022-07-12,21.38140869140625
2022-07-13,21.428279876708984
2022-07-14,21.287675857543945
2022-07-15,21.26892852783203
2022-07-18,21.372037887573242
2022-07-19,21.39078140258789
2022-07-20,21.372037887573242
2022-07-21,21.47515296936035
2022-07-22,21.737619400024414
2022-07-25,21.643869400024414
2022-07-26,21.653247833251953
2022-07-27,21.850101470947266
2022-07-28,21.962581634521484
2022-07-29,22.131303787231445
2022-08-01,22.25609588623047
2022-08-02,22.05905532836914
2022-08-03,22.08721351623535
2022-08-04,22.293630599975586
2022-08-05,21.993379592895508
2022-08-08,22.02152442932129
2022-08-09,22.143510818481445
2022-08-10,22.349924087524414
2022-08-11,22.171649932861328
2022-08-12,22.181039810180664
2022-08-15,22.096586227416992
2022-08-16,22.01214599609375
2022-08-17,21.871402740478516
2022-08-18,21.65559196472168
2022-08-19,21.42103385925293
2022-08-22,21.242752075195312
2022-08-23,21.19584083557129
2022-08-24,21.139541625976562
2022-08-25,21.31781578063965
2022-08-26,21.148929595947266
2022-08-29,21.008182525634766
2022-08-30,20.998802185058594
2022-08-31,20.886205673217773
2022-09-01,20.832666397094727
2022-09-02,20.79509925842285
2022-09-06,20.503925323486328
2022-09-07,20.729351043701172
2022-09-08,20.58846092224121
2022-09-09,20.63542366027832
2022-09-12,20.738737106323242
2022-09-13,20.485151290893555
2022-09-14,20.626026153564453
2022-09-15,20.45696449279785
2022-09-16,20.49452781677246
2022-09-19,20.45696449279785
2022-09-20,20.269115447998047
2022-09-21,20.231548309326172
2022-09-22,20.156400680541992
2022-09-23,19.818275451660156
2022-09-26,19.348648071289062
2022-09-27,19.235929489135742
2022-09-28,19.752525329589844
2022-09-29,19.686777114868164
2022-09-30,19.56467056274414
2022-10-03,19.867433547973633
2022-10-04,20.14950942993164
2022-10-05,19.895641326904297
2022-10-06,19.74520492553711
2022-10-07,19.547752380371094
2022-10-10,19.387908935546875
2022-10-11,19.284486770629883
2022-10-12,19.24686622619629
2022-10-13,19.406713485717773
2022-10-14,19.199859619140625
2022-10-17,19.32208824157715
2022-10-18,19.41611099243164
2022-10-19,19.265674591064453
2022-10-20,19.171649932861328
2022-10-21,19.340900421142578
2022-10-24,19.293886184692383
2022-10-25,19.641780853271484
2022-10-26,19.867433547973633
2022-10-27,19.895641326904297
2022-10-28,19.839231491088867
2022-10-31,19.60416603088379
2022-11-01,19.72089385986328
2022-11-02,19.636167526245117
2022-11-03,19.447904586791992
2022-11-04,19.786787033081055
2022-11-07,19.711483001708984
2022-11-08,20.003292083740234
2022-11-09,19.890331268310547
2022-11-10,20.64339828491211
2022-11-11,20.850488662719727
2022-11-14,20.72811508178711
2022-11-15,20.935205459594727
2022-11-16,20.991689682006836
2022-11-17,20.765764236450195
2022-11-18,20.7469425201416
2022-11-21,20.60573959350586
2022-11-22,20.822248458862305
2022-11-23,21.066991806030273
2022-11-25,21.11406135559082
2022-11-28,20.925798416137695
2022-11-29,20.954023361206055
2022-11-30,21.19878387451172
2022-12-01,21.637941360473633
2022-12-02,21.60968017578125
2022-12-05,21.345792770385742
2022-12-06,21.364641189575195
2022-12-07,21.54370880126953
2022-12-08,21.487165451049805
2022-12-09,21.383493423461914
2022-12-12,21.33637809753418
2022-12-13,21.54370880126953
2022-12-14,21.58139419555664
2022-12-15,21.251558303833008
2022-12-16,21.213857650756836
2022-12-19,21.137428283691406
2022-12-20,21.250661849975586
2022-12-21,21.278972625732422
2022-12-22,21.203472137451172
2022-12-23,21.18461036682129
2022-12-27,21.043060302734375
2022-12-28,20.929826736450195
2022-12-29,21.34502601623535
2022-12-30,21.165729522705078
2023-01-03,21.118549346923828
2023-01-04,21.363901138305664
2023-01-05,21.12798500061035
2023-01-06,21.496007919311523
2023-01-09,21.59980583190918
2023-01-10,21.496007919311523
2023-01-11,21.703611373901367
2023-01-12,21.930076599121094
2023-01-13,21.977266311645508
2023-01-17,22.00556755065918
2023-01-18,22.137676239013672
2023-01-19,22.17542266845703
2023-01-20,22.17542266845703
2023-01-23,21.96782684326172
2023-01-24,22.07162857055664
2023-01-25,22.22260856628418
2023-01-26,22.109373092651367
2023-01-27,21.996129989624023
2023-01-30,21.83571434020996
2023-01-31,21.920644760131836
2023-02-01,22.176706314086914
2023-02-02,22.346792221069336
2023-02-03,21.808195114135742
2023-02-06,21.553077697753906
2023-02-07,21.647571563720703
2023-02-08,21.628665924072266
2023-02-09,21.59087562561035
2023-02-10,21.515275955200195
2023-02-13,21.543630599975586
2023-02-14,21.52473258972168
2023-02-15,21.269607543945312
2023-02-16,21.25071144104004
2023-02-17,21.30740737915039
2023-02-21,21.080625534057617
2023-02-22,20.967241287231445
2023-02-23,21.09952163696289
2023-02-24,20.85384750366211
2023-02-27,20.91054344177246
2023-02-28,20.89164924621582
2023-03-01,20.91057014465332
2023-03-02,20.787574768066406
2023-03-03,20.92003631591797
2023-03-06,20.976802825927734
2023-03-07,20.740259170532227
2023-03-08,20.759185791015625
2023-03-09,20.815956115722656
2023-03-10,21.109268188476562
2023-03-13,21.56344223022461
2023-03-14,21.45935821533203
2023-03-15,21.487735748291016
2023-03-16,21.4404354095459
2023-03-17,21.7905216217041
2023-03-20,21.752676010131836
2023-03-21,21.71483039855957
2023-03-22,21.989215850830078
2023-03-23,21.979759216308594
2023-03-24,21.866214752197266
2023-03-27,21.7905216217041
2023-03-28,21.875680923461914
2023-03-29,21.7905216217041
2023-03-30,21.8472957611084
2023-03-31,21.875680923461914
2023-04-03,21.991270065307617
2023-04-04,22.019691467285156
2023-04-05,21.972318649291992
2023-04-06,21.953369140625
2023-04-10,21.73544692993164
2023-04-11,21.754396438598633
2023-04-12,21.87757682800293
2023-04-13,21.981796264648438
2023-04-14,21.763874053955078
2023-04-17,21.640701293945312
2023-04-18,21.707029342651367
2023-04-19,21.602802276611328
2023-04-20,21.67859649658203
2023-04-21,21.650175094604492
2023-04-24,21.707029342651367
2023-04-25,21.78282356262207
2023-04-26,21.78282356262207
2023-04-27,21.744924545288086
2023-04-28,21.82072639465332
2023-05-01,21.586353302001953
2023-05-02,21.83305549621582
2023-05-03,21.93743324279785
2023-05-04,21.984867095947266
2023-05-05,21.94691276550293
2023-05-08,21.852033615112305
2023-05-09,21.795101165771484
2023-05-10,21.94691276550293
2023-05-11,21.927942276000977
2023-05-12,21.652780532836914
2023-05-15,21.747655868530273
2023-05-16,21.662269592285156
2023-05-17,21.605329513549805
2023-05-18,21.339649200439453
2023-05-19,21.463010787963867
2023-05-22,21.387100219726562
2023-05-23,21.320674896240234
2023-05-24,21.23528289794922
2023-05-25,21.083457946777344
2023-05-26,21.121416091918945
2023-05-30,21.320674896240234
2023-05-31,21.254255294799805
2023-06-01,21.475664138793945
2023-06-02,21.333127975463867
2023-06-05,21.35213279724121
2023-06-06,21.333127975463867
2023-06-07,21.257110595703125
2023-06-08,21.418651580810547
2023-06-09,21.4566593170166
2023-06-12,21.437652587890625
2023-06-13,21.409147262573242
2023-06-14,21.48516845703125
2023-06-15,21.637205123901367
2023-06-16,21.54218101501465
2023-06-20,21.561193466186523
2023-06-21,21.637205123901367
2023-06-22,21.437652587890625
2023-06-23,21.437652587890625
2023-06-26,21.50417137145996
2023-06-27,21.580190658569336
2023-06-28,21.447154998779297
2023-06-29,21.295116424560547
2023-06-30,21.42815399169922
2023-07-03,21.352975845336914
2023-07-05,21.286373138427734
2023-07-06,21.13411521911621
2023-07-07,21.324430465698242
2023-07-10,21.381528854370117
2023-07-11,21.419588088989258
2023-07-12,21.762147903442383
2023-07-13,22.00955581665039
2023-07-14,21.97149085998535
2023-07-17,21.990524291992188
2023-07-18,22.0666561126709
2023-07-19,21.990524291992188
2023-07-20,21.809722900390625
2023-07-21,21.77166175842285
2023-07-24,21.78118133544922
2023-07-25,21.790693283081055
2023-07-26,21.876338958740234
2023-07-27,21.65747833251953
2023-07-28,21.676509857177734
2023-07-31,21.638446807861328
2023-08-01,21.431657791137695
2023-08-02,21.27918815612793
2023-08-03,21.231538772583008
2023-08-04,21.412595748901367
2023-08-07,21.30777931213379
2023-08-08,21.317306518554688
2023-08-09,21.317306518554688
2023-08-10,21.193418502807617
2023-08-11,21.098129272460938
2023-08-14,21.002836227416992
2023-08-15,20.9647216796875
2023-08-16,20.850364685058594
2023-08-17,20.859891891479492
2023-08-18,20.9742431640625
2023-08-21,20.840837478637695
2023-08-22,20.840837478637695
2023-08-23,21.107662200927734
2023-08-24,20.9647216796875
2023-08-25,20.93613624572754
2023-08-28,20.90753936767578
2023-08-29,21.1171817779541
2023-08-30,21.079071044921875
2023-08-31,21.1171817779541
2023-09-01,20.966407775878906
2023-09-05,20.727821350097656
2023-09-06,20.63239288330078
2023-09-07,20.708742141723633
2023-09-08,20.689653396606445
2023-09-11,20.737367630004883
2023-09-12,20.718276977539062
2023-09-13,20.689653396606445
2023-09-14,20.699195861816406
2023-09-15,20.65148162841797
2023-09-18,20.61330795288086
2023-09-19,20.56559181213379
2023-09-20,20.546504974365234
2023-09-21,20.527416229248047
2023-09-22,20.508331298828125
2023-09-25,20.365184783935547
2023-09-26,20.260208129882812
2023-09-27,20.15523338317871
2023-09-28,20.202953338623047
2023-09-29,20.269752502441406
2023-10-02,20.041337966918945
2023-10-03,19.964879989624023
2023-10-04,20.07000732421875
2023-10-05,20.194252014160156
2023-10-06,20.00310516357422
2023-10-09,20.23247718811035
2023-10-10,20.356719970703125
2023-10-11,20.43317985534668
2023-10-12,20.13690948486328
2023-10-13,20.194252014160156
2023-10-16,20.22292137145996
2023-10-17,20.079570770263672
2023-10-18,19.974437713623047
2023-10-19,19.974437713623047
2023-10-20,20.02222442626953
2023-10-23,20.1177978515625
2023-10-24,20.13690948486328
2023-10-25,19.93621063232422
2023-10-26,20.041337966918945
2023-10-27,20.098684310913086
2023-10-30,20.13690948486328
2023-10-31,19.98399543762207
2023-11-01,20.09980583190918
2023-11-02,20.319948196411133
2023-11-03,20.587949752807617
2023-11-06,20.540084838867188
2023-11-07,20.587949752807617
2023-11-08,20.635801315307617
2023-11-09,20.463516235351562
2023-11-10,20.492229461669922
2023-11-13,20.520946502685547
2023-11-14,20.951656341552734
2023-11-15,20.836801528930664
2023-11-16,20.942089080810547
2023-11-17,21.066513061523438
2023-11-20,21.200511932373047
2023-11-21,21.181367874145508
2023-11-22,21.095232009887695
2023-11-24,21.085657119750977
2023-11-27,21.200511932373047
2023-11-28,21.31536865234375
2023-11-29,21.411081314086914
2023-11-30,21.200511932373047
2023-12-01,21.46984100341797
2023-12-04,21.29731559753418
2023-12-05,21.345243453979492
2023-12-06,21.46026039123535
2023-12-07,21.565692901611328
2023-12-08,21.402748107910156
2023-12-11,21.29731559753418
2023-12-12,21.364412307739258
2023-12-13,21.757387161254883
2023-12-14,21.939495086669922
2023-12-15,21.939495086669922
2023-12-18,21.851207733154297
2023-12-19,22.03354263305664
2023-12-20,22.023942947387695
2023-12-21,22.187084197998047
2023-12-22,22.206279754638672
2023-12-26,22.263856887817383
2023-12-27,22.40781021118164
2023-12-28,22.254261016845703
2023-12-29,22.24466896057129
2024-01-02,22.03354263305664
2024-01-03,21.966367721557617
2024-01-04,21.803226470947266
2024-01-05,21.822420120239258
2024-01-08,21.89919662475586
2024-01-09,21.793628692626953
2024-01-10,21.774436950683594
2024-01-11,21.851207733154297
2024-01-12,21.88959312438965
2024-01-16,21.553722381591797
2024-01-17,21.448158264160156
2024-01-18,21.438560485839844
2024-01-19,21.5057315826416
2024-01-22,21.486543655395508
2024-01-23,21.41936683654785
2024-01-24,21.467344284057617
2024-01-25,21.496137619018555
2024-01-26,21.476943969726562
2024-01-29,21.544124603271484
2024-01-30,21.56331443786621
2024-01-31,21.56331443786621
2024-02-01,21.74403190612793
2024-02-02,21.474878311157227
2024-02-05,21.273008346557617
2024-02-06,21.417198181152344
2024-02-07,21.37874984741211
2024-02-08,21.253786087036133
2024-02-09,21.321073532104492
2024-02-12,21.321073532104492
2024-02-13,21.051916122436523
2024-02-14,21.176881790161133
2024-02-15,21.292238235473633
2024-02-16,21.22494888305664
2024-02-20,21.34029769897461
2024-02-21,21.301849365234375
2024-02-22,21.311464309692383
2024-02-23,21.37874984741211
2024-02-26,21.321073532104492
2024-02-27,21.34029769897461
2024-02-28,21.34990692138672
2024-02-29,21.330686569213867
2024-03-01,21.384607315063477
2024-03-04,21.394235610961914
2024-03-05,21.490520477294922
2024-03-06,21.567546844482422
2024-03-07,21.72159767150879
2024-03-08,21.788997650146484
2024-03-11,21.769737243652344
2024-03-12,21.711971282958984
2024-03-13,21.711971282958984
2024-03-14,21.567546844482422
2024-03-15,21.53865623474121
2024-03-18,21.471261978149414
2024-03-19,21.41349220275879
2024-03-20,21.54828453063965
2024-03-21,21.461637496948242
2024-03-22,21.432748794555664
2024-03-25,21.432748794555664
2024-03-26,21.432748794555664
2024-03-27,21.461637496948242
2024-03-28,21.41349220275879
2024-04-01,21.21674919128418
2024-04-02,21.23604393005371
2024-04-03,21.31319236755371
2024-04-04,21.371057510375977
2024-04-05,21.322837829589844
2024-04-08,21.332483291625977
2024-04-09,21.43856430053711
2024-04-10,21.091384887695312
2024-04-11,21.07209014892578
2024-04-12,20.99494171142578
2024-04-15,20.859920501708984
2024-04-16,20.753841400146484
2024-04-17,20.850284576416016
2024-04-18,20.802061080932617
2024-04-19,20.821346282958984
2024-04-22,20.830991744995117
2024-04-23,20.879213333129883
2024-04-24,20.792417526245117
2024-04-25,20.773128509521484
2024-04-26,20.724910736083984
2024-04-29,20.86957359313965
2024-04-30,20.63811683654785
2024-05-01,20.690275192260742
2024-05-02,20.980051040649414
2024-05-03,21.153919219970703
2024-05-06,21.134605407714844
2024-05-07,21.115283966064453
2024-05-08,21.03801155090332
2024-05-09,21.09596824645996
2024-05-10,20.98971176147461
2024-05-13,21.009033203125
2024-05-14,21.018686294555664
2024-05-15,21.298810958862305
2024-05-16,21.240854263305664
2024-05-17,21.173242568969727
2024-05-20,21.12494468688965
2024-05-21,21.16358184814453
2024-05-22,21.03801155090332
2024-05-23,20.97039222717285
2024-05-24,21.03801155090332
2024-05-28,20.96073341369629
2024-05-29,20.815845489501953
2024-05-30,20.90277862548828
2024-05-31,20.9317569732666
2024-06-03,21.07204818725586
2024-06-04,21.12041473388672
2024-06-05,21.149444580078125
2024-06-06,21.16879653930664
2024-06-07,20.89789390563965
2024-06-10,20.810819625854492
2024-06-11,20.8011474609375
2024-06-12,20.94626808166504
2024-06-13,20.936594009399414
2024-06-14,20.92691993713379
2024-06-17,20.90757179260254
2024-06-18,20.98497200012207
2024-06-20,20.90757179260254
2024-06-21,20.859195709228516
2024-06-24,20.90757179260254
2024-06-25,20.8785457611084
2024-06-26,20.743099212646484
2024-06-27,20.77212142944336
2024-06-28,20.733421325683594
2024-07-01,20.679155349731445
2024-07-02,20.688844680786133
2024-07-03,20.88265037536621
2024-07-05,20.969863891601562
2024-07-08,20.960172653198242
2024-07-09,20.902029037475586
2024-07-10,20.931102752685547
2024-07-11,21.095840454101562
2024-07-12,21.202434539794922
2024-07-15,21.18305015563965
2024-07-16,21.23149871826172
2024-07-17,21.31871223449707
2024-07-18,21.202434539794922
2024-07-19,21.134601593017578
2024-07-22,21.134601593017578
2024-07-23,21.173362731933594
2024-07-24,21.153976440429688
2024-07-25,21.173362731933594
2024-07-26,21.279953002929688
2024-07-29,21.279953002929688
2024-07-30,21.299335479736328
2024-07-31,21.531902313232422
2024-08-01,21.538694381713867
2024-08-02,21.936664581298828
2024-08-05,22.082258224487305
2024-08-06,21.956073760986328
2024-08-07,21.859010696411133
2024-08-08,21.849306106567383
2024-08-09,21.965784072875977
2024-08-12,21.98519515991211
2024-08-13,22.091970443725586
2024-08-14,22.111377716064453
2024-08-15,21.956073760986328
2024-08-16,22.101675033569336
2024-08-19,22.208446502685547
2024-08-20,22.354040145874023
2024-08-21,22.402572631835938
2024-08-22,22.1987361907959
2024-08-23,22.4996395111084
2024-08-26,22.421987533569336
2024-08-27,22.43169593811035
2024-08-28,22.31521987915039
2024-08-29,22.276391983032227
2024-08-30,22.18903350830078
2024-09-03,22.204586029052734
2024-09-04,22.389299392700195
2024-09-05,22.467079162597656
2024-09-06,22.437910079956055
2024-09-09,22.408742904663086
2024-09-10,22.447633743286133
2024-09-11,22.467079162597656
2024-09-12,22.515684127807617
2024-09-13,22.642070770263672
2024-09-16,22.74901008605957
2024-09-17,22.68095588684082
2024-09-18,22.817058563232422
2024-09-19,22.6906795501709
2024-09-20,22.62262535095215
2024-09-23,22.612905502319336
2024-09-24,22.768455505371094
2024-09-25,22.564292907714844
2024-09-26,22.70040512084961
2024-09-27,22.80733871459961
2024-09-30,22.71012306213379
2024-10-01,22.689674377441406
2024-10-02,22.475433349609375
2024-10-03,22.280672073364258
2024-10-04,22.105392456054688
2024-10-07,22.056697845458984
2024-10-08,22.056697845458984
2024-10-09,21.92036247253418
2024-10-10,21.98853302001953
2024-10-11,21.978790283203125
2024-10-14,21.93984031677246
2024-10-15,21.98853302001953
2024-10-16,21.949575424194336
2024-10-17,21.89114761352539
2024-10-18,21.978790283203125
2024-10-21,21.715866088867188
2024-10-22,21.70612907409668
2024-10-23,21.608747482299805
2024-10-24,21.696392059326172
2024-10-25,21.628217697143555
2024-10-28,21.589271545410156
2024-10-29,21.569793701171875
2024-10-30,21.560054779052734
2024-10-31,21.608747482299805
2024-11-01,21.471202850341797
2024-11-04,21.617523193359375
2024-11-05,21.734590530395508
2024-11-06,21.334625244140625
2024-11-07,21.55899429321289
2024-11-08,21.471202850341797
2024-11-11,21.363889694213867
2024-11-12,21.24683380126953
2024-11-13,21.129764556884766
2024-11-14,21.09074592590332
2024-11-15,21.168790817260742
2024-11-18,21.25658416748047
2024-11-19,21.285846710205078
2024-11-20,21.159034729003906
2024-11-21,21.139522552490234
2024-11-22,21.110258102416992
2024-11-25,21.266338348388672
2024-11-26,21.285846710205078
2024-11-27,21.471202850341797
2024-11-29,21.65654754638672
2024-12-02,21.623327255249023
2024-12-03,21.57447052001953
2024-12-04,21.584243774414062
2024-12-05,21.691722869873047
2024-12-06,21.68195343017578
2024-12-09,21.613554000854492
2024-12-10,21.564697265625
2024-12-11,21.486528396606445
2024-12-12,21.369279861450195
2024-12-13,21.35951042175293
2024-12-16,21.35951042175293
2024-12-17,21.320425033569336
2024-12-18,21.017520904541016
2024-12-19,20.964696884155273
2024-12-20,21.101654052734375
2024-12-23,21.013607025146484
2024-12-24,21.013607025146484
2024-12-26,21.023387908935547
2024-12-27,20.945127487182617
2024-12-30,20.994043350219727
2024-12-31,20.92556381225586
2025-01-02,20.808164596557617
2025-01-03,20.827733993530273
2025-01-06,20.847299575805664
2025-01-07,20.778820037841797
2025-01-08,20.680988311767578
2025-01-10,20.485334396362305
2025-01-13,20.50489616394043
2025-01-14,20.524465560913086
2025-01-15,20.7005558013916
2025-01-16,20.75925064086914
2025-01-17,20.710336685180664
2025-01-21,20.964696884155273
2025-01-22,20.964696884155273
2025-01-23,20.935344696044922
2025-01-24,21.033172607421875
2025-01-27,21.101654052734375
2025-01-28,21.033172607421875
2025-01-29,20.984256744384766
2025-01-30,21.0527400970459
2025-01-31,20.945127487182617
2025-02-03,20.953947067260742
2025-02-04,21.120559692382812
2025-02-05,21.247970581054688
2025-02-06,21.247970581054688
2025-02-07,21.15976333618164
2025-02-10,21.10095977783203
2025-02-11,21.110759735107422
2025-02-12,21.002954483032227
2025-02-13,21.277366638183594
2025-02-14,21.296972274780273
2025-02-18,21.189167022705078
2025-02-19,21.14996337890625
2025-02-20,21.30677604675293
2025-02-21,21.336177825927734
2025-02-24,21.326374053955078
2025-02-25,21.443981170654297
2025-02-26,21.42438316345215
2025-02-27,21.257770538330078
2025-02-28,21.238168716430664
2025-03-03,21.359888076782227
2025-03-04,21.428598403930664
2025-03-05,21.4973201751709
2025-03-06,21.507129669189453
2025-03-07,21.516948699951172
2025-03-10,21.4973201751709
2025-03-11,21.53658103942871
2025-03-12,21.507129669189453
2025-03-13,21.507129669189453
2025-03-14,21.507129669189453
2025-03-17,21.62492561340332
2025-03-18,21.60529327392578
2025-03-19,21.634740829467773
2025-03-20,21.55620765686035
2025-03-21,21.48749351501465
2025-03-24,21.399150848388672
2025-03-25,21.389339447021484
2025-03-26,21.32062530517578
2025-03-27,21.32062530517578
2025-03-28,21.448232650756836
2025-03-31,21.458051681518555
2025-04-01,21.506237030029297
2025-04-02,21.555404663085938
2025-04-03,22.037254333496094
2025-04-04,21.938915252685547
2025-04-07,21.69307518005371
2025-04-08,21.732412338256836
2025-04-09,21.545568466186523
2025-04-10,22.056922912597656
2025-04-11,22.34209442138672
2025-04-14,22.450267791748047
2025-04-15,22.332263946533203
2025-04-16,22.627275466918945
2025-04-17,22.5977725982666
2025-04-21,22.794445037841797
2025-04-22,22.72561264038086
2025-04-23,22.450267791748047
2025-04-24,22.69610595703125
2025-04-25,22.587936401367188
2025-04-28,22.715776443481445
2025-04-29,22.69610595703125
2025-04-30,22.69610595703125
2025-05-01,22.51293182373047
2025-05-02,22.55232810974121
2025-05-05,22.64095687866211
2025-05-06,22.759136199951172
2025-05-07,22.63111114501953
2025-05-08,22.325817108154297
2025-05-09,22.424301147460938
2025-05-12,22.01067543029785
2025-05-13,22.15839958190918
2025-05-14,22.109161376953125
2025-05-15,22.266727447509766
2025-05-16,22.207639694213867
2025-05-19,22.355361938476562
2025-05-20,22.325817108154297
2025-05-21,22.325817108154297
2025-05-22,22.315967559814453
2025-05-23,22.60157012939453
2025-05-27,22.56217384338379
2025-05-28,22.473539352416992
2025-05-29,22.63111114501953
2025-05-30,22.591720581054688
2025-06-02,22.712087631225586
2025-06-03,22.61342430114746
2025-06-04,22.74168586730957
2025-06-05,22.68248748779297
2025-06-06,22.603557586669922
2025-06-09,22.662752151489258
2025-06-10,22.69235610961914
2025-06-11,22.731821060180664
2025-06-12,23.017940521240234
2025-06-13,22.8502140045166
2025-06-16,22.869945526123047
2025-06-17,22.74168586730957
2025-06-18,22.751548767089844
2025-06-20,22.70222282409668
2025-06-23,22.810749053955078
2025-06-24,22.97847557067871
2025-06-25,22.988338470458984
2025-06-26,23.11660385131836
2025-06-27,23.037673950195312
2025-06-30,23.175798416137695
2025-07-01,23.22620391845703
2025-07-02,23.15702247619629
2025-07-03,23.107603073120117
2025-07-07,22.949466705322266
2025-07-08,22.88028335571289
2025-07-09,22.919818878173828
2025-07-10,22.88028335571289
2025-07-11,22.77156639099121
2025-07-14,22.69249725341797
2025-07-15,22.573896408081055
2025-07-16,22.70237922668457
2025-07-17,22.623308181762695
2025-07-18,22.603546142578125
2025-07-21,22.80121421813965
2025-07-22,22.9395809173584
2025-07-23,22.88028335571289
2025-07-24,22.83086585998535
2025-07-25,22.781448364257812
2025-07-28,22.603546142578125
2025-07-29,22.583778381347656
2025-07-30,22.356460571289062
2025-07-31,22.316925048828125
2025-08-01,22.679397583007812
2025-08-04,22.738821029663086
2025-08-05,22.709110260009766
2025-08-06,22.808147430419922
2025-08-07,22.827953338623047
2025-08-08,22.75862693786621
2025-08-11,22.689302444458008
2025-08-12,22.74872398376465
2025-08-13,22.867570877075195
2025-08-14,22.719013214111328
2025-08-15,22.719013214111328
2025-08-18,22.669492721557617
2025-08-19,22.649688720703125
2025-08-20,22.679397583007812
2025-08-21,22.540746688842773
2025-08-22,22.7784366607666
2025-08-25,22.600170135498047
2025-08-26,22.689302444458008
2025-08-27,22.699207305908203
2025-08-28,22.7784366607666
2025-08-29,22.7784366607666
2025-09-02,22.58296775817871
2025-09-03,22.642499923706055
2025-09-04,22.682191848754883
2025-09-05,22.880634307861328
2025-09-08,22.930246353149414
2025-09-09,22.880634307861328
2025-09-10,22.880634307861328
2025-09-11,22.960010528564453
2025-09-12,22.880634307861328
2025-09-15,22.9798583984375
2025-09-16,23.08900260925293
2025-09-17,23.03938865661621
2025-09-18,22.90047836303711
2025-09-19,22.860788345336914
2025-09-22,22.910400390625
2025-09-23,22.930246353149414
2025-09-24,22.751644134521484
2025-09-25,22.61273765563965
2025-09-26,22.672269821166992
2025-09-29,22.79133415222168
2025-09-30,22.821102142333984
2025-10-01,22.8529109954834
2025-10-02,22.83302879333496
2025-10-03,22.823089599609375
2025-10-06,22.664043426513672
2025-10-07,22.564640045166016
2025-10-08,22.55470085144043
2025-10-09,22.445356369018555
2025-10-10,22.594459533691406
2025-10-13,22.5745792388916
2025-10-14,22.644163131713867
2025-10-15,22.72368812561035
2025-10-16,22.892671585083008
2025-10-17,22.83302879333496
2025-10-20,22.862852096557617
2025-10-21,22.763446807861328
2025-10-22,22.773386001586914
2025-10-23,22.713747024536133
2025-10-24,22.693864822387695
2025-10-27,22.763446807861328
2025-10-28,22.80320930480957
2025-10-29,22.564640045166016
2025-10-30,22.594459533691406
2025-10-31,22.594459533691406
2025-11-03,22.487897872924805
2025-11-04,22.467979431152344
2025-11-05,22.428142547607422
2025-11-06,22.547653198242188
2025-11-07,22.547653198242188
2025-11-10,22.547653198242188
2025-11-11,22.587491989135742
2025-11-12,22.5576114654541
2025-11-13,22.617366790771484
2025-11-14,22.5078182220459
2025-11-17,22.487897872924805
2025-11-18,22.40822410583496
2025-11-19,22.27875518798828
2025-11-20,22.228960037231445
2025-11-21,22.27875518798828
2025-11-24,22.308631896972656
2025-11-25,22.428142547607422
2025-11-26,22.43810272216797
2025-11-28,22.467979431152344
2025-12-01,22.38916015625
2025-12-02,22.40911293029785
2025-12-03,22.49890899658203
2025-12-04,22.429067611694336
2025-12-05,22.459001541137695
2025-12-08,22.38916015625
2025-12-09,22.35922622680664
2025-12-10,22.459001541137695
2025-12-11,22.47895622253418
2025-12-12,22.459001541137695
2025-12-15,22.538820266723633
2025-12-16,22.56875228881836
2025-12-17,22.459001541137695
2025-12-18,22.469999313354492
2025-12-19,22.350000381469727
2025-12-22,22.420000076293945
2025-12-23,22.540000915527344
2025-12-24,22.6200008392334
2025-12-26,22.600000381469727
2025-12-29,22.59000015258789
2025-12-30,22.559999465942383
2025-12-31,22.530000686645508
2026-01-02,22.479999542236328
2026-01-05,22.520000457763672
2026-01-06,22.479999542236328
2026-01-07,22.489999771118164
2026-01-08,22.450000762939453
2026-01-09,22.389999389648438
2026-01-12,22.440000534057617
2026-01-13,22.329999923706055
2026-01-14,22.399999618530273
2026-01-15,22.31999969482422
2026-01-16,22.34000015258789
2026-01-20,22.329999923706055
2026-01-21,22.31999969482422
2026-01-22,22.459999084472656
2026-01-23,22.469999313354492
2,22.459999084472656
2026-01-23,22.469999313354492
