date,SP500,GOLD_OZ_USD,SmallCAP,US_REIT_VNQ,TREASURY_10Y,OBLIGATION,NASDAQ_100,COMMODITIES
2005-01-03,81.60598754882812,43.02000045776367,48.27501678466797,22.78891944885254,48.709320068359375,48.2402229309082,33.69538116455078,
2005-01-04,80.60881805419922,42.7400016784668,47.24018478393555,22.446407318115234,48.406063079833984,47.96942901611328,33.0811767578125,
2005-01-05,80.05255126953125,42.66999816894531,46.29597473144531,21.700239181518555,48.48612976074219,48.00809097290039,32.876441955566406,
2005-01-06,80.45957946777344,42.150001525878906,46.54147720336914,21.867406845092773,48.53190231323242,48.042518615722656,32.7143669128418,
2005-01-07,80.34422302246094,41.84000015258789,46.0240592956543,21.81848907470703,48.49186325073242,48.02103042602539,32.88499069213867,
2005-01-10,80.72413635253906,41.95000076293945,46.492374420166016,21.74916648864746,48.48612976074219,47.939361572265625,32.8679313659668,
2005-01-11,80.1678695678711,42.209999084472656,45.92585754394531,21.528982162475582,48.58341979980469,48.05110549926758,32.637603759765625,
2005-01-12,80.43244934082031,42.59999847412109,46.11469268798828,21.42704200744629,48.65780258178711,48.09834671020508,32.91059494018555,
2005-01-13,79.7879867553711,42.59999847412109,45.97496032714844,21.42704200744629,48.852386474609375,48.22732162475586,32.47550201416016,
2005-01-14,80.20860290527344,42.31999969482422,46.41307067871094,21.69208335876465,48.82379150390625,48.283199310302734,32.782615661621094,
2005-01-18,81.04296112060547,42.31999969482422,46.9644775390625,21.90412330627441,48.806602478027344,48.30895614624024,33.02999496459961,
2005-01-19,80.19505310058594,42.2599983215332,46.29220199584961,21.92451286315918,48.835182189941406,48.38201141357422,32.48405456542969,
2005-01-20,79.70657348632812,42.25,46.01649475097656,21.85519027709961,48.92105102539063,48.29607009887695,31.861326217651367,
2005-01-21,79.2181625366211,42.7400016784668,45.910743713378906,21.87557029724121,49.01830673217773,48.403507232666016,31.60541343688965,
2005-01-24,79.06217193603516,42.77000045776367,45.55950546264648,21.700239181518555,49.01258850097656,48.489444732666016,31.16182518005371,
2005-01-25,79.28602600097656,42.2400016784668,45.67658615112305,21.2924919128418,48.82949066162109,48.3261604309082,31.315385818481445,
2005-01-26,79.52346801757812,42.68999862670898,46.28466033935547,21.227245330810547,48.8409538269043,48.34332275390625,31.690719604492188,
2005-01-27,79.65910339355469,42.619998931884766,46.41682815551758,21.07638931274414,48.76651382446289,48.2402229309082,31.64805221557617,
2005-01-28,79.65910339355469,42.68999862670898,46.37908554077149,21.10900115966797,49.01830673217773,48.51953125,31.4945011138916,
2005-01-31,80.15432739257812,42.220001220703125,46.922943115234375,21.08453369140625,49.03548812866211,48.51953125,31.903993606567383,
2005-02-01,80.6631088256836,42.09999847412109,47.18732452392578,21.239482879638672,49.00163650512695,48.50960922241211,32.006351470947266,
2005-02-02,80.90730285644531,42.15999984741211,47.54611587524414,21.47597312927246,49.0073471069336,48.466495513916016,32.05752182006836,
2005-02-03,80.6969985961914,41.68000030517578,47.28548812866211,21.54121398925781,48.9270133972168,48.52685928344727,31.690719604492188,
2005-02-04,81.55850982666016,41.470001220703125,47.88222885131836,21.83479881286621,49.17959976196289,48.68218231201172,32.20255661010742,
2005-02-07,81.44995880126953,41.27000045776367,47.870906829833984,21.76140785217285,49.27714157104492,48.69940185546875,32.13429641723633,
2005-02-08,81.54493713378906,41.2599983215332,47.98798751831055,21.81440734863281,49.32311630249024,48.87627029418945,32.19401931762695,
2005-02-09,80.93441772460938,41.310001373291016,46.9644775390625,21.95305061340332,49.56418228149414,49.04887390136719,31.65658569335937,
2005-02-10,81.22614288330078,41.75,47.04757308959961,22.12020874023437,49.25419998168945,48.87627029418945,31.690719604492188,
2005-02-11,81.92481994628906,42.08000183105469,47.81427001953125,22.18545722961425,49.1910400390625,48.73394012451172,32.159908294677734,
2005-02-14,81.86375427246094,42.54999923706055,47.77270126342773,22.18952178955078,49.25419998168945,48.81593322753906,32.304901123046875,
2005-02-15,82.16902923583984,42.58000183105469,47.81427001953125,22.287397384643555,49.17959976196289,48.74256896972656,32.51815414428711,
2005-02-16,82.22328186035156,42.52000045776367,47.95777130126953,22.417877197265625,49.00163650512695,48.50960922241211,32.39874649047852,
2005-02-17,81.55850982666016,42.72999954223633,47.5347785949707,22.40155792236328,48.892578125,48.40176773071289,31.96368408203125,
2005-02-18,81.66707611083984,42.75,47.417701721191406,22.20584297180176,48.64577102661133,48.319786071777344,31.861326217651367,
2005-02-22,80.45278930664062,43.56999969482422,46.492374420166016,21.56976318359375,48.65150833129883,48.276649475097656,31.46893119812012,
2005-02-23,81.02935791015625,43.41999816894531,46.76808547973633,21.48821258544922,48.69168472290039,48.34567642211914,31.51158905029297,
2005-02-24,81.5652847290039,43.33000183105469,47.20619583129883,21.50452041625977,48.61130905151367,48.25078201293945,31.912504196166992,
2005-02-25,82.37254333496094,43.5,47.99176788330078,21.81440734863281,48.68017578125,48.33704376220703,32.09162139892578,
2005-02-28,81.82981872558594,43.52999877929688,47.69339370727539,21.753246307373047,48.36452102661133,48.06528472900391,31.75042152404785,
2005-03-01,82.23686218261719,43.220001220703125,48.05975341796875,21.981586456298828,48.36507797241211,48.0561752319336,32.100189208984375,
2005-03-02,82.19615173339844,43.25,47.97287368774414,21.83479881286621,48.35933303833008,48.07351303100586,32.08312225341797,
2005-03-03,82.23006439208984,42.970001220703125,48.01442337036133,21.95305061340332,48.33054733276367,48.06919097900391,31.81867027282715,
2005-03-04,83.25438690185547,43.380001068115234,48.60361099243164,22.36486053466797,48.54924774169922,48.22508239746094,32.006351470947266,
2005-03-07,83.29509735107422,43.470001220703125,48.48274612426758,22.47087860107422,48.56077575683594,48.36363983154297,32.46697998046875,
2005-03-08,82.98303985595703,44.02999877929688,48.0219955444336,22.3444766998291,48.33054733276367,48.14710998535156,32.142845153808594,
2005-03-09,82.06050109863281,44.02000045776367,47.47812271118164,21.71247100830078,47.96217346191406,47.68809127807617,32.04899597167969,
2005-03-10,82.24363708496094,44.20000076293945,47.274173736572266,21.85925674438477,48.04856491088867,47.75304412841797,32.006351470947266,
2005-03-11,81.66707611083984,44.43000030517578,47.24018478393555,21.61461639404297,47.84706878662109,47.67075729370117,31.707773208618164,
2005-03-14,82.17582702636719,44.02999877929688,47.59519577026367,21.91634559631348,47.96217346191406,47.66641616821289,31.85281181335449,
2005-03-15,81.49745178222656,44.060001373291016,47.274173736572266,21.88780212402344,47.87007522583008,47.47154998779297,31.596893310546875,
2005-03-16,80.8055419921875,44.310001373291016,47.009796142578125,21.626840591430664,47.97947311401367,47.63609313964844,31.23859214782715,
2005-03-17,80.96832275390625,43.81999969482422,47.009796142578125,21.85519027709961,48.16364288330078,47.52783584594727,31.315385818481445,
2005-03-18,80.72794342041016,43.88999938964844,46.75675201416016,21.777711868286133,48.04278564453125,47.38494873046875,31.14476203918457,
2005-03-21,80.42827606201172,43.09000015258789,46.813419342041016,21.630918502807617,47.98519134521485,47.328651428222656,31.204498291015625,
2005-03-22,79.61105346679688,42.650001525878906,46.492374420166016,21.243558883666992,47.63411712646485,46.92160415649414,30.82062530517578,
2005-03-23,79.67916870117188,42.41999816894531,46.152442932128906,21.206863403320312,47.74345397949219,47.06012344360352,30.93150329589844,
2005-03-24,79.77447509765625,42.38999938964844,46.32242584228516,21.249774932861328,47.783729553222656,47.15974807739258,30.94002723693848,
2005-03-28,79.89030456542969,42.540000915527344,46.34138488769531,21.14250373840332,47.62834930419922,47.09048461914063,30.99974632263184,
2005-03-29,79.35907745361328,42.560001373291016,45.67747116088867,21.15074920654297,47.82402801513672,47.1727409362793,30.75236320495605,
2005-03-30,80.48277282714844,42.61000061035156,46.34898376464844,21.431325912475582,47.933387756347656,47.29396057128906,31.332439422607425,
2005-03-31,80.33293914794922,42.81999969482422,46.34138488769531,21.381813049316406,48.16936874389648,47.45856475830078,31.195941925048828,
2005-04-01,79.97199249267578,42.619998931884766,46.14791488647461,21.39419174194336,48.26700592041016,47.50204849243164,30.88032341003418,
2005-04-04,80.10820770263672,42.400001525878906,46.31863021850586,21.299285888671875,48.24385070800781,47.21071243286133,31.10211753845215,
2005-04-05,80.48957824707031,42.45000076293945,46.402103424072266,21.249774932861328,48.24966812133789,47.35420989990234,31.187414169311523,
2005-04-06,80.76878356933594,42.630001068115234,46.5462646484375,21.36118507385254,48.39402389526367,47.328102111816406,31.13623809814453,
2005-04-07,81.2046127319336,42.56999969482422,46.72835540771485,21.55510902404785,48.2092399597168,47.08896255493164,31.51158905029297,
2005-04-08,80.3602066040039,42.68999862670898,46.01891708374024,21.456085205078125,48.26120376586914,47.24117660522461,31.25566291809082,
2005-04-11,80.42150115966797,42.77999877929688,45.791290283203125,21.476715087890625,48.40559768676758,47.371612548828125,31.119186401367188,
2005-04-12,80.8368911743164,42.84000015258789,46.21998977661133,21.76555252075196,48.65967559814453,47.56294250488281,31.27271842956543,
2005-04-13,79.88349151611328,42.900001525878906,45.3929443359375,21.79030418395996,48.68276596069336,47.67598342895508,30.760892868041992,
2005-04-14,78.84149169921875,42.310001373291016,44.48242568969727,21.583999633789062,48.80979919433594,47.50204849243164,30.32584571838379,
2005-04-15,77.73829650878906,42.400001525878906,43.87163925170898,21.74491310119629,49.12744522094727,47.71944427490234,29.6348876953125,
2005-04-18,77.97661590576172,42.68999862670898,44.15237045288086,21.71190643310547,49.02348327636719,47.728118896484375,29.64340209960937,
2005-04-19,78.59639739990234,43.27999877929688,44.88078308105469,21.819190979003903,49.30646514892578,47.92813491821289,29.84814453125,
2005-04-20,77.49991607666016,43.400001525878906,44.17892456054688,21.76555252075196,49.2775993347168,47.95425796508789,29.60074234008789,
2005-04-21,79.00496673583984,43.18999862670898,45.26017379760742,21.76141929626465,48.92532730102539,47.70207977294922,30.385560989379883,
2005-04-22,78.70528411865234,43.38999938964844,44.52796936035156,21.93060111999512,49.13323593139648,47.92813491821289,29.93342971801757,
2005-04-25,79.2228775024414,43.43999862670898,44.93769836425781,22.169910430908203,49.13323593139648,48.04554748535156,30.18081855773925,
2005-04-26,78.45332336425781,43.63999938964844,44.30411911010742,22.19879150390625,49.1101188659668,47.96728515625,29.899309158325195,
2005-04-27,78.75981140136719,43.20000076293945,44.28516006469727,22.37210464477539,49.26026916503906,48.202091217041016,29.941970825195312,
2005-04-28,77.77230072021484,43.0,43.15459060668945,22.318452835083008,49.56058120727539,48.402099609375,29.64340209960937,
2005-04-29,78.827880859375,43.34999847412109,43.71987533569336,22.61553955078125,49.38154220581055,48.22817611694336,29.8396053314209,
2005-05-02,79.27055358886719,42.880001068115234,44.16754531860352,22.599029541015625,49.431922912597656,48.24478912353516,29.95903968811035,
2005-05-03,79.40675354003906,42.7599983215332,44.38759613037109,22.63203811645508,49.49564743041992,48.27092361450195,30.11258316040039,
2005-05-04,80.01966857910156,42.900001525878906,44.88078308105469,22.65266990661621,49.48410034179688,48.16180038452149,30.479398727416992,
2005-05-05,79.992431640625,42.90999984741211,44.87319564819336,22.94150161743164,49.64049530029297,48.23162841796875,30.50498008728028,
2005-05-06,79.74044799804688,42.52000045776367,45.03253936767578,22.65266990661621,49.28711700439453,47.96977615356445,30.590282440185547,
2005-05-09,80.23759460449219,42.54999923706055,45.46502685546875,23.04466438293457,49.28133010864258,47.80389022827149,30.73529624938965,
2005-05-10,79.40675354003906,42.63999938964844,44.92250442504883,23.04466438293457,49.455108642578125,47.79515075683594,30.51353073120117,
2005-05-11,79.84259796142578,42.68999862670898,44.94526672363281,23.057048797607425,49.518829345703125,47.83880615234375,30.66705894470215,
2005-05-12,78.96409606933594,42.15999984741211,44.23584365844727,22.82598114013672,49.56518173217773,47.686031341552734,30.581750869750977,
2005-05-13,78.80745697021484,41.95000076293945,44.07650375366211,22.817720413208008,49.69260787963867,47.952293395996094,30.914445877075195,
2005-05-16,79.54296112060547,41.880001068115234,44.75557327270508,22.92499732971192,49.69840240478516,47.878116607666016,31.119186401367188,
2005-05-17,80.07415771484375,41.86000061035156,45.02114868164063,23.127178192138672,49.76213836669922,47.90427017211914,31.30682182312012,
2005-05-18,80.89817810058594,42.04999923706055,45.92409133911133,23.35412979125977,49.924354553222656,48.07449722290039,31.73338890075684,
2005-05-19,81.23869323730469,41.97999954223633,46.037879943847656,23.66358757019043,49.773738861083984,48.00464630126953,31.99782943725586,
2005-05-20,81.1229248046875,41.650001525878906,45.980987548828125,23.713096618652344,49.76792907714844,47.9915657043457,32.125762939453125,
2005-05-23,81.57240295410156,41.619998931884766,46.28448486328125,23.766740798950195,49.99386596679688,48.192344665527344,32.28786087036133,
2005-05-24,81.38168334960938,41.72999954223633,46.094825744628906,23.43665885925293,50.12713241577149,48.29712677001953,32.390228271484375,
2005-05-25,81.32039642333984,41.869998931884766,45.74956512451172,23.14781188964844,49.947509765625,48.29277801513672,32.25370788574219,
2005-05-26,81.75629425048828,41.68999862670898,46.38692092895508,23.048789978027344,49.976505279541016,48.32331848144531,32.57789993286133,
2005-05-27,81.89248657226562,41.880001068115234,46.6449089050293,23.16844749450684,50.028594970703125,48.31893539428711,32.59494400024414,
2005-05-31,81.36808776855469,41.650001525878906,46.5462646484375,23.41188240051269,50.289329528808594,48.528465270996094,32.48405456542969,
2005-06-01,82.0627212524414,41.52999877929688,47.07360076904297,23.68009185791016,50.599571228027344,48.861915588378906,32.74848175048828,
2005-06-02,82.23976135253906,42.09999847412109,47.20259475708008,23.59756088256836,50.58218002319336,49.05035018920898,32.978816986083984,
2005-06-03,81.82439422607422,42.16999816894531,46.85734939575195,23.60169219970703,50.29166793823242,48.79177474975586,32.501129150390625,
2005-06-06,81.74945831298828,42.47999954223633,47.03185272216797,23.779115676879883,50.425289154052734,48.9276237487793,32.5096549987793,
2005-06-07,81.8107681274414,42.380001068115234,47.126731872558594,23.98129844665528,50.570560455322266,49.028419494628906,32.23666763305664,
2005-06-08,81.6609115600586,42.34000015258789,46.82701873779297,24.0803279876709,50.47757339477539,48.9276237487793,32.168426513671875,
2005-06-09,82.04913330078125,42.27000045776367,47.28608322143555,24.105093002319336,50.44853973388672,48.835636138916016,32.37316131591797,
2005-06-10,81.8584213256836,42.619998931884766,47.38468933105469,24.05557632446289,50.12895584106445,48.61652755737305,32.031944274902344,
2005-06-13,82.11721801757812,42.77999877929688,47.59714889526367,24.166990280151367,49.99529647827149,48.50260543823242,32.185482025146484,
2005-06-14,82.30786895751953,42.59999847412109,48.006874084472656,24.36501884460449,49.93717575073242,48.45003890991211,32.05752182006836,
2005-06-15,82.46453857421875,42.7400016784668,48.135868072509766,24.418676376342773,49.91974258422852,48.35800552368164,32.159908294677734,
2005-06-16,82.67565155029297,43.459999084472656,48.60630416870117,24.443443298339844,50.0766487121582,48.40620422363281,32.33050537109375,
2005-06-17,82.98200225830078,43.630001068115234,48.575931549072266,24.71988868713379,50.0185546875,48.39744186401367,32.33476638793945,
2005-06-20,83.00933074951172,43.65999984741211,48.42841720581055,24.69926071166992,49.94302749633789,48.34050750732422,32.33476638793945,
2005-06-21,83.05718994140625,43.810001373291016,48.5652961730957,24.48883056640625,50.099857330322266,48.50260543823242,32.31770324707031,
2005-06-22,83.12557983398438,43.720001220703125,48.67938995361328,24.45168113708496,50.47757339477539,48.84877014160156,32.28352355957031,
2005-06-23,81.9563217163086,44.02000045776367,47.82001495361328,24.36501884460449,50.425289154052734,48.87944793701172,31.9249267578125,
2005-06-24,81.3546142578125,43.900001525878906,47.31049346923828,24.31552124023437,50.54729843139648,49.00212478637695,31.56631660461425,
2005-06-27,81.47086334228516,43.90999984741211,47.43217086791992,24.28381729125977,50.588008880615234,49.07224655151367,31.42117118835449,
2005-06-28,82.15460968017578,43.45000076293945,48.16984939575195,24.404800415039062,50.37301254272461,48.91886901855469,31.72001075744629,
2005-06-29,81.93582153320312,43.630001068115234,48.55009078979492,24.48406219482422,50.35557174682617,48.94516754150391,31.651687622070312,
2005-06-30,81.49136352539062,43.43999862670898,48.44362258911133,24.488237380981445,50.52989196777344,49.12044525146485,31.404096603393555,
2005-07-01,81.73065948486328,42.70000076293945,48.65657043457031,24.696815490722656,50.0951042175293,48.89480972290039,31.36139678955078,
2005-07-05,82.38710021972656,42.27999877929688,49.42466735839844,25.00971031188965,49.89106750488281,48.73647689819336,31.685850143432617,
2005-07-06,81.69649505615234,42.25,48.97597122192383,24.94713020324707,49.99599075317383,48.84201431274414,31.53215789794922,
2005-07-07,82.01790618896484,42.36000061035156,49.11285781860352,24.97216415405273,50.1125602722168,48.969573974609375,31.64316177368164,
2005-07-08,82.95464324951172,42.2599983215332,50.1699447631836,25.397676467895508,49.93193435668945,48.872825622558594,32.249385833740234,
2005-07-11,83.37855529785156,42.540000915527344,50.785945892333984,25.706377029418945,49.908573150634766,48.6045036315918,32.54821014404297,
2005-07-12,83.5973892211914,42.63999938964844,50.62625503540039,25.702226638793945,49.78035354614258,48.49452590942383,32.701927185058594,
2005-07-13,83.71361541748047,42.34999847412109,50.51216506958008,25.55203056335449,49.73371505737305,48.6045036315918,32.77875518798828,
2005-07-14,84.04180908203125,41.900001525878906,50.14714431762695,25.126508712768555,49.66963958740234,48.64845275878906,33.103214263916016,
2005-07-15,83.99394226074219,42.04999923706055,50.1927604675293,25.230812072753903,49.681251525878906,48.67047119140625,33.20569610595703,
2005-07-18,83.65892028808594,42.0099983215332,49.903785705566406,25.29755210876465,49.599700927734375,48.63086318969727,33.06906509399414,
2005-07-19,84.11703491210938,41.88999938964844,50.60342788696289,25.48945999145508,49.66963958740234,48.67047119140625,33.45330810546875,
2005-07-20,84.40422058105469,42.20000076293945,51.21943283081055,25.7147274017334,49.762821197509766,48.723289489746094,33.6923713684082,
2005-07-21,83.91191864013672,42.459999084472656,50.42093276977539,25.351789474487305,49.39569091796875,48.47250747680664,33.700904846191406,
2005-07-22,84.47260284423828,42.45000076293945,51.19662094116211,25.55203056335449,49.62885284423828,48.69685363769531,33.658206939697266,
2005-07-25,84.23328399658203,42.5099983215332,50.86198425292969,25.55203056335449,49.5413703918457,48.69247055053711,33.5301513671875,
2005-07-26,84.33582305908203,42.25,51.01411056518555,25.83572196960449,49.57638168334961,48.701263427734375,33.658206939697266,
2005-07-27,84.64353942871094,42.43999862670898,51.158599853515625,25.90662956237793,49.50642395019531,48.63968276977539,33.91437530517578,
2005-07-28,85.1768798828125,42.75,51.6833381652832,26.269580841064453,49.72208786010742,48.82443618774414,34.07658767700195,
2005-07-29,84.60935974121094,42.81999969482422,51.630104064941406,26.236194610595703,49.4247932434082,48.714454650878906,33.794830322265625,
2005-08-01,84.54779052734375,43.130001068115234,51.60728454589844,26.21951484680176,49.32596969604492,48.59878540039063,33.854610443115234,
2005-08-02,85.05377960205078,43.13999938964844,51.995147705078125,26.407241821289062,49.27924346923828,48.5103874206543,34.22174835205078,
2005-08-03,85.27947235107422,43.52999877929688,51.736576080322266,26.34466552734375,49.40201568603516,48.62521362304688,34.20467758178711,
2005-08-04,84.5956802368164,43.68000030517578,50.86959838867188,25.898298263549805,49.36692810058594,48.62521362304688,33.871673583984375,
2005-08-05,84.02130126953125,43.59999847412109,50.1699447631836,25.001361846923828,49.10382843017578,48.54134750366211,33.709449768066406,
2005-08-08,83.86405181884766,43.34999847412109,49.995025634765625,24.100255966186523,48.97517013549805,48.32054138183594,33.46183395385742,
2005-08-09,84.37006378173828,43.34000015258789,50.07109451293945,24.2128963470459,49.11552047729492,48.399993896484375,33.683834075927734,
2005-08-10,84.32899475097656,43.650001525878906,50.00262451171875,24.446510314941406,49.09212112426758,48.43976211547852,33.39353561401367,
2005-08-11,84.66407012939453,44.45000076293945,50.43612289428711,24.77191734313965,49.30257797241211,48.58992004394531,33.66676330566406,
2005-08-12,84.14437866210938,44.4900016784668,49.827735900878906,24.75104713439941,49.50141143798828,48.823974609375,33.47892379760742,
2005-08-15,84.66407012939453,44.130001068115234,50.36008834838867,24.98467063903809,49.437103271484375,48.75334167480469,33.683834075927734,
2005-08-16,83.56314086914062,44.54999923706055,49.4778938293457,25.13068008422852,49.67095565795898,48.88141632080078,33.13737869262695,
2005-08-17,83.55635833740234,43.90999984741211,49.41706848144531,24.930435180664062,49.47805404663086,48.75334167480469,33.33375930786133,
2005-08-18,83.54950714111328,43.83000183105469,49.25734329223633,24.763568878173828,49.74110794067383,48.89022445678711,33.162994384765625,
2005-08-19,83.74095916748047,43.59999847412109,49.51591873168945,24.675960540771484,49.7119026184082,48.84604644775391,33.145904541015625,
2005-08-22,83.74095916748047,43.70000076293945,49.79730987548828,24.75104713439941,49.75283432006836,48.823974609375,33.162994384765625,
2005-08-23,83.58368682861328,43.7599983215332,49.78969955444336,24.85533905029297,49.84639358520508,48.86375427246094,33.06906509399414,
2005-08-24,82.83837127685547,43.59000015258789,49.59197616577149,24.942955017089844,49.86978530883789,48.84604644775391,32.87270736694336,
2005-08-25,83.13924407958984,43.72999954223633,49.865753173828125,24.97216415405273,49.8990364074707,48.93881607055664,32.94955062866211,
2005-08-26,82.5716781616211,43.61000061035156,49.05201721191406,24.6634464263916,49.817138671875,49.01830291748047,32.83853530883789,
2005-08-29,83.2076187133789,43.56999969482422,49.71366500854492,24.66762351989746,49.85221481323242,49.02275466918945,33.094688415527344,
2005-08-30,82.77000427246094,43.0099983215332,49.49309921264648,24.74269676208496,50.08610534667969,49.10221862792969,32.97515106201172,
2005-08-31,83.81616973876953,43.400001525878906,50.5958366394043,25.17239761352539,50.41349029541016,49.44670104980469,33.282527923583984,
2005-09-01,83.75463104248047,44.220001220703125,50.5958366394043,25.397676467895508,50.462833404541016,49.30702209472656,33.23128890991211,
2005-09-02,83.60420227050781,44.25,50.322052001953125,25.330930709838867,50.47457504272461,49.32033157348633,33.103214263916016,
2005-09-06,84.58198547363281,44.27000045776367,51.07494354248047,25.873262405395508,50.316139221191406,49.21833419799805,33.58990859985352,
2005-09-07,84.72554016113281,44.33000183105469,51.22703552246094,25.819026947021484,50.15195846557617,49.04095077514648,33.649681091308594,
2005-09-08,84.44525909423828,44.59999847412109,50.93803787231445,25.65216064453125,50.15195846557617,49.05426025390625,33.64114761352539,
2005-09-09,85.19738006591797,44.84000015258789,51.24985504150391,25.78148651123047,50.19298553466797,49.07644271850586,33.8289909362793,
2005-09-12,85.02642822265625,44.88999938964844,51.47800064086914,25.702226638793945,50.03463745117188,48.95225143432617,33.92290496826172,
2005-09-13,84.55464935302734,44.560001373291016,51.08253479003906,25.506147384643555,50.187137603759766,49.036529541015625,33.8375358581543,
2005-09-14,84.2469482421875,44.959999084472656,50.496952056884766,25.485280990600582,50.0815544128418,48.916778564453125,33.45330810546875,
2005-09-15,84.20592498779297,45.41999816894531,50.322052001953125,25.49779510498047,49.92900466918945,48.74383163452149,33.436214447021484,
2005-09-16,84.8047103881836,45.81999969482422,50.90763854980469,25.55203056335449,49.73550415039063,48.610816955566406,33.64114761352539,
2005-09-19,84.52313995361328,46.25,50.66427993774414,25.351789474487305,49.83522033691406,48.74383163452149,33.3764533996582,
2005-09-20,83.80903625488281,46.22999954223633,49.93418884277344,25.15572166442871,49.79413604736328,48.668453216552734,33.23984146118164,
2005-09-21,83.02620697021484,47.060001373291016,49.12807083129883,24.600879669189453,50.02290725708008,48.8857536315918,32.87270736694336,
2005-09-22,83.32147216796875,46.36000061035156,49.379032135009766,24.7343692779541,50.05810546875,48.85913848876953,32.99222946166992,
2005-09-23,83.39013671875,46.27999877929688,49.72076797485352,24.75522232055664,49.78243255615234,48.717227935791016,33.086151123046875,
2005-09-26,83.48628234863281,46.56999969482422,50.05643081665039,24.95187759399414,49.6533317565918,48.56205368041992,33.094688415527344,
2005-09-27,83.46570587158203,46.25,49.88859176635742,24.888566970825195,49.68270111083984,48.60634231567383,33.01785659790039,
2005-09-28,83.54806518554688,46.79999923706055,49.8199462890625,24.64805221557617,49.78243255615234,48.70837020874024,33.02638626098633,
2005-09-29,84.2279052734375,47.09999847412109,50.36918258666992,25.107999801635746,49.67097091674805,48.69060897827149,33.47037887573242,
2005-09-30,84.48885345458984,46.70000076293945,50.64379119873047,25.508882522583008,49.530155181884766,48.52656936645508,33.6923713684082,
2005-10-03,84.18669891357422,46.41999816894531,50.94892120361328,25.43292808532715,49.340110778808594,48.37785339355469,33.777740478515625,
2005-10-04,83.23908996582031,46.45000076293945,50.17848205566406,25.002500534057617,49.3636360168457,48.440162658691406,33.55575180053711,
2005-10-05,82.14724731445312,46.36000061035156,48.89691925048828,24.614288330078125,49.481353759765625,48.50696563720703,33.094688415527344,
2005-10-06,81.85198211669922,47.209999084472656,48.46212768554688,24.58051872253418,49.41658401489258,48.40007019042969,32.65925598144531,
2005-10-07,82.133544921875,47.36000061035156,48.89691925048828,24.32733917236328,49.481353759765625,48.480228424072266,32.73607635498047,
2005-10-10,81.43999481201172,47.369998931884766,48.34770202636719,24.01506233215332,49.49312210083008,48.44905853271485,32.55677795410156,
2005-10-11,81.32323455810547,47.38999938964844,47.676414489746094,23.90956687927246,49.3989372253418,48.36893081665039,32.39453887939453,
2005-10-12,80.68462371826172,46.84999847412109,47.0051155090332,23.479145050048828,49.21062850952149,48.16412734985352,32.01033401489258,
2005-10-13,80.63655853271484,47.02000045776367,47.19583511352539,23.48336601257324,49.13412094116211,48.08399963378906,32.25792694091797,
2005-10-14,81.48805236816406,46.79999923706055,47.98917770385742,24.027727127075195,49.13412094116211,47.98603820800781,32.49699401855469,
2005-10-17,81.7901840209961,47.2599983215332,48.07308578491211,24.166975021362305,49.07526779174805,48.05284118652344,32.59946823120117,
2005-10-18,80.90436553955078,47.0,47.42469024658203,23.93490028381348,49.1458740234375,48.11513519287109,32.3689079284668,
2005-10-19,82.250244140625,46.34000015258789,48.44687271118164,24.20495986938477,49.20473861694336,48.16412734985352,33.01785659790039,
2005-10-20,80.80137634277344,45.97999954223633,47.54674911499024,23.820947647094727,49.23415756225586,48.04391860961914,32.71045684814453,
2005-10-21,81.11725616455078,46.52000045776367,48.07308578491211,24.04883003234864,49.45190048217773,48.29771041870117,32.91538619995117,
2005-10-24,82.37384033203125,46.38999938964844,49.12578582763672,24.53832626342773,49.240047454833984,48.11513519287109,33.436214447021484,
2005-10-25,82.2090835571289,47.060001373291016,48.70622634887695,24.43705940246582,49.01049041748047,47.87919998168945,33.308143615722656,
2005-10-26,81.96870422363281,46.93000030517578,48.45449447631836,24.18807983398437,48.82219696044922,47.73675537109375,33.13737869262695,
2005-10-27,81.09662628173828,47.18000030517578,47.439937591552734,23.926456451416016,48.93403244018555,47.77233123779297,32.471370697021484,
2005-10-28,82.26397705078125,47.220001220703125,48.103607177734375,24.64805221557617,48.88105010986328,47.77233123779297,32.718990325927734,
2005-10-31,82.4906005859375,46.400001525878906,48.6528205871582,24.774633407592773,48.9163703918457,47.75897979736328,33.1886100769043,
2005-11-01,82.73780059814453,45.72999954223633,48.89691925048828,24.22606086730957,48.88567352294922,47.74200820922852,33.162994384765625,
2005-11-02,83.60302734375,46.130001068115234,49.88096618652344,24.449705123901367,48.7852668762207,47.64818572998047,33.59843826293945,
2005-11-03,83.96009063720703,45.959999084472656,50.05643081665039,24.377965927124023,48.6140251159668,47.48276519775391,34.10222625732422,
2005-11-04,83.85022735595703,45.5099983215332,49.94963836669922,24.23870658874512,48.59037780761719,47.51852416992188,34.22174835205078,
2005-11-07,83.93263244628906,45.77000045776367,50.13270568847656,24.35264778137207,48.67897033691406,47.56770324707031,34.26443862915039,
2005-11-08,83.93263244628906,45.90999984741211,49.94963836669922,24.285133361816406,48.92110061645508,47.853702545166016,34.272987365722656,
2005-11-09,84.04249572753906,46.560001373291016,50.11744689941406,24.55942153930664,48.66128158569336,47.59896469116211,34.290061950683594,
2005-11-10,84.69483184814453,46.47999954223633,50.38443374633789,25.141752243041992,48.9388313293457,47.84929275512695,34.66573715209961,
2005-11-11,84.98323822021484,46.79999923706055,50.67428970336914,25.243043899536133,48.997825622558594,47.88950347900391,34.759666442871094,
2005-11-14,84.93517303466797,46.619998931884766,50.49122619628906,25.22194099426269,48.779388427734375,47.64818572998047,34.759666442871094,
2005-11-15,84.62618255615234,46.65999984741211,49.75892639160156,25.20929527282715,48.94474411010742,47.77329254150391,34.597442626953125,
2005-11-16,84.7978286743164,47.77999877929688,49.77418899536133,25.065797805786133,49.1927375793457,47.974395751953125,34.81089401245117,
2005-11-17,85.5875244140625,48.47999954223633,50.63616180419922,25.479352951049805,49.28722381591797,48.054874420166016,35.27197265625,
2005-11-18,85.92399597167969,48.459999084472656,51.02519226074219,25.57218170166016,49.169132232666016,47.96100234985352,35.391502380371094,
2005-11-21,86.35661315917969,48.9900016784668,51.54393005371094,25.69877243041992,49.26358413696289,48.11747360229492,35.47688293457031,
2005-11-22,86.72742462158203,49.31999969482422,51.818546295166016,26.027931213378903,49.43486404418945,48.20685195922852,35.60496520996094,
2005-11-23,87.22864532470703,49.150001525878906,51.87957763671875,26.14186668395996,49.30495071411133,48.16211700439453,35.690330505371094,
2005-11-25,87.29735565185547,49.41999816894531,51.84141540527344,26.230478286743164,49.45261764526367,48.224700927734375,35.76719665527344,
2005-11-28,86.67931365966797,49.7400016784668,51.15487289428711,25.94352531433105,49.517555236816406,48.38557815551758,35.468353271484375,
2005-11-29,86.58317565917969,49.79999923706055,51.23117446899414,25.960412979125977,49.24593734741211,48.16211700439453,35.297569274902344,
2005-11-30,86.11624908447266,49.09999847412109,51.45237731933594,25.804275512695312,49.2222900390625,48.07271957397461,35.21220397949219,
2005-12-01,86.99520111083984,50.16999816894531,52.291500091552734,26.179845809936523,49.11147689819336,47.97542572021485,35.86965560913086,
2005-12-02,87.1050796508789,50.31999969482422,52.497440338134766,26.049036026000977,49.15296173095703,47.98883438110352,35.95503234863281,
2005-12-05,86.91966247558594,50.77999877929688,52.12367248535156,25.95196914672852,49.00480270385742,47.86325073242188,35.690330505371094,
2005-12-06,87.08448028564453,50.88999938964844,52.28386688232422,25.86756896972656,49.235877990722656,47.96195983886719,35.809871673583984,
2005-12-07,86.5763168334961,51.31999969482422,51.963497161865234,25.73254776000977,49.20627212524414,47.90365982055664,35.741580963134766,
2005-12-08,86.52137756347656,51.900001525878906,52.10079574584961,25.926658630371094,49.41961288452149,48.00230026245117,35.48543167114258,
2005-12-09,86.74801635742188,52.400001525878906,52.360130310058594,25.99416923522949,49.20037078857422,47.91707992553711,35.62203598022461,
2005-12-12,86.83039093017578,52.560001373291016,52.52035903930664,26.01103973388672,49.08773422241211,47.813907623291016,35.7501106262207,
2005-12-13,87.42097473144531,51.650001525878906,52.52796173095703,26.13764953613281,49.20627212524414,47.854278564453125,35.89528274536133,
2005-12-14,87.7643051147461,50.34999847412109,52.46693420410156,26.18828392028809,49.51439666748047,48.10101318359375,35.775718688964844,
2005-12-15,87.51021575927734,50.2400016784668,51.93296432495117,25.98995780944824,49.44919967651367,48.06068420410156,35.83549880981445,
2005-12-16,87.2285385131836,50.09000015258789,51.74989318847656,26.08278465270996,49.53812789916992,48.262489318847656,35.588130950927734,
2005-12-19,86.77985382080078,50.220001220703125,51.10911560058594,25.74097442626953,49.56775665283203,48.18175506591797,35.023250579833984,
2005-12-20,86.86270141601562,49.040000915527344,51.093849182128906,25.77474021911621,49.48474884033203,48.22211837768555,35.048927307128906,
2005-12-21,87.00074768066406,49.369998931884766,51.71174240112305,25.93085670471192,49.41961288452149,48.24006271362305,35.2029914855957,
2005-12-22,87.45637512207031,50.13999938964844,52.049442291259766,26.07856750488281,49.615142822265625,48.24456787109375,35.43409729003906,
2005-12-23,87.50470733642578,50.119998931884766,52.1719856262207,26.16718864440918,49.73360061645508,48.43292999267578,35.43409729003906,
2005-12-27,86.61418151855469,50.63999938964844,51.39088821411133,26.048873901367188,49.97066116333008,48.65274810791016,35.1259880065918,
2005-12-28,86.80748748779297,51.470001220703125,51.69718933105469,26.018543243408203,49.81725692749024,48.67572784423828,35.08318328857422,
2005-12-29,86.4208755493164,51.470001220703125,51.4215202331543,25.88421058654785,49.876739501953125,48.54512405395508,34.85207748413086,
2005-12-30,85.95146179199219,51.58000183105469,51.09221649169922,25.810529708862305,49.89456558227539,48.486595153808594,34.58674240112305,
2006-01-03,87.46327209472656,53.119998931884766,52.11069488525391,26.330554962158203,49.8886604309082,48.75226974487305,35.3570671081543,
2006-01-04,87.87747192382812,53.29999923706055,52.39404296875,26.52556228637696,49.97785186767578,48.75226974487305,35.725101470947266,
2006-01-05,87.93265533447266,52.34000015258789,52.67739868164063,26.729232788085938,49.98971557617188,48.79279327392578,35.879146575927734,
2006-01-06,88.6644058227539,53.720001220703125,53.30532836914063,26.980592727661133,49.9243049621582,48.71623611450195,36.52962112426758,
2006-01-09,88.89221954345703,54.59999847412109,53.65756607055664,27.210268020629883,49.94808578491211,48.7252197265625,36.67512512207031,
2006-01-10,88.98199462890625,54.060001373291016,54.13999557495117,27.37493705749512,49.74591064453125,48.594688415527344,36.70081329345703,
2006-01-11,89.26498413085938,54.52999877929688,54.04813003540039,27.418275833129883,49.62101745605469,48.51362228393555,36.98325729370117,
2006-01-12,88.91292572021484,54.43000030517578,53.8566780090332,27.34026908874512,49.79943084716797,48.66669845581055,36.80352783203125,
2006-01-13,88.830078125,55.43999862670898,53.879638671875,27.002256393432617,50.0194206237793,48.810791015625,36.78639602661133,
2006-01-17,88.5884780883789,55.2599983215332,53.62694549560547,26.893918991088867,50.07890319824219,48.810791015625,36.54677200317383,
2006-01-18,88.23643493652344,54.06999969482422,53.512054443359375,26.88957595825196,50.09672164916992,48.79727935791016,36.12735748291016,
2006-01-19,88.57466125488281,55.59000015258789,54.3697395324707,27.227598190307617,49.971900939941406,48.78828048706055,36.39268112182617,
2006-01-20,86.95932006835938,55.20000076293945,53.74945831298828,26.96324920654297,50.05510711669922,48.82881546020508,35.305686950683594,
2006-01-23,87.26998138427734,55.77000045776367,53.91794204711914,27.084585189819336,50.04320907592773,48.941349029541016,35.31425476074219,
2006-01-24,87.35972595214844,55.72999954223633,54.52287292480469,27.288265228271484,49.9599838256836,48.83329772949219,35.46832275390625,
2006-01-25,87.4356918334961,56.13999938964844,54.660736083984375,27.305606842041016,49.65079116821289,48.56314086914063,35.31425476074219,
2006-01-26,87.91888427734375,55.880001068115234,55.449466705322266,27.396604537963867,49.54374694824219,48.49111557006836,35.562461853027344,
2006-01-27,88.73345184326172,55.630001068115234,55.72514343261719,27.704286575317383,49.57941436767578,48.56314086914063,36.0417594909668,
2006-01-30,88.6644058227539,56.68000030517578,55.56436920166016,27.6826286315918,49.47239303588867,48.38307189941406,36.1102409362793,
2006-01-31,88.01551055908203,56.70000076293945,55.40353393554688,27.75628471374512,49.54374694824219,48.274993896484375,35.947608947753906,
2006-02-01,88.6299057006836,56.70000076293945,55.97785568237305,27.88630104064941,49.39107131958008,48.28805923461914,36.07600402832031,
2006-02-02,87.60135650634766,56.97999954223633,55.1355094909668,27.6912841796875,49.39107131958008,48.2474250793457,35.45976638793945,
2006-02-03,87.16641235351562,56.5,54.96703338623047,27.44860076904297,49.54016876220703,48.32425308227539,35.023250579833984,
2006-02-06,87.39424133300781,56.720001220703125,55.457122802734375,27.552608489990234,49.46855163574219,48.40559387207031,34.92909240722656,19.18509864807129
2006-02-07,86.62108612060547,54.59999847412109,54.56119918823242,27.33593368530273,49.40893173217773,48.28355026245117,34.77504348754883,18.63015556335449
2006-02-08,87.4081039428711,54.83000183105469,54.90575408935547,27.214609146118164,49.37910461425781,48.28355026245117,35.177303314208984,18.55087852478028
2006-02-09,87.26305389404297,56.18000030517578,54.62242889404297,27.3446102142334,49.42680358886719,48.36043930053711,34.843509674072266,18.72529029846192
2006-02-10,87.42183685302734,54.790000915527344,54.507598876953125,27.3705997467041,49.283668518066406,48.27002716064453,35.05748748779297,18.384397506713867
2006-02-13,87.26305389404297,53.720001220703125,54.14764022827149,27.40959930419922,49.283668518066406,48.34235763549805,34.65522003173828,18.0989990234375
2006-02-14,88.1880874633789,54.4900016784668,54.77559661865234,27.561277389526367,49.212100982666016,48.2925910949707,35.006134033203125,17.94837188720703
2006-02-15,88.49874877929688,53.7599983215332,55.25804901123047,27.80396842956543,49.301544189453125,48.32425308227539,35.2286491394043,17.686756134033203
2006-02-16,89.16146850585938,54.52000045776367,55.74813079833984,27.99030113220215,49.27766799926758,48.392051696777344,35.55391311645508,17.900808334350586
2006-02-17,88.91983795166016,54.959999084472656,55.63325119018555,28.2893123626709,49.44469833374024,48.55020904541016,35.2714729309082,18.15449523925781
2006-02-21,88.69896697998047,55.119998931884766,55.38821029663086,28.2546443939209,49.38505172729492,48.52762222290039,34.87775802612305,18.455745697021484
2006-02-22,89.23738861083984,55.34000015258789,55.763427734375,28.57099914550781,49.56999969482422,48.70844650268555,35.31425476074219,18.15449523925781
2006-02-23,89.10620880126953,54.63999938964844,55.72514343261719,28.52331924438477,49.450714111328125,48.5999641418457,35.2201042175293,18.0910701751709
2006-02-24,89.33403778076172,55.63999938964844,56.16928863525391,28.37165069580078,49.39107131958008,48.57736206054688,35.31425476074219,18.58259010314941
2006-02-27,89.36856079101562,55.220001220703125,56.32246398925781,28.37599754333496,49.29562377929688,48.55476760864258,35.70796203613281,18.21791648864746
2006-02-28,88.51944732666016,56.06999969482422,55.57963562011719,28.27198028564453,49.4924201965332,48.6044921875,35.177303314208984,18.46367645263672
2006-03-01,89.3064193725586,56.09999847412109,56.5904655456543,28.436664581298828,49.39493942260742,48.41707992553711,35.65663146972656,18.424036026000977
2006-03-02,89.29950714111328,56.7400016784668,56.35307312011719,28.401979446411133,49.19740295410156,48.19468307495117,35.68227005004883,18.75700187683105
2006-03-03,88.88533020019531,56.27999877929688,56.06974029541016,28.24598503112793,49.07770156860352,48.103912353515625,35.47688674926758,18.931411743164062
2006-03-06,88.47803497314453,55.22999954223633,55.63325119018555,28.75733757019043,48.922142028808594,47.85436248779297,35.168758392333984,18.63015556335449
2006-03-07,88.33997344970703,54.95000076293945,54.82918167114258,28.41066169738769,48.94606018066406,47.831661224365234,34.96332931518555,18.30512237548828
2006-03-08,88.52635192871094,53.970001220703125,55.0206298828125,28.558006286621094,48.96998596191406,47.85436248779297,34.98046112060547,18.011795043945312
2006-03-09,87.93265533447266,54.2400016784668,54.53821563720703,28.792011260986328,49.01789474487305,47.845252990722656,34.6808967590332,18.19413375854492
2006-03-10,88.7679672241211,53.83000183105469,55.38056945800781,29.05201530456543,48.922142028808594,47.96778106689453,34.71512222290039,18.11485481262207
2006-03-13,88.93365478515625,54.310001373291016,55.49542236328125,28.8613395690918,48.88026809692383,47.90424728393555,34.817832946777344,18.35268783569336
2006-03-14,89.86555480957031,54.869998931884766,56.108036041259766,29.06935310363769,49.161529541015625,48.21280288696289,35.40842056274414,18.622228622436523
2006-03-15,90.2659149169922,55.119998931884766,56.62111282348633,29.619705200195312,49.071773529052734,48.1402587890625,35.70796203613281,18.41611099243164
2006-03-16,90.45233917236328,55.34000015258789,56.49091720581055,29.927385330200195,49.3829345703125,48.40346145629883,35.40842056274414,18.57466506958008
2006-03-17,90.52789306640624,55.119998931884766,56.72064971923828,30.19606590270996,49.281211853027344,48.35806655883789,35.50177764892578,18.48745918273925
2006-03-20,90.38232421875,55.16999816894531,56.69001770019531,29.68783187866211,49.37697982788086,48.41248321533203,35.5874137878418,18.10692596435547
2006-03-21,89.81401062011719,54.83000183105469,55.90126419067383,29.343482971191406,49.173484802246094,48.23099899291992,35.21055603027344,18.17034721374512
2006-03-22,90.3615493774414,54.75,56.76660919189453,29.408870697021484,49.23329162597656,48.22190856933594,35.29622268676758,18.13863754272461
2006-03-23,90.17440795898438,54.70000076293945,57.01165390014648,29.487329483032227,49.10764694213867,48.19468307495117,35.19340515136719,18.447816848754883
2006-03-24,90.24374389648438,55.709999084472656,57.486724853515625,29.44374084472656,49.3231201171875,48.31266784667969,35.37330627441406,18.408178329467773
2006-03-27,90.11206817626952,56.38999938964844,57.494415283203125,29.10375213623047,49.21533203125,48.31266784667969,35.381866455078125,18.5191707611084
2006-03-28,89.55760192871094,56.060001373291016,57.19510269165039,29.42629814147949,48.97597503662109,48.08576202392578,35.236263275146484,18.75700187683105
2006-03-29,90.11898803710938,57.06999969482422,58.25426483154297,29.975515365600582,48.92814636230469,48.04041290283203,35.9043083190918,18.88384437561035
2006-03-30,89.95954132080078,58.59999847412109,58.10076522827149,29.543994903564453,48.78448486328125,47.895145416259766,36.01567840576172,19.113750457763672
2006-03-31,89.98039245605469,58.09999847412109,58.3079948425293,29.605016708374023,48.82042694091797,47.786251068115234,35.91288757324219,18.978979110717773
2006-04-03,89.91104125976562,58.470001220703125,57.824440002441406,29.09503746032715,48.7663459777832,47.82638549804688,35.95570373535156,19.066181182861328
2006-04-04,90.48631286621094,58.33000183105469,58.08538055419922,28.89453315734864,48.77241516113281,47.87194442749024,36.15270233154297,18.963119506835938
2006-04-05,90.79814910888672,58.65999984741211,58.38472366333008,29.051448822021484,48.88642501831055,48.03145217895508,36.49529647827149,19.082035064697266
2006-04-06,90.70117950439452,59.27999877929688,58.50751495361328,28.93377494812012,48.748348236083984,47.85823440551758,36.598087310791016,19.42293167114257
2006-04-07,89.77934265136719,58.59000015258789,57.5711669921875,28.497875213623047,48.52623748779297,47.67144012451172,36.24692153930664,19.33572578430176
2006-04-10,89.9179916381836,59.59999847412109,57.50975036621094,28.227632522583008,48.58625793457031,47.56659698486328,36.19552230834961,19.69247436523437
2006-04-11,89.1556167602539,59.0099983215332,56.48896789550781,28.15789031982422,48.67633819580078,47.70334243774414,35.9043083190918,19.7717514038086
2006-04-12,89.32194519042969,59.43000030517578,57.07995223999024,28.15789031982422,48.5622444152832,47.55290222167969,35.91288757324219,19.73210906982422
2006-04-13,89.20411682128906,59.5,57.22575759887695,27.78738212585449,48.30411148071289,47.46179962158203,36.05847930908203,19.85895729064941
2006-04-17,89.16950225830078,61.09000015258789,57.26414489746094,27.70893096923828,48.49021911621094,47.45265197753906,35.68164825439453,20.07300567626953
2006-04-18,90.58331298828124,61.84999847412109,58.868282318115234,28.38455390930176,48.646297454833984,47.644073486328125,36.366825103759766,20.334617614746094
2006-04-19,90.75660705566406,63.75,59.29806518554688,28.73325157165528,48.50821304321289,47.6121826171875,36.529544830322266,20.53281211853028
2006-04-20,90.88134765625,60.959999084472656,58.98339080810547,28.763761520385746,48.46617889404297,47.58941268920898,36.40108108520508,20.294979095458984
2006-04-21,90.89520263671876,63.20000076293945,58.8529167175293,28.768123626708984,48.56826019287109,47.6805305480957,35.97283172607422,20.72307586669922
2006-04-24,90.72885131835938,61.650001525878906,58.38472366333008,28.619932174682617,48.62828826904297,47.77624130249024,35.9385871887207,20.310836791992188
2006-04-25,90.35462951660156,62.77999877929688,58.42310333251953,28.401979446411133,48.32215118408203,47.54837417602539,35.86149215698242,20.37425804138184
2006-04-26,90.37541961669922,63.650001525878906,58.37705993652344,28.31480598449707,48.29806137084961,47.49369812011719,35.85295486450195,20.294979095458984
2006-04-27,90.81201171875,62.959999084472656,57.89349365234375,28.4935245513916,48.43014907836914,47.580299377441406,36.19552230834961,19.97787094116211
2006-04-28,91.11698150634766,65.08999633789062,58.48452758789063,28.59813690185547,48.51422500610352,47.68963623046875,35.8443717956543,20.310836791992188
2006-05-01,90.37541961669922,65.16000366210938,57.76305389404297,28.2537784576416,48.25151443481445,47.44797897338867,35.49320602416992,20.53281211853028
2006-05-02,91.05461883544922,66.55000305175781,58.55360412597656,27.96610641479492,48.3298225402832,47.52120208740234,35.5874137878418,20.77064323425293
2006-05-03,90.7149887084961,66.45999908447266,58.45378494262695,28.01839828491211,48.26358795166016,47.52120208740234,35.53602600097656,20.39804077148437
2006-05-04,91.04077911376952,67.4800033569336,59.16758728027344,28.41506004333496,48.2334213256836,47.502925872802734,35.82723617553711,20.15228080749512
2006-05-05,91.84468841552734,67.98999786376953,59.49761962890625,28.78119850158692,48.34794616699219,47.55783081054688,36.10988998413086,20.37425804138184
2006-05-08,91.73382568359376,67.55999755859375,59.58206558227539,28.907611846923828,48.37202835083008,47.61732864379883,36.14411926269531,20.318761825561523
2006-05-09,91.91402435302734,69.68000030517578,59.49761962890625,28.89453315734864,48.35393142700195,47.63566970825195,36.007102966308594,20.635873794555664
2006-05-10,91.865478515625,70.37999725341797,59.13689041137695,28.789915084838867,48.378047943115234,47.66769027709961,35.69019317626953,21.15117454528809
2006-05-11,90.75660705566406,71.02999877929688,57.80142593383789,28.258146286010746,48.29370880126953,47.58528137207031,34.8936653137207,21.3572940826416
2006-05-12,89.57147216796875,71.12000274658203,56.412208557128906,27.90070915222168,48.11292266845703,47.466285705566406,34.42258834838867,21.285947799682617
2006-05-15,89.75164794921875,67.41000366210938,56.15893173217773,28.2842960357666,48.2153549194336,47.50748443603516,34.39690017700195,20.56452178955078
2006-05-16,89.6199722290039,68.61000061035156,56.25106430053711,28.17531394958496,48.39612579345703,47.68144989013672,34.13994216918945,20.627944946289062
2006-05-17,87.91505432128906,68.1500015258789,55.22255706787109,27.647911071777344,48.25755310058594,47.53036880493164,33.67744445800781,20.59623146057129
2006-05-18,87.47146606445312,67.45999908447266,54.70066833496094,27.434329986572266,48.60100936889648,47.83246994018555,33.44617462158203,20.60416030883789
2006-05-19,88.08830261230469,65.58000183105469,55.18419647216797,27.49970054626465,48.57086181640625,47.80958938598633,33.7031135559082,20.15228080749512
2006-05-22,87.416015625,65.30000305175781,54.57018280029297,27.425613403320312,48.63716506958008,47.83705520629883,33.37765884399414,20.310836791992188
2006-05-23,86.75068664550781,66.37999725341797,53.86408996582031,27.12485313415528,48.61909103393555,47.80498504638672,33.052215576171875,20.627944946289062
2006-05-24,87.44375610351562,64.05999755859375,54.27853775024414,27.168437957763672,48.691368103027344,47.85533905029297,33.274864196777344,20.104713439941406
2006-05-25,88.5249252319336,64.69999694824219,55.422149658203125,27.67843246459961,48.61306381225586,47.79127502441406,33.71169662475586,20.453533172607425
2006-05-26,88.97541046142578,65.0999984741211,55.752140045166016,28.009700775146484,48.65522766113281,47.79583740234375,33.823036193847656,20.651723861694336
2006-05-30,87.39522552490234,65.11000061035156,54.21712875366211,27.77866744995117,48.61306381225586,47.6905517578125,33.09502410888672,20.54073905944824
2006-05-31,88.37242126464844,64.2300033569336,55.16117477416992,27.82660865783692,48.46239471435547,47.5989990234375,33.24918746948242,20.231557846069336
2006-06-01,89.21798706054688,62.560001373291016,56.23569107055664,28.336593627929688,48.5434455871582,47.68218994140625,34.03715133666992,19.985801696777344
2006-06-02,89.40516662597656,63.5,56.19730758666992,28.663515090942383,48.91839218139648,47.98097229003906,33.951499938964844,20.382179260253903
2006-06-05,88.1021499633789,63.290000915527344,54.56250381469727,28.80299186706543,48.82164001464844,47.83393859863281,33.21491241455078,20.32668876647949
2006-06-06,87.88732147216797,62.54999923706055,54.33226013183594,28.458641052246094,48.86394500732422,47.93960952758789,33.18922424316406,20.15228080749512
2006-06-07,87.22893524169922,62.27999877929688,53.80267333984375,28.659151077270508,48.79746627807617,47.81090545654297,32.94084930419922,20.017507553100582
2006-06-08,87.15267181396484,60.90999984741211,53.84872055053711,28.59813690185547,48.86394500732422,47.9671745300293,32.88945007324219,19.8034610748291
2006-06-09,86.87548065185547,60.45000076293945,53.37287902832031,28.785552978515625,48.98491287231445,48.01775741577149,32.675323486328125,19.83517265319824
2006-06-12,85.93287658691406,60.02999877929688,52.14485168457031,28.441211700439453,48.96071243286133,47.889041900634766,32.032958984375,19.59733963012696
2006-06-13,84.93488311767578,55.91999816894531,51.15473937988281,28.1491756439209,49.027252197265625,47.93960952758789,31.904476165771484,19.066181182861328
2006-06-14,85.59325408935547,55.619998931884766,51.768741607666016,27.9094352722168,48.70066833496094,47.73277282714844,32.229942321777344,19.058258056640625
2006-06-15,87.40910339355469,57.31999969482422,53.54172897338867,28.4935245513916,48.59183120727539,47.63624572753906,33.10358428955078,19.26437759399414
2006-06-16,86.77215576171875,57.68000030517578,52.84330368041992,28.436861038208008,48.56163024902344,47.571895599365234,32.86016845703125,19.304012298583984
2006-06-19,86.0899429321289,56.36000061035156,51.8071403503418,28.240711212158203,48.50713348388672,47.51216506958008,32.594451904296875,18.947265625
2006-06-20,86.38231658935547,57.29999923706055,51.7457389831543,28.092510223388672,48.47088623046875,47.475364685058594,32.63734436035156,19.10581970214844
2006-06-21,87.02275085449219,58.33000183105469,52.65139389038086,28.41941261291504,48.46481323242188,47.41558074951172,33.15156173706055,19.38329124450684
2006-06-22,86.63985443115234,57.72999954223633,52.45538711547852,28.218914031982425,48.30759811401367,47.30531311035156,32.73160552978516,19.3753604888916
2006-06-23,86.6259536743164,57.9900016784668,52.770545959472656,28.00533103942871,48.26526641845703,47.227195739746094,32.69732666015625,19.33572578430176
2006-06-26,87.00881958007812,58.27999877929688,53.42394256591797,28.30400848388672,48.23503112792969,47.227195739746094,32.783042907714844,19.549774169921875
2006-06-27,86.25699615478516,57.68000030517578,52.50152206420898,28.27318572998047,48.36201095581055,47.15361785888672,32.16593170166016,19.621124267578125
2006-06-28,86.8417739868164,57.540000915527344,52.73210525512695,28.356884002685547,48.20478057861328,47.04792404174805,32.405906677246094,19.54184532165528
2006-06-29,88.59601593017578,59.52000045776367,54.769142150878906,28.986862182617188,48.40434265136719,47.29609298706055,33.39155578613281,19.969942092895508
2006-06-30,88.60295867919922,61.22999954223633,55.13812255859375,29.207109451293945,48.573692321777344,47.55810928344727,33.22869873046875,20.05714607238769
2006-07-03,88.96493530273438,62.18000030517578,55.82994079589844,29.74893951416016,48.55060195922852,47.49946212768555,33.425838470458984,20.58830451965332
2006-07-05,88.45677185058594,62.5,55.01510238647461,29.70048713684082,48.37458419799805,47.19939804077149,32.69732666015625,20.429750442504883
2006-07-06,88.71434783935547,63.02000045776367,54.999732971191406,29.770978927612305,48.526363372802734,47.43485641479492,32.66305923461914,20.56452178955078
2006-07-07,88.1365737915039,62.630001068115234,54.1849250793457,29.64763069152832,48.6781005859375,47.614933013916016,32.30308151245117,20.413896560668945
2006-07-10,88.30362701416016,62.02000045776367,54.19260787963867,29.8810977935791,48.71455383300781,47.67491912841797,32.02023696899414,20.271196365356445
2006-07-11,88.69343566894531,63.810001373291016,54.669193267822266,29.929576873779297,48.76919174194336,47.74877548217773,32.26021957397461,20.715150833129883
2006-07-12,87.74671173095703,64.91999816894531,53.53923034667969,30.008861541748047,48.81169509887695,47.82725143432617,31.651687622070312,20.92126846313477
2006-07-13,86.3196792602539,65.55000305175781,52.32470703125,29.603578567504883,48.92097473144531,47.82265090942383,31.12029838562012,20.91334342956543
2006-07-14,85.98553466796875,65.8499984741211,51.90961456298828,29.19829750061035,48.95735549926758,47.864219665527344,30.803184509277344,21.00847625732422
2006-07-17,85.8602294921875,63.95000076293945,51.840450286865234,29.19829750061035,48.91487121582031,47.914981842041016,30.880327224731445,20.53281211853028
2006-07-18,86.29877471923828,62.900001525878906,52.19401931762695,29.638813018798828,48.72666931152344,47.66566467285156,30.98316764831543,20.40596580505371
2006-07-19,87.49610137939453,64.02999877929688,53.42394256591797,30.09696388244629,49.03629684448242,47.88264083862305,31.38598251342773,20.4773178100586
2006-07-20,86.8974380493164,62.540000915527344,52.05566787719727,29.850271224975582,49.13948822021485,48.09043502807617,30.923185348510746,20.26327133178711
2006-07-21,86.28485870361328,61.709999084472656,51.31005859375,29.361289978027344,49.10913848876953,48.05346298217773,30.59749412536621,20.2077751159668
2006-07-24,87.85809326171875,61.13999938964844,52.947357177734375,29.845870971679688,49.10913848876953,48.06730651855469,31.20602035522461,20.294979095458984
2006-07-25,88.17138671875,61.54999923706055,53.07801818847656,30.00004768371582,49.06056213378906,48.03037643432617,31.38598251342773,20.120569229125977
2006-07-26,88.28971099853516,62.0,52.96271896362305,30.105772018432617,49.18204116821289,48.1319580078125,31.36028480529785,19.985801696777344
2006-07-27,88.2061767578125,62.900001525878906,52.45538711547852,30.008861541748047,49.17593383789063,48.0580940246582,31.154598236083984,20.37425804138184
2006-07-28,89.09024810791016,63.11000061035156,53.554630279541016,30.44498443603516,49.30948638916016,48.24274063110352,31.805967330932617,20.302907943725582
2006-07-31,88.99974060058594,63.15999984741211,53.562294006347656,30.343650817871094,49.38841247558594,48.251991271972656,31.797382354736328,20.50110244750977
2006-08-01,88.56117248535156,64.31999969482422,52.72441101074219,30.18507194519043,49.400028228759766,48.31965637207031,31.26602554321289,20.59623146057129
2006-08-02,89.15986633300781,64.75,53.42394256591797,30.127790451049805,49.44269180297852,48.40315246582031,31.61741065979004,20.87370109558105
2006-08-03,89.39653778076172,64.12000274658203,54.06962966918945,30.41415023803711,49.454872131347656,48.40777206420898,31.81453514099121,20.67551040649414
2006-08-04,89.24339294433594,64.27999877929688,53.51617050170898,30.89432144165039,49.69866561889648,48.59786224365234,31.668840408325195,20.651723861694336
2006-08-07,89.03453063964844,64.5,53.308624267578125,30.590368270874023,49.63158798217773,48.55611801147461,31.463132858276367,20.97676467895508
2006-08-08,88.69343566894531,63.970001220703125,52.57069396972656,30.1366024017334,49.63774490356445,48.5839729309082,31.26602554321289,20.683439254760746
2006-08-09,88.39413452148438,64.62999725341797,52.0402717590332,29.951589584350582,49.61333465576172,48.56078338623047,31.3088607788086,20.715150833129883
2006-08-10,88.66564178466797,63.25,52.50152206420898,29.97362327575684,49.625484466552734,48.55611801147461,31.531721115112305,20.44561004638672
2006-08-11,88.41502380371094,62.709999084472656,51.96344757080078,29.788589477539062,49.467041015625,48.458763122558594,31.3088607788086,20.24741172790528
2006-08-14,88.48462677001953,62.25,52.27090835571289,30.07494163513184,49.38173675537109,48.39851379394531,31.51457405090332,20.05714607238769
2006-08-15,89.5427474975586,62.0099983215332,53.36244201660156,30.41856575012207,49.61940002441406,48.64892578125,32.31165313720703,20.08885955810547
2006-08-16,90.28758239746094,62.4900016784668,54.131141662597656,30.47581672668457,49.82666778564453,48.8529167175293,33.074466705322266,19.87480926513672
2006-08-17,90.51730346679688,61.02999877929688,54.21569442749024,30.431764602661133,49.8144760131836,48.82969665527344,33.19443130493164,19.56562805175781
2006-08-18,90.97672271728516,61.040000915527344,54.53085708618164,30.56833839416504,49.94853973388672,48.92708969116211,33.2458381652832,19.66868782043457
2006-08-21,90.5869140625,62.43999862670898,53.9466552734375,30.744548797607425,50.00948333740234,48.99665451049805,32.928733825683594,19.827241897583008
2006-08-22,90.57997131347656,62.04999923706055,54.12346267700195,30.96040725708008,50.02779006958008,49.02909469604492,32.93730545043945,19.7955322265625
2006-08-23,90.32933807373048,61.83000183105469,53.50080871582031,30.72250938415528,49.97905349731445,49.01055908203125,32.688758850097656,19.58941078186035
2006-08-24,90.25279998779295,61.75,53.40854644775391,30.84146308898925,50.02779006958008,49.01055908203125,32.783042907714844,19.87480926513672
2006-08-25,90.36416625976562,61.77000045776367,53.50080871582031,30.81943321228028,50.0948371887207,49.08014297485352,32.843013763427734,19.86688041687012
2006-08-28,90.79576873779295,61.0,54.06962966918945,31.18506622314453,50.08872985839844,49.09399032592773,33.091575622558594,19.557701110839844
2006-08-29,90.90016174316406,60.93999862670898,54.769142150878906,31.1894645690918,50.13140869140625,49.12643432617188,33.19443130493164,19.52598762512207
2006-08-30,90.95587158203124,61.41999816894531,55.191932678222656,31.374496459960938,50.192359924316406,49.15890884399414,33.34870910644531,19.81931495666504
2006-08-31,90.94192504882812,62.290000915527344,55.16885757446289,31.400941848754883,50.25943374633789,49.32583999633789,33.31440734863281,19.81931495666504
2006-09-01,91.48492431640624,62.13999938964844,55.20730209350586,31.22031211853028,50.3340072631836,49.26714324951172,33.494407653808594,19.77967834472656
2006-09-05,91.65895080566406,63.36000061035156,55.706939697265625,31.537494659423828,50.16886520385742,49.11809158325195,33.82008361816406,19.747966766357425
2006-09-06,90.8514633178711,62.86000061035156,54.52315139770508,31.387704849243164,50.13214492797852,49.11809158325195,33.14301300048828,19.644906997680664
2006-09-07,90.43379974365234,61.25,54.03887939453125,31.1322021484375,50.16886520385742,49.16935729980469,32.98874282836914,19.581485748291016
2006-09-08,90.69133758544922,60.63999938964844,54.24644088745117,31.427366256713867,50.21779251098633,49.22060394287109,33.18583679199219,19.42293167114257
2006-09-11,90.78182983398438,58.5,54.17726135253906,31.5286922454834,50.12599182128906,49.20195007324219,33.39155578613281,18.97104835510254
2006-09-12,91.6728744506836,58.31999969482422,55.45328140258789,31.933971405029297,50.26677322387695,49.27647399902344,34.008636474609375,18.6697940826416
2006-09-13,92.0417938232422,58.619998931884766,55.92216110229492,32.11458969116211,50.31565856933594,49.40689086914063,34.24005126953125,18.622228622436523
2006-09-14,92.04878997802734,57.18999862670898,55.72232437133789,31.94278144836425,50.21779251098633,49.281131744384766,34.27433776855469,18.5112419128418
2006-09-15,92.26485443115234,57.400001525878906,55.85299301147461,32.19828414916992,50.18718338012695,49.248531341552734,34.3969841003418,18.455745697021484
2006-09-18,92.39067840576172,58.22999954223633,55.83760452270508,31.969221115112305,50.1137580871582,49.2578353881836,34.40553665161133,18.677722930908203
2006-09-19,92.1599578857422,56.91999816894531,55.59165573120117,32.20709228515625,50.41356658935547,49.44874954223633,34.17399597167969,18.40024948120117
2006-09-20,92.6493682861328,57.2599983215332,56.33729553222656,32.13661575317383,50.42581558227539,49.52801513671875,34.67139434814453,18.28926467895508
2006-09-21,92.20191192626952,57.95000076293945,55.72999954223633,31.77977561950684,50.78682708740234,49.826053619384766,34.456993103027344,18.60637283325196
2006-09-22,91.92223358154295,58.5,54.9920768737793,31.863500595092773,50.939735412597656,49.85399627685547,34.1911506652832,18.39232635498047
2006-09-25,92.62841033935548,58.5,55.64543914794922,31.911521911621094,51.11105346679688,49.92854309082031,34.79146194458008,18.43196487426757
2006-09-26,93.39751434326172,58.7400016784668,55.823577880859375,31.83591651916504,50.98255920410156,49.78882598876953,34.96296691894531,18.5112419128418
2006-09-27,93.50938415527344,59.810001373291016,56.23229217529297,32.11606979370117,50.97036361694336,49.7655029296875,34.92008972167969,18.788713455200195
2006-09-28,93.47443389892578,59.790000915527344,56.00867462158203,32.049373626708984,50.92140579223633,49.779518127441406,35.01441192626953,18.9393367767334
2006-09-29,93.39751434326172,59.470001220703125,55.52285385131836,32.01824188232422,50.866336822509766,49.756229400634766,34.86006546020508,18.98690414428711
2006-10-02,93.04791259765624,59.150001525878906,54.99844741821289,31.95600318908692,50.95595550537109,49.83804321289063,34.42270278930664,18.7807846069336
2006-10-03,93.24370574951172,57.11000061035156,54.92134475708008,32.26727294921875,50.94985580444336,49.87081909179688,34.568477630615234,18.47160148620605
2006-10-04,94.33444213867188,56.369998931884766,56.25542831420898,32.64083480834961,51.18321228027344,50.10942077636719,35.417476654052734,18.60637283325196
2006-10-05,94.51622009277344,56.91999816894531,56.97259521484375,32.8542594909668,51.00511932373047,49.9456901550293,35.58898162841797,18.709434509277344
2006-10-06,94.39734649658205,56.9900016784668,56.67955017089844,32.649715423583984,50.728759765625,49.66498565673828,35.511802673339844,18.7807846069336
2006-10-09,94.45330047607422,57.20000076293945,57.11141204833984,32.83647918701172,50.79017639160156,49.70240783691406,35.63186264038086,19.304012298583984
2006-10-10,94.57909393310548,57.0,57.14224243164063,32.8409423828125,50.48308944702149,49.482521057128906,35.6919059753418,18.788713455200195
2006-10-11,94.46725463867188,56.880001068115234,56.918601989746094,32.7164192199707,50.42168045043945,49.37025451660156,35.62329864501953,18.53501892089844
2006-10-12,95.28531646728516,57.4900016784668,58.0676383972168,33.01435852050781,50.45236206054688,49.4871711730957,36.18928146362305,18.74114418029785
2006-10-13,95.5300750732422,58.56999969482422,58.53033447265625,33.39236068725586,50.36641311645508,49.30472946166992,36.386531829833984,19.14546012878418
2006-10-16,95.67687225341795,59.16999816894531,58.87734603881836,33.46351623535156,50.45236206054688,49.42639923095703,36.42083358764648,19.31194305419922
2006-10-17,95.37619018554688,58.650001525878906,58.58430862426758,33.352333068847656,50.50762939453125,49.51998901367188,36.017765045166016,19.32779693603516
2006-10-18,95.50206756591795,58.59000015258789,58.59199142456055,33.52132034301758,50.495391845703125,49.622859954833984,35.84626388549805,19.01861572265625
2006-10-19,95.65592956542967,59.40999984741211,58.87734603881836,33.44126892089844,50.45236206054688,49.46383666992188,35.93201446533203,19.33572578430176
2006-10-20,95.67687225341795,58.77999877929688,58.298973083496094,33.39680862426758,50.44011306762695,49.482521057128906,36.017765045166016,19.066181182861328
2006-10-23,96.11737823486328,57.7599983215332,58.41465759277344,33.5969352722168,50.298824310302734,49.37025451660156,36.386531829833984,19.10581970214844
2006-10-24,96.40402221679688,58.16999816894531,58.53033447265625,33.42348861694336,50.36641311645508,49.45446395874024,36.13783264160156,19.24059295654297
2006-10-25,96.73268127441406,58.7599983215332,58.91588592529297,33.59247589111328,50.55062484741211,49.66498565673828,36.386531829833984,19.581485748291016
2006-10-26,97.03327941894533,59.290000915527344,59.40943908691406,33.9260139465332,50.72261047363281,49.82401657104492,36.720970153808594,19.44671630859375
2006-10-27,96.42503356933594,59.400001525878906,58.71540451049805,33.6992073059082,50.888427734375,49.983097076416016,36.19785690307617,19.502206802368164
2006-10-30,96.35504913330078,59.900001525878906,58.96987533569336,33.89041519165039,50.91298294067383,50.029876708984375,36.42939758300781,19.296085357666016
2006-10-31,96.3411102294922,60.2400016784668,58.7847900390625,33.94823455810547,51.140228271484375,50.25444412231445,36.51517105102539,19.177169799804688
2006-11-01,95.69086456298828,61.36000061035156,57.51242446899414,33.68586730957031,51.31772994995117,50.42028045654297,36.017765045166016,19.42293167114257
2006-11-02,95.63492584228516,61.91999816894531,57.42757034301758,33.04548645019531,51.17597579956055,50.359188079833984,36.05207061767578,19.280229568481445
2006-11-03,95.46710968017578,62.29999923706055,57.70516204833984,32.68085861206055,50.78762435913086,50.00682830810547,35.957740783691406,19.518064498901367
2006-11-06,96.54386138916016,61.88999938964844,58.37609100341797,32.98323440551758,50.83697128295898,50.06321716308594,36.4808464050293,19.85895729064941
2006-11-07,96.91441345214844,62.040000915527344,58.76167678833008,32.62302780151367,51.00951766967773,50.241729736328125,36.72955703735352,19.81138801574707
2006-11-08,97.12419891357422,61.11000061035156,59.06241226196289,32.73420715332031,51.120513916015625,50.3028564453125,36.90106964111328,19.78760528564453
2006-11-09,96.61382293701172,62.95000076293945,58.52262115478516,32.78312683105469,51.11434555053711,50.35449981689453,36.72955703735352,20.04922103881836
2006-11-10,96.65575408935548,62.4900016784668,59.0084342956543,32.91653060913086,51.22527313232422,50.49080276489258,36.90106964111328,19.629053115844727
2006-11-13,96.8934326171875,62.18999862670898,59.09326934814453,32.99656295776367,51.20067596435547,50.45792770385742,37.27840042114258,19.48634910583496
2006-11-14,97.6205825805664,61.630001068115234,60.234561920166016,33.41461181640625,51.30543518066406,50.53778076171875,37.67286682128906,19.54184532165528
2006-11-15,97.90029907226562,61.84000015258789,60.68952941894531,33.45462417602539,51.16365051269531,50.40622329711914,37.827239990234375,19.69247436523437
2006-11-16,98.15198516845705,61.310001373291016,60.64324951171875,33.6814079284668,51.0342025756836,50.33576583862305,37.99017333984375,19.200952529907227
2006-11-17,98.179931640625,61.77999877929688,60.604713439941406,33.55244064331055,51.219120025634766,50.50019073486328,37.99017333984375,19.43878555297852
2006-11-20,98.2358627319336,61.77000045776367,60.68952941894531,34.71310043334961,51.24996566772461,50.53778076171875,38.06735229492188,19.367435455322266
2006-11-21,98.33379364013672,62.27000045776367,60.7898063659668,35.2734375,51.32392501831055,50.608245849609375,38.11880874633789,19.549774169921875
2006-11-22,98.5295867919922,62.5,60.85917663574219,35.429073333740234,51.40406036376953,50.66461944580078,38.35891342163086,19.621124267578125
2006-11-24,98.13098907470705,63.5,60.58156967163086,35.580265045166016,51.45953750610352,50.7444953918457,38.290321350097656,19.890663146972656
2006-11-27,96.78160858154295,63.70000076293945,59.22436141967773,34.619728088378906,51.50889587402344,50.749244689941406,37.42416763305664,19.94615936279297
2006-11-28,97.20108795166016,63.56999969482422,59.42483901977539,34.71310043334961,51.6013298034668,50.84319305419922,37.53566360473633,20.00165367126465
2006-11-29,98.21491241455078,63.15999984741211,60.19599533081055,35.20227813720703,51.539669036865234,50.796180725097656,37.79292297363281,20.255340576171875
2006-11-30,98.25689697265624,64.38999938964844,60.2037239074707,35.57137680053711,51.81092071533203,50.98883438110352,37.76719665527344,20.43768119812012
2006-12-01,98.04010772705078,64.12000274658203,59.98007583618164,35.50467300415039,51.930908203125,51.04876708984375,37.44133758544922,20.429750442504883
2006-12-04,98.78824615478516,64.12000274658203,61.16763305664063,35.918243408203125,51.924766540527344,51.16669845581055,37.95586395263672,20.334617614746094
2006-12-05,99.2147445678711,63.810001373291016,61.213958740234375,35.642547607421875,51.85667037963867,51.143096923828125,38.09308242797852,20.39804077148437
2006-12-06,99.1308364868164,62.68999862670898,61.00572204589844,35.442420959472656,51.77626037597656,51.0157470703125,37.95586395263672,20.128496170043945
2006-12-07,98.69738006591795,62.72999954223633,60.7435302734375,35.2244987487793,51.75770950317383,51.03926467895508,37.47565460205078,20.05714607238769
2006-12-08,98.87916564941406,62.04999923706055,60.75125503540039,35.34014129638672,51.52262496948242,50.85055160522461,37.64714431762695,19.898595809936523
2006-12-11,99.16580963134766,62.56999969482422,60.90547943115234,35.4201774597168,51.68345260620117,50.96382522583008,37.78437423706055,19.9303035736084
2006-12-12,99.08890533447266,62.52000045776367,60.57386779785156,35.260101318359375,51.77626037597656,51.07234191894531,37.5614013671875,19.898595809936523
2006-12-13,99.19377136230467,62.47999954223633,60.650978088378906,35.0777702331543,51.51022338867188,50.81759643554688,37.62997817993164,19.90652275085449
2006-12-14,100.06777954101562,62.119998931884766,60.89778518676758,35.104454040527344,51.429805755615234,50.77042388916016,38.05019378662109,20.13642692565918
2006-12-15,100.076904296875,61.0,60.84377670288086,34.84207534790039,51.442195892333984,50.76097869873047,38.14809036254883,20.231557846069336
2006-12-18,99.80269622802734,61.040000915527344,60.080345153808594,34.624176025390625,51.4669303894043,50.76568984985352,37.770294189453125,19.87419319152832
2006-12-19,99.99254608154295,61.79999923706055,60.041786193847656,34.33066177368164,51.45454788208008,50.75621032714844,37.650089263916016,20.109731674194336
2006-12-20,99.9363021850586,61.619998931884766,60.38951873779297,34.69088363647461,51.442195892333984,50.79398727416992,37.5127182006836,20.15033721923828
2006-12-21,99.57066345214844,61.380001068115234,60.11068344116211,34.40626525878906,51.62774658203125,50.926082611083984,37.246559143066406,19.94729423522949
2006-12-22,98.9590301513672,61.650001525878906,59.71573638916016,34.1042594909668,51.39264297485352,50.76568984985352,36.860164642333984,20.101608276367188
2006-12-26,99.54255676269533,61.97999954223633,60.56764602661133,34.34914779663086,51.429805755615234,50.82227325439453,37.01471328735352,19.7929801940918
2006-12-27,100.19642639160156,62.220001220703125,61.287818908691406,34.65747833251953,51.29265213012695,50.659793853759766,37.20361328125,19.73612403869629
2006-12-28,99.98552703857422,62.900001525878906,61.00904846191406,34.752716064453125,51.174800872802734,50.555572509765625,37.02329254150391,19.8823184967041
2006-12-29,99.57066345214844,63.209999084472656,60.42820739746094,34.915958404541016,51.149993896484375,50.53191375732422,37.05765151977539,19.96353530883789
2007-01-03,99.39494323730467,62.27999877929688,60.5289192199707,34.970359802246094,51.29890823364258,50.422969818115234,37.12633514404297,19.330034255981445
2007-01-04,99.60585021972656,61.650001525878906,60.691524505615234,35.015716552734375,51.48505783081055,50.80196762084961,37.83041763305664,18.826473236083984
2007-01-05,98.81134033203124,60.16999816894531,59.42148971557617,34.36728286743164,51.31751251220703,50.76878356933594,37.650089263916016,18.76150131225586
2007-01-08,99.26840209960938,60.47999954223633,59.18912887573242,34.41716384887695,51.35471725463867,50.75457763671875,37.67584609985352,18.858963012695312
2007-01-09,99.1839828491211,60.84999847412109,59.74672317504883,34.85245132446289,51.34230041503906,50.76403045654297,37.8647346496582,18.69652557373047
2007-01-10,99.5144271850586,60.59000015258789,60.21137237548828,35.3013801574707,51.25545501708984,50.69771957397461,38.31121826171875,18.420381546020508
2007-01-11,99.95033264160156,60.630001068115234,60.58308029174805,35.75938415527344,51.11895751953125,50.54140090942383,38.70616149902344,18.39601707458496
2007-01-12,100.70966339111328,62.16999816894531,61.1639289855957,35.872737884521484,51.01349639892578,50.48926544189453,38.90367126464844,18.826473236083984
2007-01-16,100.51282501220705,61.970001220703125,60.75345230102539,36.38061141967773,51.11276626586914,50.54613876342773,38.87791061401367,18.39601707458496
2007-01-17,100.55504608154295,62.63999938964844,60.49016189575195,36.36699676513672,51.01349639892578,50.47507095336914,38.56023406982422,18.55845642089844
2007-01-18,100.21755981445312,62.2599983215332,59.986778259277344,36.321659088134766,51.08176040649414,50.621952056884766,37.84756088256836,18.3635311126709
2007-01-19,100.41439056396484,63.0,60.21907806396485,36.68441390991211,51.00105667114258,50.59353256225586,37.92484664916992,18.63967514038086
2007-01-22,100.1050033569336,62.720001220703125,59.77772521972656,36.37606430053711,51.0941276550293,50.62664794921875,37.5127182006836,18.65591621398925
2007-01-23,100.40030670166016,64.2300033569336,60.343021392822266,36.54838562011719,50.94521331787109,50.48926544189453,37.41826248168945,19.248815536499023
2007-01-24,101.20887756347656,64.33000183105469,61.00129318237305,37.024505615234375,50.95143127441406,50.512977600097656,38.03645324707031,19.08637428283692
2007-01-25,100.02067565917967,64.05999755859375,60.23460006713867,37.251243591308594,50.75291061401367,50.35194396972656,37.54705429077149,18.915817260742188
2007-01-26,99.92922973632812,64.16999816894531,60.45920181274414,37.373680114746094,50.74666595458984,50.31880187988281,37.40967178344727,19.151351928710938
2007-01-29,99.8730239868164,63.77000045776367,60.985801696777344,37.49610900878906,50.709468841552734,50.29508972167969,37.44401931762695,18.76150131225586
2007-01-30,100.39328002929688,64.22000122070312,61.318809509277344,37.6820182800293,50.75910949707031,50.36610794067383,37.46120071411133,19.28130149841309
2007-01-31,101.06825256347656,64.83000183105469,61.450462341308594,37.981292724609375,50.94521331787109,50.57930374145508,37.8389778137207,19.484346389770508
2007-02-01,101.67290496826172,65.22000122070312,62.10871124267578,38.130950927734375,50.908504486083984,50.55884552001953,37.77888870239258,19.4112491607666
2007-02-02,101.8134994506836,64.27999877929688,62.14744567871094,38.19895553588867,50.95211410522461,50.60640335083008,37.91626739501953,19.663026809692383
2007-02-05,101.84165954589844,64.30999755859375,62.1396713256836,38.19895553588867,51.00810623168945,50.67302322387695,37.88191986083984,19.598052978515625
2007-02-06,101.86975860595705,64.79000091552734,62.29458999633789,38.7612419128418,51.15141677856445,50.80620956420898,37.83041763305664,19.50058937072754
2007-02-07,102.09475708007812,64.62999725341797,62.86766052246094,39.57291793823242,51.26350784301758,50.87754440307617,38.173828125,19.265056610107425
2007-02-08,101.96114349365234,65.5199966430664,62.766971588134766,39.26912307739258,51.275970458984375,50.934661865234375,38.16524124145508,19.711759567260746
2007-02-09,101.20182037353516,66.12000274658203,62.193885803222656,38.81565475463867,51.12025451660156,50.720584869384766,37.67584609985352,19.833589553833008
2007-02-12,100.85733032226562,65.66999816894531,62.0235481262207,38.11279296875,51.05175018310547,50.730079650878906,37.52987289428711,19.45997810363769
2007-02-13,101.70806884765624,65.83999633789062,62.480445861816406,38.8519287109375,51.01436996459961,50.69678115844727,37.658668518066406,19.81734275817871
2007-02-14,102.37599182128906,66.37000274658203,62.57337951660156,38.575340270996094,51.30708694458008,50.98698043823242,38.2940559387207,19.5493221282959
2007-02-15,102.50955200195312,66.41000366210938,62.61983108520508,38.86099243164063,51.38807678222656,51.08213806152344,38.51728820800781,19.5493221282959
2007-02-16,102.46034240722656,66.36000061035156,62.85988235473633,38.7612419128418,51.444095611572266,51.134464263916016,38.388484954833984,19.890438079833984
2007-02-20,102.6782684326172,65.30999755859375,63.46393203735352,39.0605354309082,51.50642776489258,51.21532440185547,38.68042755126953,19.6711483001709
2007-02-21,102.63612365722656,67.3499984741211,63.58010482788086,38.93357467651367,51.50015258789063,51.18202972412109,38.80062484741211,20.093486785888672
2007-02-22,102.5587921142578,67.1500015258789,63.8046875,38.7249755859375,51.36937713623047,51.110687255859375,38.99811172485352,20.36963081359864
2007-02-23,102.15805053710938,67.72000122070312,63.46393203735352,38.04933547973633,51.574893951416016,51.27716445922852,38.86072540283203,20.49958038330078
2007-02-26,102.0666275024414,68.0999984741211,63.41749572753906,37.858863830566406,51.73680114746094,51.48649215698242,38.671852111816406,20.556434631347656
2007-02-27,98.08016967773438,65.41000366210938,60.4437141418457,36.68441390991211,52.17278671264648,51.6862907409668,37.08341217041016,20.16658401489257
2007-02-28,99.0855712890625,66.4800033569336,61.04776763916016,36.95649719238281,51.9921760559082,51.59117126464844,37.20361328125,20.475215911865234
2007-03-01,98.79024505615234,65.81999969482422,60.7302360534668,36.58467864990234,52.039039611816406,51.60115814208984,37.03188705444336,20.32901954650879
2007-03-02,97.49659729003906,63.709999084472656,59.52216339111328,36.004234313964844,52.207740783691406,51.74449157714844,36.47378921508789,20.1422176361084
2007-03-05,96.56855010986328,62.93000030517578,58.213340759277344,34.60306167602539,52.23902130126953,51.66805648803711,36.19046401977539,19.84170722961425
2007-03-06,98.2207489013672,64.1500015258789,59.80091857910156,35.872737884521484,52.17028427124024,51.47219467163086,36.79146957397461,20.02851104736328
2007-03-07,98.1223373413086,64.30000305175781,59.60735321044922,35.369407653808594,52.26396179199219,51.519962310791016,36.64551162719727,20.30465507507324
2007-03-08,98.95194244384766,64.4800033569336,60.05649566650391,35.93622970581055,52.257755279541016,51.58679962158203,36.89449691772461,20.337141036987305
2007-03-09,98.98011016845705,64.25,60.54435729980469,36.412353515625,51.96404647827149,51.45306396484375,36.860164642333984,20.06911849975586
2007-03-12,99.12777709960938,64.37000274658203,60.714725494384766,36.59371566772461,52.1077880859375,51.56293869018555,37.10059356689453,19.8823184967041
2007-03-13,97.2013168334961,63.720001220703125,59.15818405151367,35.73218536376953,52.338985443115234,51.59160232543945,36.37934112548828,19.72800636291504
2007-03-14,97.92546081542967,63.93999862670898,59.78543472290039,35.904476165771484,52.27021026611328,51.54387283325195,36.91168975830078,19.768611907958984
2007-03-15,98.0590362548828,63.97999954223633,60.250091552734375,36.22643280029297,52.21402359008789,51.55337524414063,36.82582092285156,19.64678382873535
2007-03-16,97.78443908691406,64.62000274658203,59.83967208862305,35.82284927368164,52.207740783691406,51.352787017822266,36.7974739074707,19.69551658630371
2007-03-19,98.96330261230467,64.73999786376953,60.58308029174805,36.18108367919922,52.1390266418457,51.25722503662109,37.17549133300781,19.7929801940918
2007-03-20,99.5067901611328,65.2699966430664,61.06321716308594,36.32618713378906,52.21402359008789,51.39574813842773,37.44183349609375,19.81734275817871
2007-03-21,101.14442443847656,65.81999969482422,62.16291427612305,36.76603698730469,52.28902053833008,51.54864883422852,38.16350555419922,19.849828720092773
2007-03-22,101.06672668457033,65.76000213623047,62.16291427612305,36.80231094360352,52.11403274536133,51.40533065795898,38.02607345581055,20.174705505371094
2007-03-23,101.21502685546876,65.1500015258789,62.25910568237305,36.825008392333984,52.03279495239258,51.271583557128906,37.90578079223633,20.18282699584961
2007-03-26,101.08089447021484,65.83999633789062,62.127227783203125,36.23528671264648,52.07654571533203,51.367095947265625,38.06041717529297,20.27216911315918
2007-03-27,100.84089660644533,65.69999694824219,61.84012985229492,35.85675048828125,52.06403732299805,51.35751724243164,37.794090270996094,20.32901954650879
2007-03-28,100.10680389404295,66.05000305175781,61.41341400146485,35.619571685791016,52.05777359008789,51.32407760620117,37.390281677246094,20.5239486694336
2007-03-29,100.212646484375,65.6500015258789,61.49098205566406,35.67887496948242,51.98276901245117,51.26199722290039,37.4332389831543,20.921918869018555
2007-03-30,100.23381805419922,65.73999786376953,61.64616775512695,36.18967819213867,51.92028427124024,51.24288177490234,37.398868560791016,20.61328315734864
2007-04-02,100.34676361083984,65.8499984741211,61.801361083984375,36.41771697998047,51.97801208496094,51.272647857666016,37.45042419433594,20.41023826599121
2007-04-03,101.4268035888672,65.83000183105469,62.46086502075195,36.73698425292969,51.93413162231445,51.243839263916016,37.94015121459961,20.32901954650879
2007-04-04,101.53973388671876,66.80999755859375,62.45311737060547,36.55454635620117,52.0156478881836,51.28704071044922,38.09479141235352,20.556434631347656
2007-04-05,101.81501770019533,66.86000061035156,62.414344787597656,36.5180778503418,51.88395690917969,51.18149185180664,38.2838134765625,20.597042083740234
2007-04-09,101.9561767578125,66.52999877929688,62.49968719482422,36.58647155761719,51.64558792114258,51.013519287109375,38.18928527832031,20.385875701904297
2007-04-10,102.07618713378906,67.16000366210938,62.69364547729492,36.73698425292969,51.75216293334961,51.119102478027344,38.386905670166016,20.67013931274414
2007-04-11,101.65972900390624,67.08000183105469,62.30572128295898,36.18967819213867,51.68951034545898,51.02312088012695,37.98310852050781,20.637651443481445
2007-04-12,102.11149597167967,66.98999786376953,62.72469329833984,35.94340515136719,51.739654541015625,51.099884033203125,38.2838134765625,20.75948143005371
2007-04-13,102.5773468017578,67.83999633789062,63.12814712524414,36.34931182861328,51.65185546875,51.013519287109375,38.36112976074219,20.873186111450195
2007-04-16,103.55142974853516,68.4000015258789,63.997161865234375,36.39491271972656,51.7082405090332,51.05669021606445,38.71338272094727,20.71074867248535
2007-04-17,103.8267593383789,68.0,63.80321502685547,36.86924743652344,51.92786407470703,51.33504867553711,38.79928588867188,20.49958038330078
2007-04-18,103.95379638671876,68.37999725341797,63.4307746887207,36.64118576049805,52.04701232910156,51.34944152832031,38.67041397094727,20.507699966430664
2007-04-19,103.92560577392578,67.52999877929688,63.12814712524414,36.39491271972656,52.04076385498047,51.3830451965332,38.79070663452149,20.45084953308105
2007-04-20,104.90675354003906,68.69999694824219,63.86528015136719,36.6685676574707,51.984317779541016,51.36865234375,39.0054931640625,20.73511505126953
2007-04-23,104.51143646240234,68.26000213623047,63.79541778564453,37.07902908325195,52.0909423828125,51.51741409301758,39.06563949584961,20.873186111450195
2007-04-24,104.5537567138672,67.7300033569336,63.76441955566406,36.82817840576172,52.191314697265625,51.646968841552734,39.26323318481445,20.58891868591309
2007-04-25,105.51377868652344,67.88999938964844,63.942848205566406,36.80538177490234,52.15998077392578,51.574981689453125,39.78731536865234,20.995014190673828
2007-04-26,105.6337890625,66.87000274658203,64.2998275756836,36.82817840576172,52.00941467285156,51.46460723876953,39.99351119995117,20.848819732666016
2007-04-27,105.54905700683594,67.55999755859375,64.02820587158203,36.73698425292969,52.00941467285156,51.45021438598633,40.010704040527344,20.954402923583984
2007-04-30,104.67376708984376,67.08999633789062,62.64708709716797,36.14407730102539,52.23517990112305,51.69974899291992,39.486610412597656,20.7676010131836
2007-05-01,104.94203186035156,66.69000244140625,62.90314865112305,35.829368591308594,52.23773193359375,51.67082595825195,39.45225524902344,20.80821228027344
2007-05-02,105.55611419677734,66.66000366210938,63.74112701416016,36.11214828491211,52.17476272583008,51.65639114379883,39.881813049316406,20.64577293395996
2007-05-03,106.12789154052734,67.48999786376953,63.85750198364258,36.20792770385742,52.11811447143555,51.58409881591797,40.02787399291992,20.74323463439941
2007-05-04,106.53019714355467,68.19000244140625,64.26097106933594,35.89323043823242,52.25032043457031,51.70936965942383,40.062255859375,20.70262718200684
2007-05-07,106.55144500732422,68.25,64.07476806640625,35.993553161621094,52.29442596435547,51.77211380004883,40.062255859375,20.605165481567383
2007-05-08,106.41021728515624,67.87999725341797,63.84975814819336,35.75640869140625,52.29442596435547,51.74313354492188,40.14814758300781,20.475215911865234
2007-05-09,106.69961547851562,67.44999694824219,64.1058120727539,36.14407730102539,52.12443542480469,51.66114807128906,40.23409271240234,20.36963081359864
2007-05-10,105.58436584472656,66.0,63.31439208984375,35.660640716552734,52.25661087036133,51.68529510498047,39.68421936035156,20.28841209411621
2007-05-11,106.4879150390625,66.44999694824219,63.88856887817383,36.14407730102539,52.14958190917969,51.632266998291016,40.19112014770508,20.58891868591309
2007-05-14,106.25498962402344,66.27999877929688,63.32991027832031,35.93882751464844,52.07406997680664,51.57923126220703,39.91618728637695,20.515819549560547
2007-05-15,106.283203125,66.54000091552734,62.82554244995117,35.39155197143555,52.06772232055664,51.46355056762695,39.60689163208008,20.718870162963867
2007-05-16,107.01019287109376,65.5999984741211,63.1670036315918,34.953712463378906,52.0362663269043,51.58409881591797,39.99351119995117,20.515819549560547
2007-05-17,106.7984619140625,65.05999755859375,62.678131103515625,34.34712600708008,51.89773941040039,51.42983627319336,39.80451583862305,20.68638229370117
2007-05-18,107.7301788330078,65.5199966430664,63.415287017822266,34.00050354003906,51.74658966064453,51.285194396972656,40.130985260009766,20.65389633178711
2007-05-21,107.67373657226562,65.66999816894531,64.21443176269531,34.13734436035156,51.81586837768555,51.3526611328125,40.38872528076172,20.856943130493164
2007-05-22,107.58901977539062,65.19999694824219,64.61016845703125,34.643577575683594,51.67107772827149,51.188777923583984,40.42308044433594,20.556434631347656
2007-05-23,107.60310363769533,65.54000091552734,64.4394760131836,34.379058837890625,51.57027816772461,51.140586853027344,40.23409271240234,20.65389633178711
2007-05-24,106.6290512084961,64.75,63.59370040893555,33.804386138916016,51.6395378112793,51.203224182128906,39.6584358215332,20.540189743041992
2007-05-25,107.07374572753906,64.94000244140625,64.00496673583984,33.995941162109375,51.58285903930664,51.16950225830078,39.9075927734375,20.791967391967773
2007-05-29,107.46198272705078,65.06999969482422,64.59463500976562,35.2091178894043,51.47582626342773,51.068267822265625,40.21691131591797,20.337141036987305
2007-05-30,108.3373031616211,64.72000122070312,65.02913665771484,36.15319061279297,51.52619934082031,51.106815338134766,40.54336929321289,20.532066345214844
2007-05-31,108.22435760498048,65.54000091552734,65.38607788085938,36.00725173950195,51.50735855102539,51.06343078613281,40.732398986816406,20.718870162963867
2007-06-01,108.76078033447266,66.44000244140625,65.71971130371094,36.05740737915039,51.28541946411133,50.86777877807617,40.758148193359375,20.873186111450195
2007-06-04,108.77488708496094,66.54000091552734,65.78948211669922,36.20335388183594,51.36762619018555,50.95013046264648,40.87844467163086,21.05998611450196
2007-06-05,108.34429168701172,66.37000274658203,65.52571105957031,35.628692626953125,51.2032470703125,50.785457611083984,40.87844467163086,20.97876739501953
2007-06-06,107.17965698242188,66.41000366210938,64.79634857177734,35.3869743347168,51.22849655151367,50.82903671264648,40.440277099609375,20.97064781188965
2007-06-07,105.24552154541016,65.26000213623047,63.45405197143555,34.274173736572266,50.71645736694336,50.28660202026367,39.81310272216797,21.07623291015625
2007-06-08,106.61492156982422,64.22000122070312,64.28427124023438,34.684627532958984,50.81124877929688,50.31084060668945,40.30280685424805,20.70262718200684
2007-06-11,106.7984619140625,64.69999694824219,64.2998275756836,34.164695739746094,50.67852020263672,50.1558723449707,40.225494384765625,21.1005973815918
2007-06-12,105.6337890625,64.0999984741211,63.23677444458008,33.571807861328125,50.318119049072266,49.88462448120117,39.98492050170898,21.04374313354492
2007-06-13,107.21492767333984,64.52999877929688,64.08251953125,34.3151969909668,50.482521057128906,50.10254669189453,40.42308044433594,21.311765670776367
2007-06-14,107.89964294433594,64.5999984741211,64.6644515991211,33.945796966552734,50.49516677856445,50.08803939819336,40.68942642211914,21.51481437683105
2007-06-15,108.51353454589844,64.8499984741211,65.43260192871094,34.31977081298828,50.71645736694336,50.28660202026367,41.06515884399414,21.64476203918457
2007-06-18,108.3859405517578,64.94999694824219,65.30848693847656,33.79070281982422,50.69115447998047,50.28176498413086,41.07377243041992,21.64476203918457
2007-06-19,108.65530395507812,65.4800033569336,65.47915649414062,33.85456085205078,50.93770599365234,50.60625457763672,41.06515884399414,21.43359375
2007-06-20,107.14534759521484,64.70999908447266,64.34634399414062,32.8375129699707,50.77334976196289,50.36408996582031,40.6782455444336,21.45795631408692
2007-06-21,107.74087524414062,64.55999755859375,64.8507080078125,33.01994323730469,50.710105895996094,50.23333358764648,41.0479850769043,21.360498428344727
2007-06-22,106.72710418701172,64.77999877929688,64.33856201171875,32.896820068359375,50.86181640625,50.36896896362305,40.66104507446289,21.311765670776367
2007-06-25,106.21663665771484,64.43000030517578,64.00496673583984,32.357421875,51.02621078491211,50.42705535888672,40.48909378051758,21.23054885864257
2007-06-26,105.12493133544922,63.619998931884766,63.53161239624024,32.23274230957031,51.03883361816406,50.41737747192383,40.256935119628906,20.98689079284668
2007-06-27,106.62069702148438,63.66999816894531,64.8584213256836,33.05935287475586,51.03251647949219,50.41737747192383,40.87600326538086,20.954402923583984
2007-06-28,106.60658264160156,64.26000213623047,64.84986114501953,32.888484954833984,51.00093078613281,50.36408996582031,40.85881805419922,20.889429092407227
2007-06-29,106.64198303222656,64.2699966430664,64.44566345214844,32.7638053894043,51.26643753051758,50.64983367919922,40.92760848999024,20.873186111450195
2007-07-02,107.6061019897461,65.0199966430664,65.27745056152344,33.52114486694336,51.344512939453125,50.524322509765625,41.29731369018555,21.003137588500977
2007-07-03,107.99603271484376,64.73999786376953,65.58844757080078,33.42877960205078,51.19218444824219,50.53407669067383,41.53807830810547,21.02750015258789
2007-07-05,107.88267517089844,64.41999816894531,65.697265625,33.932132720947266,50.9066047668457,50.20808792114258,41.83901596069336,21.222427368164062
2007-07-06,108.44976806640624,64.95999908447266,65.92271423339844,33.89058303833008,50.78602981567383,50.11079788208008,42.01096725463867,21.401107788085938
2007-07-09,108.53478240966795,65.37999725341797,65.86048889160156,33.86748123168945,50.97008514404297,50.21295928955078,42.03678131103516,21.352373123168945
2007-07-10,106.98937225341795,65.61000061035156,64.77992248535156,33.008567810058594,51.319122314453125,50.55839538574219,41.68423843383789,21.50668907165528
2007-07-11,107.74791717529295,65.44000244140625,65.16865539550781,32.94390869140625,51.14142608642578,50.32974243164063,41.967994689941406,21.555423736572266
2007-07-12,109.44930267333984,66.0199966430664,65.93824768066406,33.368751525878906,50.99544906616211,50.13027191162109,42.61285400390625,21.61227798461914
2007-07-13,109.77540588378906,66.02999877929688,66.00041198730469,33.68739318847656,51.10971832275391,50.34917068481445,42.90520858764648,21.64476203918457
2007-07-16,109.76126861572266,65.81999969482422,65.67391967773438,33.40568923950195,51.31278991699219,50.48053741455078,42.86219024658203,21.263032913208008
2007-07-17,109.70452117919922,65.75,65.72054290771484,33.28562545776367,51.20486831665039,50.37350845336914,43.18891906738281,21.13308525085449
2007-07-18,109.50604248046876,66.62000274658203,65.51066589355469,33.21175003051758,51.388954162597656,50.51948165893555,43.13735580444336,21.376739501953125
2007-07-19,109.9313735961914,67.01000213623047,65.697265625,33.336421966552734,51.38261032104492,50.412445068359375,43.26631546020508,21.449838638305664
2007-07-20,108.8184051513672,67.58000183105469,64.71772003173828,32.75458526611328,51.63650894165039,50.553524017333984,43.034175872802734,21.441713333129883
2007-07-23,109.15155792236328,67.47000122070312,64.47676849365234,32.18657302856445,51.61739730834961,50.495155334472656,43.05135726928711,21.34425163269043
2007-07-24,107.2587890625,67.47000122070312,62.9686164855957,31.53545570373535,51.75703430175781,50.43190002441406,42.41511154174805,21.18181610107422
2007-07-25,107.4785614013672,66.9000015258789,62.73541641235352,31.19373321533203,51.82687377929688,50.470821380615234,42.47527313232422,21.36861801147461
2007-07-26,104.9335708618164,65.6500015258789,61.05624008178711,30.62110710144043,52.2393684387207,50.36376190185547,42.114166259765625,21.14120864868164
2007-07-27,102.8705825805664,65.41000366210938,59.5714111328125,29.605188369750977,52.34095764160156,50.17888259887695,41.26292419433594,21.34425163269043
2007-07-30,104.47982788085938,65.7699966430664,60.60533905029297,30.177806854248047,52.20764923095703,50.25673675537109,41.74443054199219,21.1005973815918
2007-07-31,103.30303955078124,65.79000091552734,59.936798095703125,30.057741165161133,52.423458099365234,50.23239135742188,40.8674201965332,21.271154403686523
2007-08-01,103.80628967285156,65.93000030517578,60.26328659057617,30.454877853393555,52.27817153930664,50.39470672607422,41.185546875,21.23866844177246
2007-08-02,104.63578033447266,65.88999938964844,60.73751068115234,30.958221435546875,52.31639862060547,50.3262825012207,41.56388092041016,21.271154403686523
2007-08-03,101.94190979003906,66.69000244140625,58.576358795166016,29.76219749450684,52.65410614013672,50.575592041015625,40.7728271484375,21.03562355041504
2007-08-06,103.6503677368164,66.5199966430664,59.10499954223633,30.801212310791016,52.443824768066406,50.399600982666016,41.24573516845703,20.74323463439941
2007-08-07,104.7563247680664,66.4800033569336,60.0145263671875,30.972074508666992,52.43745803833008,50.53650665283203,41.53807830810547,20.856943130493164
2007-08-08,106.21663665771484,66.7699966430664,61.818058013916016,32.19581604003906,52.07427597045898,50.59023666381836,41.99379348754883,20.824451446533203
2007-08-09,103.069091796875,65.45999908447266,60.39544296264648,31.840227127075195,52.36737823486328,50.5462646484375,41.02217102050781,20.662017822265625
2007-08-10,102.58700561523438,66.56999969482422,60.68305587768555,30.879716873168945,52.29095458984375,50.32135391235352,40.65244674682617,20.73511505126953
2007-08-13,102.95565032958984,66.26000213623047,60.35658264160156,30.7319450378418,52.37371826171875,50.49737548828125,40.92760848999024,20.58891868591309
2007-08-14,101.38187408447266,66.29000091552734,59.32268142700195,29.84993934631348,52.56486892700195,50.81512451171875,40.23115539550781,20.65389633178711
2007-08-15,99.9853286743164,66.12999725341797,58.459754943847656,29.34659194946289,52.66047286987305,50.67824935913086,39.46590042114258,20.80821228027344
2007-08-16,100.73674011230467,64.68000030517578,59.75799179077149,30.524145126342773,52.86433410644531,50.184513092041016,39.0789794921875,20.45084953308105
2007-08-17,102.58700561523438,65.01000213623047,60.95517349243164,31.2168197631836,52.90258026123047,50.27253341674805,39.81843948364258,20.43460273742676
2007-08-20,102.5373992919922,65.12000274658203,61.00180816650391,31.789440155029297,53.01729965209961,50.63428497314453,40.007591247558594,20.49145698547364
2007-08-21,102.74297332763672,65.06999969482422,61.1728515625,31.937219619750977,53.24666595458984,50.73691940307617,40.42890167236328,20.45897102355957
2007-08-22,103.96227264404295,65.4000015258789,61.90359115600586,32.32511520385742,53.07460784912109,50.83957290649414,40.97917175292969,20.507699966430664
2007-08-23,103.8701171875,65.30999755859375,61.11063766479492,31.770971298217773,53.093780517578125,50.8640022277832,40.8674201965332,20.572677612304688
2007-08-24,105.15328979492188,66.11000061035156,61.90359115600586,31.941818237304688,53.112884521484375,50.9764289855957,41.44349670410156,20.81633186340332
2007-08-27,104.17501068115234,65.9800033569336,61.04844665527344,31.24915313720703,53.25935363769531,50.83957290649414,41.168365478515625,20.8406982421875
2007-08-28,101.88516998291016,65.58999633789062,59.50923538208008,30.29325294494629,53.53334426879883,51.27464294433594,40.18814468383789,20.62140655517578
2007-08-29,103.88429260253906,66.06999969482422,61.0717658996582,31.40153312683105,53.329471588134766,51.03999710083008,41.340309143066406,20.81633186340332
2007-08-30,103.60781860351562,65.80000305175781,60.659767150878906,31.563173294067383,53.5970573425293,51.1915397644043,41.55526351928711,20.856943130493164
2007-08-31,104.62866973876952,66.5199966430664,61.211700439453125,32.084983825683594,53.60985565185547,51.43106460571289,42.01957702636719,20.86506462097168
2007-09-04,105.68496704101562,67.44000244140625,61.99687576293945,32.50982666015625,53.510013580322266,51.3171272277832,42.71603775024414,21.1005973815918
2007-09-05,104.77044677734376,67.55999755859375,61.42158508300781,31.729412078857425,53.84269332885742,51.51842498779297,42.28612518310547,21.14120864868164
2007-09-06,105.01146697998048,68.86000061035156,61.4371337890625,32.011104583740234,53.7275276184082,51.40063095092773,42.2517204284668,21.05998611450196
2007-09-07,103.55110168457033,69.38999938964844,60.426536560058594,31.239933013916016,54.303253173828125,51.68057632446289,41.46929168701172,21.198060989379883
2007-09-10,103.35262298583984,69.62000274658203,59.58696746826172,30.916667938232425,54.42477035522461,51.832801818847656,41.44349670410156,21.34425163269043
2007-09-11,104.5578384399414,70.5199966430664,60.62867736816406,31.55854225158692,54.30961227416992,51.53321838378906,42.0711555480957,21.39298439025879
2007-09-12,104.82717895507812,70.45999908447266,60.24776458740234,31.37383460998535,54.17531967163086,51.32200241088867,42.07975387573242,21.62039566040039
2007-09-13,105.56443786621094,70.08000183105469,60.39544296264648,32.08037185668945,53.8554801940918,51.24837112426758,42.28612518310547,21.45795631408692
2007-09-14,105.5573501586914,69.98999786376953,60.70640182495117,32.28817367553711,53.92580795288086,51.39079284667969,42.32051467895508,21.474205017089844
2007-09-17,104.990234375,70.97000122070312,60.037864685058594,32.05265426635742,53.957820892333984,51.3711051940918,41.967994689941406,21.72597885131836
2007-09-18,108.08109283447266,71.69999694824219,62.59547805786133,33.19327545166016,53.90022659301758,51.49391555786133,43.02556991577149,21.80719947814941
2007-09-19,108.71910095214844,71.43000030517578,63.43505859375,33.81668472290039,53.70832443237305,51.20908737182617,43.13735580444336,21.99400329589844
2007-09-20,107.9534912109375,72.72000122070312,62.80535507202149,32.93927383422852,53.10063171386719,51.11581039428711,43.0169677734375,22.335119247436523
2007-09-21,108.24483489990234,72.33999633789062,62.9375114440918,33.174800872802734,53.3692626953125,51.35638046264648,43.32322311401367,22.489437103271484
2007-09-24,108.0453872680664,72.27999877929688,62.45553207397461,33.80376052856445,53.43963623046875,51.61183166503906,43.521087646484375,22.44882583618164
2007-09-25,107.83167266845705,72.33000183105469,62.202266693115234,32.96390151977539,53.44608688354492,51.58230209350586,43.93401336669922,22.2863883972168
2007-09-26,108.40153503417967,72.0,62.747779846191406,33.44448471069336,53.46527862548828,51.71001815795898,44.14909744262695,22.31887626647949
2007-09-27,109.04261016845705,72.69999694824219,63.12182235717773,33.70111083984375,53.637969970703125,51.842620849609375,44.37275314331055,22.90365219116211
2007-09-28,108.67929077148438,73.51000213623047,62.37369537353516,33.34183883666992,53.65715408325195,51.808231353759766,44.226505279541016,22.830554962158203
2007-10-01,109.90441131591795,73.9000015258789,63.92449569702149,34.15369415283203,53.721309661865234,51.47427368164063,44.73408126831055,22.595020294189453
2007-10-02,109.75479125976562,72.3499984741211,64.33750915527344,34.77423477172852,53.83693313598633,51.424922943115234,44.74267578125,22.140195846557617
2007-10-03,109.53408813476562,71.9000015258789,64.15824127197266,34.60627365112305,53.79837417602539,51.65675354003906,44.4329719543457,22.1645622253418
2007-10-04,109.70501708984376,72.87000274658203,64.25956726074219,34.96086883544922,53.89469528198242,52.066253662109375,44.53621292114258,22.47319221496582
2007-10-05,111.00843048095705,73.4000015258789,65.56097412109375,35.78205108642578,53.41961669921875,51.85414123535156,45.439483642578125,22.53816604614257
2007-10-08,110.41730499267578,72.52999877929688,65.07002258300781,35.10551452636719,53.6121826171875,52.03667449951172,45.7233772277832,22.06709861755371
2007-10-09,111.4572296142578,73.08999633789062,65.5999526977539,35.497440338134766,53.44528579711914,51.80975341796875,45.92124557495117,22.221412658691406
2007-10-10,111.2719955444336,73.36000061035156,65.54537200927734,35.250152587890625,53.496620178222656,51.99229431152344,46.033084869384766,22.481311798095703
2007-10-11,110.73785400390624,73.91000366210938,64.8050537109375,35.11017227172852,53.50310897827149,52.10081100463867,45.30184555053711,22.73309135437012
2007-10-12,111.3503646850586,74.58999633789062,65.31938934326172,34.77890396118164,53.32330322265625,51.81465530395508,46.050289154052734,22.83867645263672
2007-10-15,110.41011810302734,75.13999938964844,64.5634765625,34.125694274902344,53.37466430664063,51.97748565673828,45.69757843017578,23.228525161743164
2007-10-16,109.53408813476562,75.12000274658203,63.82315444946289,33.710445404052734,53.52236557006836,52.066253662109375,45.48252868652344,23.25288963317871
2007-10-17,109.86881256103516,74.5,64.07251739501953,33.65909576416016,53.84976196289063,52.312965393066406,46.06748580932617,23.13106155395508
2007-10-18,109.4699249267578,76.0,63.91669464111328,33.66843795776367,54.05523681640625,52.31791305541992,46.26535415649414,23.545278549194336
2007-10-19,106.60658264160156,75.69999694824219,61.633392333984375,32.236026763916016,54.51748275756836,52.65831756591797,45.112586975097656,23.48030662536621
2007-10-22,107.2262725830078,74.5999984741211,62.93479919433594,33.08055114746094,54.414772033691406,52.65831756591797,45.65456771850586,23.415327072143555
2007-10-23,108.09522247314452,75.2300033569336,63.41791534423828,33.43048477172852,54.40193939208984,52.34750747680664,46.60945892333984,23.25288963317871
2007-10-24,107.89578247070312,75.5199966430664,63.012733459472656,32.8705940246582,54.67806625366211,52.668212890625,46.256744384765625,23.334108352661133
2007-10-25,108.15221405029295,76.02999877929688,62.85683441162109,32.940574645996094,54.63304138183594,52.54487228393555,45.63735580444336,23.878273010253903
2007-10-26,109.42007446289062,77.69000244140625,63.908912658691406,33.43981170654297,54.498291015625,52.46098327636719,46.394378662109375,24.24375915527344
2007-10-29,109.78330993652344,78.12000274658203,63.83874130249024,32.8939094543457,54.54319381713867,52.58430862426758,46.58365631103516,24.6417293548584
2007-10-30,109.02120971679688,77.3499984741211,63.33223724365234,33.34650421142578,54.60099411010742,52.57940673828125,46.67827606201172,24.08944129943848
2007-10-31,110.1537628173828,78.62000274658203,64.15045928955078,34.04172134399414,54.23506546020508,52.30802536010742,47.3406867980957,24.77168083190918
2007-11-01,107.57524871826172,77.93000030517578,61.6723518371582,32.45066452026367,54.67762756347656,52.70748901367188,46.4546127319336,24.454927444458008
2007-11-02,107.69636535644533,79.83000183105469,61.97624969482422,31.988754272460938,54.82584381103516,52.38039779663086,46.81592559814453,24.98284912109375
2007-11-05,106.87727355957033,79.75,61.15802001953125,31.526844024658203,54.76142501831055,52.50925827026367,46.514835357666016,24.820411682128903
2007-11-06,108.3160400390625,81.43000030517578,62.31136703491211,31.92342567443848,54.66476821899414,52.18711471557617,47.03959274291992,25.47016143798828
2007-11-07,105.3529815673828,82.23999786376953,60.37876129150391,30.92961883544922,54.86452102661133,52.15242385864258,45.89543533325195,25.3402099609375
2007-11-08,104.81874084472656,82.2300033569336,60.55794906616211,31.022932052612305,54.98691177368164,52.23664474487305,44.50180435180664,25.27523422241211
2007-11-09,103.37996673583984,82.18000030517578,59.887786865234375,30.770977020263672,55.31553649902344,52.4696159362793,43.01354598999024,25.267114639282227
2007-11-12,102.3542938232422,78.30000305175781,59.31113815307617,31.12559127807617,55.4122200012207,52.44974136352539,41.92099380493164,24.714826583862305
2007-11-13,105.47406768798828,79.12000274658203,61.17357635498047,32.15671920776367,55.128662109375,52.18711471557617,43.65012741088867,24.24375915527344
2007-11-14,105.18201446533205,80.27999877929688,60.82292938232422,31.50350570678711,55.16737365722656,51.96407318115234,43.09095001220703,24.78792381286621
2007-11-15,103.66484832763672,77.94999694824219,59.95792770385742,31.44752311706543,55.47666549682617,52.16232681274414,42.85868453979492,24.54426383972168
2007-11-16,103.84292602539062,77.75,59.45141220092773,30.859634399414062,55.47666549682617,52.16727828979492,43.25440216064453,24.62548446655273
2007-11-19,102.39698791503906,77.23999786376953,58.16557312011719,30.187747955322266,55.876121520996094,52.56872177124024,42.75543975830078,24.81228828430176
2007-11-20,103.0238265991211,79.47000122070312,58.50069046020508,29.60452651977539,55.7279167175293,52.23664474487305,42.927520751953125,25.42955017089844
2007-11-21,100.91547393798828,79.36000061035156,57.277191162109375,29.399227142333984,56.16607284545898,52.60341262817383,42.419952392578125,25.462038040161133
2007-11-23,102.66058349609376,81.25,58.49287414550781,29.97778511047364,55.99853897094727,52.34075927734375,42.87590026855469,25.69757080078125
2007-11-26,100.39553833007812,81.30000305175781,56.96548080444336,28.54072952270508,56.76529693603516,53.20806121826172,42.13606262207031,25.38081741333008
2007-11-27,101.5494155883789,80.0999984741211,57.62788009643555,29.207942962646484,56.23693084716797,52.75213241577149,42.979103088378906,25.177772521972656
2007-11-28,104.79743194580078,79.56999969482422,59.90338516235352,30.49102210998535,56.037200927734375,52.3853645324707,44.28672790527344,24.86914253234864
2007-11-29,104.83296966552734,78.27999877929688,59.38905715942383,30.001108169555664,56.3529167175293,52.583595275878906,44.47597885131836,24.925994873046875
2007-11-30,105.88715362548828,77.31999969482422,59.7319450378418,30.81764411926269,56.43022918701172,52.84126281738281,44.14048385620117,24.61736297607422
2007-12-03,105.18915557861328,78.27999877929688,59.03058624267578,30.48636245727539,56.65325927734375,52.85971832275391,43.77057266235352,24.79604721069336
2007-12-04,104.24894714355467,79.4000015258789,58.40716171264648,29.665185928344727,56.70499801635742,52.88460159301758,43.58992004394531,24.90974998474121
2007-12-05,105.99400329589844,78.62999725341797,59.56831359863281,30.66367530822754,56.4916877746582,52.685489654541016,44.37275314331055,24.722949981689453
2007-12-06,107.51121520996094,79.37000274658203,60.97880172729492,31.63881492614746,56.19425582885742,52.2972526550293,45.009368896484375,25.169649124145508
2007-12-07,107.4897918701172,78.5999984741211,61.16577911376953,31.526844024658203,55.83223724365234,51.84934616088867,45.01796722412109,25.08843040466309
2007-12-10,108.32313537597656,80.0,61.64900588989258,32.203365325927734,55.70290756225586,51.884159088134766,45.19863128662109,25.072189331054688
2007-12-11,105.3529815673828,78.83999633789062,59.49814987182617,30.50502014160156,56.46580123901367,52.38691329956055,44.14909744262695,25.291479110717773
2007-12-12,106.3928451538086,80.48999786376953,59.934566497802734,30.402379989624023,55.99383163452149,52.22263717651367,44.54481887817383,25.981836318969727
2007-12-13,106.17208099365234,78.5,59.60725402832031,30.057106018066406,55.580074310302734,51.92400741577149,44.3039436340332,25.70569229125977
2007-12-14,104.825927734375,78.5199966430664,58.44610977172852,29.30125617980957,55.418434143066406,51.3366584777832,43.84799957275391,25.527013778686523
2007-12-17,103.3301239013672,78.12999725341797,57.54993438720703,28.39608764648437,55.74819946289063,51.83440399169922,42.78125381469727,25.40216445922852
2007-12-18,103.90706634521484,79.25,58.57859420776367,28.83466339111328,55.85808563232422,51.99365234375,42.91890335083008,25.29396629333496
2007-12-19,103.90706634521484,79.23999786376953,58.99162673950195,29.128612518310547,56.30416488647461,52.40180587768555,42.91029739379883,25.53533744812012
2007-12-20,104.56234741210938,78.66999816894531,59.880001068115234,29.00720977783203,56.2136116027832,52.14794158935547,43.78777694702149,25.427135467529297
2007-12-21,106.0696258544922,80.0999984741211,61.25151062011719,29.576339721679688,55.8063850402832,52.09319686889648,44.65153121948242,25.72676658630371
2007-12-24,106.8573226928711,80.13999938964844,61.69573974609375,30.53437805175781,55.64471435546875,51.82943344116211,44.98737335205078,25.918195724487305
2007-12-26,107.08642578125,81.5199966430664,61.98406982421875,30.026901245117188,55.37968826293945,51.844337463378906,45.21126937866211,26.22615432739257
2007-12-27,105.74026489257812,81.55999755859375,60.51173782348633,29.42930221557617,55.75146865844727,52.15182876586914,44.668739318847656,26.31770896911621
2007-12-28,105.4752960205078,83.0,59.86276626586914,28.912342071533203,56.19918823242188,52.31678771972656,44.62567901611328,26.23447608947754
2007-12-31,104.69482421875,82.45999908447266,59.3467025756836,29.149497985839844,56.45875930786133,52.41677474975586,44.10898971557617,26.26777076721192
2008-01-02,103.77824401855467,84.86000061035156,58.76807022094727,29.059370040893555,56.861026763916016,53.03676986694336,43.41145324707031,26.99188041687012
2008-01-03,103.72817993164062,85.56999969482422,58.11909103393555,28.153493881225582,56.97787094116211,52.86178588867188,43.592281341552734,27.19995880126953
2008-01-04,101.18611907958984,85.12999725341797,56.367637634277344,27.01046562194824,57.12710952758789,53.29674530029297,41.68050003051758,27.04181861877441
2008-01-07,101.10022735595705,84.7699966430664,56.49273300170898,27.261842727661133,57.23088836669922,53.23173904418945,41.48241424560547,26.55075454711914
2008-01-08,99.4676284790039,86.77999877929688,54.74907684326172,26.318017959594727,57.35420989990234,53.13175582885742,40.40596389770508,26.792125701904297
2008-01-09,100.51301574707033,86.55000305175781,55.30425262451172,26.78281211853028,57.26332473754883,53.02179336547852,41.267127990722656,26.525787353515625
2008-01-10,101.17179870605467,88.25,56.06267547607422,27.1954345703125,57.1076545715332,52.86675643920898,41.32741928100586,26.40093994140625
2008-01-11,100.3555145263672,88.58000183105469,54.905494689941406,27.200178146362305,57.47100067138672,53.251739501953125,40.51792907714844,26.642309188842773
2008-01-14,101.1646499633789,89.54000091552734,55.35894775390625,27.08635139465332,57.49691390991211,53.03176498413086,41.22407150268555,26.975236892700195
2008-01-15,98.9376983642578,87.98999786376953,54.34248733520508,26.53619384765625,57.873329162597656,53.31674575805664,40.08732604980469,26.642309188842773
2008-01-16,98.08558654785156,86.69999694824219,54.397239685058594,26.8397216796875,57.76300430297852,53.23678207397461,39.65675354003906,26.39261817932129
2008-01-17,95.5436019897461,86.5,53.07581329345703,26.47451972961425,58.23014068603516,53.48678207397461,39.10560607910156,26.051368713378903
2008-01-18,94.5625991821289,87.41999816894531,52.55974197387695,26.123550415039062,58.14581680297852,53.396751403808594,39.05392837524414,26.15124893188477
2008-01-22,93.60309600830078,88.16999816894531,52.18442535400391,26.749610900878903,58.79471206665039,53.51170349121094,38.04636764526367,26.059688568115234
2008-01-23,95.85149383544922,87.88999938964844,53.96714782714844,29.28702545166016,58.52218627929688,53.581729888916016,37.89995574951172,25.5686264038086
2008-01-24,96.66069793701172,90.08000183105467,53.92808532714844,28.59930419921875,57.9901123046875,53.12673568725586,38.67502975463867,26.2011833190918
2008-01-25,95.26429748535156,90.3000030517578,53.53712844848633,28.43331527709961,58.52866744995117,53.70170211791992,37.88274383544922,26.783803939819336
2008-01-28,96.83965301513672,91.75,54.67089080810547,29.396120071411133,58.314571380615234,53.68673706054688,38.17555236816406,26.908653259277344
2008-01-29,97.31941223144533,91.1500015258789,54.81166458129883,29.13050842285156,58.08095550537109,53.59676361083984,38.24444961547852,27.13337516784668
2008-01-30,96.60340118408205,92.05999755859376,54.123573303222656,28.352685928344727,58.05497741699219,53.58673095703125,38.20998764038086,26.900325775146484
2008-01-31,98.3648452758789,91.4000015258789,55.468448638916016,28.92182922363281,58.35350036621094,53.76172256469727,38.864479064941406,27.033496856689453
2008-02-01,99.94735717773438,89.3499984741211,56.77419662475586,30.13125228881836,58.54289627075195,53.989784240722656,39.26061630249024,26.55907821655273
2008-02-04,98.6871109008789,89.0999984741211,56.13306427001953,29.81821823120117,58.21744155883789,53.844120025634766,38.7094612121582,27.02517318725586
2008-02-05,96.04486083984376,87.68000030517578,54.69437026977539,28.76531410217285,58.62749862670898,54.02995300292969,37.60717391967773,26.80044937133789
2008-02-06,95.2715072631836,88.94999694824219,53.96714782714844,28.295774459838867,58.52333068847656,53.73860931396485,36.86657333374024,26.67560195922852
2008-02-07,95.90166473388672,89.8499984741211,54.81946563720703,28.964502334594727,57.86592102050781,53.12082290649414,37.12491989135742,27.00020217895508
2008-02-08,95.28582000732422,91.0,54.47541427612305,28.039670944213867,58.3541145324707,53.32173156738281,37.54690170288086,27.807546615600582
2008-02-11,95.7727279663086,91.33000183105467,54.49885559082031,27.470518112182617,58.48427200317383,53.48246765136719,37.95162963867188,27.990657806396484
2008-02-12,96.66069793701172,89.33000183105469,54.92891311645508,28.253087997436523,58.36063766479492,53.4071159362793,37.73633575439453,27.424684524536133
2008-02-13,97.64881896972656,89.44000244140625,56.17214584350586,28.47600555419922,58.113277435302734,52.86970138549805,38.56306838989258,27.6494083404541
2008-02-14,96.78954315185548,89.70999908447266,54.87419128417969,27.944807052612305,57.79432678222656,52.75414657592773,37.86551284790039,28.207056045532227
2008-02-15,96.76806640625,89.1500015258789,54.63180541992188,28.17246055603028,57.91802215576172,52.924930572509766,37.73633575439453,28.073888778686523
2008-02-19,97.04013061523438,91.58000183105467,55.30425262451172,28.1013240814209,57.501407623291016,52.4025764465332,37.66746139526367,28.98942947387696
2008-02-20,97.32656860351562,93.23999786376952,55.33551025390625,28.276796340942383,57.449344635009766,52.51808547973633,37.83968353271485,29.139244079589844
2008-02-21,96.51741027832033,93.25,54.27993774414063,27.50846290588379,58.04168701171875,52.87969970703125,37.47798538208008,28.98110580444336
2008-02-22,97.11177825927734,93.38999938964844,54.27993774414063,28.286291122436523,57.878944396972656,52.67377471923828,37.61577987670898,29.3806209564209
2008-02-25,98.33625030517578,92.73999786376952,55.33551025390625,29.149497985839844,57.49489974975586,52.33726501464844,37.80524826049805,29.663604736328125
2008-02-26,99.07376861572266,93.70999908447266,55.85157012939453,29.144737243652344,57.63810348510742,52.71395492553711,37.95162963867188,30.29616355895996
2008-02-27,98.9735107421875,94.77999877929688,55.82810592651367,29.00720977783203,57.77480697631836,52.66376876831055,38.14109420776367,30.25454330444336
2008-02-28,98.00685119628906,95.98999786376952,54.983646392822266,28.409610748291016,58.45176696777344,53.04546737670898,37.99470138549805,30.545860290527344
2008-02-29,95.82289123535156,96.18000030517578,53.84207534790039,28.0017147064209,59.07666015625,53.38199234008789,36.98713684082031,30.04646873474121
2008-03-03,95.5937042236328,97.23999786376952,53.32602310180664,28.196176528930664,58.926456451416016,53.381004333496094,36.746002197265625,30.48759078979492
2008-03-04,95.22850799560548,95.18000030517578,53.01325988769531,27.930570602416992,58.70444107055664,53.068302154541016,36.95267105102539,30.37939071655273
2008-03-05,95.83001708984376,97.72000122070312,53.521480560302734,28.31474876403809,58.4498405456543,52.69502258300781,37.1335334777832,31.045244216918945
2008-03-06,93.8465347290039,96.5,51.73874282836914,27.02469253540039,58.91994094848633,52.624420166015625,36.31542205810547,31.278291702270508
2008-03-07,92.87991333007812,96.08999633789062,51.57453536987305,27.46576690673828,59.12232971191406,52.51341247558594,36.229305267333984,30.96200561523437
2008-03-10,91.6554183959961,95.87000274658205,50.432952880859375,27.07687187194824,59.54672622680664,52.50333786010742,35.531761169433594,31.54462623596192
2008-03-11,94.94928741455078,95.98999786376952,52.62228775024414,28.836462020874023,58.90032196044922,51.90306854248047,36.88379669189453,32.03569412231445
2008-03-12,94.0613784790039,97.01000213623048,52.01240158081055,28.22937393188477,59.57939910888672,52.528564453125,36.780460357666016,32.3852653503418
2008-03-13,94.26898956298828,98.33999633789062,53.05234909057617,28.56137657165528,59.26595687866211,51.95858383178711,37.064640045166016,32.418556213378906
2008-03-14,92.80825805664062,98.70999908447266,51.71528625488281,27.98274040222168,59.87973403930664,51.92833709716797,36.38431167602539,32.3769416809082
2008-03-17,91.87020874023438,99.16999816894533,50.87084197998047,28.153493881225582,60.18010711669922,52.35204315185547,35.72121810913086,31.07853126525879
2008-03-18,95.68682861328124,96.5,53.2087287902832,29.3913803100586,59.768741607666016,52.25614929199219,37.31438446044922,31.76934814453125
2008-03-19,93.31665802001952,93.04000091552734,51.879493713378906,29.16845703125,60.28450012207031,52.48314666748047,36.3929328918457,30.396039962768555
2008-03-20,95.0451889038086,89.91000366210938,52.76305389404297,30.140743255615234,60.41512680053711,52.76054763793945,37.13670349121094,29.172536849975582
2008-03-24,96.9448699951172,90.0999984741211,54.81497573852539,30.81897354125977,59.350860595703125,52.65967559814453,38.42084503173828,29.705217361450195
2008-03-25,97.0384750366211,92.7300033569336,54.9951400756836,30.89783477783203,59.55976867675781,52.89674377441406,38.63629531860352,30.00485038757324
2008-03-26,95.85108947753906,93.8000030517578,54.54086685180664,30.305185317993164,59.60548782348633,52.96235656738281,38.52426910400391,30.903751373291016
2008-03-27,95.54888916015624,93.45999908447266,54.03963470458984,30.05666732788086,59.527103424072266,52.63949966430664,37.67103576660156,31.2449951171875
2008-03-28,94.63497161865234,91.87999725341795,53.405235290527344,29.7030029296875,59.76221466064453,52.92198181152344,37.48141479492188,30.504240036010746
2008-03-31,94.96599578857422,90.41000366210938,53.48357772827149,29.81770896911621,59.86669158935547,53.06322860717773,37.67966079711914,29.771804809570312
2008-04-01,98.3049774169922,86.86000061035156,55.4415168762207,31.514345169067383,59.343223571777344,52.97856903076172,39.29130172729492,29.6053409576416
2008-04-02,98.36974334716795,89.2699966430664,55.57466506958008,31.36141395568848,59.1466064453125,53.06978988647461,39.20511245727539,30.48759078979492
2008-04-03,98.6143798828125,89.41999816894531,55.74698257446289,32.07828903198242,59.1466064453125,53.09517288208008,39.29130172729492,30.6540584564209
2008-04-04,98.50648498535156,90.25,55.73129653930664,31.57169914245605,59.59870529174805,53.73887634277344,39.52400588989258,30.87045669555664
2008-04-07,98.55680847167967,91.16999816894533,55.6373405456543,31.2801513671875,59.20563507080078,53.79973983764648,39.437801361083984,31.2033805847168
2008-04-08,98.4560546875,90.3499984741211,55.58250045776367,31.23714065551757,59.21217346191406,53.60709762573242,39.136173248291016,31.32822608947754
2008-04-09,97.74364471435548,92.29000091552734,54.67398834228516,30.453350067138672,59.56594467163086,53.44992446899414,38.69662857055664,31.85258674621582
2008-04-10,97.88038635253906,91.7699966430664,55.25356674194336,30.749658584594727,59.33009338378906,53.50065612792969,39.248233795166016,31.71109390258789
2008-04-11,95.98062896728516,91.3000030517578,53.83600616455078,30.37211036682129,59.58562088012695,53.55134201049805,38.16230392456055,31.58624839782715
2008-04-14,95.65679168701172,91.11000061035156,53.67155456542969,30.19528007507324,59.43489837646485,53.22188568115234,37.98992919921875,31.802642822265625
2008-04-15,95.87989807128906,91.66000366210938,54.01613235473633,30.50114250183105,59.16630935668945,53.11037063598633,38.041629791259766,32.18550491333008
2008-04-16,98.47762298583984,93.2699966430664,55.76263427734375,31.73896789550781,58.76663589477539,52.8062629699707,39.101688385009766,32.493465423583984
2008-04-17,98.62158966064452,92.55999755859376,55.543338775634766,31.85368156433105,58.62911224365234,52.94314193725586,39.01549530029297,32.343650817871094
2008-04-18,99.65057373046876,90.62000274658205,56.1307373046875,31.67205619812012,58.57014083862305,53.17622756958008,40.25656127929688,32.36029815673828
2008-04-21,99.70095825195312,90.25,56.13856887817383,31.437875747680664,58.57668685913086,53.003944396972656,40.540958404541016,32.401912689208984
2008-04-22,99.2619857788086,90.2699966430664,55.112606048583984,31.36141395568848,58.6225700378418,52.88736724853516,39.93767929077149,32.601661682128906
2008-04-23,99.10369873046876,89.22000122070312,55.25356674194336,31.753297805786133,58.563568115234375,53.04951477050781,40.37721633911133,32.2937126159668
2008-04-24,99.53546905517578,87.22000122070312,55.7861213684082,32.38416290283203,58.10499954223633,52.97856903076172,40.73919296264648,31.752710342407227
2008-04-25,100.45655822753906,87.2699966430664,56.31085586547852,32.56578826904297,58.02633666992188,53.003944396972656,40.63576126098633,32.3353271484375
2008-04-28,100.47814178466795,87.69000244140625,56.68678283691406,32.522762298583984,58.13122177124024,53.257301330566406,40.71332931518555,32.41023254394531
2008-04-29,100.08235168457033,85.80999755859375,56.185546875,32.169090270996094,58.235965728759766,53.42463302612305,41.02360153198242,31.62786102294922
2008-04-30,99.49231719970705,86.6500015258789,55.91926956176758,31.7198543548584,58.41943740844727,53.72370910644531,40.687477111816406,31.569595336914062
2008-05-01,101.55038452148438,83.98999786376953,56.882598876953125,32.40328598022461,58.41291427612305,54.04083633422852,41.97163391113281,30.83716011047364
2008-05-02,101.8310089111328,84.58000183105469,56.8199348449707,32.37459945678711,57.93968963623047,53.725215911865234,42.03194046020508,31.619535446166992
2008-05-05,101.34166717529295,86.2699966430664,56.60062789916992,32.2838020324707,58.02512741088867,53.80156707763672,41.91128921508789,32.277061462402344
2008-05-06,102.2195816040039,86.62999725341797,57.06272506713867,32.5084342956543,57.84107971191406,53.45538330078125,42.16983413696289,32.7015380859375
2008-05-07,100.39896392822266,85.81999969482422,56.04459381103516,31.6242733001709,58.07113265991211,53.59791564941406,41.40281677246094,32.75980758666992
2008-05-08,100.1399383544922,87.23999786376953,56.16205978393555,31.433103561401367,58.4456901550293,53.83719253540039,41.71307373046875,33.292484283447266
2008-05-09,99.95285034179688,87.41999816894531,55.997589111328125,31.261049270629883,58.51145553588867,53.83719253540039,41.54931640625,33.80851745605469
2008-05-12,101.0754165649414,86.98999786376953,57.227169036865234,32.011383056640625,58.41291427612305,53.78630065917969,42.30774688720703,33.234222412109375
2008-05-13,101.08975982666016,85.38999938964844,57.55612564086914,32.14042663574219,57.92652130126953,53.48085021972656,42.41977691650391,33.41733169555664
2008-05-14,101.2985382080078,85.19999694824219,57.485633850097656,32.34115219116211,57.90681838989258,53.51139068603516,42.32497024536133,32.87632751464844
2008-05-15,102.56495666503906,87.0,57.60315704345703,32.7330436706543,58.228816986083984,53.86775970458984,43.06615447998047,33.25086975097656
2008-05-16,102.65856170654295,89.0999984741211,57.916385650634766,32.56099319458008,58.13028717041016,53.79650115966797,43.10062026977539,33.733612060546875
2008-05-19,102.93915557861328,89.38999938964844,57.93204498291016,32.61356735229492,58.261680603027344,53.80665588378906,42.790374755859375,33.78355026245117
2008-05-20,102.10442352294922,90.9000015258789,57.72060775756836,32.17388916015625,58.4391975402832,53.82699966430664,42.46287536621094,34.24964141845703
2008-05-21,100.37738800048828,91.95999908447266,56.89823532104492,31.399639129638672,58.3011360168457,53.59281539916992,41.523468017578125,35.2484130859375
2008-05-22,100.39176177978516,90.9800033569336,57.30551528930664,31.13201141357422,57.91997146606445,53.00229644775391,41.66998291015625,34.74070739746094
2008-05-23,99.04613494873048,91.2300033569336,56.55364990234375,30.98384666442871,58.17631912231445,53.24663162231445,41.54070663452149,34.80728912353516
2008-05-27,99.78012084960938,89.36000061035156,57.422977447509766,31.40921211242676,57.893653869628906,52.9259147644043,42.27326583862305,34.24964141845703
2008-05-28,100.2406768798828,89.13999938964844,57.68925094604492,31.46176719665528,57.45989227294922,52.58482360839844,42.44562530517578,34.46604537963867
2008-05-29,100.7444076538086,86.51000213623047,58.27667617797852,31.801109313964844,57.19050216674805,52.33025360107422,42.824832916259766,33.52552795410156
2008-05-30,100.99627685546876,87.44999694824219,58.48027801513672,31.652942657470703,57.38105392456055,52.53899002075195,43.10062026977539,33.75025177001953
2008-06-02,99.95285034179688,87.95999908447266,57.94772338867188,31.122446060180664,57.72202682495117,52.71955108642578,42.57490539550781,34.199703216552734
2008-06-03,99.3699722290039,86.87999725341797,57.830223083496094,31.327957153320312,58.02541732788086,52.92414474487305,42.34222030639648,33.39236068725586
2008-06-04,99.31958770751952,86.6500015258789,58.19050216674805,31.49045181274414,57.81436538696289,52.76046752929688,42.88516998291016,32.892974853515625
2008-06-05,101.30572509765624,86.44999694824219,59.67853164672852,32.21212387084961,57.51098251342773,52.47916412353516,43.56602096557617,34.14144515991211
2008-06-06,98.0746612548828,89.05999755859375,57.89286804199219,30.86435890197754,58.01223373413086,52.74000549316406,42.25602340698242,35.01537322998047
2008-06-09,98.3121566772461,87.98999786376953,57.70493316650391,30.25261878967285,57.59672927856445,52.6939811706543,42.03194046020508,35.37326431274414
2008-06-10,97.82279205322266,85.55000305175781,57.282012939453125,30.2669734954834,57.25379943847656,52.39225769042969,41.8337287902832,35.231773376464844
2008-06-11,96.38359832763672,87.0199966430664,56.287376403808594,29.80815315246582,57.31315994262695,52.37174987792969,40.82536697387695,36.53017425537109
2008-06-12,96.75059509277344,85.5999984741211,56.40483093261719,30.11402130126953,56.81190872192383,51.92679214477539,40.868465423583984,36.521854400634766
2008-06-13,97.97393035888672,85.83000183105469,57.422977447509766,30.615846633911133,56.679969787597656,51.65569686889648,41.68722534179688,36.28880310058594
2008-06-16,98.03150939941406,87.01000213623047,57.78323745727539,31.02207946777344,56.68656539916992,51.83987045288086,42.05780792236328,36.25551986694336
2008-06-17,97.55657196044922,87.25,57.73626327514648,30.142696380615234,56.87783050537109,52.00866317749024,41.8337287902832,36.62173461914063
2008-06-18,96.60667419433594,88.27999877929688,57.274173736572266,29.698211669921875,57.18777847290039,52.269474029541016,41.38556671142578,37.12112045288086
2008-06-19,96.72901916503906,88.41999816894531,57.75192260742188,30.386445999145508,56.858036041259766,51.99843215942383,42.03194046020508,36.25551986694336
2008-06-20,95.158935546875,88.94999694824219,56.8355827331543,29.7030029296875,57.1218376159668,52.02909469604492,40.896968841552734,36.50521087646485
2008-06-23,95.06491088867188,87.08999633789062,56.30302429199219,28.96700668334961,57.09551239013672,52.00866317749024,40.577880859375,36.763221740722656
2008-06-24,94.87689971923828,87.47000122070312,55.37101364135742,28.98541259765625,57.39884948730469,51.97792434692383,40.370887756347656,36.77154922485352
2008-06-25,95.3252944946289,87.41999816894531,55.997589111328125,29.460020065307617,57.39228057861328,52.01889419555664,41.026344299316406,36.63005447387695
2008-06-26,92.73622131347656,90.61000061035156,54.55652618408203,28.476890563964844,57.71540832519531,52.05980682373047,39.37045669555664,37.84523010253906
2008-06-27,92.22996520996094,91.47000122070312,54.61137008666992,28.254114151000977,57.99906539916992,52.00866317749024,39.37045669555664,37.94511032104492
2008-06-30,92.55541229248048,91.4000015258789,54.07878875732422,28.29286003112793,58.0385971069336,51.86032485961914,38.95646667480469,37.27093124389648
2008-07-01,92.8447265625,92.66000366210938,54.1179313659668,28.26864242553711,57.88111877441406,51.836692810058594,39.50843811035156,37.92846298217773
2008-07-02,91.25365447998048,93.16999816894533,52.58267974853516,27.919952392578125,58.020111083984375,51.80075454711914,38.55976486206055,38.65257263183594
2008-07-03,91.34766387939452,92.05999755859376,52.29969787597656,27.634201049804688,58.03993988037109,51.73396301269531,38.490760803222656,38.63592529296875
2008-07-07,90.41473388671876,91.2300033569336,51.63935470581055,27.014305114746094,58.3112678527832,51.97538757324219,38.72362518310547,38.11156845092773
2008-07-08,92.020263671875,90.86000061035156,53.5102767944336,29.02899932861328,58.456764221191406,52.25783157348633,39.64643478393555,36.72993469238281
2008-07-09,90.24840545654295,91.5,52.07958221435547,27.0482177734375,58.73474884033203,52.29384994506836,38.5942611694336,36.70496368408203
2008-07-10,90.61724090576172,93.52999877929688,52.590553283691406,27.571252822875977,58.75460815429688,51.995941162109375,39.05134582519531,37.70374298095703
2008-07-11,89.56134796142578,95.16000366210938,52.88139343261719,27.43564796447754,58.20537567138672,51.595245361328125,38.43040084838867,38.22809600830078
2008-07-14,88.75138854980469,95.91000366210938,52.00883865356445,26.48157501220703,58.51637649536133,51.620941162109375,38.14579391479492,38.2447395324707
2008-07-15,87.50025939941406,96.16999816894533,51.78871154785156,26.224897384643555,58.728118896484375,51.61069869995117,38.15440368652344,37.029563903808594
2008-07-16,89.64813995361328,94.44000244140624,53.69109725952149,28.13787841796875,58.19216537475586,51.20492172241211,39.10311508178711,36.46359634399414
2008-07-17,90.544921875,94.22000122070312,53.76971054077149,28.476890563964844,57.91420364379883,51.03026580810547,39.36183547973633,35.60630798339844
2008-07-18,91.1090087890625,94.16999816894533,54.14701843261719,28.525333404541016,57.715667724609375,50.93785095214844,38.45626831054688,34.998722076416016
2008-07-21,91.1596450805664,95.12000274658205,54.80736923217773,28.738420486450195,57.8480224609375,50.99433898925781,38.62012481689453,35.42321014404297
2008-07-22,92.19384765625,93.05999755859376,56.18305206298828,29.50845718383789,57.64950180053711,51.32305145263672,38.62012481689453,34.64915466308594
2008-07-23,92.69283294677734,90.56999969482422,56.54467010498047,30.34144401550293,57.55688095092773,51.14328002929688,39.12897491455078,33.86677932739258
2008-07-24,90.76910400390624,91.33000183105467,55.113956451416016,28.331588745117188,58.05317306518555,51.595245361328125,38.542510986328125,33.89175033569336
2008-07-25,90.74739074707033,91.69000244140624,55.5620346069336,28.79653549194336,57.715667724609375,51.32305145263672,39.04269790649414,33.4672737121582
2008-07-28,89.4167251586914,91.7300033569336,54.61869812011719,28.32676315307617,58.04658889770508,51.620941162109375,38.30963897705078,33.633731842041016
2008-07-29,91.32598114013672,90.58999633789062,55.9550895690918,29.6440544128418,57.88111877441406,51.49251937866211,39.10311508178711,33.25086975097656
2008-07-30,92.95316314697266,89.5199966430664,56.29309844970703,29.54236221313477,57.99359130859375,51.73907852172852,39.30146408081055,33.90839767456055
2008-07-31,91.72374725341795,90.08000183105467,56.06513595581055,29.174293518066406,58.456764221191406,52.06270217895508,39.20660400390625,33.62540435791016
2008-08-01,91.23922729492188,89.56999969482422,56.13588333129883,29.198501586914062,58.48606491088867,51.87487030029297,38.706390380859375,33.25086975097656
2008-08-04,90.39305114746094,88.13999938964844,55.617069244384766,28.772327423095703,58.44618988037109,51.88004302978516,38.31828689575195,32.152217864990234
2008-08-05,92.83023834228516,86.08000183105469,56.568241119384766,30.06540298461914,58.14741897583008,51.65296936035156,39.6119384765625,31.927488327026367
2008-08-06,93.2424545288086,86.63999938964844,56.85123825073242,29.92011451721192,58.167327880859375,51.730350494384766,40.21565246582031,31.58624839782715
2008-08-07,91.85391235351562,86.08999633789062,56.00225830078125,29.13070106506348,58.71178817749024,52.15867614746094,39.905155181884766,31.761030197143555
2008-08-08,93.5606460571289,84.43000030517578,57.48014068603516,29.97823143005371,58.685203552246094,52.21028137207031,40.81073760986328,30.87045669555664
2008-08-11,94.52976989746094,81.12999725341797,58.85581207275391,30.94682884216309,58.399715423583984,51.972904205322266,41.18156814575195,30.83716011047364
2008-08-12,93.5461883544922,80.5199966430664,58.41560363769531,30.254262924194336,58.80474472045898,52.287689208984375,41.224708557128906,30.570819854736328
2008-08-13,92.98210144042967,81.55999755859375,58.62783432006836,29.81355857849121,58.6786003112793,52.01419448852539,41.13846206665039,31.594566345214844
2008-08-14,93.68358612060548,79.3499984741211,59.19385528564453,30.29302024841309,58.857872009277344,52.163841247558594,41.61281204223633,31.31990432739257
2008-08-15,94.13922119140624,77.62999725341797,59.036617279052734,30.24942970275879,59.07698822021485,52.28250503540039,41.5351791381836,30.895427703857425
2008-08-18,92.8519287109375,78.80000305175781,58.27409362792969,29.832931518554688,59.22308349609375,52.30314254760742,41.05221176147461,31.070213317871094
2008-08-19,91.83943176269533,80.43000030517578,57.30717849731445,29.0967960357666,59.13679885864258,52.220611572265625,40.54338073730469,31.55295181274414
2008-08-20,92.2661361694336,80.05999755859375,57.38580322265625,29.14038276672364,59.30942535400391,52.225711822509766,40.61238479614258,31.802642822265625
2008-08-21,92.42526245117188,82.30000305175781,56.72548294067383,28.622188568115234,59.18324661254883,51.9161491394043,40.42266082763672,33.16762924194336
2008-08-22,93.7631607055664,81.08000183105469,57.92035675048828,29.59563064575196,59.0106086730957,51.93678283691406,40.95734405517578,32.04401397705078
2008-08-25,91.86114501953124,80.93000030517578,56.6468505859375,28.69966506958008,59.40242385864258,52.27216339111328,40.09491729736328,31.86090469360352
2008-08-26,92.12873840332033,81.2300033569336,56.73333740234375,29.03867530822754,59.42226409912109,52.33415222167969,40.043155670166016,31.877552032470703
2008-08-27,93.02548217773438,81.36000061035156,57.40938949584961,29.329259872436523,59.50862503051758,52.251556396484375,40.30189895629883,32.17719268798828
2008-08-28,94.15371704101562,82.18000030517578,58.57282257080078,30.075082778930664,59.42226409912109,52.241249084472656,40.62962341308594,31.54462623596192
2008-08-29,93.14119720458984,81.70999908447266,58.06971740722656,29.866838455200195,59.34920883178711,52.13801574707031,39.77580642700195,31.428102493286133
2008-09-02,92.56263732910156,79.19999694824219,58.05397415161133,30.060550689697266,59.67234420776367,52.34385681152344,39.28419876098633,30.6124324798584
2008-09-03,92.48309326171876,78.88999938964844,58.289833068847656,30.53517723083496,59.81894302368164,52.44747924804688,38.913368225097656,30.437652587890625
2008-09-04,89.69876098632812,78.38999938964844,56.45820236206055,29.677961349487305,60.11872482299805,52.46306228637695,37.65420913696289,30.00485038757324
2008-09-05,89.9808349609375,78.9800033569336,56.31669616699219,29.682796478271484,59.98550033569336,52.41121292114258,37.473087310791016,29.705217361450195
2008-09-08,91.83943176269533,78.86000061035156,56.97703552246094,30.966196060180664,59.99216079711914,52.49931716918945,37.404083251953125,29.63863182067871
2008-09-09,89.11296844482422,76.48999786376953,55.66421890258789,29.808717727661133,60.26530075073242,52.68074417114258,36.61064529418945,28.556629180908203
2008-09-10,89.4745864868164,74.22000122070312,56.18305206298828,29.86199951171875,60.11210250854492,52.66000747680664,36.91249465942383,28.59824180603028
2008-09-11,90.76910400390624,73.08000183105469,56.53679656982422,30.317228317260746,60.00547409057617,52.2505111694336,37.60245513916016,28.35687255859375
2008-09-12,91.18856048583984,75.55000305175781,56.79621887207031,30.220367431640625,59.705665588378906,51.85136795043945,37.45582962036133,28.548303604125977
2008-09-15,86.8493881225586,77.55999755859375,54.24922561645508,28.476890563964844,60.8515510559082,51.46781539916992,36.291534423828125,27.424684524536133
2008-09-16,88.3030014038086,76.79000091552734,55.813594818115234,29.8813705444336,60.67830276489258,48.20215225219727,36.57615280151367,26.867033004760746
2008-09-17,84.33263397216797,85.45999908447266,53.29805755615234,28.162094116210938,61.22464370727539,45.993927001953125,34.678768157958984,27.674375534057617
2008-09-18,86.83489227294922,82.80000305175781,56.44245147705078,30.55454063415528,60.50512313842773,46.62114334106445,35.8516960144043,27.72431755065918
2008-09-19,90.2834243774414,85.9800033569336,58.9580307006836,31.465030670166016,59.42583847045898,48.07773208618164,37.02368927001953,28.63985824584961
2008-09-22,88.2394790649414,89.18000030517578,56.56038665771485,28.820751190185547,59.29929733276367,48.3628158569336,35.280372619628906,29.63030815124512
2008-09-23,86.23187255859375,88.31999969482422,55.80572128295898,29.01447296142578,59.29929733276367,47.86518859863281,35.012840270996094,29.338998794555664
2008-09-24,86.50833129882812,86.70999908447266,55.09672927856445,28.81429481506348,59.452518463134766,47.740821838378906,35.25448226928711,29.097631454467773
2008-09-25,87.86122131347656,86.44999694824219,55.38032150268555,29.172456741333008,59.27259063720703,47.9481201171875,35.815452575683594,29.6053409576416
2008-09-26,87.90485382080078,86.63999938964844,55.64030075073242,30.0751953125,59.23274612426758,46.652252197265625,35.45298385620117,29.255773544311523
2008-09-29,81.01651763916016,89.56999969482422,51.2445182800293,27.8281364440918,60.05874252319336,42.401702880859375,32.63951873779297,27.44133186340332
2008-09-30,84.36978912353516,85.06999969482422,53.56843185424805,29.82988166809082,59.26594924926758,46.54341506958008,33.580223083496094,28.207056045532227
2008-10-01,84.42071533203125,85.97000122070312,52.79643630981445,29.108673095703125,59.68379592895508,46.97298812866211,33.22636795043945,27.54952812194824
2008-10-02,81.35836791992188,82.33000183105469,50.08649826049805,27.22958946228028,60.018062591552734,46.29087066650391,31.71609687805176,26.02640151977539
2008-10-03,80.26005554199219,82.58999633789062,49.39326095581055,26.052078247070312,60.24527740478516,46.270015716552734,31.22416114807129,25.418811798095703
2008-10-06,76.17212677001953,84.27999877929688,47.04571533203125,25.271997451782227,60.73332595825195,45.73371887207031,30.08498191833496,24.336803436279297
2008-10-07,72.7606201171875,87.2699966430664,43.95763397216797,23.10343742370605,60.68655014038086,46.5876579284668,28.177698135375977,24.636438369750977
2008-10-08,70.92765045166016,89.41999816894531,42.90202713012695,22.78453254699707,59.91106033325195,46.25439834594727,27.95330619812012,24.99433326721192
2008-10-09,65.97412109375,89.9000015258789,39.38068771362305,20.97904396057129,59.30940628051758,45.02033233642578,27.202482223510746,23.8290958404541
2008-10-10,64.37384796142578,83.22000122070312,41.31859970092773,22.98568344116211,58.61421203613281,42.5417366027832,27.029878616333008,22.77206039428711
2008-10-13,73.72077941894531,81.98999786376953,44.88722229003906,24.44775390625,58.213077545166016,44.88496780395508,30.317983627319336,24.03717041015625
2008-10-14,72.62973022460938,82.19999694824219,43.62678146362305,22.78453254699707,57.93901062011719,44.18196487426758,29.006208419799805,23.59604835510254
2008-10-15,65.47948455810547,83.30999755859375,39.711551666259766,19.860424041748047,58.41366195678711,44.18196487426758,26.40849494934082,22.52236557006836
2008-10-16,68.2071762084961,79.29000091552734,42.31117630004883,21.01338768005371,58.42699813842773,44.64543151855469,27.84111785888672,22.097885131835938
2008-10-17,67.79985809326172,77.20999908447266,41.12165832519531,20.78770637512207,58.79467010498047,44.26531219482422,27.875635147094727,22.347579956054688
2008-10-20,71.87324523925781,78.5,43.08320617675781,20.93978500366211,58.854862213134766,45.61394119262695,28.652347564697266,22.797027587890625
2008-10-21,69.72745513916016,76.02999877929688,41.893672943115234,20.22348403930664,59.47650146484375,46.06692886352539,27.16795921325684,21.98136138916016
2008-10-22,65.93048095703125,71.70999908447266,39.77456665039063,18.795772552490234,59.93120574951172,45.53583526611328,26.417123794555664,20.94097137451172
2008-10-23,66.69424438476562,70.6500015258789,38.592918395996094,18.30514907836914,60.011348724365234,45.82223892211914,26.31355857849121,21.02420234680176
2008-10-24,63.31188583374024,72.20999908447266,37.1591796875,17.265029907226562,59.75732421875,46.00446701049805,25.46780586242676,20.183568954467773
2008-10-27,61.06422805786133,72.18000030517578,35.33942413330078,16.283782958984375,59.72391128540039,45.70762634277344,24.760122299194336,20.033754348754883
2008-10-28,68.19991302490234,73.79000091552734,38.16753005981445,18.830116271972656,59.24259567260742,45.4056396484375,27.495908737182617,20.58307456970215
2008-10-29,67.7052993774414,74.0,38.36447143554688,18.1628646850586,59.32947540283203,46.17109680175781,27.426862716674805,21.798254013061523
2008-10-30,70.0475082397461,72.70999908447266,40.51508331298828,19.13430404663086,58.87492752075195,45.8274040222168,28.341670989990234,20.89935874938965
2008-10-31,70.43301391601562,71.33999633789062,42.342716217041016,20.36575698852539,58.75455093383789,45.6400032043457,28.38481712341309,21.13240623474121
2008-11-03,70.63668060302734,71.0999984741211,42.39786529541016,19.698522567749023,58.84852600097656,46.01414108276367,28.32441520690918,20.89935874938965
2008-11-04,73.03705596923828,75.4800033569336,42.88627243041992,20.80241584777832,59.5529899597168,46.32809066772461,29.12701797485352,21.848194122314453
2008-11-05,69.96748352050781,72.80000305175781,40.641109466552734,18.75651931762696,59.86833572387695,47.22819519042969,27.60810089111328,21.28221893310547
2008-11-06,66.09050750732422,72.22000122070312,39.06558990478516,17.87830352783203,59.68717575073242,47.55262756347656,26.37398147583008,20.35003471374512
2008-11-07,68.27265930175781,72.5,39.87696838378906,19.011642456054688,59.47245407104492,47.21775436401367,26.91767883300781,20.374998092651367
2008-11-10,67.37798309326172,73.58000183105469,38.95528793334961,17.309185028076172,59.53288269042969,47.23866271972656,26.555213928222656,20.508169174194336
2008-11-11,65.29763793945312,72.05000305175781,38.11237716674805,17.06877899169922,59.75426483154297,47.39042663574219,25.976980209350582,20.11698341369629
2008-11-12,62.42446899414063,70.0,35.89087677001953,15.847123146057127,60.12328720092773,47.37997055053711,24.77737808227539,19.526042938232425
2008-11-13,66.31600952148438,72.1500015258789,38.845008850097656,17.58884048461914,59.68717575073242,47.05548858642578,26.287673950195312,19.892257690429688
2008-11-14,63.00638198852539,73.30000305175781,35.95389175415039,15.606719017028809,60.27762222290039,47.0450325012207,25.010406494140625,19.767412185668945
2008-11-17,62.16985321044922,72.6500015258789,35.64665603637695,15.042502403259276,60.53258514404297,47.38515472412109,24.48395729064941,19.31796264648437
2008-11-18,63.34095764160156,72.51000213623047,35.47335433959961,14.900224685668944,61.002254486083984,47.44274139404297,24.45807266235352,19.026655197143555
2008-11-19,59.28211975097656,72.26000213623047,32.58222579956055,12.898480415344238,61.65976333618164,47.516021728515625,23.180797576904297,18.810253143310547
2008-11-20,54.88143157958984,73.44999694824219,30.35282325744629,11.877981185913086,62.90099334716797,46.997928619384766,22.05886459350586,17.85309600830078
2008-11-21,57.84189987182617,78.8499984741211,32.0150260925293,12.751294136047363,62.32400131225586,47.542179107666016,23.016817092895508,18.16104888916016
2008-11-24,61.849830627441406,80.91000366210938,34.26805877685547,14.919845581054688,61.740264892578125,47.33282852172852,24.423545837402344,19.40951538085937
2008-11-25,62.30807113647461,80.87000274658203,34.83524703979492,15.155349731445312,62.8004150390625,47.557865142822266,24.311351776123047,18.760313034057617
2008-11-26,64.71572875976562,80.37999725341797,36.9228515625,15.974685668945312,63.182804107666016,47.30670928955078,25.329721450805664,19.35957908630371
2008-11-28,65.5304183959961,80.30999755859375,37.29308319091797,15.739190101623535,63.310245513916016,47.17061233520508,25.13121795654297,18.518943786621094
2008-12-01,59.72585678100586,75.6500015258789,33.10214614868164,12.667882919311523,64.16726684570312,47.90799331665039,23.241209030151367,17.94464874267578
2008-12-02,62.02441787719727,76.94999694824219,34.8431282043457,14.350726127624512,64.5038070678711,48.27091598510742,24.01793098449707,17.952970504760742
2008-12-03,63.51554870605469,76.18000030517578,35.89873123168945,15.155349731445312,64.60475158691406,48.60750198364258,24.69970321655273,17.744892120361328
2008-12-04,62.04622650146485,75.5,34.70922088623047,14.738317489624023,65.00869750976562,48.65484237670898,24.00066375732422,16.812702178955078
2008-12-05,63.95924377441406,74.5199966430664,36.316253662109375,16.298500061035156,64.32206726074219,48.323516845703125,24.97588348388672,16.39655113220215
2008-12-08,66.19235229492188,76.19999694824219,37.92332458496094,17.81943130493164,64.07974243164062,48.8231201171875,25.959732055664062,17.153953552246094
2008-12-09,65.10125732421875,76.33000183105469,36.74952697753906,16.273967742919922,64.625,49.15451049804688,25.899316787719727,16.77941131591797
2008-12-10,65.54496002197266,79.75,37.61606979370117,17.672245025634766,64.56440734863281,49.27017593383789,25.81300926208496,17.287124633789062
2008-12-11,63.96653366088867,80.6500015258789,35.70968246459961,15.150439262390137,64.95480346679688,49.43848419189453,25.1053409576416,17.836450576782227
2008-12-12,64.73027801513672,80.80999755859375,36.9385986328125,16.735157012939453,65.1365966796875,49.70674133300781,25.61451911926269,18.22763442993164
2008-12-15,63.82832717895508,82.5999984741211,35.749053955078125,16.151304244995117,65.27799224853516,49.69091796875,25.165740966796875,17.711915969848633
2008-12-16,66.83244323730469,84.45999908447266,38.072975158691406,18.12851905822754,66.31466674804688,50.71128082275391,26.37398147583008,17.965547561645508
2008-12-17,66.1850357055664,85.43000030517578,38.41959762573242,18.462146759033203,66.76568603515625,51.463340759277344,26.05465507507324,17.720373153686523
2008-12-18,64.9485092163086,83.87000274658203,38.175411224365234,16.926498413085938,67.21674346923828,52.70985412597656,25.59725952148437,17.449832916259766
2008-12-19,64.66909790039062,82.62999725341797,38.36447143554688,18.11380195617676,66.99457550048828,51.92618179321289,25.807279586791992,17.331470489501953
2008-12-22,63.84049224853516,83.45999908447266,37.62396240234375,17.431840896606445,66.81952667236328,52.55208206176758,25.24549674987793,16.84111785888672
2008-12-23,63.1805305480957,82.62999725341797,37.077056884765625,17.33370590209961,66.7858657836914,52.72563552856445,25.115867614746094,16.90875244140625
2008-12-24,63.54718017578125,83.45999908447266,37.21200180053711,17.537818908691406,66.71855163574219,52.85707473754883,25.18500328063965,16.646665573120117
2008-12-26,63.91384506225586,85.5999984741211,37.74380874633789,17.789791107177734,67.07536315917969,52.95704650878906,25.17635536193848,16.90875244140625
2008-12-29,63.73049545288086,86.3499984741211,37.16437530517578,16.766756057739258,67.22334289550781,53.12179946899414,24.968935012817383,17.09474754333496
2008-12-30,65.24108123779297,85.9000015258789,38.19627380371094,17.437023162841797,67.31791687011719,53.58658599853516,25.487489700317383,17.19620132446289
2008-12-31,66.17234802246094,86.5199966430664,39.08527755737305,18.369354248046875,66.57467651367188,53.68693542480469,25.70356750488281,17.914823532104492
2009-01-02,68.16691589355469,86.2300033569336,39.863189697265625,17.78476333618164,65.62194061279297,53.13766860961914,26.8184757232666,18.54044914245605
2009-01-05,68.08623504638672,84.4800033569336,40.00607681274414,17.457181930541992,65.50712585449219,53.50211334228516,26.8098373413086,18.73489761352539
2009-01-06,68.54093933105469,85.12999725341797,40.680789947509766,18.32902908325196,65.46651458740234,53.59186935424805,27.0777645111084,19.225250244140625
2009-01-07,66.48768615722656,82.75,39.4821891784668,17.71419906616211,65.48007202148438,53.14293670654297,26.308563232421875,18.244543075561523
2009-01-08,66.75899505615234,84.45999908447266,39.67267608642578,17.583175659179688,65.65574645996094,53.52323913574219,26.58512687683105,18.312175750732425
2009-01-09,65.3290786743164,83.91999816894531,38.20418930053711,16.681079864501953,65.95978546142578,54.18870544433594,25.98877143859864,18.100818634033203
2009-01-12,63.75983047485352,80.76000213623047,37.06911849975586,15.70339298248291,66.37195587158203,53.908782958984375,25.51341819763184,17.280746459960938
2009-01-13,63.87715148925781,80.87999725341797,37.56126022338867,16.177125930786133,66.41925048828125,53.79259490966797,25.52206993103028,17.568193435668945
2009-01-14,61.867897033691406,79.79000091552734,35.91022109985352,15.330473899841309,66.79085540771484,53.5549201965332,24.74421501159668,17.32301902770996
2009-01-15,61.88992691040039,80.38999938964844,36.48967742919922,15.834427833557127,66.73688507080078,53.6605110168457,25.15042495727539,17.306108474731445
2009-01-16,62.37392044067383,82.70999908447266,36.89448547363281,16.434144973754883,66.12196350097656,53.6605110168457,25.4269962310791,17.38219451904297
2009-01-20,59.08143615722656,84.5199966430664,34.39409637451172,14.594684600830078,66.0206298828125,52.8682975769043,24.16515350341797,16.84111785888672
2009-01-21,61.633296966552734,84.1500015258789,36.1086540222168,16.121686935424805,65.43280792236328,52.60420608520508,25.19364356994629,16.90875244140625
2009-01-22,60.67999267578125,84.58000183105469,35.06087875366211,15.23976230621338,65.00037384033203,52.40880584716797,24.85657501220703,16.688936233520508
2009-01-23,60.94400024414063,88.52999877929688,35.235496520996094,15.70339298248291,65.01384735107422,52.06021499633789,24.977569580078125,17.46674156188965
2009-01-26,61.36199951171875,88.94999694824219,35.63240051269531,15.612689971923828,64.85173797607422,51.59545135498047,25.159067153930664,17.500560760498047
2009-01-27,61.98526763916016,88.37999725341797,36.021331787109375,15.834427833557127,65.27735137939453,52.5672607421875,25.340560913085938,17.02711296081543
2009-01-28,64.08247375488281,87.41999816894531,37.50568771362305,17.205196380615234,64.85843658447266,52.98451614379883,26.230770111083984,17.432924270629883
2009-01-29,61.99995422363281,89.5,36.037200927734375,15.799156188964844,64.0138931274414,52.35068130493164,25.56528663635254,17.22156524658203
2009-01-30,60.73867416381836,91.30999755859376,35.30692672729492,15.1490478515625,63.98684310913086,52.72040557861328,25.115867614746094,17.1201114654541
2009-02-02,60.55533218383789,88.83999633789062,35.59270095825195,15.516940116882324,64.50586700439453,52.46620941162109,25.41835021972656,16.79039192199707
2009-02-03,61.40595245361328,88.47000122070312,35.846702575683594,15.360712051391602,63.95022964477539,52.29106140136719,25.815921783447266,16.59593963623047
2009-02-04,61.10530853271485,89.18000030517578,35.58476257324219,14.98777961730957,63.62499237060547,52.312278747558594,25.850486755371094,16.688936233520508
2009-02-05,62.014610290527344,90.12000274658205,35.99750900268555,14.670281410217283,63.7740478515625,51.85579681396485,26.420902252197266,17.060928344726562
2009-02-06,63.7818489074707,89.58999633789062,37.2755012512207,15.688284873962402,63.38777923583984,52.16371154785156,27.112340927124023,17.187746047973633
2009-02-09,63.86983871459961,88.31999969482422,37.108795166015625,15.9201078414917,63.25912857055664,52.25921249389648,27.22469139099121,17.09474754333496
2009-02-10,60.94400024414063,90.20999908447266,35.394248962402344,14.503975868225098,64.1060791015625,52.51394271850586,26.222131729125977,16.87493324279785
2009-02-11,61.303321838378906,92.29000091552734,35.52920150756836,14.78115463256836,64.60069274902344,52.694435119628906,26.10113525390625,16.773481369018555
2009-02-12,61.347312927246094,93.16999816894533,35.83081817626953,14.52917766571045,64.58041381835938,52.73687744140625,26.420902252197266,16.798845291137695
2009-02-13,60.68732070922852,92.5500030517578,35.4577522277832,13.637167930603027,64.07219696044922,52.333534240722656,26.29991149902344,16.494487762451172
2009-02-17,58.09148025512695,95.4499969482422,34.05278015136719,12.669557571411133,65.14958190917969,52.62012481689453,25.25414085388184,15.572959899902344
2009-02-18,57.95214080810547,96.91000366210938,33.56858444213867,12.850985527038574,64.67526245117188,52.36003875732422,25.27142143249512,15.479961395263672
2009-02-19,57.32885360717773,95.7699966430664,33.10026550292969,12.296625137329102,64.31612396240234,51.93009948730469,24.88249588012696,15.860406875610352
2009-02-20,56.77154159545898,97.8000030517578,32.655738830566406,13.072731971740724,64.49909210205078,51.7125129699707,24.951642990112305,15.682867050170898
2009-02-23,54.740325927734375,97.7300033569336,31.401588439941406,12.090004920959473,64.56002044677734,51.537391662597656,24.078725814819336,15.530689239501951
2009-02-24,56.8155403137207,94.7300033569336,32.56049728393555,13.113045692443848,64.31612396240234,51.35160827636719,24.87385368347168,15.82659149169922
2009-02-25,56.36824798583984,93.1500015258789,31.885780334472656,12.86106014251709,63.73340606689453,50.65096282958984,24.70965003967285,16.012588500976562
2009-02-26,55.45162582397461,93.05999755859376,31.290456771850582,12.200873374938965,63.57079315185547,50.32719802856445,24.01822662353516,16.35076332092285
2009-02-27,54.21236038208008,92.62999725341795,31.076135635375977,12.039609909057615,63.51655197143555,49.97689437866211,23.793516159057617,16.156314849853516
2009-03-02,51.77049255371094,90.93000030517578,29.321901321411133,11.288707733154297,64.1537857055664,49.98333740234375,23.02430725097656,15.344691276550291
2009-03-03,51.38182830810547,90.04000091552734,28.76625633239746,11.334066390991213,64.07230377197266,49.71122741699219,23.00701713562012,15.446147918701172
2009-03-04,52.59908676147461,88.98999786376953,29.36160659790039,11.515498161315918,63.74624252319336,49.69522476196289,23.620649337768555,15.987225532531738
2009-03-05,50.4505615234375,91.98999786376952,27.79786872863769,10.80490779876709,64.49354553222656,49.56184005737305,22.911958694458008,15.85195541381836
2009-03-06,50.53855514526367,92.29000091552734,27.94074440002441,10.65876007080078,64.18783569335938,49.66851043701172,22.73046493530273,16.232402801513672
2009-03-09,49.94459533691406,90.56999969482422,27.297780990600582,10.895621299743652,64.2149887084961,48.302825927734375,22.246461868286133,16.139402389526367
2009-03-10,52.92176818847656,88.13999938964844,29.07584571838379,12.412541389465332,63.74624252319336,49.00164413452149,23.620649337768555,16.097131729125977
2009-03-11,53.26640701293945,89.22000122070312,29.11553192138672,12.210956573486328,64.2013931274414,49.01767349243164,23.983667373657227,15.589868545532228
2009-03-12,55.36362457275391,91.0999984741211,30.92531394958496,13.208800315856934,64.38484954833984,48.97498321533203,24.778783798217773,16.316946029663086
2009-03-13,55.79629135131836,91.3000030517578,31.25076103210449,12.926578521728516,64.33728790283203,49.4284553527832,24.83928298950196,16.173219680786133
2009-03-16,55.62761306762695,90.8000030517578,30.687198638916016,11.908577919006348,63.97041320800781,49.497833251953125,24.42444229125977,16.528303146362305
2009-03-17,57.32885360717773,90.04000091552734,32.10804748535156,12.8106689453125,63.8481674194336,49.36445999145508,25.34920883178711,16.88338851928711
2009-03-18,58.612117767333984,93.08999633789062,33.219329833984375,13.511171340942385,66.03573608398438,50.415435791015625,25.66899681091309,17.09474754333496
2009-03-19,57.886173248291016,94.3499984741211,32.87006378173828,12.684679985046388,65.81156921386719,50.52213668823242,25.65170669555664,17.449832916259766
2009-03-20,56.65351486206055,93.58999633789062,31.73496627807617,11.59108829498291,65.81156921386719,50.009952545166016,25.26127243041992,17.686553955078125
2009-03-23,60.72287368774414,92.08000183105467,34.43379211425781,13.46582317352295,65.58733367919922,50.164676666259766,26.75028419494629,18.05854797363281
2009-03-24,59.52644729614258,90.9499969482422,33.096717834472656,12.42765998840332,65.4922103881836,49.66851043701172,26.2568359375,17.762645721435547
2009-03-25,60.15424346923828,91.9800033569336,34.0284538269043,12.63219928741455,65.09818267822266,49.4284553527832,26.378034591674805,17.492101669311523
2009-03-26,61.38018035888672,91.93000030517578,35.34243392944336,12.914854049682615,65.2680435180664,49.68453979492188,27.191795349121094,17.796463012695312
2009-03-27,60.27239227294922,90.69000244140624,34.155860900878906,12.339271545410156,65.22725677490234,49.83925628662109,26.681026458740234,17.46674156188965
2009-03-30,58.189697265625,89.9800033569336,33.17633056640625,11.66602897644043,65.50580596923828,49.80189895629883,26.02309799194336,16.83266258239746
2009-03-31,58.72882080078125,90.27999877929688,33.486915588378906,12.478020668029783,65.62128448486328,50.21271514892578,26.24817657470703,16.90875244140625
2009-04-01,59.866172790527344,91.02999877929688,34.068267822265625,12.411215782165527,65.78207397460938,50.137054443359375,26.637741088867188,16.866477966308594
2009-04-02,61.61652755737305,88.80000305175781,35.77247619628906,13.310572624206545,65.35284423828125,50.153133392333984,27.49478912353516,17.517467498779297
2009-04-03,62.22951126098633,87.58999633789062,36.33788299560547,14.456625938415527,64.60343170166016,49.84198760986328,28.00556373596192,17.788007736206055
2009-04-06,61.742069244384766,85.2699966430664,35.71672821044922,14.292163848876951,64.45352172851562,49.81521224975586,27.9363021850586,17.568193435668945
2009-04-07,60.30192947387695,86.73999786376953,34.45051956176758,13.22321605682373,64.61698150634766,49.79372024536133,27.20044708251953,17.25537872314453
2009-04-08,60.95182037353516,86.61000061035156,35.08761215209961,13.418497085571287,64.93724822998047,50.29262924194336,27.65928268432617,17.38219451904297
2009-04-09,63.37424850463867,86.30999755859375,37.142215728759766,15.217225074768066,64.55573272705078,50.630615234375,28.516321182250977,17.635828018188477
2009-04-13,63.38901519775391,87.87999725341797,37.158145904541016,15.263486862182615,64.93724822998047,51.11876678466797,28.47303581237793,17.711915969848633
2009-04-14,62.29599380493164,87.37000274658203,36.08305358886719,13.968398094177246,65.27110290527344,51.252906799316406,28.12674903869629,17.39065170288086
2009-04-15,62.96067428588867,87.5,36.63255310058594,15.181256294250488,65.33242797851562,51.649898529052734,28.04884529113769,17.280746459960938
2009-04-16,63.88384628295898,85.80999755859375,37.69169616699219,15.690035820007324,65.07350158691406,51.86980819702149,28.776037216186523,17.204654693603516
2009-04-17,64.31218719482422,85.22000122070312,38.02616500854492,15.972696304321287,64.54889678955078,51.80543518066406,28.836647033691406,17.077838897705078
2009-04-20,61.61652755737305,86.94999694824219,36.07509613037109,14.328144073486328,64.99859619140625,51.52114868164063,27.91032791137696,16.4353084564209
2009-04-21,62.82034683227539,86.88999938964844,37.32537460327149,15.59753131866455,64.74650573730469,51.68206405639648,28.29990768432617,16.494487762451172
2009-04-22,62.43632125854492,87.37999725341797,37.317420959472656,15.05277156829834,64.58977508544922,51.553340911865234,28.386463165283203,16.519853591918945
2009-04-23,63.04928207397461,88.80000305175781,37.22980880737305,15.731148719787598,64.57610321044922,51.51041030883789,28.663488388061523,16.739662170410156
2009-04-24,64.00198364257812,89.72000122070312,37.922630310058594,16.476343154907227,64.32408142089844,51.62302017211914,29.16560745239257,16.993297576904297
2009-04-27,63.39643478393555,89.01000213623047,37.51649475097656,15.48960304260254,64.58977508544922,51.55867385864258,29.20021629333496,16.57057762145996
2009-04-28,63.19700241088867,87.75,37.57223129272461,15.695168495178224,64.27635955810547,51.392364501953125,28.983806610107425,16.452211380004883
2009-04-29,64.54114532470703,88.33000183105469,38.99773025512695,16.378686904907227,63.92890930175781,51.63911819458008,29.382036209106445,16.83266258239746
2009-04-30,64.56330871582031,87.2699966430664,38.63937759399414,16.30674171447754,63.819862365722656,51.60697937011719,29.67636108398437,16.891841888427734
2009-05-01,64.91040802001953,86.94999694824219,38.8782844543457,15.772261619567873,63.61482620239258,51.73524856567383,29.75427627563477,17.399105072021484
2009-05-04,67.11865234375,88.63999938964844,40.29580307006836,17.072490692138672,63.67638397216797,51.8592414855957,30.342952728271484,17.737281799316406
2009-05-05,66.88969421386719,88.25,40.096710205078125,16.435226440429688,63.66266250610352,52.02635955810547,30.31699180603028,17.483652114868164
2009-05-06,68.04923248291016,89.54000091552734,40.208194732666016,17.062206268310547,63.69001770019531,52.2581787109375,30.325647354125977,17.948640823364258
2009-05-07,67.1038818359375,89.44000244140625,39.260520935058594,16.085758209228516,63.15697860717773,51.756832122802734,29.61577033996582,17.982458114624023
2009-05-08,68.66960144042969,89.9800033569336,40.62230682373047,17.15985107421875,63.23212814331055,52.08564758300781,29.633081436157227,18.430538177490234
2009-05-11,67.3845443725586,89.69000244140625,40.02503204345703,16.50716781616211,63.82674407958984,52.241981506347656,29.73696517944336,18.278358459472656
2009-05-12,67.1851577758789,90.6999969482422,39.45962142944336,16.460920333862305,63.785675048828125,52.38755798339844,29.37337875366211,18.46435737609864
2009-05-13,65.49386596679688,91.08999633789062,37.6518783569336,15.381684303283691,64.07952117919922,52.29047775268555,28.585580825805664,18.25300025939941
2009-05-14,66.05516052246094,91.02999877929688,38.177467346191406,15.746570587158203,64.08638000488281,52.40908432006836,28.905893325805664,18.371356964111328
2009-05-15,65.5160140991211,91.5500030517578,38.034141540527344,15.217225074768066,63.929161071777344,52.39826202392578,28.888572692871094,17.906368255615234
2009-05-18,67.37715148925781,90.36000061035156,39.30830764770508,16.440359115600586,63.55335998535156,52.32283401489258,29.64175033569336,18.37981605529785
2009-05-19,67.2959213256836,90.95999908447266,39.32424545288086,16.126873016357422,63.46450805664063,52.5330810546875,29.78026390075684,18.37981605529785
2009-05-20,66.84540557861328,92.25,38.95790481567383,15.998387336730955,63.66266250610352,52.83498001098633,29.67636108398437,18.67571830749512
2009-05-21,65.88529968261719,93.8499984741211,38.456199645996094,16.04464340209961,62.96562194824219,52.2958984375,29.1309757232666,18.52353858947754
2009-05-22,65.7449722290039,94.1500015258789,38.05802154541016,15.648921966552734,62.59663009643555,52.22582244873047,29.03574562072754,18.794078826904297
2009-05-26,67.4288558959961,93.76000213623048,39.87373352050781,16.57912254333496,62.179805755615234,52.20426177978516,30.11787986755371,18.836349487304688
2009-05-27,66.22502136230469,93.4499969482422,39.10126876831055,15.977832794189451,61.47591781616211,51.84305953979492,29.91011619567871,18.92089080810547
2009-05-28,67.14820098876953,94.23999786376952,39.149044036865234,16.198820114135742,61.797122955322266,52.037139892578125,30.256406784057617,19.26752471923828
2009-05-29,68.33726501464844,96.1999969482422,39.95336151123047,16.733293533325195,62.494136810302734,52.8026008605957,30.62864112854004,19.639514923095703
2009-06-01,69.99162292480469,95.7300033569336,41.51422882080078,17.591543197631836,61.4742431640625,52.785301208496094,31.50301170349121,20.18059539794922
2009-06-02,70.05067443847656,96.36000061035156,42.0318717956543,17.226667404174805,61.67985534667969,53.17535400390625,31.54629135131836,20.26513862609864
2009-06-03,69.16442108154297,94.41000366210938,41.75314712524414,17.195825576782227,62.05682373046875,53.446231842041016,31.451080322265625,19.588787078857425
2009-06-04,69.8143081665039,96.2300033569336,42.350399017333984,17.745718002319336,61.33714294433594,53.21327972412109,31.80600929260254,20.30741500854492
2009-06-05,69.82913208007812,93.70999908447266,42.36632537841797,17.699474334716797,60.72714614868164,52.93157577514648,31.84063720703125,20.1975040435791
2009-06-08,69.54108428955078,93.55999755859376,41.864627838134766,17.37570571899414,60.41875457763672,52.82321166992188,31.74537849426269,20.146778106689453
2009-06-09,69.89556121826172,93.83000183105467,42.05575942993164,17.37570571899414,60.6792106628418,53.22411346435547,31.987802505493164,20.34122657775879
2009-06-10,69.71831512451172,93.86000061035156,41.888519287109375,17.072490692138672,60.31593704223633,53.0670051574707,31.875263214111328,20.26513862609864
2009-06-11,70.02850341796875,93.6999969482422,41.90444946289063,16.7230224609375,60.72714614868164,53.25120162963867,31.875263214111328,20.45113754272461
2009-06-12,70.22051239013672,92.16999816894533,42.0318717956543,17.329442977905273,61.04925537109375,53.64670181274414,31.72808074951172,20.163686752319336
2009-06-15,68.6104965209961,91.0999984741211,40.90101623535156,16.50716781616211,61.32345199584961,53.66292190551758,31.07882308959961,19.7747859954834
2009-06-16,67.67994689941406,91.93000030517578,40.2161750793457,16.203960418701172,61.66619873046875,53.63044738769531,30.775808334350582,19.69869613647461
2009-06-17,67.61347961425781,92.3499984741211,40.431190490722656,15.895601272583008,61.501686096191406,53.695457458496094,31.07015419006348,19.75787734985352
2009-06-18,68.10831451416016,91.61000061035156,40.61435317993164,16.00353240966797,60.75454711914063,53.0128173828125,31.009552001953125,19.783239364624023
2009-06-19,68.35936737060547,91.9000015258789,40.86122131347656,16.162843704223633,61.0356330871582,53.41375732421875,31.342409133911133,19.614154815673828
2009-06-22,66.30946350097656,90.54000091552734,39.41183853149414,15.3200101852417,61.36457061767578,53.60879898071289,30.406288146972656,18.954713821411133
2009-06-23,66.36145782470703,90.91999816894533,39.093292236328125,15.433075904846191,61.56334686279297,54.04223251342773,30.336938858032227,19.28443145751953
2009-06-24,66.93334197998047,91.4499969482422,39.51537322998047,15.76999568939209,61.33027648925781,53.95551300048828,30.848339080810547,19.27597618103028
2009-06-25,68.3890609741211,92.30999755859376,40.65415191650391,15.978936195373535,62.09798812866211,54.37809753417969,31.45507431030273,19.44506454467773
2009-06-26,68.21080017089844,92.29000091552734,40.79751586914063,16.11475372314453,62.180213928222656,54.40522003173828,31.52442169189453,19.28443145751953
2009-06-29,68.84955596923828,92.04000091552734,40.79751586914063,16.104307174682617,62.31048583984375,54.3455810546875,31.593753814697266,19.470430374145508
2009-06-30,68.29248809814453,91.18000030517578,40.67805480957031,16.19832992553711,62.14596176147461,54.32930755615234,31.5330867767334,19.123798370361328
2009-07-01,68.57472229003906,92.38999938964844,41.30717086791992,16.480405807495117,62.10610580444336,54.2558822631836,31.550437927246094,19.04770851135254
2009-07-02,66.70309448242188,91.25,39.88546752929688,15.608065605163574,62.312286376953125,54.26131820678711,30.85698890686035,18.62499046325684
2009-07-06,66.6956787109375,90.76000213623048,39.53387451171875,15.999838829040527,62.35347366333008,54.39194869995117,30.692323684692383,18.06700325012207
2009-07-07,65.40332794189453,90.70999908447266,38.67877960205078,15.378228187561035,62.60093307495117,54.17427062988281,29.92955207824707,17.77955436706543
2009-07-08,65.35877990722656,89.2699966430664,38.4150619506836,15.231966018676758,63.32267379760742,54.66944122314453,30.085582733154297,17.55974006652832
2009-07-09,65.48503875732422,89.51000213623047,38.255218505859375,14.944676399230955,62.951438903808594,54.691253662109375,30.137582778930664,17.669645309448242
2009-07-10,65.32904815673828,89.58000183105469,38.43902969360352,14.92378044128418,63.34325408935547,54.90890121459961,30.2675895690918,17.534374237060547
2009-07-13,66.91850280761719,90.19000244140624,39.36606216430664,15.487919807434082,63.1164665222168,54.87625503540039,30.848339080810547,17.62737464904785
2009-07-14,67.29727935791016,90.80999755859376,39.5977897644043,15.675971031188965,62.69723892211914,54.75655746459961,30.96101760864257,17.62737464904785
2009-07-15,69.26544189453125,92.23999786376952,41.12417984008789,16.25579071044922,61.88612365722656,54.250450134277344,32.00114822387695,18.092363357543945
2009-07-16,69.15403747558594,91.9800033569336,41.63560104370117,16.443836212158203,62.25730895996094,54.62593460083008,32.38251876831055,18.13463592529297
2009-07-17,69.91160583496094,91.93000030517578,41.47579956054688,16.005056381225586,61.83806610107422,54.45723724365234,32.55587387084961,18.405176162719727
2009-07-20,70.65432739257812,93.27999877929688,41.98725509643555,16.56920051574707,62.06483840942383,54.68038558959961,32.86790466308594,18.70953369140625
2009-07-21,70.98111724853516,93.12999725341795,41.915340423583984,16.522184371948242,62.75909805297852,55.45311737060547,33.093292236328125,18.64189720153809
2009-07-22,70.96627807617188,93.44000244140624,42.24299240112305,16.5430850982666,62.38790512084961,55.30615615844727,33.370643615722656,18.743350982666016
2009-07-23,72.53339385986328,93.26000213623048,43.57755661010742,17.201255798339844,61.78299331665039,55.213661193847656,34.107391357421875,19.132253646850582
2009-07-24,72.83045959472656,93.41000366210938,43.80132675170898,17.321393966674805,61.913665771484375,55.36603927612305,33.84735107421875,19.14916229248047
2009-07-27,73.04585266113281,93.70999908447266,44.02507400512695,17.572126388549805,61.62497329711914,55.24090576171875,34.107391357421875,19.225250244140625
2009-07-28,72.70418548583984,92.11000061035156,44.0490608215332,17.55646514892578,61.7486686706543,55.45311737060547,33.873374938964844,19.013891220092773
2009-07-29,72.52596282958984,91.1999969482422,43.825294494628906,17.337072372436523,61.78993606567383,55.80137634277344,34.09873580932617,18.52353858947754
2009-07-30,73.28355407714844,91.62000274658205,44.59246826171875,17.958681106567383,62.03734970092773,56.10615539550781,34.298095703125,19.09843635559082
2009-07-31,73.38749694824219,93.3499984741211,44.40866470336914,17.943004608154297,62.66278839111328,56.84624099731445,34.19405746459961,19.478879928588867
2009-08-03,74.59815216064453,93.87000274658205,45.18385314941406,18.26687240600586,61.9969482421875,56.31693649291992,34.70546340942383,20.02841758728028
2009-08-04,74.79122924804688,94.68000030517578,45.63937377929688,19.26457023620605,61.81769180297852,56.03263473510742,34.70546340942383,20.0368709564209
2009-08-05,74.57589721679688,94.77999877929688,45.18385314941406,20.00110244750977,61.46619415283203,56.04357147216797,34.436763763427734,20.24822998046875
2009-08-06,74.18964385986328,94.5999984741211,44.552520751953125,19.8496150970459,61.46619415283203,55.89046478271485,34.133392333984375,19.783239364624023
2009-08-07,75.1625747680664,93.75,45.62336349487305,20.957015991210938,61.0594482421875,55.87953567504883,34.5667610168457,19.690242767333984
2009-08-10,75.00666046142578,92.93000030517578,45.70327758789063,20.507787704467773,61.45241165161133,56.05449676513672,34.324073791503906,19.681787490844727
2009-08-11,74.0708236694336,92.79000091552734,44.96806716918945,19.91229820251465,61.87978363037109,56.34430313110352,34.02935028076172,19.38588523864746
2009-08-12,74.86551666259766,92.9499969482422,45.6473503112793,20.05855941772461,61.70741271972656,55.85221862792969,34.55810546875,19.48733711242676
2009-08-13,75.43740844726562,93.72000122070312,46.0229606628418,20.163028717041016,62.18992233276367,56.393497467041016,34.748809814453125,19.74942207336425
2009-08-14,74.85807037353516,93.0,45.07996368408203,19.99587059020996,62.38299560546875,56.3825569152832,34.350093841552734,19.19143486022949
2009-08-17,73.01615905761719,91.61000061035156,43.80931854248047,18.930269241333008,62.81034469604492,56.47550582885742,33.353302001953125,18.90398406982422
2009-08-18,73.595458984375,92.05999755859376,44.3926887512207,19.11831283569336,62.58972930908203,56.33336639404297,33.83002471923828,19.27597618103028
2009-08-19,74.24166107177734,92.52999877929688,44.93610382080078,18.966827392578125,62.82413482666016,56.51382446289063,34.064064025878906,19.411245346069336
2009-08-20,75.00666046142578,92.2699966430664,45.42359924316406,19.724245071411133,62.98955535888672,56.78170394897461,34.46277618408203,19.25061416625977
2009-08-21,76.47721099853516,93.6500015258789,46.47047424316406,20.24138832092285,62.3484992980957,56.5247688293457,34.92215347290039,19.39433860778809
2009-08-24,76.46977996826172,92.33999633789062,46.45448684692383,20.173473358154297,62.734500885009766,56.81452178955078,34.88747787475586,19.428157806396484
2009-08-25,76.61833953857422,92.76000213623048,46.65427017211914,20.398096084594727,62.899940490722656,56.9129638671875,34.99149703979492,19.14916229248047
2009-08-26,76.6257553100586,92.79000091552734,46.75815582275391,20.460777282714844,62.982696533203125,57.29020309448242,34.93083572387695,19.09843635559082
2009-08-27,76.79657745361328,93.19000244140624,46.68624114990234,20.65927124023437,62.81034469604492,57.027774810791016,35.01749420166016,19.259069442749023
2009-08-28,76.78170013427734,93.87000274658205,46.39053726196289,20.842098236083984,62.95511245727539,57.31206893920898,35.05218505859375,19.216796875
2009-08-31,76.09841918945312,93.4000015258789,45.71128845214844,20.51301383972168,63.141239166259766,57.5909423828125,34.696773529052734,18.69262313842773
2009-09-01,74.41986846923828,93.9000015258789,44.68837356567383,19.416065216064453,63.30504989624024,57.3020133972168,34.04670333862305,18.405176162719727
2009-09-02,74.13765716552734,96.19000244140624,44.464622497558594,19.0242862701416,63.65063095092773,57.47230529785156,34.020713806152344,18.447450637817383
2009-09-03,74.75409698486328,97.45999908447266,44.960079193115234,19.405611038208008,63.42255783081055,57.57121276855469,34.246070861816406,18.35445022583008
2009-09-04,75.80133819580078,97.52999877929688,45.59140396118164,19.63022232055664,63.0423583984375,57.60960006713867,34.982818603515625,18.278358459472656
2009-09-08,76.45491027832031,97.43000030517578,46.09486389160156,20.314516067504883,62.8972053527832,57.46126556396485,35.31220626831055,18.61653709411621
2009-09-09,77.04166412353516,97.08000183105467,46.88601303100586,20.71150779724121,62.95249176025391,57.444801330566406,35.61557388305664,18.69262313842773
2009-09-10,77.8289566040039,97.6999969482422,47.46942138671875,21.01970100402832,63.42255783081055,57.82381057739258,35.953617095947266,18.794078826904297
2009-09-11,77.81409454345703,98.77999877929688,47.48539352416992,20.983131408691406,63.60917663574219,58.345703125,35.98826599121094,18.548900604248047
2009-09-14,78.19287872314453,97.95999908447266,47.98884963989258,21.6047306060791,63.23591995239258,58.04911422729492,36.12696838378906,18.447450637817383
2009-09-15,78.51964569091797,98.9000015258789,48.38042449951172,21.949508666992188,63.10456848144531,58.01617050170898,36.23964309692383,18.87862014770508
2009-09-16,79.70799255371094,99.91000366210938,49.37937927246094,22.84272766113281,63.05620193481445,58.197383880615234,36.76836013793945,19.123798370361328
2009-09-17,79.58917236328125,99.33999633789062,49.27547454833984,22.743484497070312,63.36723709106445,58.48308944702149,36.75968933105469,19.132253646850582
2009-09-18,79.63990783691406,98.66999816894533,49.47526550292969,22.774816513061523,63.02851486206055,58.115020751953125,36.8213119506836,18.963165283203125
2009-09-21,79.43844604492188,98.36000061035156,49.33943176269531,22.41961097717285,62.98707962036133,58.252323150634766,36.93410110473633,18.548900604248047
2009-09-22,79.90107727050781,99.66999816894533,49.67985534667969,23.13002586364746,63.15292739868164,58.38970565795898,37.00349426269531,18.853260040283203
2009-09-23,79.23694610595703,98.83000183105467,49.20723342895508,22.294248580932617,63.29121017456055,58.41714096069336,36.82997894287109,18.430538177490234
2009-09-24,78.36381530761719,97.5500030517578,48.22198867797852,21.480302810668945,63.46402359008789,58.510536193847656,36.50029754638672,18.193817138671875
2009-09-25,77.94593048095703,97.0,47.925594329833984,21.548871994018555,63.71982192993164,58.735721588134766,36.17928695678711,18.050092697143555
2009-09-28,79.34142303466797,97.0500030517578,49.071075439453125,22.44037437438965,63.83043670654297,58.884090423583984,36.79526901245117,18.21072769165039
2009-09-29,79.10262298583984,97.43000030517578,48.85480499267578,22.076393127441406,63.80274200439453,58.65335464477539,36.63044357299805,18.143091201782227
2009-09-30,78.79666900634766,98.8499984741211,48.2540168762207,21.865386962890625,63.85113906860352,58.60392379760742,36.65645599365234,18.650352478027344
2009-10-01,76.84146118164062,97.88999938964844,46.81217193603516,20.884212493896484,64.33148193359375,58.00359344482422,35.57193756103516,18.531991958618164
2009-10-02,76.48328399658203,98.37000274658205,46.4597053527832,20.73650932312012,64.30372619628906,57.62836837768555,35.46783447265625,18.345996856689453
2009-10-05,77.6250228881836,99.81999969482422,47.29279327392578,21.306228637695312,64.29680633544922,57.93735885620117,35.7541389465332,18.937803268432617
2009-10-06,78.73695373535156,102.27999877929688,48.17391586303711,21.24819564819336,64.0888900756836,57.81598663330078,36.38751602172852,18.70953369140625
2009-10-07,78.953369140625,102.36000061035156,48.189937591552734,21.23236846923828,64.49784851074219,58.18570327758789,36.491607666015625,18.743350982666016
2009-10-08,79.55784606933594,103.63999938964844,48.6305046081543,21.638551712036133,64.26210021972656,57.86006164550781,36.647796630859375,19.115345001220703
2009-10-09,80.0428695678711,102.83999633789062,49.1992301940918,21.82318115234375,63.64527893066406,57.35249328613281,36.85602188110352,19.19143486022949
2009-10-12,80.35631561279297,103.55999755859376,49.20723342895508,21.791528701782227,63.83235931396485,57.55113983154297,36.93410110473633,19.580337524414062
2009-10-13,80.19215393066406,104.26000213623048,48.99897766113281,21.485567092895508,63.97793960571289,57.66144180297852,36.94276428222656,19.80014991760254
2009-10-14,81.57270050048828,104.18000030517578,49.93616485595703,22.27156448364257,63.541259765625,57.38559722900391,37.44599533081055,19.952327728271484
2009-10-15,81.8712158203125,102.86000061035156,49.90412902832031,22.0816650390625,63.3333854675293,57.37457275390625,37.35920333862305,20.15523338317871
2009-10-16,81.25928497314453,103.18000030517578,49.407501220703125,21.50139617919922,63.62442779541016,57.418724060058594,37.11629486083984,20.205957412719727
2009-10-19,81.93091583251953,104.2300033569336,49.8160285949707,21.965620040893555,63.721492767333984,57.7111701965332,37.489376068115234,20.49341011047364
2009-10-20,81.4980697631836,103.41999816894533,49.12714767456055,21.55942726135254,63.86703872680664,58.08078002929688,37.498043060302734,20.36659240722656
2009-10-21,80.76676177978516,103.75,48.46229553222656,21.28511428833008,63.721492767333984,57.83800506591797,37.42862319946289,20.79776763916016
2009-10-22,81.5876693725586,103.91999816894533,49.13515472412109,21.844282150268555,63.534366607666016,58.18013000488281,37.57611846923828,20.966854095458984
2009-10-23,80.65481567382812,103.48999786376952,48.10983276367188,21.585811614990234,63.22246170043945,57.86006164550781,37.41997528076172,20.89076042175293
2009-10-26,79.78170776367188,101.86000061035156,47.6772689819336,21.533052444458008,62.862064361572266,57.61731719970703,37.298484802246094,20.510316848754883
2009-10-27,79.41605377197266,101.8499984741211,47.092533111572266,21.22182273864746,63.40265274047852,58.11393737792969,36.73454284667969,20.36659240722656
2009-10-28,77.91606140136719,100.7300033569336,45.52249526977539,20.330322265625,63.59672546386719,57.72218322753906,35.910308837890625,19.842418670654297
2009-10-29,79.58769989013672,102.69000244140624,46.38759231567383,21.258739471435547,63.29179763793945,57.79389953613281,36.51764297485352,20.4595890045166
2009-10-30,77.28173828125,102.52999877929688,45.12198257446289,20.889482498168945,63.76317596435547,58.31256103515625,35.5372428894043,19.943872451782227
2009-11-02,77.84892272949219,103.9499969482422,45.03388595581055,20.884212493896484,63.59535217285156,58.2260856628418,35.68475341796875,20.290502548217773
2009-11-03,78.0951919555664,106.45999908447266,45.71475982666016,21.19016456604004,63.44855117797852,57.96003723144531,35.79753494262695,20.57795143127441
2009-11-04,78.29662322998047,107.0999984741211,45.05790328979492,20.73650932312012,63.27378845214844,58.18733596801758,35.858253479003906,20.56104278564453
2009-11-05,79.73692321777344,106.9800033569336,46.49174880981445,21.205995559692383,63.28781127929688,58.2260856628418,36.74323272705078,20.45113754272461
2009-11-06,79.94586181640625,107.43000030517578,46.52379608154297,20.85783576965332,63.476470947265625,58.38133239746094,36.96013259887695,20.087596893310547
2009-11-09,81.76675415039062,108.19000244140624,47.43697738647461,21.88648796081543,63.50446701049805,58.41458511352539,37.74965286254883,20.41731643676757
2009-11-10,81.78167724609375,108.38999938964844,47.140586853027344,21.722957611083984,63.55339813232422,58.37577819824219,37.84508895874024,20.31586647033692
2009-11-11,82.19955444335938,109.5999984741211,47.469017028808594,22.12914085388184,63.73512268066406,58.59194564819336,38.08802795410156,20.45113754272461
2009-11-12,81.36376190185547,108.20999908447266,46.59589385986328,21.902307510375977,63.75611114501953,58.59194564819336,37.87111282348633,20.146778106689453
2009-11-13,81.80404663085938,109.73999786376952,47.044471740722656,22.19771957397461,63.80501937866211,58.763771057128906,38.183441162109375,20.12986946105957
2009-11-16,82.99059295654297,111.62999725341795,48.28606033325195,22.735780715942383,64.14755249023438,59.04100036621094,38.57387161254883,20.71322059631348
2009-11-17,83.08761596679688,111.97000122070312,48.28606033325195,22.340133666992188,64.2873764038086,59.12961959838867,38.69534683227539,20.814674377441406
2009-11-18,83.03536987304688,112.25,48.189937591552734,22.7463321685791,64.12657928466797,58.935672760009766,38.47843551635742,20.831581115722656
2009-11-19,81.95332336425781,112.3000030517578,46.98839569091797,22.224090576171875,64.20352935791016,59.007694244384766,37.879791259765625,20.53567886352539
2009-11-20,81.66226196289062,112.94000244140624,46.93232345581055,22.065841674804688,64.1964340209961,58.73048400878906,37.68891525268555,20.510316848754883
2009-11-23,82.69954681396484,114.29000091552734,47.7493782043457,22.34541893005371,64.1055908203125,58.73048400878906,38.29624938964844,20.603315353393555
2009-11-24,82.82640075683594,114.7300033569336,47.53309631347656,22.013090133666992,64.4341049194336,58.95783996582031,38.16609573364258,20.36659240722656
2009-11-25,83.11744689941406,116.62000274658205,47.525089263916016,22.102758407592773,64.65080261230469,59.17401885986328,38.330936431884766,20.85694694519043
2009-11-27,81.76675415039062,115.05999755859376,46.12327575683594,21.45919609069824,64.94439697265625,59.15737915039063,37.74965286254883,20.62022590637207
2009-11-30,82.0428466796875,115.63999938964844,46.53180313110352,22.261016845703125,65.04926300048828,59.45115661621094,37.79304122924805,20.84848976135254
2009-12-01,83.05774688720703,117.37999725341795,47.25273513793945,22.588069915771484,64.6905517578125,59.15386962890625,38.183441162109375,21.00066947937012
2009-12-02,83.02043151855469,119.18000030517578,47.81345748901367,22.95734405517578,64.55750274658203,59.1650505065918,38.23549270629883,20.85694694519043
2009-12-03,82.3711929321289,118.6999969482422,47.22869491577149,22.698848724365234,64.2562026977539,59.14831161499024,38.0793342590332,20.840038299560547
2009-12-04,82.84131622314453,113.75,48.39820861816406,23.36878776550293,63.77981948852539,58.90336990356445,38.27888107299805,20.67095184326172
2009-12-07,82.7144775390625,113.11000061035156,48.47029876708984,22.87820816040039,63.9549446105957,58.87555313110352,38.0966911315918,20.484952926635746
2009-12-08,81.79660034179688,110.9499969482422,48.09381866455078,22.7463321685791,64.17916107177734,59.12599182128906,37.862430572509766,20.282045364379883
2009-12-09,82.10257720947266,110.83999633789062,47.94162368774414,22.698848724365234,64.05303955078125,58.78647613525391,38.24419021606445,20.02841758728028
2009-12-10,82.56524658203125,110.81999969482422,47.7493782043457,22.609180450439453,63.83588790893555,58.83658599853516,38.43506622314453,19.91851043701172
2009-12-11,82.91596984863281,109.31999969482422,48.19794464111328,22.97316169738769,63.52064895629883,58.55824279785156,38.28755187988281,20.01996421813965
2009-12-14,83.48311614990234,110.23999786376952,48.9268913269043,23.389890670776367,63.52064895629883,58.8811149597168,38.6519775390625,20.12986946105957
2009-12-15,83.09503936767578,110.20999908447266,48.79070281982422,23.157787322998047,63.31744384765625,58.4580078125,38.43506622314453,20.0368709564209
2009-12-16,83.2219009399414,111.58999633789062,49.10310363769531,23.326595306396484,63.31744384765625,58.68072509765625,38.48711013793945,20.383501052856445
2009-12-17,82.22195434570312,107.33999633789062,48.55839538574219,23.18416976928711,63.87789916992188,58.93123626708984,38.01860427856445,20.070690155029297
2009-12-18,82.6871337890625,108.9499969482422,49.00698852539063,23.337133407592773,63.56267547607422,58.83658599853516,38.63824462890625,20.15523338317871
2009-12-21,83.52745056152344,106.9499969482422,49.65582656860352,23.65365982055664,62.9111328125,58.55265045166016,39.07275772094727,19.960783004760746
2009-12-22,83.82752990722656,106.16999816894533,50.12041091918945,23.90157699584961,62.63092803955078,58.30769348144531,39.307411193847656,20.10450553894043
2009-12-23,83.9925765991211,106.5500030517578,50.76626205444336,24.18644142150879,62.60291290283203,58.49142837524414,39.59420776367188,20.4595890045166
2009-12-24,84.39022064208984,108.36000061035156,50.959285736083984,24.53587532043457,62.37868118286133,58.21862411499024,39.95921325683594,20.57795143127441
2009-12-28,84.57030487060547,108.5500030517578,50.87886428833008,24.6534366607666,62.21057891845703,58.062782287597656,40.16777420043945,20.941490173339844
2009-12-29,84.45023345947266,107.47000122070312,50.854736328125,24.28475570678711,62.37474822998047,58.23888397216797,40.00265121459961,20.89921760559082
2009-12-30,84.42023468017578,106.93000030517578,50.82255935668945,24.32215690612793,62.48710632324219,58.30595779418945,40.12432861328125,20.87385368347168
2009-12-31,83.60997009277344,107.30999755859376,50.21933364868164,23.9053955078125,62.18526840209961,58.22209930419922,39.759315490722656,20.814674377441406
2010-01-04,85.02796173095703,109.8000030517578,51.45793914794922,23.80386734008789,62.33966064453125,58.5295295715332,40.341590881347656,21.338844299316406
2010-01-05,85.25303649902344,109.6999969482422,51.2809944152832,23.777149200439453,62.61339569091797,58.8090705871582,40.341590881347656,21.364208221435547
2010-01-06,85.31307983398438,111.51000213623048,51.23274993896485,23.734405517578125,62.360748291015625,58.63576889038086,40.09824752807617,21.74465560913086
2010-01-07,85.67318725585938,110.81999969482422,51.61073684692383,23.99088478088379,62.360748291015625,58.70841598510742,40.12432861328125,21.4741153717041
2010-01-08,85.95829010009766,111.37000274658205,51.89223861694336,23.814546585083008,62.43794631958008,58.83700942993164,40.454566955566406,21.45720672607422
2010-01-11,86.07833862304688,112.8499984741211,51.683143615722656,23.95347785949707,62.48004150390625,58.898468017578125,40.28944778442383,21.38957023620605
2010-01-12,85.27555084228516,110.48999786376952,51.12015151977539,23.552738189697266,62.92924118041992,59.01030731201172,39.785404205322266,20.93303298950196
2010-01-13,85.99581146240234,111.54000091552734,51.7796516418457,24.02827262878418,62.6274299621582,58.76437759399414,40.2807731628418,20.94994354248047
2010-01-14,86.2283935546875,112.02999877929688,51.97269058227539,24.006919860839844,62.92223358154297,58.97679901123047,40.315521240234375,20.840038299560547
2010-01-15,85.26053619384766,110.86000061035156,51.2166633605957,23.82523727416992,63.20302200317383,58.95440673828125,39.84622573852539,20.603315353393555
2010-01-19,86.32592010498047,111.5199966430664,52.15766906738281,24.31146812438965,63.09071731567383,59.00471115112305,40.48933029174805,20.738584518432617
2010-01-20,85.44811248779297,108.94000244140624,51.4016227722168,24.038963317871094,63.30827713012695,58.96556091308594,39.90705490112305,20.34968376159668
2010-01-21,83.80501556396484,107.37000274658205,50.55713272094727,23.34969139099121,63.53991317749024,59.12211608886719,39.53337478637695,20.09605026245117
2010-01-22,81.9368667602539,107.16999816894533,49.64830780029297,22.761945724487305,63.59603118896485,59.032691955566406,38.37752532958984,19.88469314575196
2010-01-25,82.35699462890625,107.4800033569336,49.70460891723633,22.922250747680664,63.4556884765625,59.02709197998047,38.50786590576172,19.977689743041992
2010-01-26,82.01187896728516,107.55999755859376,49.21399688720703,22.708511352539062,63.58198928833008,58.87055206298828,38.54264450073242,19.75787734985352
2010-01-27,82.40200805664062,106.52999877929688,49.73677444458008,22.91155815124512,63.43463134765625,58.65813064575195,38.84680938720703,19.470430374145508
2010-01-28,81.4566879272461,106.4800033569336,48.88422775268555,22.71385955810547,63.41353225708008,58.57423400878906,37.84740829467773,19.402793884277344
2010-01-29,80.57134246826172,105.95999908447266,48.34536361694336,22.585613250732425,63.65921401977539,58.9488410949707,37.18691635131836,19.182979583740234
2010-02-01,81.82432556152344,108.3499984741211,48.91640853881836,22.99704933166504,63.44087219238281,58.68603897094727,37.59537506103516,19.64797019958496
2010-02-02,82.8146743774414,109.12999725341795,49.45527648925781,23.31229019165039,63.546485900878906,58.87137222290039,37.934303283691406,20.070690155029297
2010-02-03,82.40200805664062,108.6999969482422,49.12553787231445,22.93292617797852,63.24371719360352,58.80956268310547,38.14288330078125,19.825511932373047
2010-02-04,79.8586196899414,104.37000274658205,47.48479080200195,22.083356857299805,63.76478576660156,58.80399703979492,37.0391731262207,19.16607093811035
2010-02-05,80.0236587524414,104.68000030517578,47.66976547241211,22.48943519592285,63.969120025634766,58.62430191040039,37.35202407836914,18.92089080810547
2010-02-08,79.44599151611328,104.04000091552734,47.19524383544922,21.997875213623047,63.91275405883789,58.680450439453125,37.08263397216797,18.929346084594727
2010-02-09,80.44384002685547,105.41000366210938,47.84672164916992,21.928422927856445,63.567630767822266,58.54570770263672,37.46502304077149,19.26752471923828
2010-02-10,80.28626251220703,105.12000274658205,47.95931243896485,21.971153259277344,63.39167022705078,58.090946197509766,37.38679885864258,19.34361267089844
2010-02-11,81.12655639648438,107.12999725341795,48.72338104248047,22.179536819458008,63.31416702270508,58.22572708129883,37.951690673828125,19.57187843322754
2010-02-12,81.05902862548828,107.04000091552734,49.07725524902344,22.441356658935547,63.462032318115234,58.29305648803711,38.029903411865234,19.461973190307617
2010-02-16,82.3344955444336,109.62000274658205,49.90566253662109,23.07719612121582,63.60285568237305,58.52328872680664,38.51657104492188,20.05377960205078
2010-02-17,82.7246322631836,109.25,50.24348449707031,23.28558921813965,63.26487350463867,58.32672882080078,38.73384094238281,19.952327728271484
2010-02-18,83.2123031616211,109.9800033569336,50.653656005859375,23.632884979248047,63.03950881958008,58.287479400634766,38.9771728515625,20.12986946105957
2010-02-19,83.38488006591797,109.47000122070312,50.71800231933594,23.648914337158203,63.07476806640625,58.49518585205078,38.95979309082031,20.24822998046875
2010-02-22,83.39988708496094,109.06999969482422,50.87081527709961,23.70767974853516,63.02544021606445,58.528900146484375,38.88158416748047,20.138322830200195
2010-02-23,82.38700103759766,107.88999938964844,50.2756462097168,23.52600860595703,63.504241943359375,58.66919708251953,38.37752532958984,19.80860137939453
2010-02-24,83.14479064941406,107.36000061035156,50.70191955566406,23.766477584838867,63.539459228515625,58.92184066772461,38.768585205078125,19.96923446655273
2010-02-25,83.03224182128906,108.30999755859376,50.71800231933594,23.857295989990234,63.77187347412109,58.86009979248047,38.75991821289063,19.631059646606445
2010-02-26,83.08477020263672,109.43000030517578,50.50887680053711,23.84661674499512,63.87046051025391,59.24749374389648,38.89896011352539,19.977689743041992
2010-03-01,83.94757080078125,109.43000030517578,51.683143615722656,24.04964828491211,63.93685531616211,59.323577880859375,39.4638557434082,19.7747859954834
2010-03-02,84.18016815185547,111.0199966430664,52.07722854614258,24.060333251953125,63.97211456298828,59.44765090942383,39.58551788330078,19.98614501953125
2010-03-03,84.25517272949219,111.62999725341795,52.37482070922852,23.99622917175293,63.9085807800293,59.57167816162109,39.62896728515625,20.18059539794922
2010-03-04,84.51025390625,110.83000183105467,52.51154708862305,24.14582633972168,64.02155303955078,59.59987258911133,39.759315490722656,20.0030517578125
2010-03-05,85.71820068359375,110.80999755859376,53.58126449584961,24.803041458129883,63.717918395996094,59.52656555175781,40.35897445678711,20.239776611328125
2010-03-08,85.73323059082031,109.87999725341795,53.67774963378906,25.054176330566406,63.54845428466797,59.62243270874024,40.43717193603516,20.214412689208984
2010-03-09,85.87576293945312,109.72000122070312,53.87079620361328,25.11295318603516,63.71087646484375,59.566009521484375,40.66314697265625,19.994600296020508
2010-03-10,86.25840759277344,108.47000122070312,54.329219818115234,25.33735656738281,63.60493850708008,59.62243270874024,40.99337768554688,20.05377960205078
2010-03-11,86.6185302734375,108.5999984741211,54.49006652832031,25.48696517944336,63.54845428466797,59.59987258911133,41.14982604980469,20.0030517578125
2010-03-12,86.62602996826172,107.9499969482422,54.46596145629883,25.69001579284668,63.64730453491211,59.72391891479492,41.15849685668945,19.88469314575196
2010-03-15,86.64854431152344,108.36000061035156,54.28095626831055,25.631244659423828,63.64730453491211,59.71266555786133,41.05420684814453,19.64797019958496
2010-03-16,87.3387680053711,110.4000015258789,54.74745941162109,26.25103187561035,63.89447021484375,59.98892211914063,41.31494522094727,19.910053253173828
2010-03-17,87.85647583007812,109.58999633789062,55.069149017333984,26.641090393066406,63.97211456298828,60.20879364013672,41.42790603637695,20.087596893310547
2010-03-18,87.81147003173828,110.33999633789062,54.90026473999024,26.4968318939209,63.80268096923828,60.09039306640625,41.56696319580078,20.045324325561523
2010-03-19,87.36695861816406,108.27999877929688,54.21662521362305,26.20829391479492,63.717918395996094,60.045291900634766,41.315547943115234,19.80014991760254
2010-03-22,87.83406829833984,107.75,54.98069763183594,26.53957939147949,63.92979431152344,60.1411247253418,41.68962097167969,19.80014991760254
2010-03-23,88.45182037353516,108.31999969482422,55.680423736572266,26.46476936340332,63.79561233520508,60.10163497924805,41.97673034667969,19.715600967407227
2010-03-24,88.02239990234375,106.3000030517578,55.045047760009766,26.609037399291992,63.16014099121094,59.656246185302734,41.77661895751953,19.49578857421875
2010-03-25,87.8792495727539,106.77999877929688,54.69835662841797,26.67417526245117,62.927127838134766,59.44203186035156,41.71573638916016,19.38588523864746
2010-03-26,87.8265151977539,108.58999633789062,54.674163818359375,26.53421211242676,63.0754280090332,59.62243270874024,41.75923538208008,19.419702529907227
2010-03-29,88.38398742675781,108.75,54.97249984741211,26.614961624145508,62.983585357666016,59.57167816162109,41.95930862426758,19.85932922363281
2010-03-30,88.44428253173828,107.97000122070312,55.14181900024414,26.577281951904297,63.04713439941406,59.60554122924805,42.098514556884766,19.90160179138184
2010-03-31,88.14292907714844,108.9499969482422,54.66611862182617,26.27581787109375,63.19546508789063,59.63372039794922,41.8984260559082,19.88469314575196
2010-04-01,88.74564361572266,110.26000213623048,55.17405700683594,26.41040229797364,63.06446075439453,59.763404846191406,41.8984260559082,20.27359390258789
2010-04-05,89.46883392333984,110.88999938964844,56.20611572265625,26.99180030822754,62.49796295166016,59.21407699584961,42.289920806884766,20.594860076904297
2010-04-06,89.67976379394531,111.02999877929688,56.53667831420898,27.61087989807129,62.68199920654297,59.35566329956055,42.41172409057617,20.57795143127441
2010-04-07,89.16748046875,112.48999786376952,56.35930633544922,27.00254821777344,63.0715217590332,59.65579605102539,42.30731201171875,20.501861572265625
2010-04-08,89.47636413574219,112.6500015258789,56.30289077758789,27.03485107421875,63.00070190429688,59.54249572753906,42.40301513671875,20.468042373657227
2010-04-09,90.06399536132812,113.63999938964844,56.64150619506836,27.41707420349121,63.0715217590332,59.58219146728516,42.65530776977539,20.510316848754883
2010-04-12,90.2071304321289,113.01000213623048,56.87533950805664,27.24479866027832,63.24142074584961,59.752052307128906,42.69010543823242,20.49341011047364
2010-04-13,90.27491760253906,112.69000244140624,57.00433349609375,27.912334442138672,63.36180114746094,59.967281341552734,42.907596588134766,20.569494247436523
2010-04-14,91.29952239990234,113.02999877929688,58.22182083129883,27.95538902282715,63.19186401367188,59.91630554199219,43.420894622802734,20.80621910095215
2010-04-15,91.37483215332033,113.6500015258789,58.39920425415039,27.19097137451172,63.29814147949219,60.01824188232422,43.612300872802734,20.882308959960938
2010-04-16,89.92084503173828,111.23999786376952,57.61710357666016,26.56651306152344,63.680511474609375,60.15983581542969,43.09029006958008,20.501861572265625
2010-04-19,90.25987243652344,111.1500015258789,57.334922790527344,26.684934616088867,63.5246696472168,60.00692367553711,43.06418991088867,20.239776611328125
2010-04-20,91.0659637451172,111.45999908447266,58.11700439453125,27.137136459350582,63.553001403808594,60.137184143066406,43.28170776367188,20.400409698486328
2010-04-21,90.90022277832033,112.30999755859376,58.520164489746094,27.61087989807129,63.75840377807617,60.34668350219727,43.52529144287109,20.501861572265625
2010-04-22,91.1714096069336,111.83999633789062,59.14098739624024,28.03614616394043,63.60966491699219,60.210784912109375,43.768890380859375,20.55258560180664
2010-04-23,91.76656341552734,113.19000244140624,59.76989364624024,28.40758514404297,63.43265914916992,60.19948196411133,43.95159912109375,20.68785858154297
2010-04-26,91.42003631591795,112.75,59.54415130615234,28.63369369506836,63.47513961791992,60.22777557373047,43.85589218139648,20.586406707763672
2010-04-27,89.25788879394531,114.62999725341795,58.18151092529297,27.718530654907227,64.06995391845703,60.267459869384766,42.92500686645508,20.27359390258789
2010-04-28,89.93590545654297,114.30999755859376,58.27823257446289,27.804670333862305,63.74419784545898,60.369361877441406,42.95110321044922,20.34122657775879
2010-04-29,91.05088806152344,114.27999877929688,59.51187896728516,29.05896377563477,63.85041427612305,60.522239685058594,43.69929885864258,20.501861572265625
2010-04-30,89.50650024414062,115.36000061035156,57.77031707763672,28.15458297729492,64.23990631103516,60.77146530151367,42.838008880615234,20.662494659423828
2010-05-03,90.6667022705078,115.7300033569336,59.06843185424805,29.09126853942871,64.071533203125,60.78964614868164,43.43830108642578,20.76394844055176
2010-05-04,88.53468322753906,114.87000274658205,57.213958740234375,28.42913246154785,64.50482940673828,60.86355972290039,42.13331604003906,20.205957412719727
2010-05-05,88.00730895996094,115.08999633789062,56.375431060791016,28.04690742492676,64.75341796875,60.60196685791016,41.91582107543945,19.74942207336425
2010-05-06,85.08431243896484,118.48999786376952,54.262977600097656,26.89488220214844,65.46366882324219,59.601036071777344,40.5151596069336,19.36052131652832
2010-05-07,83.81865692138672,118.2699966430664,52.69876480102539,26.44269752502441,65.28608703613281,59.79441833496094,39.50598907470703,19.259069442749023
2010-05-10,87.51011657714844,117.56999969482422,55.657859802246094,28.186878204345703,64.7889404296875,60.16976547241211,41.55913543701172,19.631059646606445
2010-05-11,87.261474609375,120.66000366210938,56.028717041015625,28.35375022888184,64.86705780029297,60.2322998046875,41.5156364440918,19.597244262695312
2010-05-12,88.48191833496094,121.4000015258789,57.74610900878906,28.81134414672852,64.70366668701172,60.20953369140625,42.29861831665039,19.75787734985352
2010-05-13,87.38206481933594,120.55999755859376,57.18976593017578,28.34299659729004,64.8812484741211,60.385868072509766,41.62874984741211,19.588787078857425
2010-05-14,85.79998779296875,120.37000274658205,56.08516311645508,27.44398498535156,65.30026245117188,60.36880493164063,40.82833099365234,19.08998107910156
2010-05-17,85.84518432617188,119.36000061035156,56.18999099731445,27.481660842895508,65.15825653076172,60.47115707397461,40.95883560180664,18.548900604248047
2010-05-18,84.67749786376953,119.48999786376952,55.10957717895508,26.78722381591797,65.63410949707031,60.664512634277344,40.39336013793945,18.52353858947754
2010-05-19,84.1953125,116.62999725341795,54.45647430419922,26.53959083557129,65.69091796875,60.69865417480469,40.07146835327149,18.35445022583008
2010-05-20,81.01616668701172,115.83999633789062,51.69897079467773,25.17762756347656,66.3301773071289,60.56215286254883,38.58378219604492,17.9740047454834
2010-05-21,82.19894409179688,115.22000122070312,52.46494674682617,26.022794723510746,66.36568450927734,60.45980072021485,39.01008987426758,18.15999984741211
2010-05-24,81.14421081542969,116.83999633789062,51.76347732543945,25.441394805908203,66.36568450927734,60.61905670166016,38.853492736816406,18.143091201782227
2010-05-25,81.22708129882812,117.36000061035156,51.755401611328125,25.645965576171875,66.59297180175781,60.3289680480957,38.88827133178711,17.999366760253906
2010-05-26,80.73741149902344,118.47000122070312,51.884422302246094,25.592134475708008,66.45797729492188,60.36880493164063,38.45329666137695,18.193817138671875
2010-05-27,83.44196319580078,118.69000244140624,54.10975646972656,26.99715805053711,65.82586669921875,60.05598068237305,39.90615463256836,18.726442337036133
2010-05-28,82.39480590820312,118.87999725341795,53.41638946533203,26.652645111083984,66.12419891357422,59.97636032104492,39.67125701904297,18.565807342529297
2010-06-01,81.00863647460938,119.91000366210938,51.79572677612305,26.098163604736328,66.20966339111328,59.926666259765625,39.30585479736328,18.21917724609375
2010-06-02,83.11803436279297,119.77999877929688,53.27124786376953,26.60957908630371,65.8321762084961,60.13800811767578,40.23677062988281,18.43899345397949
2010-06-03,83.40430450439453,117.95999908447266,53.956581115722656,26.53421211242676,65.73956298828125,59.94386291503906,40.61955261230469,18.54044914245605
2010-06-04,80.47370910644531,119.19000244140624,51.24745941162109,25.032264709472656,66.65121459960938,60.30931854248047,39.227569580078125,17.965547561645508
2010-06-07,79.47174072265625,121.48999786376952,49.92514801025391,24.8976993560791,66.92185974121094,60.5606689453125,38.51418685913086,17.999366760253906
2010-06-08,80.3230972290039,121.0,49.90096282958984,25.344507217407227,66.71537017822266,60.5606689453125,38.4445915222168,18.143091201782227
2010-06-09,79.89366149902344,120.55999755859376,49.93321228027344,25.49523162841797,66.72247314453125,60.58345031738281,38.12268829345703,18.22763442993164
2010-06-10,82.22906494140625,118.97000122070312,51.65866470336914,26.598806381225582,66.10281372070312,60.33219146728516,39.2101936340332,18.531991958618164
2010-06-11,82.62835693359375,120.01000213623048,52.360137939453125,26.916433334350582,66.52305603027344,60.55489349365234,39.58426284790039,18.557355880737305
2010-06-14,82.50028991699219,119.5999984741211,52.69072341918945,27.250179290771484,66.46611785888672,60.44069290161133,39.575565338134766,18.60808181762696
2010-06-15,84.37612915039062,120.98999786376952,54.01301193237305,27.85850143432617,66.25952911376953,60.36648178100586,40.636940002441406,18.92089080810547
2010-06-16,84.34599304199219,120.33000183105467,53.76306915283203,27.60548210144043,66.4447250366211,60.42925643920898,40.802242279052734,18.963165283203125
2010-06-17,84.48162078857422,121.9000015258789,53.82758331298828,27.664695739746094,66.75810241699219,60.82907485961914,40.93274688720703,18.971620559692383
2010-06-18,84.57321166992188,122.83000183105467,53.85983276367188,27.57857131958008,66.62281799316406,60.82332611083984,40.96672439575195,18.937803268432617
2010-06-21,84.33099365234375,120.38999938964844,53.303489685058594,27.363245010375977,66.5728988647461,60.97754669189453,40.61808013916016,18.861713409423828
2010-06-22,82.93818664550781,121.4499969482422,52.20693588256836,26.55036163330078,66.97171020507812,61.274505615234375,40.30429458618164,18.819440841674805
2010-06-23,82.68083190917969,120.9499969482422,52.06180953979492,26.62035179138184,67.22097778320312,61.53152084350586,40.13867568969727,18.506629943847656
2010-06-24,81.31078338623047,121.3000030517578,51.231327056884766,26.056819915771484,67.16405487060547,61.28595733642578,39.528541564941406,18.548900604248047
2010-06-25,81.6513900756836,122.76000213623048,52.11019134521485,26.714353561401367,67.27091979980469,61.388710021972656,39.53640365600586,18.887075424194336
2010-06-28,81.39403533935547,121.08999633789062,51.81186294555664,26.399169921875,67.74813079833984,61.725685119628906,39.39667892456055,18.68416976928711
2010-06-29,78.88098907470703,121.2699966430664,49.85258483886719,25.535139083862305,68.04006958007812,61.69717025756836,37.877044677734375,18.16845703125
2010-06-30,78.13159942626953,121.68000030517578,49.28011322021485,25.26342964172364,68.13980102539062,61.942684173583984,37.30064392089844,18.2360897064209
2010-07-01,77.78343200683594,117.04000091552734,48.92535400390625,25.176485061645508,68.10985565185547,62.01152038574219,37.195838928222656,17.95709228515625
2010-07-02,77.35956573486328,118.48999786376952,48.390663146972656,24.692846298217773,67.98841857910156,61.83378219604492,37.09103775024414,17.92327880859375
2010-07-06,77.86670684814453,116.51000213623048,47.75968933105469,24.14398956298828,68.15271759033203,62.09178924560547,37.20455551147461,17.9740047454834
2010-07-07,80.31917572021484,117.7300033569336,49.42609786987305,25.317768096923828,67.93846130371094,62.13196563720703,38.39230728149414,18.37981605529785
2010-07-08,81.11396026611328,117.20999908447266,50.13794708251953,25.632957458496094,67.7741928100586,61.97715759277344,38.60192108154297,18.548900604248047
2010-07-09,81.71954345703125,118.36000061035156,50.914546966552734,25.9589958190918,67.5956802368164,61.902587890625,38.968746185302734,18.58271789550781
2010-07-12,81.77252960205078,117.33999633789062,50.34020233154297,26.040508270263672,67.70993041992188,61.97715759277344,39.08227157592773,18.371356964111328
2010-07-13,83.00634002685547,118.36000061035156,51.93380355834961,26.68173789978028,67.37429809570312,62.01152038574219,39.58881378173828,18.66726303100586
2010-07-14,82.99876403808594,118.3000030517578,51.74774932861328,26.5241641998291,67.70993041992188,62.28673553466797,39.7896728515625,18.633447647094727
2010-07-15,83.0214614868164,118.2300033569336,51.27048110961914,26.437211990356445,68.05984497070312,62.39579772949219,39.8245964050293,18.81098747253418
2010-07-16,80.73551940917969,116.66999816894533,49.40182113647461,25.5786075592041,68.45259094238281,62.50470352172852,38.72418212890625,18.574264526367188
2010-07-19,81.21237182617188,115.7300033569336,49.61215972900391,25.893796920776367,68.27407836914062,62.49325942993164,39.05606460571289,18.557355880737305
2010-07-20,82.11314392089844,116.6500015258789,50.44536209106445,26.377439498901367,68.34546661376953,62.562007904052734,39.52767562866211,18.70953369140625
2010-07-21,81.04582977294922,115.8499984741211,49.53934860229492,25.828584671020508,68.78108978271484,62.86595153808594,38.98618316650391,18.6588077545166
2010-07-22,82.8549575805664,116.86000061035156,51.302825927734375,26.795867919921875,68.40260314941406,62.78565216064453,39.97307586669922,19.030799865722656
2010-07-23,83.57405853271484,116.08999633789062,52.564788818359375,27.13820075988769,68.18122863769531,62.86595153808594,40.22634506225586,18.971620559692383
2010-07-26,84.44452667236328,115.5199966430664,53.76200866699219,27.8175048828125,68.15982818603516,62.92327499389648,40.5582160949707,18.954713821411133
2010-07-27,84.43695068359375,113.51000213623048,53.567848205566406,27.812057495117188,67.92418670654297,62.71113204956055,40.540748596191406,18.75180435180664
2010-07-28,83.89196014404297,113.77999877929688,52.7022819519043,27.75771713256836,68.21690368652344,62.93474960327149,40.21760177612305,18.827896118164062
2010-07-29,83.48316955566406,114.29000091552734,52.564788818359375,27.524045944213867,68.35978698730469,62.95768737792969,39.920684814453125,19.09843635559082
2010-07-30,83.46803283691406,115.48999786376952,52.59711837768555,27.68706512451172,68.75963592529297,63.25014114379883,40.00801086425781,19.35206413269043
2010-08-02,85.35284423828125,115.54000091552734,53.51122283935547,28.61630630493164,68.5469970703125,63.11601638793945,40.75910186767578,19.72406005859375
2010-08-03,84.94412994384766,115.98999786376952,53.08250427246094,28.33917617797852,68.86925506591797,63.27151870727539,40.58442306518555,19.79169464111328
2010-08-04,85.51180267333984,116.72000122070312,53.64064025878906,28.54023170471192,68.58283996582031,63.07575225830078,40.99489212036133,19.960783004760746
2010-08-05,85.42097473144531,116.9800033569336,53.00969314575195,28.181575775146484,68.91212463378906,63.19086837768555,40.89882278442383,19.86778450012207
2010-08-06,85.07280731201172,117.83999633789062,52.6942138671875,28.05115127563477,69.36323547363281,63.55358123779297,40.83769607543945,19.690242767333984
2010-08-09,85.52696228027344,117.4000015258789,53.27662658691406,28.371768951416016,69.34891510009766,63.76082229614258,41.1171760559082,19.75787734985352
2010-08-10,85.06520080566406,117.7300033569336,52.273563385009766,28.09464263916016,69.69971466064453,63.68021011352539,40.75910186767578,19.546520233154297
2010-08-11,82.73384094238281,117.33999633789062,50.21885681152344,27.393627166748047,70.09351348876953,63.674461364746094,39.64994430541992,19.106889724731445
2010-08-12,82.22669982910156,118.7699966430664,49.96807098388672,27.051267623901367,69.91454315185547,63.44991302490234,39.33553695678711,18.963165283203125
2010-08-13,81.98445892333984,118.73999786376952,49.40182113647461,27.051267623901367,70.21519470214844,63.69750595092773,39.05606460571289,18.94625663757324
2010-08-16,81.94660949707031,119.7300033569336,49.7982063293457,27.02953720092773,70.72358703613281,64.39990234375,39.12594223022461,18.887075424194336
2010-08-17,82.95335388183594,119.75,50.65567398071289,27.64902877807617,70.3655776977539,64.29624938964844,39.62373733520508,19.15761375427246
2010-08-18,83.10472106933594,120.22000122070312,50.80937957763672,27.67620658874512,70.29399871826172,64.35380554199219,39.78094100952149,19.081527709960938
2010-08-19,81.65898132324219,120.38999938964844,49.417999267578125,26.96975898742676,70.60902404785156,64.42290496826172,39.178340911865234,18.887075424194336
2010-08-20,81.39403533935547,119.97000122070312,49.46653366088867,26.8828125,70.37992095947266,64.53802490234375,39.23073196411133,18.76871681213379
2010-08-23,81.08366394042969,119.77999877929688,48.79512023925781,26.74151992797852,70.47300720214844,64.67621612548828,38.84646224975586,18.64189720153809
2010-08-24,79.88015747070312,120.36000061035156,48.23694610595703,26.63284492492676,71.03141784667969,64.82588195800781,38.1215934753418,18.430538177490234
2010-08-25,80.19049072265625,121.36000061035156,48.96500015258789,27.05671119689941,70.70928192138672,64.94680786132812,38.48838424682617,18.52353858947754
2010-08-26,79.65306854248047,120.95999908447266,48.60098648071289,26.8936767578125,71.03141784667969,65.00439453125,38.025508880615234,18.73489761352539
2010-08-27,80.88689422607422,121.01000213623048,49.871002197265625,27.33928108215332,70.21519470214844,64.41715240478516,38.48838424682617,19.0561637878418
2010-08-30,79.71363067626953,120.91000366210938,48.77894592285156,27.12735366821289,70.7522201538086,64.83738708496094,38.08663940429688,19.02234649658203
2010-08-31,79.71363067626953,122.08000183105467,48.68188095092773,27.333850860595703,71.06717681884766,65.05616760253906,37.95564651489258,18.76871681213379
2010-09-01,82.09799194335938,121.69000244140624,50.566707611083984,28.22505187988281,70.55549621582031,64.56733703613281,39.09099197387695,19.14070701599121
2010-09-02,82.86248016357422,122.29000091552734,51.1248664855957,28.58369827270508,70.26112365722656,64.48638916015625,39.52767562866211,19.27597618103028
2010-09-03,83.93736267089844,121.86000061035156,52.038970947265625,29.00214385986328,69.85921478271484,64.0009994506836,40.18268203735352,19.377429962158203
2010-09-07,82.9912109375,122.6999969482422,51.05205535888672,28.556541442871094,70.41192626953125,64.47482299804688,39.91194915771485,19.478879928588867
2010-09-08,83.57405853271484,122.70999908447266,51.35136795043945,28.61630630493164,70.21815490722656,64.34771728515625,40.39228439331055,19.52115631103516
2010-09-09,83.96006774902344,121.55999755859376,51.38373947143555,28.28482437133789,69.6654281616211,64.01254272460938,40.54948425292969,19.411245346069336
2010-09-10,84.38392639160156,121.7300033569336,51.54551696777344,28.436981201171875,69.46444702148438,64.0587387084961,40.69795608520508,19.614154815673828
2010-09-13,85.32256317138672,121.62000274658205,52.79936599731445,28.90431785583496,69.79462432861328,64.1454086303711,41.26563262939453,19.75787734985352
2010-09-14,85.26959228515625,124.0199966430664,52.57284164428711,28.795642852783203,70.1463394165039,64.44591522216797,41.44029998779297,19.81705665588379
2010-09-15,85.59504699707031,123.94000244140624,52.87214660644531,29.045610427856445,69.90232849121094,64.34192657470703,41.70230865478516,19.783239364624023
2010-09-16,85.57235717773438,124.62999725341795,52.532413482666016,28.893449783325195,69.65829467773438,64.1396713256836,41.86824417114258,19.681787490844727
2010-09-17,85.60432434082031,124.54000091552734,52.750823974609375,28.98040199279785,69.81615447998047,64.34771728515625,42.010047912597656,19.74942207336425
2010-09-20,86.91326141357422,124.87000274658205,54.215030670166016,29.686845779418945,70.0314712524414,64.42859649658203,42.745391845703125,19.910053253173828
2010-09-21,86.73822021484375,126.01000213623048,53.89951705932617,29.25210762023925,70.68472290039062,64.91983795166016,42.73662567138672,19.69869613647461
2010-09-22,86.31206512451172,126.1999969482422,53.26046371459961,28.855419158935547,70.79228973388672,64.87936401367188,42.622825622558594,19.81705665588379
2010-09-23,85.61192321777344,126.3000030517578,52.61573791503906,28.14354705810547,70.89278411865234,64.92555236816406,42.60532760620117,19.833969116210938
2010-09-24,87.37744140625,126.69000244140624,54.32688522338867,28.93968963623047,70.54113006591797,64.78113555908203,43.47195053100586,20.138322830200195
2010-09-27,86.95887756347656,126.72000122070312,54.18902587890625,28.58328056335449,71.08660888671875,65.11627960205078,43.2356071472168,20.0030517578125
2010-09-28,87.26333618164062,127.8499984741211,54.72427368164063,28.69842338562012,71.32344818115234,65.23184204101562,43.21808624267578,20.0030517578125
2010-09-29,87.11107635498047,127.9499969482422,54.878360748291016,28.473608016967773,71.15119934082031,65.16831970214844,43.1480712890625,20.26513862609864
2010-09-30,86.85238647460938,127.91000366210938,54.7404899597168,28.55586624145508,71.06510162353516,65.35322570800781,42.9554557800293,20.383501052856445
2010-10-01,87.21762084960938,128.91000366210938,55.032413482666016,28.69842338562012,71.10324096679688,65.03646087646484,42.90294647216797,20.42577171325684
2010-10-04,86.56319427490234,128.4600067138672,54.28633117675781,28.961620330810547,71.35501098632812,65.14088439941406,42.438995361328125,20.358137130737305
2010-10-05,88.30583953857422,130.99000549316406,55.8271713256836,29.42218017578125,71.36943817138672,65.2743148803711,43.47195053100586,20.772401809692383
2010-10-06,88.29825592041016,131.80999755859375,55.64065170288086,29.2631893157959,71.82986450195312,65.69782257080078,43.09552764892578,20.78085708618164
2010-10-07,88.19170379638672,130.3699951171875,55.47846221923828,29.345436096191406,71.90182495117188,65.680419921875,43.253116607666016,20.569494247436523
2010-10-08,88.68635559082031,131.66000366210938,56.18399810791016,29.42767333984375,71.93058013916016,65.61656951904297,43.55073928833008,21.25429916381836
2010-10-11,88.77008056640625,132.2899932861328,56.23263549804688,29.42218017578125,72.00255584716797,65.67459106445312,43.56825256347656,21.152851104736328
2010-10-12,89.04401397705078,131.9600067138672,56.37863540649414,29.630550384521484,71.79385375976562,65.57594299316406,43.86590194702149,21.25429916381836
2010-10-13,89.73651123046875,134.07000732421875,57.23827362060547,29.93760681152344,71.79385375976562,65.54116821289062,44.22478866577149,21.35575485229492
2010-10-14,89.38648223876953,134.75,57.19772720336914,29.860843658447266,71.3837890625,65.0132827758789,44.137245178222656,21.32193374633789
2010-10-15,89.56909942626953,133.67999267578125,57.00311279296875,29.82246971130371,71.07439422607422,64.60143280029297,45.07390975952149,21.085214614868164
2010-10-18,90.01045989990234,134.27999877929688,57.48154830932617,30.206270217895508,71.41255950927734,65.04805755615234,44.9075927734375,21.296571731567383
2010-10-19,88.83094787597656,130.11000061035156,56.36240768432617,29.83342742919922,71.6572036743164,65.05388641357422,44.48740005493164,20.67095184326172
2010-10-20,89.6984634399414,131.32000732421875,56.9382209777832,30.48591423034668,71.61399841308594,65.16993713378906,44.8112907409668,21.16130256652832
2010-10-21,89.89632415771484,129.47000122070312,56.66249465942383,30.453014373779297,71.21832275390625,64.9958724975586,44.89883041381836,20.89921760559082
2010-10-22,90.06373596191406,129.72999572753906,57.02740097045898,30.469457626342773,71.23994445800781,65.07707977294922,45.20522689819336,21.07676124572754
2010-10-25,90.3301010131836,130.85000610351562,57.36802673339844,30.524280548095703,71.21832275390625,65.30916595458984,45.424076080322266,21.186664581298828
2010-10-26,90.34532165527344,130.8800048828125,57.32746887207031,30.30496597290039,70.7435073852539,64.96106719970703,45.546634674072266,21.296571731567383
2010-10-27,90.08657836914062,129.52000427246094,57.18149185180664,30.09113121032715,70.33336639404297,64.79280090332031,45.68669891357422,21.22893714904785
2010-10-28,90.10181427001952,131.24000549316406,56.83277130126953,29.904705047607425,70.7435073852539,65.05388641357422,45.78300094604492,21.338844299316406
2010-10-29,90.1702880859375,132.6199951171875,57.01121139526367,29.910192489624023,71.06007385253906,65.18150329589844,45.67794418334961,21.28812026977539
2010-11-01,90.2007293701172,131.9199981689453,56.62193298339844,30.167898178100582,70.9410629272461,65.15936279296875,45.71295928955078,21.42338752746582
2010-11-02,90.9160614013672,132.49000549316406,57.7978401184082,30.376235961914062,71.17908477783203,65.46218872070312,46.203163146972656,21.617839813232425
2010-11-03,91.2813491821289,131.57000732421875,58.02488708496094,30.376235961914062,71.40983581542969,65.24671936035156,46.41326904296875,21.71929168701172
2010-11-04,93.03922271728516,136.02999877929688,59.49279022216797,31.07807922363281,71.98670196533203,65.86400604248047,46.98228454589844,22.23500633239746
2010-11-05,93.38928985595705,136.3800048828125,59.82527160644531,31.412553787231445,71.68387603759766,65.65436553955078,46.98228454589844,22.328004837036133
2010-11-08,93.21427917480467,137.77999877929688,59.7765998840332,31.242582321166992,71.70551300048828,65.6893081665039,47.04356002807617,22.38718605041504
2010-11-09,92.54460144042967,135.58999633789062,58.98186111450195,29.97598648071289,71.0997085571289,65.2001724243164,46.78969955444336,22.23500633239746
2010-11-10,92.91749572753906,137.24000549316406,59.63874053955078,30.348819732666016,71.36652374267578,65.06037902832031,47.02604675292969,22.47173118591309
2010-11-11,92.56742095947266,137.66000366210938,59.40355682373047,30.10757064819336,71.28723907470703,64.77501678466797,46.72842025756836,22.285734176635746
2010-11-12,91.47158813476562,133.69000244140625,58.41419982910156,29.827957153320312,70.69586944580078,64.32078552246094,45.966827392578125,21.35575485229492
2010-11-15,91.34222412109376,132.4199981689453,58.42229080200195,29.542823791503903,69.78717803955078,63.61616516113281,45.791751861572266,21.38957023620605
2010-11-16,89.91918182373047,130.97000122070312,57.28689956665039,28.5284423828125,70.30643463134766,63.95391845703125,45.0389289855957,20.755491256713867
2010-11-17,89.96482849121094,130.3800048828125,57.44099426269531,28.74777030944824,70.10452270507812,63.95391845703125,45.17021179199219,20.594860076904297
2010-11-18,91.28894805908205,132.08999633789062,58.56016159057617,29.005481719970703,69.93868255615234,64.00051879882812,45.89679336547852,21.152851104736328
2010-11-19,91.54010009765624,132.1999969482422,58.75479507446289,29.15900421142578,70.08283996582031,64.22179412841797,45.93180847167969,20.84848976135254
2010-11-22,91.46398162841795,133.47999572753906,59.03862380981445,29.23577308654785,70.45785522460938,64.5770492553711,46.31699752807617,20.916126251220703
2010-11-23,90.1398468017578,134.41000366210938,58.47903823852539,29.005481719970703,70.60212707519531,64.61197662353516,45.5816535949707,20.86540031433105
2010-11-24,91.47158813476562,134.17999267578125,59.79284286499024,29.56475067138672,69.84483337402344,64.08203125,46.50081634521485,21.25429916381836
2010-11-26,90.4062042236328,133.11000061035156,59.37921905517578,29.504444122314453,70.14776611328125,64.16358947753906,46.194435119628906,21.35575485229492
2010-11-29,90.68016052246094,133.50999450683594,59.46844100952149,29.48798370361328,70.29920196533203,64.22759246826172,46.15940856933594,21.398025512695312
2010-11-30,90.1702880859375,135.4199981689453,58.9980697631836,29.356401443481445,70.42179107666016,64.12859344482422,45.59917068481445,21.19512176513672
2010-12-01,92.0879898071289,135.3800048828125,60.31995391845703,29.526376724243164,69.49567413330078,63.98599624633789,46.56209945678711,21.82074546813965
2010-12-02,93.26752471923828,135.1999969482422,60.928184509277344,29.981454849243164,69.32228088378906,63.84564208984375,47.03480911254883,22.006738662719727
2010-12-03,93.51866912841795,138.07000732421875,61.366092681884766,29.97598648071289,69.32946014404297,63.66446685791016,47.15736770629883,22.285734176635746
2010-12-06,93.41973876953124,139.11000061035156,61.74728012084961,30.03629493713379,69.76318359375,64.10873413085938,47.13984680175781,22.260372161865234
2010-12-07,93.47303009033205,136.5,62.10410690307617,30.102088928222656,68.60655975341797,63.51241302490234,47.16612243652344,22.108192443847656
2010-12-08,93.81546020507812,134.7899932861328,62.06355667114258,29.65796089172364,68.02093505859375,63.10319137573242,47.3411865234375,22.27728080749512
2010-12-09,94.1807861328125,135.3699951171875,62.27439880371094,29.394773483276367,68.16553497314453,63.25518798828125,47.38496398925781,22.218101501464844
2010-12-10,94.7286605834961,135.41000366210938,63.05293655395508,29.5866756439209,67.58716583251953,62.9629135131836,47.70009613037109,22.184282302856445
2010-12-13,94.78954315185548,136.0500030517578,62.728553771972656,29.63602638244629,67.80408477783203,63.19673538208008,47.533782958984375,22.404098510742188
2010-12-14,94.87322998046876,136.17999267578125,62.696102142333984,29.345436096191406,67.08837890625,62.8109016418457,47.62133026123047,22.34491539001465
2010-12-15,94.43946838378906,134.6999969482422,62.5014533996582,29.0658016204834,66.8136215209961,62.41924285888672,47.411231994628906,22.285734176635746
2010-12-16,94.9874267578125,133.80999755859375,63.07723617553711,29.115137100219727,67.21129608154297,62.72320556640625,47.77888107299805,22.209646224975582
2010-12-17,95.0891571044922,134.1999969482422,63.27186584472656,29.356401443481445,67.78964233398438,63.29613494873047,47.820987701416016,22.37873268127441
2010-12-20,95.31863403320312,135.11000061035156,63.52330017089844,29.707313537597656,67.7823715209961,63.25518798828125,47.8560791015625,22.581636428833008
2010-12-21,95.9229965209961,135.32000732421875,64.22884368896484,30.01985549926757,67.9269790649414,63.38966751098633,48.14551544189453,22.72536277770996
2010-12-22,96.2213363647461,135.0500030517578,64.21009063720703,30.25014305114746,67.73897552490234,63.33702087402344,48.13674545288086,22.84372329711914
2010-12-23,96.0836410522461,134.66000366210938,64.12863159179688,30.11307144165039,67.50041198730469,63.36624526977539,48.01397705078125,22.928268432617188
2010-12-27,96.12188720703124,135.02000427246094,64.32412719726562,30.487224578857425,67.76068878173828,63.48906326293945,48.04026412963867,22.88599395751953
2010-12-28,96.25959777832033,137.22000122070312,64.14495086669922,30.609167098999023,67.04888916015625,62.98307037353516,47.95255661010742,23.13117408752441
2010-12-29,96.32843017578124,137.7100067138672,64.2834243774414,30.67013931274414,67.80270385742188,63.45847702026367,48.05781936645508,23.13962745666504
2010-12-30,96.17543029785156,137.02999877929688,64.16121673583984,30.75328254699707,67.6650161743164,63.48784637451172,47.94377899169922,22.860633850097656
2010-12-31,96.19837951660156,138.72000122070312,63.73760986328125,30.692325592041016,68.00566864013672,63.64633941650391,47.768348693847656,23.291805267333984
2011-01-03,97.19288635253906,138.0,64.84553527832031,31.263256072998047,67.79549407958984,63.89284133911133,48.513919830322266,23.39325904846192
2011-01-04,97.1393585205078,134.75,63.88423156738281,30.66459846496582,67.95499420166016,63.97503662109375,48.47883224487305,23.0804443359375
2011-01-05,97.64423370361328,134.3699951171875,64.63371276855469,30.775463104248047,67.22283172607422,63.50551986694336,48.89107894897461,23.32562255859375
2011-01-06,97.4529800415039,133.8300018310547,64.3322982788086,30.487224578857425,67.5707778930664,63.59941864013672,49.04897689819336,23.01280975341797
2011-01-07,97.26174926757812,133.5800018310547,63.96571731567383,30.498310089111328,68.02017211914062,63.92219161987305,49.00511169433594,22.928268432617188
2011-01-10,97.1393585205078,134.1199951171875,64.3322982788086,30.49276161193848,68.25214385986328,64.03372192382812,49.18930816650391,23.198808670043945
2011-01-11,97.48355102539062,134.91000366210938,64.59300231933594,30.426250457763672,67.98397064208984,64.00433349609375,49.25947189331055,23.460893630981445
2011-01-12,98.36334991455078,135.4600067138672,65.14694213867188,30.55373954772949,67.7882308959961,63.963260650634766,49.61033630371094,23.61307144165039
2011-01-13,98.20270538330078,134.0500030517578,65.12247467041016,30.65351295471192,68.2448959350586,64.2391586303711,49.62786865234375,23.579254150390625
2011-01-14,98.9141082763672,132.69000244140625,65.61128234863281,30.85860061645508,68.05640411376953,63.93396759033203,49.99624633789063,23.68916130065918
2011-01-18,99.08244323730467,133.42999267578125,65.6601791381836,31.12468910217285,67.88967895507812,63.89875411987305,50.13661193847656,23.663799285888672
2011-01-19,98.11085510253906,133.72000122070312,63.97383499145508,30.71449089050293,68.06367492675781,63.85174179077149,49.56647491455078,23.6384334564209
2011-01-20,97.98082733154295,131.1999969482422,63.30582427978516,30.720033645629883,67.53458404541016,63.57590103149414,49.21561813354492,23.40171241760254
2011-01-21,98.20270538330078,131.02999877929688,62.88219833374024,30.742212295532227,67.75920867919922,63.66978073120117,48.83845901489258,23.6384334564209
2011-01-24,98.76113891601562,130.36000061035156,63.34656524658203,30.89741897583008,67.76646423339844,63.699180603027344,49.51384353637695,23.435529708862305
2011-01-25,98.81465911865234,130.10000610351562,63.44430160522461,31.257713317871094,68.10718536376953,64.01609802246094,49.58399963378906,23.13962745666504
2011-01-26,99.19719696044922,131.16000366210938,64.4544906616211,31.30760765075684,67.69402313232422,63.65805816650391,49.847145080566406,23.65534400939941
2011-01-27,99.44195556640624,127.93000030517578,64.6418228149414,31.800954818725582,67.94768524169922,63.76374816894531,50.15415191650391,23.452438354492188
2011-01-28,97.70543670654295,130.27999877929688,63.06144714355469,31.274343490600582,68.25941467285156,63.845924377441406,48.88232421875,23.74834442138672
2011-01-31,98.43982696533205,129.8699951171875,63.50136566162109,31.69007110595703,67.99120330810547,63.66978073120117,49.11912536621094,24.12033462524414
2011-02-01,100.01573181152344,130.8000030517578,64.96772766113281,31.76769256591797,67.675048828125,63.58554458618164,50.04011154174805,24.297876358032227
2011-02-02,99.824462890625,130.4499969482422,64.72332000732422,31.76769256591797,67.51520538330078,63.461822509765625,49.96118927001953,24.53460121154785
2011-02-03,100.04632568359376,132.1999969482422,64.9513931274414,31.85637664794922,67.13011932373047,63.30865097045898,50.04890441894531,24.373966217041016
2011-02-04,100.32936096191406,131.66000366210938,65.06549072265625,31.623565673828125,66.71585845947266,63.11417388916016,50.32956314086914,24.23869705200196
2011-02-07,100.9566650390625,131.67999267578125,65.70904541015625,31.933979034423828,66.68679809570312,63.18488693237305,50.566402435302734,24.17106056213379
2011-02-08,101.41566467285156,133.13999938964844,66.17340087890625,32.07255554199219,66.22900390625,62.95505142211914,50.89970779418945,24.33169174194336
2011-02-09,101.18618774414062,133.07000732421875,65.880126953125,32.094730377197266,66.60686492919922,63.36163330078125,50.8120002746582,24.45005416870117
2011-02-10,101.22440338134766,132.85000610351562,66.14080047607422,32.22775650024414,66.38887786865234,63.04935073852539,50.89093017578125,24.306331634521484
2011-02-11,101.8287353515625,132.32000732421875,66.85768127441406,32.43840408325195,66.69405364990234,63.39704513549805,51.25931930541992,24.22178840637207
2011-02-14,102.07355499267578,132.9499969482422,67.19984436035156,32.44393539428711,66.71585845947266,63.4382209777832,51.38212966918945,24.34014892578125
2011-02-15,101.75226593017578,133.97000122070312,66.81697082519531,32.32200241088867,66.86846160888672,63.579689025878906,51.311954498291016,24.02733612060547
2011-02-16,102.39488983154295,134.10000610351562,67.35460662841797,32.394065856933594,66.77400970458984,63.50308609008789,51.64527130126953,24.20487594604492
2011-02-17,102.7008819580078,135.0399932861328,67.82708740234375,32.42730712890625,67.0211410522461,63.620887756347656,51.62772750854492,24.280969619750977
2011-02-18,102.91505432128906,135.41000366210938,67.90044403076172,32.554813385009766,67.0064926147461,63.71519470214844,51.51369094848633,24.25560760498047
2011-02-22,100.84959411621094,136.2899932861328,66.15707397460938,32.2721061706543,67.65326690673828,63.89194488525391,50.0225830078125,24.22178840637207
2011-02-23,100.2299346923828,137.50999450683594,65.01658630371094,32.000484466552734,67.48615264892578,63.81533050537109,49.61033630371094,24.76286506652832
2011-02-24,100.16105651855467,136.47999572753906,65.43206024169922,31.756601333618164,67.66055297851562,63.88607406616211,49.87347412109375,24.54305458068848
2011-02-25,101.23207092285156,137.3800048828125,66.94729614257812,32.37743377685547,67.8785629272461,64.18660736083984,50.566402435302734,25.084131240844727
2011-02-28,101.85935974121094,137.66000366210938,67.0206069946289,33.18117904663086,67.84947967529297,64.35746002197266,50.67164993286133,25.12640380859375
2011-03-01,100.16105651855467,140.02999877929688,65.67642974853516,32.19450759887695,67.92671966552734,64.3586654663086,49.85591125488281,25.506851196289062
2011-03-02,100.3752899169922,139.9199981689453,65.95342254638672,31.90071678161621,67.56980895996094,64.01557159423828,50.119049072265625,25.608306884765625
2011-03-03,102.10419464111328,138.08999633789062,67.45237731933594,32.36079788208008,67.11088562011719,63.743408203125,51.1102180480957,25.599851608276367
2011-03-04,101.3391571044922,139.35000610351562,67.15910339355469,32.05038070678711,67.59169006347656,63.985965728759766,50.84708786010742,25.72666549682617
2011-03-07,100.54356384277344,139.72000122070312,66.05931854248047,31.81757926940918,67.42411804199219,63.82623672485352,50.16292190551758,25.608306884765625
2011-03-08,101.4233169555664,139.36000061035156,67.1346664428711,32.26657485961914,67.2638931274414,63.743408203125,50.36466598510742,25.38849258422852
2011-03-09,101.27796936035156,139.41000366210938,66.86582946777344,32.233299255371094,67.65717315673828,64.07467651367188,50.0225830078125,25.48994255065918
2011-03-10,99.40374755859376,137.77000427246094,65.14694213867188,31.739965438842773,68.2326431274414,64.33496856689453,49.2419319152832,25.07567977905273
2011-03-11,100.09222412109376,138.22000122070312,65.31802368164062,32.06147766113281,68.07238006591797,64.27587127685547,49.548927307128906,24.93195533752441
2011-03-14,99.48786163330078,138.86000061035156,64.96772766113281,31.739965438842773,68.22528076171875,64.34680938720703,49.37350463867188,24.999588012695312
2011-03-15,98.3479995727539,136.27000427246094,64.38935852050781,31.57366752624512,68.47295379638672,64.34088897705078,48.67180633544922,24.08651733398437
2011-03-16,96.52735137939452,136.24000549316406,63.7457389831543,31.108049392700195,69.05567932128906,64.7254409790039,47.4964599609375,24.230239868164062
2011-03-17,97.80486297607422,136.97000122070312,63.88423156738281,31.346405029296875,68.84443664550781,64.68399810791016,47.93500518798828,24.98267936706543
2011-03-18,98.16061401367188,138.3699951171875,64.73150634765625,31.6623592376709,68.80068969726562,64.7254409790039,47.82698822021485,25.12640380859375
2011-03-21,99.68189239501952,139.13999938964844,66.23043823242188,32.006038665771484,68.44380950927734,64.51837158203125,48.749267578125,25.244768142700195
2011-03-22,99.3361358642578,139.0500030517578,65.880126953125,31.800954818725582,68.48023223876953,64.63673400878906,48.661415100097656,25.43076133728028
2011-03-23,99.6204071044922,140.33999633789062,66.08377838134766,31.45171546936035,68.39282989501953,64.59526062011719,48.933719635009766,25.481491088867188
2011-03-24,100.57312774658205,139.22000122070312,66.54012298583984,31.58475685119629,68.04318237304688,64.38231658935547,49.80330657958984,25.56603240966797
2011-03-25,100.88042449951172,139.25999450683594,67.11969757080078,31.8315486907959,67.86112976074219,64.28764343261719,49.92626190185547,25.633668899536133
2011-03-28,100.63459777832033,138.5399932861328,66.97277069091797,31.79246711730957,67.88296508789062,64.31132507324219,49.65397644042969,25.287038803100582
2011-03-29,101.31072998046876,138.2100067138672,67.6013412475586,31.920883178710938,67.68634033203125,63.99776458740234,50.1370735168457,25.43076133728028
2011-03-30,102.0099105834961,138.6699981689453,68.47484588623047,32.38431167602539,67.91943359375,64.21668243408203,50.37424850463867,25.396947860717773
2011-03-31,101.87158203125,139.86000061035156,68.71157836914062,32.64673614501953,67.74463653564453,64.00965881347656,50.44450378417969,25.794301986694336
2011-04-01,102.30184173583984,139.1999969482422,69.01363372802734,32.69699478149414,67.88920593261719,64.31192779541016,50.470848083496094,25.971843719482425
2011-04-04,102.38639831542967,139.83999633789062,69.1687240600586,32.67465591430664,68.04258728027344,64.4604263305664,50.3039665222168,26.20856666564941
2011-04-05,102.3709945678711,142.0500030517578,69.54424285888672,32.70816421508789,67.6993408203125,64.49607849121094,50.17221832275391,26.23392868041992
2011-04-06,102.69371795654295,142.3800048828125,69.69937896728516,32.724910736083984,67.40718841552734,64.28815460205078,50.29518127441406,26.31001853942871
2011-04-07,102.43247985839844,142.50999450683594,69.28303527832031,32.361995697021484,67.4145278930664,64.193115234375,50.26006317138672,26.360746383666992
2011-04-08,102.07904052734376,143.66000366210938,68.55648040771484,32.127464294433594,67.21731567382812,64.15750122070312,50.022891998291016,26.98637008666992
2011-04-11,101.77173614501952,142.63999938964844,67.9442138671875,32.14981460571289,67.30494689941406,64.16345977783203,49.85599899291992,26.4875602722168
2011-04-12,101.01107788085938,141.61000061035156,67.05440521240234,32.093971252441406,67.68472290039062,64.3891830444336,49.513431549072266,25.94648170471192
2011-04-13,101.00337982177734,141.89999389648438,67.14419555664062,32.04372787475586,67.94762420654297,64.50201416015625,49.93505859375,26.149383544921875
2011-04-14,101.08020782470705,143.80999755859375,67.45440673828125,32.50715637207031,67.7212905883789,64.34163665771484,49.84721374511719,26.217018127441406
2011-04-15,101.44902801513672,145.0500030517578,68.17280578613281,32.925907135009766,68.21784973144531,64.68019104003906,49.759376525878906,26.35229110717773
2011-04-18,100.3119125366211,145.92999267578125,67.04624938964844,32.629981994628906,68.38581848144531,64.76923370361328,49.40803146362305,26.19165802001953
2011-04-19,100.88814544677734,145.92999267578125,67.06258392333984,32.8868293762207,68.47341918945312,64.9058837890625,49.715450286865234,26.20011138916016
2011-04-20,102.26346588134766,146.5,68.43403625488281,33.272098541259766,68.2032470703125,64.935546875,50.83977127075195,26.614376068115234
2011-04-21,102.78589630126952,146.74000549316406,68.94017791748047,33.49543380737305,68.25434875488281,64.99494934082031,51.24381256103516,26.808826446533203
2011-04-25,102.6783218383789,146.8699951171875,68.85035705566406,33.718772888183594,68.49536895751953,65.060302734375,51.375579833984375,26.732738494873047
2011-04-26,103.56188201904295,146.3800048828125,69.53605651855469,34.01469802856445,68.78748321533203,65.36320495605469,51.66543197631836,26.72428321838379
2011-04-27,104.23804473876952,149.1999969482422,69.95242309570312,34.26596450805664,68.59028625488281,65.2800064086914,52.01678085327149,26.884916305541992
2011-04-28,104.57606506347656,149.82000732421875,70.27079772949219,34.72379684448242,68.85318756103516,65.48794555664062,51.937721252441406,26.690465927124023
2011-04-29,104.82191467285156,152.3699951171875,70.52386474609375,34.52280044555664,68.99197387695312,65.61266326904297,51.89380645751953,26.969459533691406
2011-05-02,104.6605987548828,150.41000366210938,69.69937896728516,34.57305145263672,68.970703125,65.76587677001953,51.79717254638672,26.69892120361328
2011-05-03,104.28412628173828,149.8800048828125,68.81771087646484,34.27711868286133,69.15380096435547,65.73604583740234,51.55123901367188,26.4199275970459
2011-05-04,103.59262084960938,147.72999572753906,67.92791748046875,34.08171081542969,69.32949829101562,65.83148956298828,51.47219467163086,25.99720573425293
2011-05-05,102.65528106689452,143.47000122070312,67.61769104003906,34.059364318847656,69.67363739013672,66.05805206298828,51.19112014770508,24.25560760498047
2011-05-06,103.10860443115234,145.3000030517578,67.97687530517578,33.75785446166992,69.71018981933594,66.05805206298828,51.35800552368164,24.17951774597168
2011-05-09,103.50812530517578,147.3800048828125,68.76873779296875,33.93095397949219,69.81273651123047,66.12364959716797,51.55123901367188,25.06722450256348
2011-05-10,104.3917007446289,147.89999389648438,69.82184600830078,34.46696090698242,69.47596740722656,65.8553466796875,51.99044036865234,25.295494079589844
2011-05-11,103.29298400878906,146.5399932861328,68.53197479248047,34.104034423828125,69.72489166259766,65.96268463134766,51.61273193359375,24.483869552612305
2011-05-12,103.7847137451172,146.58999633789062,69.13607788085938,34.15988540649414,69.57109069824219,65.80764770507812,51.92015075683594,24.50923538208008
2011-05-13,102.98567199707033,145.6300048828125,68.17280578613281,33.79693603515625,69.84204864501953,66.00436401367188,51.305320739746094,24.55150985717773
2011-05-16,102.33258819580078,145.3699951171875,67.17687225341797,33.84718704223633,70.01041412353516,66.1951904296875,50.41814804077149,24.230239868164062
2011-05-17,102.31717681884766,144.74000549316406,66.96461486816406,33.836021423339844,70.21544647216797,66.28462982177734,50.558692932128906,24.28942108154297
2011-05-18,103.23155212402344,145.60000610351562,67.99323272705078,34.165462493896484,69.81273651123047,66.11766815185547,50.98030471801758,24.779773712158203
2011-05-19,103.4773941040039,145.64999389648438,68.14014434814453,34.31062316894531,69.88591003417969,66.2309799194336,51.12963485717773,24.585325241088867
2011-05-20,102.65528106689452,147.49000549316406,67.64218139648438,33.89186096191406,70.0543441772461,66.18325805664062,50.74314498901367,24.8135929107666
2011-05-23,101.46439361572266,147.8300018310547,66.42582702636719,33.545677185058594,70.14957427978516,66.14154052734375,49.99654769897461,24.41623878479004
2011-05-24,101.3798828125,148.58999633789062,66.10743713378906,33.64619827270508,70.22273254394531,66.22502136230469,49.68910217285156,24.745960235595703
2011-05-25,101.7179183959961,148.5800018310547,66.94012451171875,33.80251693725586,70.23003387451172,66.09381103515625,49.8823471069336,25.19403839111328
2011-05-26,102.1866226196289,148.22000122070312,67.82176971435547,34.254791259765625,70.61813354492188,66.37999725341797,50.18976974487305,25.287038803100582
2011-05-27,102.5784683227539,149.6999969482422,68.28707122802734,34.45021057128906,70.61080169677734,66.45159149169922,50.44450378417969,25.43076133728028
2011-05-31,103.64641571044922,149.63999938964844,69.25851440429688,34.99740219116211,70.72057342529297,66.44564056396484,51.26138305664063,25.574487686157227
2011-06-01,101.31841278076172,149.91000366210938,67.0299301147461,33.99236297607422,71.30341339111328,66.77779388427734,50.14587020874024,25.25322151184082
2011-06-02,101.21085357666016,149.5,67.00540924072266,33.74668884277344,70.87771606445312,66.17332458496094,50.251258850097656,25.47303581237793
2011-06-03,100.20436096191406,150.22000122070312,66.02580261230469,33.880699157714844,71.15665435791016,66.31692504882812,49.4958610534668,25.574487686157227
2011-06-06,99.14405059814452,150.47999572753906,64.94009399414062,33.3837776184082,71.11260223388672,66.20321655273438,49.09182357788086,25.278583526611328
2011-06-07,99.0826187133789,150.4199981689453,65.09518432617188,33.73552322387695,71.24468231201172,66.4306411743164,49.00400161743164,25.51530647277832
2011-06-08,98.66770935058594,149.80999755859375,64.3686294555664,33.64060592651367,71.39884948730469,66.47254943847656,48.65265274047852,25.72666549682617
2011-06-09,99.42064666748048,150.55999755859375,64.71148681640625,33.27766799926758,71.11260223388672,66.29295349121094,48.74048614501953,25.87038803100586
2011-06-10,98.03768920898438,149.24000549316406,63.67475891113281,32.440162658691406,71.34014129638672,66.21519470214844,47.99386215209961,25.599851608276367
2011-06-13,98.114501953125,147.77000427246094,63.495147705078125,32.574153900146484,71.18602752685547,66.28702545166016,47.99386215209961,25.43076133728028
2011-06-14,99.35918426513672,148.6699981689453,64.85842895507812,33.0599250793457,70.62084197998047,66.08951568603516,48.60871124267578,25.608306884765625
2011-06-15,97.59205627441406,149.1199951171875,63.69921875,32.529483795166016,71.38419342041016,66.4545669555664,47.68642425537109,24.92350006103516
2011-06-16,97.80719757080078,148.97000122070312,63.84617614746094,32.78634262084961,71.5823745727539,66.32892608642578,47.50198745727539,24.82204818725586
2011-06-17,98.09906768798828,149.94000244140625,63.862525939941406,33.09900665283203,71.53099060058594,66.35282135009766,47.35319900512695,24.712141036987305
2011-06-20,98.60091400146484,150.02999877929688,64.45030212402344,33.50102233886719,71.42090606689453,66.36483001708984,47.59970474243164,24.57686996459961
2011-06-21,99.9521713256836,150.75999450683594,65.84619140625,33.7634391784668,71.325439453125,66.34683227539062,48.62088394165039,24.593780517578125
2011-06-22,99.3498764038086,150.99000549316406,65.34007263183594,33.662933349609375,71.296142578125,66.43663024902344,48.268741607666016,24.70368385314941
2011-06-23,99.064208984375,148.33999633789062,65.59314727783203,32.98175048828125,71.6704330444336,66.61024475097656,48.71771240234375,24.17951774597168
2011-06-24,97.91372680664062,146.25999450683594,65.2584457397461,32.98682403564453,71.971435546875,66.6460952758789,47.872596740722656,23.892066955566406
2011-06-27,98.7862548828125,145.72999572753906,65.76456451416016,33.12759780883789,71.69251251220703,66.4306411743164,48.63849258422852,23.88360977172852
2011-06-28,100.07571411132812,146.24000549316406,66.78501892089844,33.403526306152344,71.0318374633789,65.96979522705078,49.360382080078125,24.306331634521484
2011-06-29,100.93277740478516,147.17999267578125,67.1033706665039,33.75263977050781,70.60613250732422,65.82014465332031,49.56285095214844,24.745960235595703
2011-06-30,101.8979263305664,146.0,67.59319305419922,33.84274673461914,70.36388397216797,65.91590118408203,50.22309494018555,24.483869552612305
2011-07-01,103.4035873413086,144.92999267578125,68.64627075195312,34.4227409362793,70.18807220458984,65.91950225830078,50.98020553588867,24.517690658569336
2011-07-05,103.31864166259766,147.6300048828125,68.8116683959961,34.68740463256836,70.62955474853516,66.15385437011719,51.235469818115234,24.847410202026367
2011-07-06,103.4421844482422,148.91000366210938,69.0900650024414,34.94643783569336,70.7546157836914,66.2921142578125,51.40275573730469,24.838956832885746
2011-07-07,104.51547241210938,149.14999389648438,70.12991333007812,35.38566207885742,70.48236846923828,66.31009674072266,52.10702133178711,25.363126754760746
2011-07-08,103.77420043945312,150.25,69.70414733886719,35.34060287475586,71.23289489746094,66.73668670654297,51.96615982055664,25.337764739990234
2011-07-11,101.8979263305664,151.58999633789062,68.22212219238281,34.72681427001953,71.77733612060547,66.9590072631836,51.02419662475586,25.14331245422364
2011-07-12,101.45781707763672,152.77000427246094,67.83731079101562,34.84507751464844,71.88037872314453,67.01307678222656,50.63685989379883,25.363126754760746
2011-07-13,101.7975082397461,154.13999938964844,68.44319915771484,34.5015869140625,71.99810028076172,67.18132781982422,50.84813690185547,25.70975685119629
2011-07-14,101.09489440917967,154.5399932861328,67.35420989990234,34.18061447143555,71.58605194091797,66.76676940917969,50.25831604003906,25.56603240966797
2011-07-15,101.68173217773438,155.1999969482422,67.8045425415039,34.557884216308594,71.88037872314453,66.91694641113281,50.92736053466797,25.794301986694336
2011-07-18,100.84786224365234,156.57000732421875,66.71556091308594,34.315757751464844,71.83621978759766,66.6585464477539,50.65446090698242,25.650577545166016
2011-07-19,102.48474884033205,154.66000366210938,68.22212219238281,34.86759948730469,72.1085205078125,66.98300170898438,51.80770492553711,25.8281192779541
2011-07-20,102.4229965209961,156.02000427246094,68.10749053955078,35.12099075317383,71.75528717041016,66.8268051147461,51.58761596679688,25.91266441345215
2011-07-21,103.84371185302734,154.8300018310547,68.72980499267578,35.40254211425781,71.35797119140625,66.72467803955078,51.93095397949219,25.785844802856445
2011-07-22,103.9131851196289,156.1199951171875,68.81986236572266,35.57711410522461,71.63020324707031,66.99504852294922,52.46794509887695,25.99720573425293
2011-07-25,103.3341064453125,157.33999633789062,68.00926208496094,35.2448844909668,71.40206909179688,66.67658996582031,52.36230850219727,25.87038803100586
2011-07-26,102.9480209350586,157.77000427246094,67.493408203125,35.3237190246582,71.70379638671875,66.97099304199219,52.49436950683594,26.07329559326172
2011-07-27,100.8401336669922,157.19000244140625,65.47916412353516,34.33264923095703,71.58605194091797,66.77273559570312,51.138633728027344,25.895751953125
2011-07-28,100.54673767089844,157.32000732421875,65.37274932861328,34.36642837524414,71.72583770751953,66.91694641113281,51.226680755615234,25.81121063232422
2011-07-29,99.8594970703125,158.2899932861328,65.29083251953125,34.372066497802734,72.59410858154297,67.5177993774414,51.05942153930664,25.599851608276367
2011-08-01,99.43482971191406,157.72000122070312,64.86510467529297,33.85399627685547,72.85813903808594,67.71739959716797,50.82172775268555,25.599851608276367
2011-08-02,96.89452362060548,161.52000427246094,62.84266662597656,32.772850036621094,73.52933502197266,68.28433990478516,49.536434173583984,25.599851608276367
2011-08-03,97.41958618164062,161.49000549316406,63.26025390625,32.50254440307617,73.5884017944336,68.26023864746094,50.01182174682617,25.21940422058105
2011-08-04,92.85628509521484,160.63999938964844,59.44463348388672,30.91458320617676,74.5619125366211,68.75473022460938,47.68774032592773,24.26405906677246
2011-08-05,92.71733856201172,161.75,58.4047737121582,30.14313697814941,73.69900512695312,67.90438842773438,47.38841247558594,24.36551094055176
2011-08-08,86.67922973632812,167.1199951171875,53.32004928588867,27.5246810913086,74.87174224853516,67.25907135009766,44.5361328125,23.460893630981445
2011-08-09,90.7097625732422,168.61000061035156,56.87361526489258,30.03050422668457,75.30694580078125,67.86216735839844,46.68416595458984,23.68916130065918
2011-08-10,86.702392578125,174.5800018310547,54.08969497680664,29.33788681030273,76.30266571044922,68.4713134765625,44.77381896972656,23.79061317443848
2011-08-11,90.5939712524414,170.75,56.791751861572266,30.858272552490234,75.18155670166016,67.06607055664062,46.74576187133789,24.306331634521484
2011-08-12,91.2039566040039,169.97000122070312,57.143798828125,30.85264015197754,75.70523071289062,67.83203887939453,47.15954208374024,24.27251243591309
2011-08-15,93.1342315673828,171.8000030517578,58.75684356689453,31.978858947753903,75.42488861083984,67.95865631103516,47.85498428344727,24.568416595458984
2011-08-16,92.3389663696289,173.9199981689453,57.6760368347168,31.88312339782715,75.7716064453125,68.20596313476562,47.45005416870117,24.568416595458984
2011-08-17,92.40071868896484,174.4199981689453,57.69242858886719,31.97322654724121,76.30266571044922,68.3929214477539,47.16833114624024,24.779773712158203
2011-08-18,88.41656494140625,177.72000122070312,54.40903091430664,30.548561096191406,76.7009506225586,68.48341369628906,44.85306167602539,24.17106056213379
2011-08-19,86.97266387939453,179.9499969482422,53.45103454589844,29.96293258666992,76.78207397460938,68.3989486694336,44.04314804077149,24.602235794067383
2011-08-22,87.04215240478516,184.58999633789065,53.262733459472656,29.9967098236084,76.64195251464844,68.14566040039062,44.20159530639648,24.644506454467773
2011-08-23,89.90673828125,177.6699981689453,55.83373260498047,30.7343864440918,76.33214569091797,67.36763000488281,46.02389526367188,24.89813804626465
2011-08-24,91.1730499267578,171.64999389648438,56.66072845458984,31.13982391357422,75.51343536376953,66.5715560913086,46.38483810424805,24.644506454467773
2011-08-25,89.78321838378906,172.36000061035156,55.268775939941406,30.5598258972168,75.97814178466797,66.93943786621094,45.62776947021485,24.75441551208496
2011-08-26,91.08811950683594,177.47000122070312,56.58704376220703,30.93147087097168,76.22150421142578,66.96957397460938,46.77219009399414,25.03340721130371
2011-08-29,93.7056655883789,173.88999938964844,59.26448822021485,31.99011993408203,75.71997833251953,67.1866683959961,48.07508850097656,25.117950439453125
2011-08-30,93.95270538330078,179.10000610351562,59.608394622802734,32.0802001953125,76.24362182617188,67.54251098632812,48.39200592041016,25.456127166748047
2011-08-31,94.3696517944336,177.72000122070312,59.48555755615234,32.440608978271484,75.970703125,67.74755859375,48.47121810913086,25.49839782714844
2011-09-01,93.38134002685548,177.8699951171875,58.20824813842773,31.97322654724121,76.576171875,67.7978515625,48.03107833862305,25.32085609436035
2011-09-02,90.99545288085938,183.2400054931641,56.054832458496094,31.21867561340332,77.27841186523438,68.21550750732422,46.904239654541016,25.18558692932129
2011-09-06,90.33142852783205,182.8999938964844,55.89923477172852,31.08351325988769,77.38191223144531,68.61502838134766,46.91302490234375,25.10104179382324
2011-09-07,92.87943267822266,177.0800018310547,58.01172637939453,32.25477600097656,76.96793365478516,68.74822998046875,48.10149002075195,25.329309463500977
2011-09-08,91.9142837524414,181.8099975585937,56.94732284545898,32.00700759887695,77.34492492675781,68.68769073486328,47.88139724731445,25.16022491455078
2011-09-09,89.50525665283203,180.6999969482422,55.268775939941406,31.004676818847656,77.72195434570312,68.76030731201172,46.81620407104492,24.76286506652832
2011-09-12,90.08434295654295,176.6699981689453,55.74366760253906,31.106040954589844,77.48535919189453,68.3426513671875,47.41481399536133,24.70368385314941
2011-09-13,90.91050720214844,178.5399932861328,56.64435577392578,31.17923927307129,77.25623321533203,68.33052825927734,48.04866027832031,24.62759780883789
2011-09-14,92.16912078857422,177.2100067138672,57.65964889526367,31.38197326660156,77.30062103271484,68.30027770996094,48.73531723022461,24.50923538208008
2011-09-15,93.75968170166016,174.39999389648438,58.47026443481445,31.9000244140625,76.7239990234375,68.06419372558594,49.45720672607422,24.61068725585937
2011-09-16,94.31459045410156,176.02999877929688,58.560340881347656,32.20973587036133,76.87181091308594,68.06419372558594,49.91054534912109,24.500782012939453
2011-09-19,93.37550354003906,173.30999755859375,57.51227951049805,31.50585556030273,77.50020599365234,68.4394760131836,49.92817687988281,24.08651733398437
2011-09-20,93.26683807373048,175.77999877929688,56.61978912353516,31.48895263671875,77.60365295410156,68.46971893310547,49.70769119262695,24.044246673583984
2011-09-21,90.51934051513672,173.58999633789062,54.523681640625,29.827787399291992,77.93634033203125,68.6271743774414,48.84334182739258,23.68916130065918
2011-09-22,87.59336853027344,169.0500030517578,53.00070571899414,29.101381301879883,78.66079711914062,68.76030731201172,47.255802154541016,22.8521785736084
2011-09-23,88.12112426757812,159.8000030517578,53.543212890625,29.31574058532715,78.01029205322266,68.33659362792969,47.75854110717773,22.446367263793945
2011-09-26,90.21665954589844,157.5800018310547,54.55425262451172,29.7251091003418,77.68498229980469,68.20945739746094,48.31418228149414,22.5224552154541
2011-09-27,91.22567749023438,160.6300048828125,55.72966766357422,30.020767211914062,77.16751098632812,67.99153137207031,48.8169059753418,22.902904510498047
2011-09-28,89.36296081542969,156.22000122070312,53.5925178527832,29.25888442993164,77.1823501586914,67.7191390991211,48.09367752075195,22.285734176635746
2011-09-29,90.06922912597656,157.6999969482422,54.52134704589844,29.713735580444336,77.1823501586914,67.64649963378906,47.52039337158203,22.547822952270508
2011-09-30,87.81844329833984,158.05999755859375,52.85275650024414,28.92340850830078,77.67019653320312,67.9854736328125,46.294464111328125,21.77001571655273
2011-10-03,85.3193130493164,160.9600067138672,50.13202667236328,27.558837890625,78.38943481445312,68.11184692382812,45.10382080078125,21.66011047363281
2011-10-04,87.18977355957031,157.63999938964844,53.25551223754883,28.64480972290039,77.98948669433594,67.51644134521484,46.02986907958984,21.617839813232425
2011-10-05,88.80413055419922,159.4600067138672,53.98707580566406,28.40033721923828,77.66352844238281,67.7958984375,47.211700439453125,21.922197341918945
2011-10-06,90.41069793701172,160.49000549316406,55.1871452331543,29.179275512695312,77.12284088134766,67.52252197265625,48.0054931640625,22.37873268127441
2011-10-07,89.80531311035156,159.17999267578125,53.83911895751953,28.36621284484864,76.72279357910156,67.46176147460938,47.68798828125,22.27728080749512
2011-10-10,92.80892181396484,163.27000427246094,56.19817733764648,29.78195571899414,75.91545867919922,67.58934020996094,49.33726119995117,22.77608871459961
2011-10-11,92.90208435058594,162.10000610351562,56.58448791503906,29.190649032592773,76.16732025146484,67.7716064453125,49.67241287231445,22.94517517089844
2011-10-12,93.71698760986328,163.25999450683594,57.39003753662109,29.66825294494629,75.9080810546875,67.8748779296875,49.91934585571289,22.98744773864746
2011-10-13,93.5307159423828,162.3000030517578,57.3407096862793,29.47493362426757,76.21176147460938,67.93567657470703,50.37799072265625,23.038175582885746
2011-10-14,95.12955474853516,163.39999389648438,58.47503280639648,30.15722274780273,75.83403778076172,67.89315795898438,51.31287384033203,23.562345504760746
2011-10-17,93.31340026855467,162.6199951171875,56.6995735168457,29.50336647033692,76.33025360107422,67.8445053100586,50.519081115722656,23.224170684814453
2011-10-18,95.13731384277344,161.83999633789062,58.20376586914063,30.54386138916016,76.24877166748047,68.08146667480469,51.14529800415039,23.35098648071289
2011-10-19,94.01190948486328,159.8699951171875,57.06947708129883,30.19133758544922,76.36729431152344,68.25769805908203,50.15748596191406,22.894451141357425
2011-10-20,94.42325592041016,157.77000427246094,57.22563171386719,30.361906051635746,76.21176147460938,68.4095687866211,49.91054534912109,22.860633850097656
2011-10-21,96.21612548828124,159.52000427246094,58.46680450439453,31.36260986328125,76.07099914550781,68.63439178466797,50.53672409057617,22.97899436950684
2011-10-24,97.39581298828124,161.02000427246094,60.34912872314453,32.14154815673828,76.03399658203125,68.98680114746094,51.58627700805664,23.3425350189209
2011-10-25,95.50210571289062,165.58999633789062,58.655879974365234,31.61845588684082,76.68582153320312,69.3270034790039,50.57200622558594,23.418621063232425
2011-10-26,96.47223663330078,167.39999389648438,59.66688919067383,31.85157585144043,76.12287902832031,69.2784652709961,50.510284423828125,23.28335189819336
2011-10-27,99.8328628540039,169.5500030517578,62.81504440307617,33.363983154296875,75.20440673828125,69.26625061035156,51.90378952026367,23.90052032470703
2011-10-28,99.80958557128906,169.6199951171875,62.49446868896485,33.43221664428711,75.65621948242188,69.53365325927734,51.9831657409668,23.7990665435791
2011-10-31,97.40357208251952,167.33999633789062,60.834083557128906,33.05694961547852,76.67098236083984,69.69166564941406,51.11001586914063,23.435529708862305
2011-11-01,94.6871566772461,167.3800048828125,58.68053436279297,31.99371337890625,77.59059143066406,70.0403823852539,49.77824020385742,23.15653610229492
2011-11-02,96.23163604736328,169.05999755859375,60.127201080322266,32.607784271240234,77.4050064086914,70.29650115966797,50.20158386230469,23.30026054382324
2011-11-03,97.98565673828124,171.72000122070312,61.62318801879883,33.05694961547852,77.04134368896484,70.33306884765625,51.2423095703125,23.587709426879883
2011-11-04,97.3880615234375,170.85000610351562,61.31905746459961,32.78971862792969,77.27142333984375,70.47332000732422,50.97770309448242,23.663799285888672
2011-11-07,97.9934539794922,174.97999572753906,61.19572448730469,32.79541778564453,77.36051940917969,70.19281005859375,51.33932495117188,24.01042366027832
2011-11-08,99.2507553100586,173.52999877929688,62.09170150756836,33.22184753417969,77.0116958618164,69.75994873046875,51.93025588989258,24.12879180908203
2011-11-09,95.58745574951172,172.07000732421875,59.13261032104492,31.703758239746094,77.69447326660156,69.57701110839844,50.10457611083984,23.596162796020508
2011-11-10,96.4877700805664,171.13999938964844,59.5682487487793,31.69806861877441,77.31598663330078,69.22941589355469,50.07809829711914,23.57080078125
2011-11-11,98.3039093017578,173.9600067138672,61.138221740722656,32.550933837890625,76.95977020263672,69.1075210571289,51.02181625366211,23.7990665435791
2011-11-14,97.37252807617188,173.1999969482422,60.25871658325195,31.94823455810547,77.44213104248047,69.10140991210938,50.70431518554688,23.545434951782227
2011-11-15,97.8537368774414,173.36000061035156,61.02314376831055,32.18703842163086,77.33826446533203,69.03434753417969,51.268775939941406,23.71452522277832
2011-11-16,96.30150604248048,171.50999450683594,60.03678512573242,31.8800048828125,77.6202392578125,68.81480407714844,50.42209243774414,23.65534400939941
2011-11-17,94.7725601196289,167.10000610351562,59.181922912597656,31.29437065124512,77.77613830566406,68.27217102050781,49.24024200439453,23.10581016540528
2011-11-18,94.67161560058594,167.6199951171875,59.16549682617188,31.493385314941406,77.48668670654297,68.38191223144531,48.86099243164063,23.071990966796875
2011-11-21,92.87104034423828,163.5,57.75170516967773,30.69736862182617,77.70195770263672,68.10145568847656,47.92610549926758,22.902904510498047
2011-11-22,92.5062255859375,165.30999755859375,57.26675796508789,30.55522346496582,77.93941497802734,67.92459869384766,48.08486175537109,23.055084228515625
2011-11-23,90.46503448486328,164.8300018310547,55.46663665771485,29.634132385253903,78.2066421508789,67.57706451416016,47.00003433227539,22.70845413208008
2011-11-25,90.29428100585938,163.39999389648438,54.75973129272461,29.764896392822266,77.70930480957031,67.30876159667969,46.63845443725586,22.5224552154541
2011-11-28,92.90983581542967,166.6300048828125,57.365352630615234,30.430137634277344,77.716796875,67.33930206298828,48.261268615722656,22.80145263671875
2011-11-29,93.1737060546875,166.8800048828125,57.258544921875,30.384653091430664,77.56830596923828,67.18683624267578,47.961387634277344,23.09735679626465
2011-11-30,97.0077667236328,170.1300048828125,60.60395050048828,31.8004093170166,77.1156005859375,67.49173736572266,49.73414611816406,23.36789321899414
2011-12-01,96.99224853515624,169.6300048828125,60.16829299926758,31.538856506347656,77.09331512451172,67.64836120605469,50.07809829711914,23.28335189819336
2011-12-02,96.9068603515625,169.82000732421875,60.41488265991211,31.510440826416016,77.43536376953125,68.22349548339844,49.9370002746582,23.486257553100582
2011-12-05,97.96243286132812,167.32000732421875,61.45058822631836,31.777660369873047,77.39075469970703,68.73135375976562,50.48382186889648,23.35943984985352
2011-12-06,97.9934539794922,168.17999267578125,61.50811004638672,31.72648811340332,77.18995666503906,68.3642807006836,50.34269714355469,23.486257553100582
2011-12-07,98.35823059082033,169.39999389648438,61.38482284545898,32.07331466674805,77.53946685791016,68.79254913330078,50.34269714355469,23.28335189819336
2011-12-08,96.20059967041016,165.97999572753906,59.47785186767578,31.34554672241211,77.93362426757812,68.56002044677734,49.49600982666016,22.98744773864746
2011-12-09,97.8304672241211,166.39999389648438,61.26974868774414,32.03351974487305,77.39820098876953,68.29686737060547,50.28977966308594,23.071990966796875
2011-12-12,96.40238189697266,161.99000549316406,60.390254974365234,31.464937210083008,77.6658706665039,68.30303955078125,49.72532653808594,22.77608871459961
2011-12-13,95.50210571289062,158.4499969482422,59.13261032104492,31.095365524291992,78.02275848388672,68.53556060791016,49.17850112915039,22.86908721923828
2011-12-14,94.48533630371094,152.88999938964844,58.39282989501953,31.277307510375977,78.3499984741211,68.65181732177734,48.41119384765625,22.05746841430664
2011-12-15,94.82686614990234,152.3300018310547,58.93535232543945,31.8004093170166,78.28308868408203,68.76195526123047,48.27890396118164,21.947559356689453
2011-12-16,94.96745300292967,155.22999572753906,59.39564514160156,32.152923583984375,78.66236114501953,69.14742279052734,48.52747344970703,22.125104904174805
2011-12-19,93.95206451416016,154.8699951171875,58.36817169189453,31.87432289123535,78.93006134033203,69.39216613769531,48.049800872802734,22.02364921569824
2011-12-20,96.79508209228516,156.97999572753906,60.7108039855957,32.84089660644531,78.2162094116211,69.34323120117188,49.47396087646485,22.530914306640625
2011-12-21,96.98255920410156,157.16000366210938,60.9573974609375,32.82952117919922,77.96331787109375,69.04952239990234,48.76629257202149,22.691547393798828
2011-12-22,97.8416976928711,156.0399932861328,61.34561538696289,33.30144500732422,78.05998992919922,69.41050720214844,49.18204498291016,22.716909408569336
2011-12-23,98.7164535522461,156.30999755859375,61.57687759399414,33.446319580078125,77.740234375,69.19634246826172,49.60662460327149,22.82681465148925
2011-12-27,98.7945785522461,154.91000366210938,61.75859069824219,33.59577178955078,77.78419494628906,69.45916748046875,49.79166793823242,22.928268432617188
2011-12-28,97.49803924560548,151.02999877929688,60.63526153564453,33.193363189697266,78.27588653564453,69.58806610107422,49.21620941162109,22.65772819519043
2011-12-29,98.5055694580078,150.33999633789062,61.24647521972656,33.48655319213867,78.37275695800781,69.55121612548828,49.57033920288086,22.72536277770996
2011-12-30,98.02131652832033,151.99000549316406,60.91609573364258,33.34283828735352,78.64836120605469,69.84593200683594,49.42869186401367,22.691547393798828
2012-01-03,99.58342742919922,155.9199981689453,61.923805236816406,33.624534606933594,78.1492691040039,69.79067993164062,50.37599182128906,23.36789321899414
2012-01-04,99.73960876464844,156.7100067138672,61.58512878417969,33.04964828491211,77.90338134765625,69.84593200683594,50.58846664428711,23.545434951782227
2012-01-05,100.00518798828124,157.77999877929688,61.93205642700195,33.36008071899414,77.91830444335938,69.5450668334961,51.00460433959961,23.224170684814453
2012-01-06,99.74744415283205,157.1999969482422,61.77511978149414,33.250850677490234,78.22373962402344,69.81523895263672,51.181678771972656,23.32562255859375
2012-01-09,99.98956298828124,156.5,62.088966369628906,33.13587188720703,78.23863220214844,69.71086120605469,51.01345443725586,23.35098648071289
2012-01-10,100.85652160644533,158.63999938964844,62.99755859375,33.503807067871094,78.08214569091797,69.90731811523438,51.385284423828125,23.52007293701172
2012-01-11,100.91119384765624,159.6699981689453,63.2453498840332,33.739501953125,78.53662109375,69.89508056640625,51.49152374267578,23.452438354492188
2012-01-12,101.15331268310548,160.3800048828125,63.435340881347656,33.492305755615234,78.37275695800781,70.05464172363281,51.69515609741211,23.12271881103516
2012-01-13,100.63003540039062,159.25999450683594,63.096675872802734,33.5670280456543,78.72283172607422,70.30642700195312,51.50924301147461,23.071990966796875
2012-01-17,101.02056121826172,160.5,63.071903228759766,33.842979431152344,78.79734802246094,70.52135467529297,51.97847366333008,23.23262596130371
2012-01-18,102.13745880126952,161.60000610351562,64.19525146484375,34.07868194580078,78.55155181884766,70.3801040649414,52.669036865234375,23.241079330444336
2012-01-19,102.67636108398438,161.22000122070312,64.59171295166016,34.21089553833008,78.08214569091797,70.36174011230469,52.99662780761719,23.3425350189209
2012-01-20,103.05911254882812,162.07000732421875,64.63301849365234,34.42359924316406,77.81398010253906,70.18365478515625,52.91693878173828,23.17344284057617
2012-01-23,102.79354858398438,163.16000366210938,64.55040740966797,34.59031677246094,77.64263916015625,70.07929229736328,52.93463134765625,23.44398498535156
2012-01-24,102.67636108398438,162.00999450683594,64.922119140625,34.854759216308594,77.7320327758789,70.33102416992188,52.83726119995117,23.486257553100582
2012-01-25,103.53549194335938,166.4199981689453,65.47547912597656,35.30316925048828,78.10453796386719,70.57042694091797,53.50127029418945,23.680707931518555
2012-01-26,103.00440979003906,167.27000427246094,65.40115356445312,35.55035400390625,78.52178192138672,71.12297058105469,53.315338134765625,23.74834442138672
2012-01-27,102.95758056640624,168.97000122070312,65.8471908569336,35.56186294555664,78.76018524169922,71.22743225097656,53.47471237182617,23.8328857421875
2012-01-30,102.60604858398438,168.02999877929688,65.33509063720703,35.29742431640625,79.02833557128906,71.1352767944336,53.51896667480469,23.587709426879883
2012-01-31,102.56703186035156,169.30999755859375,65.26899719238281,35.469879150390625,79.32630157470703,71.34406280517578,53.58979415893555,23.52853012084961
2012-02-01,103.46521759033205,169.55999755859375,66.67318725585938,35.820552825927734,79.05091857910156,71.62804412841797,54.02360916137695,23.604616165161133
2012-02-02,103.62925720214844,171.0500030517578,67.05316162109375,35.901031494140625,79.16283416748047,71.77589416503906,54.19181823730469,23.663799285888672
2012-02-03,105.08194732666016,167.63999938964844,68.51512145996094,36.40118408203125,78.5359878540039,71.67121887207031,54.935508728027344,23.942794799804688
2012-02-06,105.01168060302734,167.17999267578125,68.29212188720703,36.28619766235352,78.75234985351562,71.85597229003906,54.891258239746094,24.061153411865234
2012-02-07,105.27723693847656,169.6999969482422,68.25079345703125,36.19422149658203,78.244873046875,71.720458984375,55.00634765625,24.044246673583984
2012-02-08,105.58966064453124,168.5,68.39949035644531,36.25745391845703,78.28223419189453,71.79444122314453,55.29850387573242,24.154151916503903
2012-02-09,105.72248077392578,168.02000427246094,68.06082916259766,35.99301528930664,78.1030502319336,71.56641387939453,55.696903228759766,24.280969619750977
2012-02-10,104.94143676757812,167.13999938964844,67.1274642944336,35.65958786010742,78.54344177246094,71.4986572265625,55.30735397338867,24.052698135375977
2012-02-13,105.72248077392578,167.50999450683594,67.9947280883789,36.02174758911133,78.49116516113281,71.74510192871094,55.82086944580078,24.11188125610352
2012-02-14,105.58966064453124,167.1199951171875,67.68912506103516,35.653846740722656,78.65536499023438,71.80050659179688,55.9625129699707,24.103424072265625
2012-02-15,105.09760284423828,168.11000061035156,67.1274642944336,35.44114303588867,78.71512603759766,71.70195770263672,55.57294845581055,24.187971115112305
2012-02-16,106.26138305664062,168.0,68.3912353515625,35.81480407714844,78.3568115234375,71.57878875732422,56.33434295654297,24.297876358032227
2012-02-17,106.54254913330078,167.35000610351562,68.38296508789062,35.843544006347656,78.27474212646484,71.4678955078125,56.15729141235352,24.25560760498047
2012-02-21,106.58940887451172,171.02000427246094,67.92041015625,35.285919189453125,77.99115753173828,71.35082244873047,56.316654205322266,24.63605117797852
2012-02-22,106.2457504272461,172.94000244140625,67.38349914550781,34.98697662353516,78.29715728759766,71.79444122314453,56.05991363525391,24.864320755004883
2012-02-23,106.71442413330078,173.02000427246094,68.3912353515625,35.42390441894531,78.40911865234375,71.89292907714844,56.43174362182617,24.940406799316406
2012-02-24,106.94864654541016,172.22999572753906,68.25908660888672,35.469879150390625,78.46874237060547,71.9483871459961,56.62651443481445,25.092588424682617
2012-02-27,107.12832641601562,171.6999969482422,68.14344024658203,35.412391662597656,78.73004913330078,72.21330261230469,56.706199645996094,24.88968086242676
2012-02-28,107.44075012207033,173.49000549316406,67.96170043945312,35.205421447753906,78.76734161376953,72.44122314453125,57.28167343139648,24.8812313079834
2012-02-29,107.01898193359376,164.2899932861328,66.94574737548828,35.061710357666016,78.45386505126953,72.50900268554688,57.02491760253906,24.788232803344727
2012-03-01,107.57352447509766,166.61000061035156,67.29266357421875,35.27442169189453,78.1997299194336,72.33777618408203,57.47646713256836,25.1771297454834
2012-03-02,107.24549865722656,166.33999633789062,66.28495025634766,35.22268295288086,78.51363372802734,72.36246490478516,57.43218994140625,24.92350006103516
2012-03-05,106.80809783935548,165.64999389648438,66.35932159423828,35.57909393310547,78.35663604736328,72.23268127441406,56.8390007019043,24.805139541625977
2012-03-06,105.24598693847656,162.6999969482422,65.03773498535156,35.10770034790039,78.68558502197266,72.12145233154297,56.28123474121094,24.39933013916016
2012-03-07,105.980224609375,163.6300048828125,65.64895629882812,35.29742431640625,78.53614044189453,72.09049987792969,56.71504592895508,24.50923538208008
2012-03-08,107.03461456298828,165.27999877929688,66.49971008300781,35.11345291137695,78.3043441772461,72.10286712646484,57.32593536376953,24.712141036987305
2012-03-09,107.44855499267578,166.3800048828125,67.40007019042969,35.285919189453125,78.24457550048828,72.0657730102539,57.56497573852539,24.779773712158203
2012-03-12,107.45637512207033,165.07000732421875,67.26786804199219,35.54460906982422,78.22211456298828,71.92355346679688,57.5915412902832,24.745960235595703
2012-03-13,109.39340209960938,162.3000030517578,68.60598754882812,36.2632064819336,77.6614761352539,71.72581481933594,58.66280746459961,24.855865478515625
2012-03-14,109.27620697021484,159.57000732421875,68.04430389404297,36.16547393798828,76.77190399169922,70.87271881103516,58.86642456054688,24.6867790222168
2012-03-15,109.90884399414062,161.0800018310547,68.6142349243164,36.11373901367188,76.74950408935547,70.71818542480469,59.03466796875,24.70368385314941
2012-03-16,110.0610580444336,161.3000030517578,68.556396484375,36.32069778442383,76.72705841064453,70.82321166992188,58.99297332763672,25.00804710388184
2012-03-19,110.49249267578124,161.58999633789062,69.1346206665039,36.57363510131836,76.25607299804688,70.72433471679688,59.40977478027344,24.96577453613281
2012-03-20,110.17086791992188,160.1300048828125,68.51512145996094,36.52189636230469,76.29351043701172,70.6810531616211,59.516204833984375,24.661415100097656
2012-03-21,109.9904556274414,160.2100067138672,68.49858093261719,36.47016525268555,76.68220520019531,71.0025863647461,59.52506637573242,24.602235794067383
2012-03-22,109.19813537597656,159.57000732421875,67.83782196044922,35.97002410888672,76.7793960571289,70.88505554199219,59.40093231201172,24.40778541564941
2012-03-23,109.55113983154295,161.52999877929688,68.5014419555664,36.19422149658203,77.06343841552734,70.94071197509766,59.36544799804688,24.644506454467773
2012-03-26,111.0887222290039,164.39999389648438,69.92649841308594,36.618412017822266,76.97374725341797,71.09522247314453,60.40304946899414,24.75441551208496
2012-03-27,110.74354553222656,163.24000549316406,69.43766784667969,36.624210357666016,77.39984130859375,71.64540100097656,60.49175262451172,24.6529598236084
2012-03-28,110.19440460205078,161.50999450683594,69.0317153930664,36.566253662109375,77.2652587890625,71.50944519042969,60.25229644775391,24.41623878479004
2012-03-29,110.00613403320312,161.27999877929688,68.83284759521484,36.58363723754883,77.58675384521484,71.65155792236328,60.021728515625,24.07806396484375
2012-03-30,110.4611358642578,162.1199951171875,68.60916137695312,36.884986877441406,77.2054443359375,71.478515625,59.90642166137695,24.348602294921875
2012-04-02,111.26912689208984,162.94000244140625,69.45423889160156,37.145751953125,77.39042663574219,71.6627197265625,60.52720260620117,24.661415100097656
2012-04-03,110.81410217285156,159.88999938964844,68.99027252197266,37.00089263916016,76.82128143310547,70.9804916381836,60.50947952270508,24.55150985717773
2012-04-04,109.71589660644533,157.2100067138672,67.88836669921875,36.59523391723633,77.21075439453125,71.11687469482422,59.68471908569336,24.17106056213379
2012-04-05,109.66098022460938,158.30999755859375,67.590087890625,36.456153869628906,77.55518341064453,71.2347412109375,60.05718994140625,24.26405906677246
2012-04-09,108.42936706542967,159.3699951171875,66.47988891601562,36.0678939819336,78.34891510009766,71.6999740600586,59.60490036010742,24.154151916503903
2012-04-10,106.60938262939452,161.10000610351562,64.91400146484375,35.29137420654297,78.71585845947266,71.65657043457031,58.6470947265625,23.8328857421875
2012-04-11,107.4722900390625,161.07000732421875,65.83364868164062,35.74336624145508,78.40885925292969,71.58206939697266,58.930908203125,23.892066955566406
2012-04-12,108.8765106201172,162.6999969482422,66.77813720703125,36.235939025878906,78.2515640258789,71.6131362915039,59.60490036010742,24.20487594604492
2012-04-13,107.58213806152344,160.85000610351562,65.89993286132812,36.08527374267578,78.72331237792969,71.95425415039062,58.70030212402344,23.959701538085938
2012-04-16,107.51153564453124,160.4600067138672,66.00763702392578,36.57785415649414,78.70088195800781,71.95425415039062,58.044044494628906,23.722978591918945
2012-04-17,109.10399627685548,160.25,66.9604263305664,36.89078521728516,78.61845397949219,72.04733276367188,59.22353363037109,23.8328857421875
2012-04-18,108.7353057861328,159.30999755859375,66.45500946044922,36.64158248901367,78.77574920654297,72.0348892211914,59.07278060913086,23.604616165161133
2012-04-19,108.0371322631836,159.42999267578125,66.07392120361328,36.64158248901367,78.86557006835938,72.08451080322266,58.40764999389648,23.61307144165039
2012-04-20,108.21755981445312,159.5399932861328,66.45500946044922,37.08781433105469,78.87309265136719,72.06591033935547,58.248008728027344,23.70607185363769
2012-04-23,107.30754089355467,159.07000732421875,65.53538513183594,36.70534896850586,79.03031158447266,72.07831573486328,57.71590042114258,23.663799285888672
2012-04-24,107.71549987792967,159.3000030517578,66.03247833251953,37.25587463378906,78.82816314697266,71.9480972290039,57.40553283691406,23.663799285888672
2012-04-25,109.19032287597656,159.6199951171875,67.059814453125,37.6846923828125,78.73081970214844,72.0721664428711,58.930908203125,23.7990665435791
2012-04-26,109.95124816894533,161.02999877929688,67.72264862060547,37.77740478515625,78.99287414550781,72.19000244140625,59.27675628662109,23.849794387817383
2012-04-27,110.13170623779295,161.3800048828125,68.25289916992188,38.038177490234375,79.07524871826172,72.2953872680664,59.63151168823242,23.92588233947754
2012-04-30,109.72372436523438,161.8800048828125,67.49896240234375,37.93968200683594,79.14269256591797,72.25199890136719,59.20580291748047,24.018882751464844
2012-05-01,110.40621185302734,161.32000732421875,67.56523132324219,38.351104736328125,78.99871063232422,72.1144790649414,59.30338287353516,24.018882751464844
2012-05-02,110.07674407958984,160.58999633789062,67.74750518798828,38.29317092895508,79.14867401123047,72.3509750366211,59.47188949584961,23.70607185363769
2012-05-03,109.23738861083984,158.97000122070312,66.79470825195312,38.15988159179688,79.14116668701172,72.39454650878906,58.84222412109375,23.44398498535156
2012-05-04,107.4722900390625,159.47000122070312,65.52708435058594,37.82377624511719,79.45618438720703,72.47543334960938,57.37889862060547,23.02971839904785
2012-05-07,107.55076599121094,159.0800018310547,65.70108795166016,38.09034729003906,79.43368530273438,72.59991455078125,57.43213272094727,22.97899436950684
2012-05-08,107.11929321289062,156.0,65.65966033935547,38.020774841308594,79.61363983154297,72.78041076660156,57.21925735473633,22.894451141357425
2012-05-09,106.4839096069336,154.47000122070312,65.28682708740234,37.89909744262695,79.68115997314453,72.65596771240234,57.04191207885742,22.716909408569336
2012-05-10,106.70354461669922,154.77000427246094,65.53538513183594,37.92807388305664,79.56863403320312,72.506591796875,56.92662811279297,22.72536277770996
2012-05-11,106.38186645507812,153.55999755859375,65.36967468261719,38.00920486450195,79.8311538696289,72.72440338134766,56.917747497558594,22.5562744140625
2012-05-14,105.2052001953125,151.3300018310547,64.49972534179688,37.52823257446289,80.18367004394531,72.74308013916016,56.38566207885742,22.260372161865234
2012-05-15,104.60114288330078,149.74000549316406,64.38372802734375,37.331199645996094,80.20616912841797,72.64968872070312,56.19939804077149,22.302642822265625
2012-05-16,104.2010726928711,149.4600067138672,63.919769287109375,36.91975021362305,80.26618957519531,72.68705749511719,55.81806182861328,22.27728080749512
2012-05-17,102.65567016601562,152.8000030517578,62.469852447509766,35.84188461303711,80.56620025634766,72.14559173583984,54.63857269287109,22.22655487060547
2012-05-18,101.77706146240234,154.5500030517578,61.881649017333984,35.40726852416992,80.51371002197266,71.86554718017578,53.9290885925293,22.209646224975582
2012-05-21,103.5264129638672,154.64999389648438,63.33980178833008,36.17799377441406,80.3037109375,71.94647216796875,55.43671417236328,22.50554847717285
2012-05-22,103.70682525634766,152.0800018310547,62.958717346191406,36.24753189086914,80.13116455078125,71.75352478027344,55.374629974365234,22.184282302856445
2012-05-23,103.76177215576172,151.6199951171875,63.36467361450195,36.299686431884766,80.34121704101562,71.92774200439453,55.4810676574707,21.939105987548828
2012-05-24,103.96573638916016,151.41000366210938,63.49724197387695,36.46195602416992,80.16866302490234,71.94022369384766,55.11744689941406,21.947559356689453
2012-05-25,103.62840270996094,152.67999267578125,63.45581817626953,36.317081451416016,80.40119171142578,72.12071228027344,55.04651641845703,22.02364921569824
2012-05-29,104.883544921875,151.02000427246094,64.37545013427734,36.83282470703125,80.33367156982422,72.22650146484375,55.74711227416992,21.930652618408203
2012-05-30,103.36167907714844,151.91000366210938,63.14096450805664,35.95778274536133,81.09870910644531,72.28873443603516,55.27709197998047,21.524843215942383
2012-05-31,103.1341781616211,151.6199951171875,63.05813217163086,36.23015594482422,81.41372680664062,72.799072265625,55.037635803222656,21.338844299316406
2012-06-01,100.53758239746094,157.5,61.16082763671875,35.3435173034668,82.11306762695312,73.24623107910156,53.5743522644043,20.89921760559082
2012-06-04,100.49053192138672,157.32000732421875,61.01997375488281,35.10013198852539,81.63980865478516,72.69043731689453,53.98229217529297,21.017578125
2012-06-05,101.25144958496094,157.13999938964844,61.807071685791016,35.824501037597656,81.36934661865234,72.53431701660156,54.204010009765625,20.941490173339844
2012-06-06,103.5264129638672,157.2100067138672,63.33150863647461,36.618412017822266,80.83605194091797,72.32199096679688,55.44559097290039,21.33039283752441
2012-06-07,103.58917999267578,154.5,62.917274475097656,36.35764694213867,81.03136444091797,72.47185516357422,55.223876953125,21.186664581298828
2012-06-08,104.4128875732422,154.72999572753906,63.77064514160156,36.87339019775391,81.09141540527344,72.74040222167969,55.755977630615234,21.25429916381836
2012-06-11,103.08715057373048,155.36000061035156,62.36216735839844,36.04471969604492,81.30926513671875,72.72791290283203,54.8159294128418,20.86540031433105
2012-06-12,104.27167510986328,156.4600067138672,63.14925384521485,36.38661575317383,80.8735580444336,72.51558685302734,55.4810676574707,20.966854095458984
2012-06-13,103.60486602783205,157.1199951171875,62.42015075683594,36.20118713378906,81.30174255371094,72.77789306640625,55.099735260009766,20.80621910095215
2012-06-14,104.70316314697266,157.75,63.13268661499024,36.72853469848633,81.08392333984375,72.69043731689453,55.303707122802734,21.0513973236084
2012-06-15,105.77392578125,157.83999633789062,63.97779846191406,36.95452117919922,81.45948791503906,72.99022674560547,55.99079895019531,21.017578125
2012-06-18,105.97897338867188,157.92999267578125,64.05233001708984,37.26166534423828,81.43695068359375,72.95899200439453,56.5152587890625,21.034486770629883
2012-06-19,107.00408172607422,157.16000366210938,65.16254425048828,37.41232299804688,81.15909576416016,72.89022827148438,57.1019172668457,21.2120304107666
2012-06-20,106.83059692382812,155.97000122070312,65.06311798095703,37.39493942260742,80.99378967285156,72.92145538330078,57.14633941650391,20.86540031433105
2012-06-21,104.43345642089844,152.02000427246094,63.48066329956055,36.78646087646485,81.16651153564453,73.03388214111328,55.7241325378418,20.41731643676757
2012-06-22,105.23777770996094,152.63999938964844,64.20147705078125,36.792259216308594,80.81350708007812,72.97770690917969,56.3108024597168,20.62022590637207
2012-06-25,103.55030822753906,153.75999450683594,63.19896697998047,36.60470962524414,81.25669860839844,73.16504669189453,55.22636413574219,20.831581115722656
2012-06-26,104.07070922851562,152.6199951171875,63.44625473022461,36.72740936279297,81.07638549804688,73.23997497558594,55.57301712036133,20.975305557250977
2012-06-27,105.00901794433594,152.8300018310547,64.47871398925781,36.873477935791016,81.18909454345703,73.33987426757812,55.91078567504883,21.093669891357425
2012-06-28,104.7094268798828,151.0500030517578,64.3704605102539,37.27661895751953,81.45205688476562,73.45233917236328,55.28857803344727,20.86540031433105
2012-06-29,107.31948852539062,155.19000244140625,66.24385833740234,38.229000091552734,81.07638549804688,73.4335708618164,57.03078842163086,21.77001571655273
2012-07-02,107.64279174804688,155.08999633789062,67.00988006591797,38.64967346191406,81.4525375366211,73.82332611083984,57.199684143066406,21.727746963500977
2012-07-03,108.35246276855467,157.4600067138672,67.88416290283203,38.877532958984375,81.24946594238281,73.8859634399414,57.67967224121094,22.336462020874023
2012-07-05,107.86354064941406,155.67999267578125,67.80919647216797,38.63798141479492,81.4676284790039,74.07392883300781,57.715240478515625,22.42100524902344
2012-07-06,106.83847045898438,153.7100067138672,67.0515365600586,38.7314567565918,81.75349426269531,74.26190948486328,56.99523162841797,21.905288696289062
2012-07-09,106.70440673828124,154.0399932861328,66.79340362548828,38.77237319946289,81.97919464111328,74.31201934814453,56.88857650756836,22.29419136047364
2012-07-10,105.77392578125,152.14999389648438,66.05238342285156,38.3575325012207,82.01680755615234,74.29327392578125,56.32857131958008,22.006738662719727
2012-07-11,105.78973388671876,152.99000549316406,65.82756042480469,38.39842987060547,81.94156646728516,74.41853332519531,56.017459869384766,22.25191879272461
2012-07-12,105.27719116210938,152.58999633789062,65.60276794433594,38.51529312133789,82.12964630126953,74.79451751708984,55.49302673339844,22.302642822265625
2012-07-13,107.0435028076172,154.13999938964844,66.41873931884766,38.98855209350586,82.06197357177734,74.819580078125,56.33747863769531,22.573184967041016
2012-07-16,106.79115295410156,154.2100067138672,66.15228271484375,39.06450271606445,82.24250030517578,75.02638244628906,56.17744827270508,22.8521785736084
2012-07-17,107.52447509765624,153.47000122070312,66.38543701171875,39.43844604492188,82.03187561035156,75.02638244628906,56.47079086303711,22.87754249572754
2012-07-18,108.3209228515625,153.0500030517578,66.79340362548828,39.20472717285156,82.11457824707031,75.43987274169922,57.2352409362793,23.0804443359375
2012-07-19,108.6047821044922,153.3800048828125,66.568603515625,38.79573059082031,81.99424743652344,75.57149505615234,57.86635208129883,23.35943984985352
2012-07-20,107.61122131347656,153.6699981689453,65.71934509277344,38.59123992919922,82.31769561767578,75.6278305053711,57.1019172668457,23.35943984985352
2012-07-23,106.52304077148438,153.02999877929688,64.67021179199219,38.310794830322266,82.45314025878906,75.38346862792969,56.40856170654297,22.86908721923828
2012-07-24,105.60833740234376,153.52000427246094,63.820926666259766,38.1822509765625,82.61109161376953,75.5025634765625,55.96413803100586,22.73381805419922
2012-07-25,105.63201904296876,155.6699981689453,63.96248245239258,38.16472625732422,82.65631103515625,75.64669036865234,55.59079360961914,22.902904510498047
2012-07-26,107.37466430664062,156.77000427246094,64.51204681396484,38.50360107421875,82.40047454833984,75.76568603515625,56.32857131958008,22.94517517089844
2012-07-27,109.35386657714844,157.5399932861328,66.0440444946289,38.87168884277344,81.80615997314453,75.40849304199219,57.66188430786133,23.181900024414062
2012-07-30,109.35386657714844,157.42999267578125,65.81925964355469,39.05281448364258,82.0694580078125,75.60279846191406,57.61745834350586,23.317169189453125
2012-07-31,108.58905792236328,156.49000549316406,65.23640441894531,38.994384765625,82.21239471435547,75.99124145507812,57.59967422485352,23.038175582885746
2012-08-01,108.494384765625,155.13999938964844,64.16230010986328,38.80742645263672,81.91254425048828,75.90637969970703,57.43080139160156,23.071990966796875
2012-08-02,107.74527740478516,154.1300048828125,63.9291877746582,38.91843795776367,82.10845947265625,75.95665740966797,57.226341247558594,22.87754249572754
2012-08-03,109.8822250366211,155.5500030517578,65.45288848876953,39.22224807739258,81.67894744873047,75.77440643310547,58.31078720092773,23.266441345214844
2012-08-06,110.09513092041016,156.3000030517578,65.96077728271484,39.18135070800781,81.73178100585938,75.87498474121094,58.75521087646485,23.40171241760254
2012-08-07,110.64710235595705,156.27999877929688,66.56027221679688,38.71977996826172,81.30227661132812,75.47898864746094,59.24409866333008,23.579254150390625
2012-08-08,110.78114318847656,156.47999572753906,66.46035766601562,38.45686340332031,81.1892318725586,75.2652587890625,59.21745681762695,23.64688873291016
2012-08-09,110.87574005126952,156.99000549316406,66.77676391601562,38.33414459228516,81.12897491455078,75.21500396728516,59.39522171020508,23.84134101867676
2012-08-10,111.05709075927734,157.17999267578125,66.54364013671875,38.38673782348633,81.3625717163086,75.42870330810547,59.4307746887207,23.71452522277832
2012-08-13,111.00193786621094,155.99000549316406,66.43539428710938,38.3575325012207,81.30978393554688,75.27156066894531,59.57299423217773,23.52853012084961
2012-08-14,111.01771545410156,155.1300048828125,66.27718353271484,38.27573394775391,80.91043853759766,74.9321517944336,59.59969711303711,23.55389213562012
2012-08-15,111.14380645751952,155.6300048828125,66.86004638671875,38.45100784301758,80.503662109375,74.58013916015625,59.75078582763672,23.75679588317871
2012-08-16,111.96393585205078,156.55999755859375,67.55945587158203,38.74314880371094,80.30770874023438,74.36014556884766,60.461875915527344,23.849794387817383
2012-08-17,112.11380004882812,156.72000122070312,68.03401947021484,38.754844665527344,80.40571594238281,74.46067810058594,60.728553771972656,23.88360977172852
2012-08-20,112.1216278076172,157.25999450683594,67.88416290283203,38.64383316040039,80.450927734375,74.6680908203125,60.81744003295898,23.99351692199707
2012-08-21,111.78258514404295,158.8300018310547,67.8425064086914,38.72562789916992,80.51866149902344,74.79383087158203,60.577449798583984,24.21333122253418
2012-08-22,111.82989501953124,160.5399932861328,67.51779174804688,38.70225143432617,81.14398956298828,75.22129821777344,60.82632064819336,24.34014892578125
2012-08-23,110.9151840209961,161.88999938964844,67.04320526123047,38.585391998291016,81.28723907470703,75.27783203125,60.32855224609375,24.22178840637207
2012-08-24,111.58547973632812,161.97000122070312,67.22637176513672,38.71393966674805,81.24954223632812,75.35951232910156,60.70186614990234,24.11188125610352
2012-08-27,111.60910034179688,161.36000061035156,67.42621612548828,38.83078384399414,81.46048736572266,75.45380401611328,60.79964447021485,24.00197410583496
2012-08-28,111.49871826171876,161.63999938964844,67.73426818847656,38.96517562866211,81.49060821533203,75.5606689453125,60.79964447021485,24.018882751464844
2012-08-29,111.58547973632812,160.58999633789062,67.94245910644531,38.95348358154297,81.43782806396484,75.403564453125,60.79964447021485,24.061153411865234
2012-08-30,110.78114318847656,160.52000427246094,67.26801300048828,38.865848541259766,81.58856201171875,75.42870330810547,60.18632888793945,24.08651733398437
2012-08-31,111.30946350097656,164.22000122070312,67.54277801513672,38.98855209350586,82.11597442626953,75.95040893554688,60.58631896972656,24.34014892578125
2012-09-04,111.20701599121094,164.47999572753906,68.36708068847656,39.263160705566406,81.92809295654297,75.77073669433594,60.52409744262695,24.348602294921875
2012-09-05,111.11234283447266,164.30999755859375,68.38373565673828,39.19304656982422,81.89791870117188,75.80225372314453,60.461875915527344,24.230239868164062
2012-09-06,113.3675537109375,164.88999938964844,69.6410140991211,39.54360580444336,81.33961486816406,75.46800994873047,61.80410385131836,24.22178840637207
2012-09-07,113.8091049194336,168.44000244140625,70.15726470947266,39.57866287231445,81.44525146484375,75.62567138671875,61.71522903442383,24.492326736450195
2012-09-10,113.1624984741211,167.2899932861328,69.84081268310547,39.26900100708008,81.48300170898438,75.61933135986328,60.924110412597656,24.52614402770996
2012-09-11,113.47795867919922,167.89999389648438,69.9906997680664,39.38584518432617,81.33203125,75.682373046875,60.82632064819336,24.57686996459961
2012-09-12,113.85641479492188,167.9199981689453,70.34873962402344,39.4676513671875,80.93218231201172,75.53105163574219,61.00410079956055,24.70368385314941
2012-09-13,115.59123229980467,171.30999755859375,71.27296447753906,39.952598571777344,81.16609954833984,75.93461608886719,61.83077621459961,24.872774124145508
2012-09-14,116.1037368774414,171.8000030517578,71.93905639648438,40.17461013793945,80.4040756225586,75.4805908203125,62.381866455078125,25.13486099243164
2012-09-17,115.70950317382812,170.39999389648438,71.60598754882812,40.05776596069336,80.57003784179688,75.73914337158203,62.408538818359375,24.441600799560547
2012-09-18,115.6148681640625,171.72000122070312,71.3729019165039,39.6779899597168,80.77372741699219,75.97248077392578,62.46186065673828,24.26405906677246
2012-09-19,115.67790985107422,171.74000549316406,71.24797821044922,39.45596694946289,80.96235656738281,76.09859466552734,62.577430725097656,23.90897560119629
2012-09-20,115.68580627441406,171.47000122070312,70.93159484863281,38.87168884277344,81.00764465332031,76.0355453491211,62.51520919799805,24.044246673583984
2012-09-21,115.63748168945312,171.9600067138672,71.189697265625,38.877532958984375,81.18116760253906,76.17428588867188,62.53305435180664,24.20487594604492
2012-09-24,115.46308135986328,171.0500030517578,70.95736694335938,38.73324203491211,81.36228942871094,76.2878189086914,62.16752243041992,23.951248168945312
2012-09-25,114.23429107666016,170.77000427246094,69.93753814697266,38.16200637817383,81.66401672363281,76.43914031982422,61.29396438598633,23.97661018371582
2012-09-26,113.5921859741211,169.80999755859375,69.49454498291016,38.15610504150391,82.0035171508789,76.65354919433594,60.79475021362305,23.807525634765625
2012-09-27,114.6623992919922,172.33999633789062,70.24683380126953,38.32099533081055,81.8300552368164,76.6156234741211,61.63270950317383,24.103424072265625
2012-09-28,114.1312484741211,171.88999938964844,69.74532318115234,38.262115478515625,81.8300552368164,76.78594970703125,61.12459945678711,24.247148513793945
2012-10-01,114.4325180053711,172.2899932861328,69.97936248779297,37.97942733764648,81.98188781738281,76.99089813232422,61.03545379638672,24.280969619750977
2012-10-02,114.55138397216795,172.10000610351562,70.11308288574219,38.268009185791016,81.92900085449219,77.0162124633789,61.213748931884766,24.154151916503903
2012-10-03,115.01914978027344,172.41000366210938,69.91248321533203,38.34455490112305,82.01206970214844,77.06680297851562,61.60596084594727,23.739885330200195
2012-10-04,115.84357452392578,173.61000061035156,70.38890838623047,38.33277893066406,81.68724060058594,77.00354766845703,61.81990432739258,24.25560760498047
2012-10-05,115.85153198242188,172.6199951171875,70.30535888671875,38.3798942565918,81.31707000732422,76.8833236694336,61.4901008605957,24.12879180908203
2012-10-08,115.45515441894533,172.0500030517578,69.86231231689453,38.297454833984375,81.58147430419922,77.08576202392578,60.92846298217773,24.061153411865234
2012-10-09,114.3135757446289,170.99000549316406,69.04315948486328,38.15610504150391,81.4152603149414,77.16796112060547,59.95684051513672,24.23869705200196
2012-10-10,113.58425903320312,170.83999633789062,68.93449401855469,38.309226989746094,81.61172485351562,77.30718994140625,59.65378189086914,24.19642448425293
2012-10-11,113.6476593017578,171.32000732421875,69.18528747558594,38.2797737121582,81.68724060058594,77.56019592285156,59.46654891967773,24.475419998168945
2012-10-12,113.27507781982422,170.05999755859375,68.62525177001953,38.144317626953125,81.69479370117188,77.64871215820312,59.4398078918457,24.137243270874023
2012-10-15,114.21846771240234,168.35000610351562,69.0766372680664,38.397560119628906,81.71745300292969,77.88912963867188,59.87661361694336,24.018882751464844
2012-10-16,115.37590026855467,169.4199981689453,69.58647918701172,38.63312530517578,81.3321304321289,77.83853912353516,60.72346496582031,24.035791397094727
2012-10-17,115.89908599853516,169.5399932861328,70.21338653564453,38.52713394165039,80.81847381591797,77.6866683959961,60.687801361083984,24.044246673583984
2012-10-18,115.59782409667967,168.7899932861328,69.82893371582031,38.92169952392578,80.67494201660156,77.54120635986328,59.98359298706055,24.035791397094727
2012-10-19,113.67144012451172,166.97000122070312,68.41627502441406,38.59779357910156,81.014892578125,77.68042755126953,58.54838562011719,23.672252655029297
2012-10-22,113.68733215332033,167.5800018310547,68.39955139160156,38.403446197509766,80.74293518066406,77.49691772460938,58.85147476196289,23.562345504760746
2012-10-23,112.10975646972656,165.42999267578125,68.05685424804688,38.01476287841797,81.12818908691406,77.62979125976562,58.28989410400391,23.27489852905273
2012-10-24,111.79265594482422,164.86000061035156,67.87291717529297,37.98532104492188,80.95445251464844,77.42100524902344,58.08485412597656,23.207263946533203
2012-10-25,112.11767578125,166.02000427246094,68.14876556396484,37.87931442260742,80.65987396240234,77.19964599609375,58.08485412597656,23.266441345214844
2012-10-26,112.05429077148438,165.92999267578125,67.82281494140625,37.54951858520508,81.17353057861328,77.57920837402344,58.25423049926758,23.317169189453125
2012-10-31,112.05429077148438,166.8300018310547,68.23238372802734,37.91465377807617,81.50596618652344,77.81956481933594,57.897647857666016,23.30026054382324
2012-11-01,113.22753143310548,166.07000732421875,68.95123291015625,38.09721755981445,81.34326934814453,77.47795867919922,58.71776580810547,23.3425350189209
2012-11-02,112.22077178955078,162.60000610351562,67.8646240234375,38.35046005249024,81.41140747070312,77.3261489868164,58.093780517578125,22.94517517089844
2012-11-05,112.4506607055664,163.22999572753906,68.31599426269531,38.09721755981445,81.60804748535156,77.36405181884766,58.477088928222656,23.13962745666504
2012-11-06,113.33062744140624,166.3000030517578,68.82585144042969,38.262115478515625,81.23735809326172,76.99089813232422,58.58404922485352,23.55389213562012
2012-11-07,110.76209259033205,166.49000549316406,67.15410614013672,38.0913200378418,81.9182357788086,77.14904022216797,57.20234298706055,23.1142635345459
2012-11-08,109.43022918701172,167.99000549316406,66.20956420898438,37.63786315917969,82.28130340576172,77.07311248779297,56.30202102661133,23.148080825805664
2012-11-09,109.52545166015624,167.82000732421875,66.3516845703125,37.537742614746094,82.28887176513672,76.8833236694336,56.5427131652832,23.33407974243164
2012-11-12,109.61265563964844,167.4499969482422,66.15943145751953,37.44939804077149,82.34186553955078,76.89600372314453,56.53378677368164,23.224170684814453
2012-11-13,109.23211669921876,167.10000610351562,65.78327941894531,37.41997146606445,82.44021606445312,76.92764282226562,56.14155960083008,23.181900024414062
2012-11-14,107.75762939453124,167.13999938964844,64.56288146972656,36.71913909912109,82.4628677368164,77.08576202392578,55.4819221496582,23.2495346069336
2012-11-15,107.57527923583984,166.08999633789062,64.228515625,36.54836654663086,82.4250259399414,76.93396759033203,55.29470443725586,23.15653610229492
2012-11-16,108.1063995361328,165.8800048828125,64.76351928710938,36.77215576171875,82.47797393798828,76.95928955078125,55.53539657592773,23.25798797607422
2012-11-19,110.29437255859376,167.8699951171875,66.13433837890625,37.22561264038086,82.31155395507812,77.19964599609375,56.85471725463867,23.69761657714844
2012-11-20,110.34197235107422,167.38999938964844,66.2513427734375,37.50240707397461,81.97113800048828,76.95928955078125,56.87250518798828,23.536983489990234
2012-11-21,110.54808807373048,167.55999755859375,66.60240173339844,37.43762969970703,81.8501205444336,77.0162124633789,56.9884033203125,23.6384334564209
2012-11-23,112.05429077148438,169.61000061035156,67.26277160644531,37.71442031860352,81.80475616455078,77.04782104492188,57.85307312011719,23.722978591918945
2012-11-26,111.81647491455078,169.42999267578125,67.48009490966797,37.790977478027344,81.94087982177734,77.17434692382812,58.102684020996094,23.68916130065918
2012-11-27,111.24568939208984,168.7100067138672,67.39649200439453,37.57897186279297,82.13002014160156,77.21864318847656,57.90656280517578,23.65534400939941
2012-11-28,112.14147186279295,166.5500030517578,67.96488952636719,37.5318603515625,82.2359390258789,77.20598602294922,58.40576934814453,23.579254150390625
2012-11-29,112.6646957397461,167.17999267578125,68.74221801757812,37.73796844482422,82.31910705566406,77.26283264160156,58.753414154052734,23.739885330200195
2012-11-30,112.6884536743164,166.0500030517578,68.6085205078125,37.81454086303711,82.303955078125,77.25657653808594,58.655364990234375,23.75679588317871
2012-12-03,112.13355255126952,166.1300048828125,68.53327941894531,37.96763610839844,82.27143096923828,77.3421859741211,58.53947448730469,23.815977096557617
2012-12-04,111.97498321533205,164.4199981689453,68.61690521240234,38.02654647827149,82.41535186767578,77.41203308105469,58.503814697265625,23.604616165161133
2012-12-05,112.1732177734375,164.1199951171875,68.53327941894531,37.90875625610352,82.48355865478516,77.57064819335938,57.85307312011719,23.579254150390625
2012-12-06,112.5536880493164,164.5,68.6419677734375,38.262115478515625,82.5289535522461,77.5579605102539,58.22747039794922,23.36789321899414
2012-12-07,112.89458465576172,165.16000366210938,68.69213104248047,38.403446197509766,82.29415893554688,77.37393951416016,57.87982940673828,23.3425350189209
2012-12-10,112.9421615600586,165.8000030517578,68.99303436279297,38.38579559326172,82.3698959350586,77.44378662109375,58.04920959472656,23.291805267333984
2012-12-11,113.71109008789062,165.64999389648438,69.72021484375,38.480018615722656,82.21084594726562,77.15826416015625,58.80691146850586,23.2495346069336
2012-12-12,113.76657104492188,165.77000427246094,69.32737731933594,38.3740119934082,81.86244201660156,76.92340087890625,58.6821174621582,23.35943984985352
2012-12-13,113.06897735595705,164.3699951171875,68.88438415527344,38.07954025268555,81.70337677001953,76.80291748046875,58.21856689453125,23.148080825805664
2012-12-14,112.6488265991211,164.1300048828125,68.84255981445312,38.07365798950195,81.88516998291016,76.8599853515625,57.66588973999024,23.291805267333984
2012-12-17,113.97272491455078,164.44000244140625,69.81220245361328,38.27389907836914,81.45342254638672,76.61254119873047,58.43253326416016,23.27489852905273
2012-12-18,115.24108123779295,162.0800018310547,70.76506805419922,38.6684684753418,81.13529968261719,76.42214965820312,59.32392501831055,23.33407974243164
2012-12-19,114.38492584228516,161.69000244140625,70.92273712158203,38.61547470092773,81.24893188476562,76.72039794921875,59.06542205810547,23.418621063232425
2012-12-20,115.04287719726562,159.72999572753906,71.27685546875,39.1219367980957,81.30194091796875,76.79656982421875,59.06542205810547,23.308712005615234
2012-12-21,113.99862670898438,160.3300018310547,70.98175048828125,39.05714797973633,81.5216064453125,76.92979431152344,58.44419860839844,23.266441345214844
2012-12-24,113.64734649658205,160.6199951171875,70.63609313964844,39.109004974365234,81.43826293945312,76.8790054321289,58.327674865722656,23.190353393554688
2012-12-26,113.1683349609375,160.77999877929688,70.13020324707031,38.92422103881836,81.60587310791016,76.9885025024414,57.81674575805664,23.427074432373047
2012-12-27,113.0167007446289,161.16000366210938,70.07962036132812,39.06728363037109,81.77274322509766,77.2366714477539,57.72711181640625,23.427074432373047
2012-12-28,111.79517364501952,160.5399932861328,69.58219909667969,38.81097412109375,81.96241760253906,77.40855407714844,57.171363830566406,23.35943984985352
2012-12-31,113.6953125,162.02000427246094,71.09138488769531,39.22227096557617,81.5300521850586,77.00119018554688,58.3814582824707,23.486257553100582
2013-01-02,116.60929870605467,163.1699981689453,73.18228912353516,39.7110595703125,81.15837860107422,77.17940521240234,60.23697662353516,23.57080078125
2013-01-03,116.3458480834961,161.1999969482422,73.01366424560547,39.70509719848633,80.74119567871094,76.75938415527344,59.923248291015625,23.37635040283203
2013-01-04,116.85681915283205,160.44000244140625,73.55323791503906,39.8898811340332,80.7791519165039,76.72122192382812,59.72603988647461,23.27489852905273
2013-01-07,116.53746032714844,159.42999267578125,73.2750244140625,39.97929763793945,80.82463836669922,76.8485107421875,59.74396514892578,23.317169189453125
2013-01-08,116.2021484375,160.55999755859375,73.22443389892578,39.90180969238281,81.02188873291016,76.9184799194336,59.62744522094727,23.37635040283203
2013-01-09,116.49752807617188,160.49000549316406,73.57852935791016,40.01505661010742,81.06736755371094,76.89305114746094,59.85153579711914,23.3425350189209
2013-01-10,117.42369079589844,161.97999572753906,73.74716186523438,40.05679321289063,80.83224487304688,76.93119812011719,60.21010208129883,23.427074432373047
2013-01-11,117.41568756103516,161.05999755859375,73.6375503540039,40.03295516967773,81.09014129638672,77.07124328613281,60.29077911376953,23.32562255859375
2013-01-14,117.33585357666016,161.5399932861328,73.67969512939453,40.14619827270508,81.059814453125,76.9184799194336,60.0218505859375,23.477802276611328
2013-01-15,117.41568756103516,162.55999755859375,74.0000991821289,40.33695983886719,81.25701141357422,76.85486602783203,59.72603988647461,23.37635040283203
2013-01-16,117.39973449707033,162.64999389648438,73.78089141845703,40.28925323486328,81.36317443847656,76.85486602783203,59.968074798583984,23.40171241760254
2013-01-17,118.1581039428711,163.35000610351562,74.46382904052734,40.414432525634766,80.99151611328125,76.72122192382812,60.25490951538086,23.50316429138184
2013-01-18,118.4216079711914,163.08999633789062,74.67459106445312,40.58729553222656,81.21908569335938,76.79756927490234,60.1204719543457,23.65534400939941
2013-01-22,119.06026458740234,163.6699981689453,75.21418762207031,40.795928955078125,81.2873306274414,76.79756927490234,60.219051361083984,23.722978591918945
2013-01-23,119.2519073486328,163.2100067138672,75.03712463378906,40.78401184082031,81.3252182006836,76.89305114746094,60.586570739746094,23.74834442138672
2013-01-24,119.2837905883789,161.4199981689453,75.28165435791016,40.86746597290039,81.18875122070312,76.78484344482422,59.7529411315918,23.73143196105957
2013-01-25,119.95446014404295,160.64999389648438,75.8296890258789,41.09992980957031,80.65020751953125,76.4347915649414,60.05769729614258,23.680707931518555
2013-01-28,119.81075286865234,160.2899932861328,75.8802261352539,41.20722579956055,80.48328399658203,76.37117767333984,60.19217300415039,23.672252655029297
2013-01-29,120.28180694580078,160.99000549316406,75.92240905761719,41.326446533203125,80.36197662353516,76.19934844970703,60.20113754272461,23.807525634765625
2013-01-30,119.81075286865234,162.19000244140625,75.01185607910156,40.93303298950195,80.40748596191406,75.94475555419922,60.075626373291016,24.07806396484375
2013-01-31,119.51535034179688,161.1999969482422,75.52616119384766,40.68864440917969,80.47573852539062,76.00202178955078,59.94119644165039,24.06960868835449
2013-02-01,120.744873046875,161.4499969482422,76.19219970703125,40.92708206176758,80.20227813720703,75.80473327636719,60.64934539794922,24.162607192993164
2013-02-04,119.3876495361328,162.0,75.273193359375,40.83170318603516,80.66559600830078,76.06009674072266,59.591583251953125,24.07806396484375
2013-02-05,120.5931396484375,161.9600067138672,75.9476547241211,40.73631286621094,80.37702178955078,75.90692138671875,60.47004699707031,24.17106056213379
2013-02-06,120.68092346191406,162.38999938964844,76.26805877685547,40.879371643066406,80.62003326416016,76.10480499267578,60.27285003662109,24.137243270874023
2013-02-07,120.52129364013672,161.83999633789062,76.01514434814453,40.70651245117188,80.65803527832031,76.1303482055664,60.32663345336914,24.044246673583984
2013-02-08,121.19190216064452,161.57000732421875,76.55473327636719,41.08205795288086,80.71879577636719,76.29632568359375,60.94512176513672,24.137243270874023
2013-02-11,121.16793823242188,159.6999969482422,76.47042846679688,41.14164733886719,80.63526153564453,76.25799560546875,60.96306610107422,24.052698135375977
2013-02-12,121.36758422851562,159.88999938964844,76.80767822265625,41.45161437988281,80.55170440673828,76.181396484375,60.71207046508789,24.09497261047364
2013-02-13,121.47135162353516,159.0500030517578,77.12806701660156,41.42777633666992,80.27068328857422,76.00265502929688,60.92721939086914,24.103424072265625
2013-02-14,121.58308410644533,158.35000610351562,77.32194519042969,41.25491714477539,80.61247253417969,76.21330261230469,60.909278869628906,24.06960868835449
2013-02-15,121.4394302368164,155.75999450683594,77.34728240966797,41.27279281616211,80.53645324707031,76.181396484375,60.72999572753906,23.968156814575195
2013-02-19,122.34954833984376,155.3300018310547,78.03019714355469,41.60062789916992,80.40737915039062,76.1622543334961,61.16923522949219,23.875158309936523
2013-02-20,120.82469940185548,151.44000244140625,76.58002471923828,41.33239364624024,80.58206176757812,76.28996276855469,60.228023529052734,23.604616165161133
2013-02-21,120.0901870727539,152.6199951171875,75.83806610107422,41.02245330810547,80.74160766601562,76.41123962402344,59.5826301574707,23.33407974243164
2013-02-22,121.26378631591795,152.97000122070312,76.74864959716797,41.43373489379883,80.84027862548828,76.46231079101562,60.18318939208984,23.33407974243164
2013-02-25,118.9565200805664,154.33999633789062,75.05400085449219,40.64691925048828,81.46310424804688,76.91555786132812,59.43920135498047,23.224170684814453
2013-02-26,119.7707977294922,156.22000122070312,75.34907531738281,40.92708206176758,81.31120300292969,76.81985473632812,59.66330337524414,23.181900024414062
2013-02-27,121.2797622680664,154.57000732421875,76.1416244506836,41.22511672973633,81.27326965332031,76.79431915283203,60.27285003662109,23.038175582885746
2013-02-28,121.04029083251952,153.0,76.28495788574219,41.183372497558594,81.38712310791016,76.81985473632812,60.1473503112793,22.93671989440918
2013-03-01,121.4394302368164,152.44000244140625,76.63064575195312,41.32049179077149,81.59016418457031,76.99525451660156,60.39833831787109,22.77608871459961
2013-03-04,122.08606719970705,152.3000030517578,76.8329849243164,41.63044738769531,81.40008544921875,76.93766784667969,60.667259216308594,22.691547393798828
2013-03-05,123.17984008789062,152.3800048828125,77.72667694091797,41.95829772949219,81.31644439697266,76.80955505371094,61.56361770629883,22.902904510498047
2013-03-06,123.34750366210938,153.22999572753906,77.92900848388672,41.83312225341797,81.0578842163086,76.58543395996094,61.4112548828125,22.77608871459961
2013-03-07,123.57110595703124,152.69000244140625,78.29998779296875,41.63640213012695,80.74612426757812,76.33566284179688,61.57259368896485,22.928268432617188
2013-03-08,124.09798431396484,152.7100067138672,79.02507019042969,41.70794296264648,80.33551788330078,76.06673431396484,61.64430618286133,22.99590301513672
2013-03-11,124.56901550292967,152.99000549316406,78.9997787475586,41.74368667602539,80.3735580444336,76.11795806884766,61.82359313964844,23.01280975341797
2013-03-12,124.28958892822266,154.19000244140625,78.83955383300781,41.58872222900391,80.59403228759766,76.2716293334961,61.59949493408203,23.063539505004883
2013-03-13,124.4652862548828,153.66000366210938,79.1346664428711,41.63044738769531,80.52558898925781,76.20118713378906,61.5188102722168,22.94517517089844
2013-03-14,125.12781524658205,153.67999267578125,79.92718505859375,41.89271545410156,80.54840850830078,76.23322296142578,61.724979400634766,23.1142635345459
2013-03-15,124.96265411376952,154.0,79.88502502441406,41.98809051513672,80.82976531982422,76.33566284179688,61.55339813232422,23.164989471435547
2013-03-18,124.27305603027344,155.3800048828125,79.44661712646484,41.75563430786133,81.095947265625,76.52142333984375,61.41861343383789,23.02971839904785
2013-03-19,123.98434448242188,156.0800018310547,79.10938262939453,41.552955627441406,81.34685516357422,76.64949798583984,61.30183029174805,22.860633850097656
2013-03-20,124.8503875732422,155.3699951171875,79.8428955078125,41.6840934753418,81.03506469726562,76.42529296875,61.73308181762695,23.02126693725586
2013-03-21,123.78382873535156,156.25,79.14310455322266,41.55890655517578,81.24803924560547,76.50218200683594,61.03228378295898,22.91981315612793
2013-03-22,124.77822875976562,155.5500030517578,79.38761901855469,41.777565002441406,81.2784194946289,76.5085678100586,61.625244140625,22.96208572387696
2013-03-25,124.2569808959961,155.24000549316406,79.4332275390625,41.783573150634766,81.33924102783203,76.5085678100586,61.400611877441406,22.97899436950684
2013-03-26,125.25135803222656,154.72000122070312,79.68689727783203,42.14397048950195,81.42289733886719,76.5598373413086,61.73308181762695,23.190353393554688
2013-03-27,125.25135803222656,155.36000061035156,79.73761749267578,42.22206878662109,81.77266693115234,76.82877349853516,61.813941955566406,23.308712005615234
2013-03-28,125.63631439208984,154.4499969482422,79.839111328125,42.3662223815918,81.62057495117188,76.7839584350586,61.9666633605957,23.08890151977539
2013-04-01,125.13910675048828,154.6699981689453,78.76534271240234,42.49238586425781,81.8375473022461,76.67349243164062,61.54439926147461,23.08890151977539
2013-04-02,125.75664520263672,152.42999267578125,78.27494812011719,42.62453842163086,81.67770385742188,76.66707611083984,62.02958297729492,22.97899436950684
2013-04-03,124.48153686523438,150.72999572753906,77.04898071289062,42.4743537902832,82.02032470703125,76.97538757324219,61.46353530883789,22.5900936126709
2013-04-04,124.98670959472656,150.2899932861328,77.70845031738281,43.16514205932617,82.34774780273438,77.38652801513672,61.48151779174805,22.56472969055176
2013-04-05,124.42542266845705,152.80999755859375,77.5562744140625,43.39940643310547,82.6066665649414,77.62417602539062,60.969364166259766,22.547822952270508
2013-04-08,125.26742553710938,152.16000366210938,78.1988525390625,43.7478141784668,82.34007263183594,77.69483184814453,61.29281997680664,22.615455627441406
2013-04-09,125.7004623413086,153.33999633789062,77.97057342529297,43.75381851196289,82.37060546875,77.77193450927734,61.70613861083984,22.759178161621094
2013-04-10,127.24017333984376,150.75,79.38255310058594,44.02412033081055,82.02793884277344,77.56634521484375,62.91008377075195,22.70845413208008
2013-04-11,127.65711212158205,151.0500030517578,79.49242401123047,44.282413482666016,82.11927795410156,77.61776733398438,62.883079528808594,22.615455627441406
2013-04-12,127.3443603515625,143.9499969482422,79.17118072509766,44.390533447265625,82.5761489868164,78.0031967163086,62.83818054199219,22.336462020874023
2013-04-15,124.3932647705078,131.30999755859375,76.18659973144531,43.471473693847656,82.7589340209961,78.02887725830078,61.59829711914063,21.66856575012207
2013-04-16,126.2296905517578,132.8000030517578,77.50556182861328,44.19231033325195,82.52285766601562,77.8875961303711,62.41590881347656,21.896833419799805
2013-04-17,124.3852996826172,132.8699951171875,76.16121673583984,43.72378540039063,82.67517852783203,77.99674987792969,61.19398498535156,21.5755672454834
2013-04-18,123.60742950439452,134.3000030517578,75.73851013183594,43.65770721435547,82.72084045410156,78.06739044189453,60.34944534301758,21.80384063720703
2013-04-19,124.68202209472656,135.47000122070312,76.60932159423828,44.33048248291016,82.67517852783203,78.18301391601562,61.1760139465332,21.75310707092285
2013-04-22,125.2353515625,137.89999389648438,76.82917022705078,44.2703971862793,82.72084045410156,78.20874786376953,61.804962158203125,21.82074546813965
2013-04-23,126.5264892578125,136.8800048828125,78.04663848876953,44.51667404174805,82.66753387451172,78.3115463256836,62.39792251586914,21.68547439575196
2013-04-24,126.60657501220705,138.3699951171875,78.45250701904297,44.61277389526367,82.70560455322266,78.34361267089844,62.37095260620117,21.922197341918945
2013-04-25,127.11985778808594,141.6300048828125,78.96823120117188,44.46260833740234,82.61426544189453,78.29865264892578,62.70342254638672,22.209646224975582
2013-04-26,126.8952865600586,140.91000366210938,78.5455093383789,44.318450927734375,82.91118621826172,78.58133697509766,62.50576019287109,22.08283233642578
2013-04-29,127.74535369873048,142.3000030517578,79.11198425292969,44.69688034057617,82.8807144165039,78.58768463134766,63.08074951171875,22.37873268127441
2013-04-30,128.0501251220703,142.77000427246094,79.56008911132812,45.21946716308594,82.86547088623047,78.45281982421875,63.53896331787109,22.209646224975582
2013-05-01,126.92735290527344,141.11000061035156,77.63236999511719,44.85908126831055,83.13617706298828,78.80204772949219,63.242469787597656,21.81228828430176
2013-05-02,128.1061553955078,141.9199981689453,78.86681365966797,45.15339660644531,83.13617706298828,78.80204772949219,64.04214477539062,22.09128189086914
2013-05-03,129.40525817871094,142.08999633789062,80.11809539794922,45.3336296081543,82.42716217041016,78.06114196777344,64.79684448242188,22.336462020874023
2013-05-06,129.73414611816406,142.14999389648438,80.63387298583984,45.56787109375,82.32039642333984,78.04821014404297,65.0483627319336,22.361825942993164
2013-05-07,130.39169311523438,140.3800048828125,81.2933349609375,45.82016754150391,82.20608520507812,77.99024963378906,65.01244354248047,22.285734176635746
2013-05-08,130.98507690429688,142.4600067138672,81.530029296875,45.84419250488281,82.30522155761719,78.06114196777344,65.326904296875,22.38718605041504
2013-05-09,130.61614990234375,140.80999755859375,81.25105285644531,45.54384613037109,82.28988647460938,77.89360046386719,65.2370376586914,22.37873268127441
2013-05-10,131.04122924804688,139.60000610351562,81.86822509765625,45.712039947509766,81.82489776611328,77.48767852783203,65.63236236572266,22.27728080749512
2013-05-13,131.14549255371094,138.42999267578125,81.8091049194336,45.92828369140625,81.67998504638672,77.2879638671875,65.7132339477539,22.17582893371582
2013-05-14,132.50070190429688,137.80999755859375,82.85746765136719,46.09648132324219,81.35215759277344,77.08180236816406,66.05462646484375,22.0997371673584
2013-05-15,133.2144317626953,134.6300048828125,83.02653503417969,46.552982330322266,81.56568145751953,77.3524169921875,66.18944549560547,22.04901123046875
2013-05-16,132.58892822265625,134.08999633789062,82.8152084350586,46.31271743774414,81.95450592041016,77.70674133300781,66.11753845214844,22.02364921569824
2013-05-17,133.8719482421875,131.07000732421875,83.7452163696289,46.571022033691406,81.51229095458984,77.37177276611328,66.75546264648438,22.1335563659668
2013-05-20,133.86392211914062,135.1199951171875,83.8805160522461,46.67914962768555,81.4513168334961,77.28153991699219,66.6565933227539,22.27728080749512
2013-05-21,134.05638122558594,132.8800048828125,83.89739227294922,46.94342803955078,81.66480255126953,77.57145690917969,66.7284927368164,22.15046501159668
2013-05-22,133.0620574951172,131.94000244140625,82.67144012451172,45.80215072631836,81.01679229736328,76.95939636230469,66.14450073242188,22.04901123046875
2013-05-23,132.67709350585938,134.61000061035156,82.77293395996094,44.943172454833984,81.10063934326172,77.03669738769531,65.99175262451172,22.15046501159668
2013-05-24,132.56484985351562,133.75999450683594,82.75597381591797,44.82904815673828,81.13111877441406,76.98519897460938,65.95585632324219,22.06591987609864
2013-05-28,133.35874938964844,133.49000549316406,83.82980346679688,44.444583892822266,80.1781997680664,76.2442398071289,66.3870849609375,22.26882743835449
2013-05-29,132.49269104003906,134.8300018310547,83.05191040039062,43.50153732299805,80.5059814453125,76.21202087402344,66.07264709472656,22.125104904174805
2013-05-30,132.98187255859375,136.6999969482422,83.61000061035156,43.09304428100586,80.51360321044922,76.30866241455078,66.42301177978516,22.125104904174805
2013-05-31,131.07327270507812,133.9199981689453,82.68838500976562,42.51641082763672,80.29249572753906,75.9285659790039,65.81208038330078,21.86301612854004
2013-06-03,131.79502868652344,136.50999450683594,83.47466278076172,42.75667953491211,80.40852355957031,75.72891998291016,65.92887878417969,22.1335563659668
2013-06-04,131.1615447998047,135.22999572753906,82.58692932128906,42.1619987487793,80.202392578125,75.4315414428711,65.5874252319336,22.218101501464844
2013-06-05,129.32513427734375,135.52000427246094,81.530029296875,41.813602447509766,80.59175109863281,75.32172393798828,64.73392486572266,22.11664772033692
2013-06-06,130.4959259033203,136.52999877929688,82.3924560546875,42.48637390136719,80.69099426269531,75.64482116699219,65.0483627319336,22.201190948486328
2013-06-07,132.15586853027344,133.27999877929688,83.02653503417969,42.49238586425781,80.06500244140625,75.34757995605469,65.93785095214844,22.25191879272461
2013-06-10,132.15586853027344,133.94000244140625,83.53385162353516,42.12596130371094,79.86656951904297,75.11490631103516,65.96481323242188,22.16737365722656
2013-06-11,130.7926483154297,133.25,82.62919616699219,41.501243591308594,80.06500244140625,74.97272491455078,65.30892944335938,21.97292137145996
2013-06-12,129.71002197265625,134.25,81.8091049194336,40.93659973144531,79.70623779296875,74.71421813964844,64.55419921875,21.99828720092773
2013-06-13,131.68280029296875,133.74000549316406,83.25487518310547,41.999813079833984,80.30926513671875,75.51558685302734,65.37181091308594,22.14201164245605
2013-06-14,130.85679626464844,134.42999267578125,82.6122817993164,42.1559944152832,80.41619873046875,75.46385955810547,64.9405517578125,22.23500633239746
2013-06-17,131.86717224121094,133.77000427246094,83.15338897705078,42.27614212036133,80.225341796875,75.35403442382812,65.56948852539062,22.285734176635746
2013-06-18,132.90968322753906,132.1300048828125,84.1341552734375,42.49238586425781,80.17948913574219,75.20539855957031,66.10857391357422,22.328004837036133
2013-06-19,131.07327270507812,130.58999633789062,83.10264587402344,41.18890380859375,79.08023071289062,74.13908386230469,65.37181091308594,22.361825942993164
2013-06-20,127.82553100585938,123.5999984741211,80.90443420410156,39.47695159912109,78.72147369384766,73.11795043945312,63.81749725341797,21.634748458862305
2013-06-21,128.23587036132812,125.0500030517578,81.14114379882812,40.01155853271485,77.88933563232422,72.5169448852539,63.478607177734375,21.49947929382324
2013-06-24,126.61550903320312,123.93000030517578,80.07583618164062,39.83023834228516,77.69847106933594,72.04515838623047,62.84768295288086,21.406478881835938
2013-06-25,127.8327865600586,123.47000122070312,80.84522247314453,40.49728775024414,77.60688018798828,72.28427124023438,63.30736541748047,21.42338752746582
2013-06-26,129.0984649658203,118.27999877929688,81.22569274902344,41.10978698730469,77.91984558105469,72.83360290527344,63.87519454956055,21.364208221435547
2013-06-27,129.85629272460938,115.94000244140624,82.4854507446289,41.93454360961914,78.3397445678711,73.4927978515625,64.14558410644531,21.35575485229492
2013-06-28,129.32415771484375,119.11000061035156,82.0119857788086,41.67378234863281,78.24813079833984,73.44754791259766,64.2356948852539,21.245847702026367
2013-07-01,130.08192443847656,121.12999725341795,83.34783172607422,41.58281326293945,78.27796936035156,73.63751220703125,64.63225555419922,21.38111686706543
2013-07-02,129.9610137939453,120.0500030517578,83.28839874267578,42.21955108642578,78.30855560302734,73.87092590332031,64.6593017578125,21.465660095214844
2013-07-03,130.01748657226562,120.73999786376952,83.4582748413086,41.94061279296875,78.15564727783203,73.65697479248047,64.9206771850586,21.66011047363281
2013-07-05,131.42013549804688,118.08999633789062,84.63861846923828,41.740478515625,76.8408203125,72.72337341308594,65.41637420654297,21.609384536743164
2013-07-08,132.169921875,119.51000213623048,84.97827911376953,41.78292846679688,77.29180145263672,73.31982421875,65.4795150756836,21.71929168701172
2013-07-09,133.12118530273438,120.62000274658205,85.76805877685547,42.377235412597656,77.42176818847656,73.38465118408203,65.8760757446289,21.85456275939941
2013-07-10,133.1695556640625,120.9499969482422,86.00582122802734,42.39543533325195,77.14656066894531,73.17070007324219,66.25463104248047,21.922197341918945
2013-07-11,134.9833984375,124.23999786376952,87.01634216308594,43.42028427124024,77.91867065429688,74.03296661376953,67.57051086425781,22.0321044921875
2013-07-12,135.03982543945312,124.12999725341795,87.19468688964844,43.15346908569336,77.85751342773438,73.82551574707031,67.86792755126953,22.11664772033692
2013-07-15,135.55580139160156,124.18000030517578,87.95893859863281,43.33538436889648,78.10213470458984,74.29885864257812,68.02115631103516,22.05746841430664
2013-07-16,135.0479278564453,124.88999938964844,87.51737976074219,43.36570739746094,78.14037322998047,74.18856811523438,67.93104553222656,22.08283233642578
2013-07-17,135.39451599121094,123.31999969482422,87.85704803466797,43.52339172363281,78.4843521118164,74.46736907958984,68.10226440429688,22.06591987609864
2013-07-18,136.13619995117188,124.01000213623048,88.4429931640625,43.893310546875,78.11743927001953,74.27290344238281,67.93104553222656,22.158920288085938
2013-07-19,136.37806701660156,125.11000061035156,88.57884979248047,43.86297607421875,78.5455093383789,74.68131256103516,67.22801971435547,22.17582893371582
2013-07-22,136.64414978027344,128.83999633789062,88.76567840576172,43.99640274047852,78.53787231445312,74.8498764038086,67.4262924194336,22.158920288085938
2013-07-23,136.35389709472656,129.7100067138672,88.70622253417969,43.94788360595703,78.44615936279297,74.73320770263672,66.93058776855469,22.19273567199707
2013-07-24,135.8540802001953,127.4800033569336,87.96745300292969,43.092811584472656,77.91867065429688,74.37008666992188,67.14688110351562,22.01519775390625
2013-07-25,136.18458557128906,128.6699981689453,88.77413940429688,43.15952301025391,78.0333251953125,74.27934265136719,67.57051086425781,21.98983192443848
2013-07-26,136.3296661376953,128.77999877929688,88.41754150390625,43.195919036865234,78.10213470458984,74.3571548461914,67.93104553222656,21.85456275939941
2013-07-29,135.91050720214844,128.47000122070312,87.797607421875,42.87449645996094,77.94160461425781,74.23394775390625,67.80486297607422,21.84610748291016
2013-07-30,135.91050720214844,128.1199951171875,87.87401580810547,42.74715042114258,77.91867065429688,74.25342559814453,68.16535949707031,21.77001571655273
2013-07-31,136.00721740722656,127.95999908447266,88.02689361572266,42.04975891113281,77.97221374511719,74.2598876953125,68.29154968261719,21.922197341918945
2013-08-01,137.57923889160156,126.61000061035156,89.2242431640625,41.88603210449219,77.28401947021484,73.66812133789062,68.9855728149414,21.97292137145996
2013-08-02,137.81297302246094,126.36000061035156,89.3006820678711,41.67984008789063,77.94231414794922,74.03227233886719,69.37313079833984,21.88838005065918
2013-08-05,137.61151123046875,125.6999969482422,89.60640716552734,41.64952087402344,77.69739532470703,73.75262451171875,69.41817474365234,21.778472900390625
2013-08-06,136.82949829101562,123.97000122070312,88.70622253417969,41.50397491455078,77.72036743164062,73.79820251464844,69.00357818603516,21.600929260253903
2013-08-07,136.38609313964844,124.1500015258789,88.07784271240234,41.39482879638672,78.00357818603516,73.96076965332031,68.87739562988281,21.45720672607422
2013-08-08,136.88595581054688,126.86000061035156,88.4429931640625,41.41301345825195,78.11833953857422,74.11682891845703,69.21990966796875,21.567115783691406
2013-08-09,136.49090576171875,126.86000061035156,88.34956359863281,41.77688217163086,78.17195892333984,74.11682891845703,68.94049835205078,21.71929168701172
2013-08-12,136.3296661376953,129.1300048828125,88.81660461425781,41.47972106933594,78.01891326904297,74.07785034179688,69.10270690917969,21.98137855529785
2013-08-13,136.73280334472656,127.73999786376952,88.6977310180664,40.90966033935547,77.31466674804688,73.5510482788086,69.49027252197266,21.97292137145996
2013-08-14,136.03140258789062,129.0,88.34956359863281,40.75200653076172,77.38352966308594,73.42755126953125,69.22894287109375,22.15046501159668
2013-08-15,134.12887573242188,131.69000244140625,86.71064758300781,40.00608444213867,76.95486450195312,72.90724182128906,68.05722045898438,22.361825942993164
2013-08-16,133.68553161621094,132.5800018310547,86.34548950195312,39.02368927001953,76.65634155273438,72.54309844970703,68.03018951416016,22.37027740478516
2013-08-19,132.83094787597656,132.00999450683594,85.4708251953125,38.50821685791016,76.3271484375,72.14636993408203,67.91299438476562,22.34491539001465
2013-08-20,133.48394775390625,132.4499969482422,86.70213317871094,39.381465911865234,76.74051666259766,72.58858489990234,68.21043395996094,22.302642822265625
2013-08-21,132.66163635253906,132.07000732421875,86.17564392089844,39.29051208496094,76.25828552246094,72.15290832519531,67.97608947753906,22.27728080749512
2013-08-22,133.8709259033203,132.80999755859375,87.38998413085938,39.52701568603516,76.22765350341797,72.48454284667969,68.64305877685547,22.285734176635746
2013-08-23,134.3223419189453,134.89999389648438,87.61077880859375,39.93938064575195,76.65634155273438,72.97224426269531,69.10270690917969,22.463275909423828
2013-08-26,133.822509765625,135.4499969482422,87.6192855834961,39.82416534423828,76.80937194824219,73.12184143066406,69.13877868652344,22.5900936126709
2013-08-27,131.6700897216797,136.75,85.564208984375,39.63011169433594,77.24574279785156,73.43401336669922,67.72374725341797,22.80990600585937
2013-08-28,132.13763427734375,136.7100067138672,85.73408508300781,39.38753890991211,76.93193054199219,73.44701385498047,67.98512268066406,22.84372329711914
2013-08-29,132.34722900390625,135.8699951171875,86.59172821044922,39.44818115234375,77.00845336914062,73.51859283447266,68.4627685546875,22.60700035095215
2013-08-30,131.92807006835938,134.6199951171875,85.24154663085938,39.11464309692383,76.86302947998047,73.51859283447266,68.02115631103516,22.539363861083984
2013-09-03,132.52459716796875,136.4199981689453,85.8189926147461,38.7750358581543,76.4267578125,73.22884368896484,68.40872955322266,22.65772819519043
2013-09-04,133.62098693847656,134.66000366210938,86.57475280761719,39.10857391357422,76.1738052368164,72.96141052246094,69.13877868652344,22.463275909423828
2013-09-05,133.79031372070312,132.1999969482422,86.71064758300781,38.69620895385742,75.59112548828125,72.36111450195312,69.25592803955078,22.41255187988281
2013-09-06,133.8547821044922,134.14999389648438,86.94840240478516,39.29657745361328,76.05109405517578,72.46554565429688,69.33704376220703,22.539363861083984
2013-09-09,135.13661193847656,133.91000366210938,88.26466369628906,40.11524963378906,76.2044448852539,72.65473937988281,70.14823913574219,22.395641326904297
2013-09-10,136.13619995117188,131.74000549316406,89.13081359863281,40.084938049316406,75.85179901123047,72.33502197265625,70.49071502685547,22.19273567199707
2013-09-11,136.56350708007812,131.6999969482422,89.17329406738281,40.40632629394531,76.23505401611328,72.67430114746094,70.35551452636719,22.22655487060547
2013-09-12,136.20071411132812,127.66999816894533,88.51941680908203,40.14557647705078,76.24281311035156,72.62212371826172,70.31048583984375,22.336462020874023
2013-09-13,136.507080078125,127.81999969482422,89.00346374511719,40.26079177856445,76.34242248535156,72.66779327392578,70.35551452636719,22.26882743835449
2013-09-16,137.29708862304688,126.4499969482422,89.19877624511719,40.66102981567383,76.5111083984375,72.75261688232422,70.16627502441406,21.98983192443848
2013-09-17,137.9097900390625,126.5,90.0819091796875,40.63677597045898,76.6644287109375,72.94831085205078,70.63493347167969,21.761564254760746
2013-09-18,139.5059814453125,132.00999450683594,90.93962097167967,42.01336669921875,77.61504364013672,74.0183334350586,71.48213195800781,22.23500633239746
2013-09-19,139.27220153808594,131.75,90.84618377685548,41.97698974609375,77.34673309326172,73.54856872558594,71.65339660644531,22.15046501159668
2013-09-20,138.29849243164062,127.95999908447266,90.5149917602539,41.29171752929688,77.42340850830078,73.61383056640625,71.40750885009766,21.947559356689453
2013-09-23,137.65846252441406,127.5500030517578,90.52347564697266,41.008975982666016,77.71471405029297,74.05097198486328,71.26287078857422,21.78692626953125
2013-09-24,137.33441162109375,127.66000366210938,90.8240203857422,40.696876525878906,77.99842834472656,74.24012756347656,71.26287078857422,21.778472900390625
2013-09-25,136.93746948242188,128.7899932861328,90.65377044677734,40.83151245117188,78.21309661865234,74.46851348876953,71.01881408691406,21.81228828430176
2013-09-26,137.46412658691406,127.79000091552734,91.15614318847656,41.08242416381836,78.0444107055664,74.28583526611328,71.57019805908203,21.98137855529785
2013-09-27,136.83221435546875,128.97000122070312,90.7474136352539,40.91107177734375,78.15174102783203,74.22710418701172,71.47982788085938,21.871471405029297
2013-09-30,136.10313415527344,128.17999267578125,90.77294158935548,40.47657775878906,78.28204345703125,74.06398010253906,71.3080825805664,21.778472900390625
2013-10-01,137.1805419921875,124.58999633789062,91.82874298095705,41.064064025878906,78.1077651977539,73.98936462402344,72.03130340576172,21.634748458862305
2013-10-02,137.05087280273438,127.05999755859376,91.4541473388672,41.125267028808594,78.23829650878906,74.21189880371094,72.004150390625,21.84610748291016
2013-10-03,135.78721618652344,127.18000030517578,90.51752471923828,40.40924453735352,78.34579467773438,74.25115203857422,71.16342163085938,21.81228828430176
2013-10-04,136.81597900390625,126.52999877929688,91.12205505371094,40.32969665527344,78.13081359863281,74.17919158935547,71.77815246582031,21.87992286682129
2013-10-07,135.6332550048828,127.63999938964844,90.05774688720703,40.51329040527344,78.19990539550781,74.31006622314453,71.18151092529297,22.0321044921875
2013-10-08,134.0535888671875,127.4000015258789,88.60179138183594,40.07265853881836,78.16155242919922,74.2970199584961,69.80744934082031,22.108192443847656
2013-10-09,134.15078735351562,126.11000061035156,88.2441635131836,40.07876968383789,78.02326965332031,74.13988494873047,69.59046936035156,21.947559356689453
2013-10-10,137.0428466796875,124.2699966430664,90.372802734375,41.10079193115234,77.8543930053711,74.2446060180664,71.06400299072266,22.22655487060547
2013-10-11,137.9258270263672,122.5999984741211,91.68402099609376,41.51081848144531,77.96957397460938,74.34280395507812,71.62445831298828,22.108192443847656
2013-10-14,138.47666931152344,122.83000183105467,92.143798828125,41.535282135009766,77.70845794677734,74.11371612548828,72.13069915771484,22.0997371673584
2013-10-15,137.47213745117188,123.7300033569336,91.24126434326172,41.38229370117188,77.72386169433594,74.1268081665039,71.8504638671875,22.02364921569824
2013-10-16,139.39208984375,123.54000091552734,92.37369537353516,42.15953063964844,78.1000747680664,74.6766357421875,72.66407775878906,22.19273567199707
2013-10-17,140.3236846923828,127.41999816894533,93.18260192871094,42.79597854614258,78.54541778564453,75.22643280029297,73.07992553710938,22.074377059936523
2013-10-18,141.27149963378906,126.8499984741211,94.2468719482422,42.75313186645508,78.55305480957031,75.32463073730469,74.26417541503906,22.201190948486328
2013-10-21,141.27960205078125,126.9800033569336,94.0595932006836,42.4961051940918,78.49930572509766,75.12824249267578,74.42689514160156,22.15046501159668
2013-10-22,142.09780883789062,129.33999633789062,94.30647277832033,42.88777923583984,79.04446411132812,75.58645629882812,74.53538513183594,22.125104904174805
2013-10-23,141.41732788085938,128.69000244140625,93.991455078125,42.96731948852539,79.18267059326172,75.56681823730469,74.08340454101562,21.78692626953125
2013-10-24,141.88714599609375,129.89999389648438,94.49381256103516,42.9550895690918,79.02141571044922,75.48829650878906,74.40880584716797,21.795381546020508
2013-10-25,142.53524780273438,130.4600067138672,94.57894897460938,43.48140335083008,79.15961456298828,75.48171997070312,74.94217681884766,21.86301612854004
2013-10-28,142.76206970214844,130.55999755859375,94.53636169433594,43.16929244995117,79.08281707763672,75.55371856689453,74.96025848388672,21.947559356689453
2013-10-29,143.52359008789062,129.77000427246094,94.8088150024414,42.918365478515625,79.19036102294922,75.65845489501953,75.08682250976562,21.88838005065918
2013-10-30,142.81063842773438,129.60000610351562,93.51461791992188,42.55730819702149,78.98307037353516,75.50791931152344,75.0145034790039,21.95601272583008
2013-10-31,142.40562438964844,127.73999786376952,92.9697036743164,42.30638885498047,78.89091491699219,75.40318298339844,74.84274291992188,21.77001571655273
2013-11-01,142.74586486816406,126.9499969482422,92.56952667236328,42.52670669555664,78.453369140625,75.19956970214844,74.86080932617188,21.49947929382324
2013-11-04,143.2480926513672,126.80999755859376,93.63385009765624,42.60625457763672,78.60711669921875,75.21928405761719,74.96927642822266,21.406478881835938
2013-11-05,142.79449462890625,126.55999755859376,93.31028747558594,41.90861511230469,78.2534408569336,74.89750671386719,75.05065155029297,21.347299575805664
2013-11-06,143.52359008789062,127.1999969482422,92.9101104736328,41.84740829467773,78.49180603027344,74.98292541503906,75.0325698852539,21.364208221435547
2013-11-07,141.7089385986328,126.16000366210938,91.34342956542967,41.32721710205078,78.69941711425781,75.1339340209961,73.62232208251953,21.2120304107666
2013-11-08,143.62071228027344,124.27999877929688,93.00375366210938,40.77031326293945,77.81510162353516,74.39844512939453,74.61672973632812,21.33039283752441
2013-11-11,143.64503479003906,123.87000274658205,93.13148498535156,40.81315612792969,77.77662658691406,74.27361297607422,74.49922943115234,21.42338752746582
2013-11-12,143.3533935546875,122.4499969482422,93.20812225341795,40.62956237792969,77.70740509033203,74.32618713378906,74.61672973632812,21.279664993286133
2013-11-13,144.5037841796875,122.8499984741211,94.1021499633789,40.89271545410156,78.03041076660156,74.49689483642578,75.52074432373047,21.37266540527344
2013-11-14,145.22470092773438,124.2699966430664,94.00847625732422,41.18033981323242,78.4072036743164,74.9040756225586,75.75579833984375,21.465660095214844
2013-11-15,145.8566131591797,124.31999969482422,94.36609649658205,41.33333587646485,78.34569549560547,74.9040756225586,75.9004135131836,21.43184471130371
2013-11-18,145.34625244140625,122.9000015258789,93.70195770263672,41.07630920410156,78.62249755859375,75.23897552490234,75.15914154052734,21.28812026977539
2013-11-19,145.03028869628906,122.9499969482422,93.12294006347656,40.78866958618164,78.33030700683594,74.97632598876953,74.94217681884766,21.25429916381836
2013-11-20,144.57667541503906,120.12000274658205,93.0889129638672,40.29296112060547,77.899658203125,74.65454864501953,74.76141357421875,21.271211624145508
2013-11-21,145.7431640625,119.94000244140624,94.76628112792967,40.605072021484375,77.9688949584961,74.79900360107422,75.52074432373047,21.541748046875
2013-11-22,146.4722900390625,119.91999816894533,95.23458862304688,40.44594955444336,78.19190979003906,75.06169891357422,75.92753601074219,21.609384536743164
2013-11-25,146.3264923095703,120.45999908447266,95.35375213623048,40.256256103515625,78.2534408569336,75.19300842285156,76.10835266113281,21.58402442932129
2013-11-26,146.36695861816406,119.81999969482422,96.06048583984376,40.115501403808594,78.42256164550781,75.34404754638672,76.50608825683594,21.5755672454834
2013-11-27,146.72335815429688,119.45999908447266,96.59686279296876,40.45820617675781,78.24568939208984,75.35723114013672,77.03946685791016,21.5755672454834
2013-11-29,146.62620544433594,120.6999969482422,96.64800262451172,40.08489990234375,78.19959259033203,75.29814910888672,77.50051879882812,21.567115783691406
2013-12-02,146.24542236328125,117.58000183105467,95.67730712890624,39.85233688354492,77.86373138427734,74.94100952148438,77.27450561523438,21.541748046875
2013-12-03,145.613525390625,117.95999908447266,95.217529296875,39.77278137207031,78.00234985351562,75.13209533691406,77.21125030517578,21.66856575012207
2013-12-04,145.59738159179688,119.95999908447266,94.96208953857422,39.91965866088867,77.64802551269531,74.8883056640625,77.28353118896484,21.710840225219727
2013-12-05,144.9574432373047,118.3000030517578,95.03019714355467,40.06040954589844,77.45551300048828,74.7236099243164,77.1841049194336,21.68547439575196
2013-12-06,146.57760620117188,118.5500030517578,95.7709732055664,40.34804153442383,77.52484130859375,74.88169860839844,77.74461364746094,21.761564254760746
2013-12-09,146.9502410888672,119.72000122070312,95.74542999267578,40.54387664794922,77.61727905273438,74.99371337890625,78.06100463867188,21.68547439575196
2013-12-10,146.42369079589844,121.81999969482422,94.87699127197266,40.439849853515625,77.94078063964844,75.29679870605469,78.00678253173828,21.75310707092285
2013-12-11,144.77923583984375,120.86000061035156,93.31879425048828,39.50962448120117,77.6403579711914,75.08594512939453,77.0032958984375,21.75310707092285
2013-12-12,144.3011932373047,118.29000091552734,93.5231475830078,39.289310455322266,77.41700744628906,74.96080780029297,76.80443572998047,21.55020523071289
2013-12-13,144.2850341796875,119.37999725341795,93.82964324951172,39.387237548828125,77.53255462646484,75.1650619506836,76.70498657226562,21.465660095214844
2013-12-16,145.1842498779297,119.69000244140624,94.94508361816406,39.52186584472656,77.4940185546875,75.22435760498047,77.1298828125,21.533292770385746
2013-12-17,144.7224884033203,118.6500015258789,94.8088150024414,39.70547103881836,77.7405014038086,75.44832611083984,76.97616577148438,21.43184471130371
2013-12-18,147.1932373046875,117.61000061035156,96.11157989501952,40.40924453735352,77.44779205322266,75.44832611083984,77.87116241455078,21.4741153717041
2013-12-19,147.02313232421875,114.81999969482422,95.39633178710938,39.85233688354492,77.12433624267578,75.33634948730469,77.6541976928711,21.524843215942383
2013-12-20,147.87831115722656,115.94000244140624,97.00556182861328,40.097129821777344,77.36312103271484,75.68548583984375,78.44502258300781,21.69392967224121
2013-12-23,148.6684112548828,115.56999969482422,98.1056137084961,40.17669296264648,77.11661529541016,75.56690216064453,79.270263671875,21.69392967224121
2013-12-24,148.9941864013672,116.0999984741211,98.48171997070312,40.21273040771485,76.81622314453125,75.54714965820312,79.30653381347656,21.761564254760746
2013-12-26,149.75167846679688,116.73999786376952,98.49022674560548,40.24381637573242,76.74983978271484,75.49295043945312,79.56952667236328,21.795381546020508
2013-12-27,149.7434844970703,117.12000274658205,98.43040466308594,40.33082962036133,76.70357513427734,75.42687225341797,79.37002563476562,21.85456275939941
2013-12-30,149.7191162109375,115.38999938964844,98.37053680419922,40.343257904052734,76.91185760498047,75.65154266357422,79.25210571289062,21.727746963500977
2013-12-31,150.42770385742188,116.12000274658205,98.60135650634766,40.1257209777832,76.56468200683594,75.45989227294922,79.7690658569336,21.69392967224121
2014-01-02,148.98602294921875,118.0,97.53295135498048,40.13193893432617,76.86558532714844,75.60527801513672,79.143310546875,21.38111686706543
2014-01-03,148.961669921875,119.29000091552734,98.02867889404295,40.35568618774414,76.81929016113281,75.71763610839844,78.57197570800781,21.245847702026367
2014-01-06,148.52989196777344,119.5,97.2337646484375,40.56078338623047,77.03529357910156,75.88284301757812,78.28176879882812,21.271211624145508
2014-01-07,149.44215393066406,118.81999969482422,98.0457763671875,40.74104309082031,77.15876770019531,75.82335662841797,79.00729370117188,21.25429916381836
2014-01-08,149.47471618652344,118.12000274658205,98.17396545410156,40.54215621948242,76.78070068359375,75.4995346069336,79.17955780029297,21.0513973236084
2014-01-09,149.57244873046875,118.45999908447266,98.19962310791016,40.54215621948242,76.9813003540039,75.67135620117188,78.9166030883789,20.882308959960938
2014-01-10,149.97967529296875,120.26000213623048,98.73809814453124,41.09530258178711,77.62942504882812,76.0810775756836,79.1705093383789,21.017578125
2014-01-13,147.9841766357422,121.0199966430664,97.38764190673828,40.82183456420898,77.8531494140625,76.22647094726562,78.00064086914062,21.00912475585937
2014-01-14,149.5968780517578,119.88999938964844,98.584228515625,41.12016296386719,77.5599365234375,76.00176239013672,79.48790740966797,21.00912475585937
2014-01-15,150.40321350097656,119.66000366210938,99.3193130493164,41.430946350097656,77.49054718017578,76.0216293334961,80.140869140625,21.06830406188965
2014-01-16,150.20770263671875,119.79000091552734,99.43897247314452,41.50550079345703,77.70654296875,76.20002746582031,80.14994049072266,21.034486770629883
2014-01-17,149.57244873046875,120.93000030517578,99.08853912353516,41.26311111450195,77.89170837402344,76.28593444824219,79.69650268554688,21.059850692749023
2014-01-21,150.0122528076172,119.6999969482422,99.67829895019533,41.636024475097656,77.80682373046875,76.18022155761719,80.30412292480469,21.110576629638672
2014-01-22,150.1100311279297,119.19000244140624,100.18258666992188,41.81627655029297,77.5908203125,75.99520111083984,80.51266479492188,21.2120304107666
2014-01-23,148.88014221191406,121.79000091552734,99.50733947753906,41.716827392578125,78.11547088623047,76.28593444824219,80.24066925048828,21.19512176513672
2014-01-24,145.7036895751953,122.29000091552734,96.96881866455078,41.19475936889648,78.43177032470703,76.23308563232422,78.66261291503906,21.203575134277344
2014-01-27,144.9869384765625,120.95999908447266,95.54999542236328,40.87776565551758,78.19259643554688,76.08771514892578,77.90088653564453,21.059850692749023
2014-01-28,145.85023498535156,120.9499969482422,96.5585479736328,41.21962356567383,78.30829620361328,76.4577407836914,77.85552978515625,21.16130256652832
2014-01-29,144.4492950439453,122.47000122070312,95.16535186767578,40.9958610534668,78.67864227294922,76.60973358154297,77.0212173461914,21.14439392089844
2014-01-30,145.9805908203125,119.7699966430664,96.58419799804688,41.617374420166016,78.60147857666016,76.64939880371094,78.44502258300781,21.059850692749023
2014-01-31,145.1253662109375,120.08999633789062,95.86622619628906,41.84113693237305,78.91009521484375,76.88069915771484,78.2364273071289,21.034486770629883
2014-02-03,141.85928344726562,121.31999969482422,92.8661117553711,41.17609786987305,79.3390121459961,77.3764419555664,76.44081115722656,21.034486770629883
2014-02-04,142.8529510498047,120.98999786376952,93.56700134277344,41.67332077026367,79.09944152832031,77.00526428222656,77.0030517578125,21.19512176513672
2014-02-05,142.67376708984375,121.29000091552734,92.8661117553711,41.58631134033203,78.8134765625,76.76004791259766,76.80355072021484,21.237394332885746
2014-02-06,144.5552215576172,121.23999786376952,93.60120391845705,41.890869140625,78.66663360595703,76.68708801269531,77.78297424316406,21.32193374633789
2014-02-07,146.3470916748047,122.16999816894533,94.66106414794922,42.20783996582031,78.87532043457031,76.92577362060547,79.1705093383789,21.567115783691406
2014-02-10,146.61587524414062,122.91999816894533,94.90894317626952,42.60562515258789,78.91395568847656,76.95893096923828,79.62393951416016,21.44875144958496
2014-02-11,148.22039794921875,124.36000061035156,95.75506591796876,42.77342987060547,78.56614685058594,76.79985809326172,80.53083801269531,21.55865859985352
2014-02-12,148.29373168945312,124.43000030517578,96.13118743896484,42.79828643798828,78.38072204589844,76.5678482055664,80.68498992919922,21.600929260253903
2014-02-13,149.05931091308594,125.48999786376952,97.35346221923828,42.95989227294922,78.75167083740234,76.885986328125,81.2835464477539,21.71929168701172
2014-02-14,149.8819580078125,127.1500015258789,97.49018096923828,43.1276969909668,78.69758605957031,77.03182220458984,81.44677734375,21.795381546020508
2014-02-18,150.06114196777344,127.4000015258789,98.50733947753906,43.33902359008789,78.89075469970703,77.19087219238281,81.84577941894531,22.108192443847656
2014-02-19,149.0675048828125,126.2699966430664,97.49876403808594,43.31416320800781,78.73617553710938,77.10472869873047,81.2835464477539,22.16737365722656
2014-02-20,149.94715881347656,127.5999984741211,98.55005645751952,43.22092056274414,78.65120697021484,77.00526428222656,81.66443634033203,22.209646224975582
2014-02-21,149.77606201171875,127.58000183105467,98.85777282714844,43.32658004760742,78.75167083740234,77.0848159790039,81.55558013916016,22.15046501159668
2014-02-24,150.60687255859375,128.99000549316406,99.5842742919922,43.4322395324707,78.67439270019531,77.12462615966797,81.99088287353516,22.24346160888672
2014-02-25,150.54986572265625,129.2100067138672,99.68685913085938,43.57519912719727,78.94491577148438,77.42285919189453,81.90021514892578,22.14201164245605
2014-02-26,150.5580291748047,128.11000061035156,100.30223846435548,43.67462921142578,79.17667388916016,77.67473602294922,81.8276596069336,22.08283233642578
2014-02-27,151.34805297851562,128.1999969482422,100.84928894042967,43.55655288696289,79.26946258544922,77.80726623535156,82.3585433959961,22.01519775390625
2014-02-28,151.73089599609375,127.62000274658205,100.44757843017578,43.960540771484375,79.19214630126953,77.7608871459961,82.26750183105469,22.09128189086914
2014-03-03,150.66390991210938,130.2899932861328,99.90908813476562,43.98540496826172,79.58386993408203,77.96430969238281,81.65737915039062,22.395641326904297
2014-03-04,152.7815399169922,128.67999267578125,102.42198181152344,44.61935806274414,78.97235870361328,77.54553985595703,82.69551086425781,22.31110000610352
2014-03-05,152.92001342773438,128.88999938964844,102.36215209960938,44.563419342041016,79.0574722290039,77.505615234375,82.92315673828125,22.125104904174805
2014-03-06,153.2702178955078,130.1699981689453,102.34504699707033,44.19050216674805,78.71692657470703,77.27295684814453,82.85032653808594,22.328004837036133
2014-03-07,153.33538818359375,129.08999633789062,102.31087493896484,43.71193313598633,78.37630462646484,76.99376678466797,82.4405288696289,22.22655487060547
2014-03-10,153.2539825439453,129.1300048828125,101.96898651123048,43.48196029663086,78.46146392822266,76.87409210205078,82.51335906982422,22.04055976867676
2014-03-11,152.4964599609375,129.86000061035156,100.90910339355467,43.75543975830078,78.53887939453125,76.90071105957031,82.15824127197266,22.04901123046875
2014-03-12,152.53720092773438,131.75999450683594,101.2168197631836,43.88595581054688,78.84849548339844,77.1732406616211,82.46783447265625,21.98983192443848
2014-03-13,150.8267822265625,132.2100067138672,100.04580688476562,43.68084716796875,79.31294250488281,77.44578552246094,81.30220794677734,21.88838005065918
2014-03-14,150.40321350097656,133.10000610351562,100.46467590332033,43.792728424072266,79.32064056396484,77.35934448242188,80.7467269897461,22.006738662719727
2014-03-17,151.7635040283203,131.63999938964844,100.90910339355467,43.88595581054688,79.00331115722656,77.2596664428711,81.45699310302734,21.761564254760746
2014-03-18,152.8467254638672,130.6199951171875,102.3792495727539,44.0164680480957,79.19681549072266,77.49894714355469,82.4405288696289,21.871471405029297
2014-03-19,152.0322265625,128.08999633789062,101.71256256103516,43.18363952636719,78.46146392822266,76.94054412841797,81.9942855834961,21.86301612854004
2014-03-20,152.92001342773438,127.86000061035156,101.84932708740234,43.258209228515625,78.47694396972656,77.04693603515625,82.22196197509766,21.761564254760746
2014-03-21,152.326904296875,128.47000122070312,101.37921142578124,43.655982971191406,78.62397766113281,77.31282043457031,81.2325668334961,21.778472900390625
2014-03-24,151.6969757080078,126.18000030517578,100.2253189086914,43.370094299316406,78.65496063232422,77.45912170410156,80.5206527709961,21.77001571655273
2014-03-25,152.4169158935547,126.41000366210938,100.20132446289062,43.766075134277344,78.60858154296875,77.48564910888672,80.78532409667969,21.91374015808105
2014-03-26,151.32061767578125,125.41000366210938,98.28180694580078,43.27187728881836,78.94136047363281,77.78485107421875,79.74483489990234,21.896833419799805
2014-03-27,151.0015869140625,124.58999633789062,98.03328704833984,43.54713439941406,79.01879119873047,77.80475616455078,79.29759979248047,22.09128189086914
2014-03-28,151.7460479736328,124.55999755859376,97.93903350830078,43.809871673583984,78.74011993408203,77.74496459960938,79.45276641845703,22.0997371673584
2014-03-31,152.9895782470703,123.61000061035156,99.6957550048828,44.178977966308594,78.74786376953125,77.73828887939453,80.01863861083984,22.08283233642578
2014-04-01,154.00396728515625,123.38999938964844,101.00686645507812,44.37917709350586,78.58500671386719,77.544921875,81.42422485351562,21.81228828430176
2014-04-02,154.51937866210938,124.31999969482422,101.46100616455078,44.41670608520508,78.24375915527344,77.438232421875,81.63417053222656,21.761564254760746
2014-04-03,154.31488037109375,123.91999816894533,100.43272399902344,44.3228645324707,78.29804229736328,77.58492279052734,80.98615264892578,21.939105987548828
2014-04-04,152.4905548095703,125.56999969482422,98.11040496826172,44.47301864624024,78.77887725830078,77.89160919189453,78.83212280273438,22.04055976867676
2014-04-07,150.8052520751953,124.91000366210938,96.6793441772461,44.61688232421875,78.96499633789062,78.07832336425781,78.08366394042969,21.98983192443848
2014-04-08,151.42703247070312,126.08999633789062,97.35633087158205,44.89213943481445,79.07359313964844,78.28504943847656,78.80469512939453,22.24346160888672
2014-04-09,153.05499267578125,126.31999969482422,98.76168823242188,44.77953338623047,79.0503158569336,78.35165405273438,80.15557098388672,22.302642822265625
2014-04-10,149.83995056152344,127.01000213623048,95.94235229492188,44.35413360595703,79.38379669189453,78.45830535888672,77.67296600341797,22.31110000610352
2014-04-11,148.4900665283203,126.93000030517578,94.6141357421875,44.08514022827149,79.54667663574219,78.51168823242188,76.76933288574219,22.209646224975582
2014-04-14,149.66000366210938,127.8499984741211,94.8797607421875,44.34789657592773,79.42257690429688,78.56501007080078,77.3717269897461,22.41255187988281
2014-04-15,150.69073486328125,125.48999786376952,95.24826049804688,44.87339019775391,79.51564025878906,78.73167419433594,77.62731170654297,22.42946052551269
2014-04-16,152.2696533203125,125.54000091552734,96.28514099121094,45.1611442565918,79.39155578613281,78.7650375366211,78.6586685180664,22.47173118591309
2014-04-17,152.4823455810547,124.75,96.76502227783205,44.898399353027344,78.94172668457031,78.31163787841797,78.67693328857422,22.5224552154541
2014-04-21,153.01406860351562,124.23999786376952,97.2191925048828,45.15489196777344,78.92623138427734,78.41836547851562,79.26106262207031,22.446367263793945
2014-04-22,153.7095184326172,123.77999877929688,98.2218246459961,45.254981994628906,78.89521789550781,78.45830535888672,79.89087677001953,22.43791580200196
2014-04-23,153.3494873046875,123.76000213623048,97.60482788085938,45.07357406616211,79.09686279296875,78.63168334960938,79.1880874633789,22.42100524902344
2014-04-24,153.66038513183594,124.55999755859376,97.35633087158205,45.2612419128418,79.07359313964844,78.64501190185547,79.94561004638672,22.5562744140625
2014-04-25,152.40057373046875,125.43000030517578,95.64244842529295,45.08607864379883,79.18214416503906,78.63168334960938,78.66780853271484,22.463275909423828
2014-04-28,152.8832244873047,124.87999725341795,95.0854263305664,45.43640899658203,79.06582641601562,78.53836059570312,78.92337799072266,22.38718605041504
2014-04-29,153.5949249267578,124.86000061035156,95.32537078857422,45.46767807006836,79.13566589355469,78.5516586303711,79.55316162109375,22.446367263793945
2014-04-30,154.05307006835938,124.22000122070312,95.9594955444336,45.63034057617188,79.34500885009766,78.77166748046875,79.76309967041016,22.328004837036133
2014-05-01,154.06948852539062,123.8000030517578,95.92523956298828,45.82427597045898,79.57347106933594,79.10197448730469,80.00041198730469,22.158920288085938
2014-05-02,153.8485565185547,125.05999755859376,96.0023193359375,45.81176376342773,79.69000244140625,79.26918029785156,79.8543472290039,22.218101501464844
2014-05-05,154.14306640625,126.22000122070312,95.8824234008789,45.90559768676758,79.64344787597656,79.06859588623047,80.27421569824219,22.16737365722656
2014-05-06,152.8013916015625,125.9800033569336,94.32273864746094,45.742942810058594,79.73664855957031,79.20232391357422,79.23371124267578,22.184282302856445
2014-05-07,153.70130920410156,124.16999816894533,94.38274383544922,46.29345703125,79.79879760742188,79.21570587158203,79.00552368164062,22.24346160888672
2014-05-08,153.5376739501953,124.16999816894533,93.4315414428711,46.39979934692383,79.88430786132812,79.23579406738281,78.93250274658203,22.17582893371582
2014-05-09,153.76670837402344,124.0999984741211,94.2884750366211,46.43108367919922,79.82209014892578,79.14878845214844,79.2245864868164,22.06591987609864
2014-05-12,155.26380920410156,124.94000244140624,96.43080139160156,46.57497024536133,79.61231231689453,78.94824981689453,80.52976989746094,22.11664772033692
2014-05-13,155.40283203125,124.5999984741211,95.48821258544922,46.27470779418945,79.9230728149414,79.24242401123047,80.58456420898438,22.218101501464844
2014-05-14,154.66659545898438,125.80999755859376,93.93712615966795,46.29345703125,80.28834533691406,79.63695526123047,80.1646957397461,22.31955337524414
2014-05-15,153.3085479736328,124.7699966430664,93.3030242919922,46.26844024658203,80.57576751708984,79.7773666381836,79.53490447998047,22.184282302856445
2014-05-16,153.84034729003906,124.5,93.8943099975586,46.69383239746094,80.40487670898438,79.68376922607422,80.05514526367188,22.209646224975582
2014-05-19,154.40484619140625,124.58000183105467,94.90547943115234,46.506160736083984,80.3038558959961,79.61021423339844,80.61190032958984,22.19273567199707
2014-05-20,153.4313201904297,124.69000244140624,93.45723724365234,46.36227035522461,80.53694915771484,79.61021423339844,80.31982421875,22.23500633239746
2014-05-21,154.72389221191406,124.38999938964844,93.93712615966795,46.05573272705078,80.41259765625,79.46308135986328,81.08651733398438,22.27728080749512
2014-05-22,155.1001739501953,124.66999816894533,94.91402435302734,45.97441482543945,80.32715606689453,79.43632507324219,81.44251251220703,22.29419136047364
2014-05-23,155.721923828125,124.51000213623048,95.95094299316406,46.38105010986328,80.49036407470703,79.52324676513672,82.03578186035156,22.34491539001465
2014-05-27,156.6790771484375,121.8499984741211,97.33059692382812,46.71259689331055,80.51361846923828,79.8040771484375,83.05802154541016,22.158920288085938
2014-05-28,156.56454467773438,121.1999969482422,96.8249969482422,46.41857147216797,80.95652770996094,80.18521118164062,82.80244445800781,22.16737365722656
2014-05-29,157.37451171875,120.94000244140624,97.15062713623048,46.51241302490234,80.85553741455078,79.951171875,83.33183288574219,22.17582893371582
2014-05-30,157.62803649902344,120.43000030517578,96.71363830566406,46.72512435913086,80.79331970214844,79.96456909179688,83.3409652709961,22.006738662719727
2014-06-02,157.80804443359375,119.6999969482422,96.19087982177734,46.8690071105957,80.42369842529297,79.5206527709961,83.25880432128906,21.98137855529785
2014-06-03,157.72625732421875,120.01000213623048,95.9594955444336,46.843997955322266,80.01890563964844,79.15860748291016,83.22229766845703,21.96446990966797
2014-06-04,158.04527282714844,119.76000213623048,96.3365707397461,46.93782043457031,79.95662689208984,79.11836242675781,83.53264617919922,21.905288696289062
2014-06-05,159.0760955810547,120.66000366210938,98.35896301269533,47.80113220214844,80.07344818115234,79.28594207763672,84.23544311523438,21.930652618408203
2014-06-06,159.8369140625,120.61000061035156,99.30155181884766,47.60092926025391,80.01111602783203,79.45360565185547,84.71917724609375,22.02364921569824
2014-06-09,160.00050354003906,120.6500015258789,100.17562866210938,47.02540588378906,79.8944091796875,79.29268646240234,84.65531158447266,22.11664772033692
2014-06-10,160.01687622070312,121.38999938964844,99.978515625,46.6750602722168,79.75433349609375,79.14514923095703,84.80133056640625,22.05746841430664
2014-06-11,159.46060180664062,121.41000366210938,99.49006652832033,46.54996109008789,79.86332702636719,79.20552825927734,84.78305053710938,21.99828720092773
2014-06-12,158.33164978027344,122.63999938964844,98.8816375732422,46.43108367919922,80.17462158203125,79.46036529541016,84.01638793945312,22.31110000610352
2014-06-13,158.8142547607422,122.95999908447266,99.05301666259766,46.54996109008789,80.01890563964844,79.44692993164062,84.26282501220703,22.31110000610352
2014-06-16,158.94520568847656,122.41999816894533,99.53292846679688,46.31222534179688,80.01890563964844,79.44019317626953,84.33583068847656,22.37873268127441
2014-06-17,159.38694763183594,122.27999877929688,100.235595703125,46.43108367919922,79.68423461914062,79.1719970703125,84.38148498535156,22.404098510742188
2014-06-18,160.55686950683594,122.66999816894533,100.91259002685548,46.75639343261719,80.10455322265625,79.62794494628906,84.8561019897461,22.497095108032227
2014-06-19,160.7367706298828,126.94000244140624,100.9982452392578,47.144264221191406,79.90221405029297,79.34629821777344,84.80133056640625,22.716909408569336
2014-06-20,161.06312561035156,126.5,101.33250427246094,47.30691909790039,79.99559020996094,79.50055694580078,84.9011001586914,22.759178161621094
2014-06-23,161.01380920410156,126.8499984741211,101.13536834716795,47.11298751831055,79.94108581542969,79.49383544921875,84.91938018798828,22.674636840820312
2014-06-24,160.04388427734375,126.9800033569336,100.0556640625,47.147705078125,80.26799774169922,79.82910919189453,84.83702850341797,22.70845413208008
2014-06-25,160.76719665527344,126.98999786376952,100.9040298461914,47.05299377441406,80.3458023071289,79.90961456298828,85.37696075439453,22.742271423339844
2014-06-26,160.65216064453125,126.7300033569336,100.7326431274414,47.0087890625,80.55595397949219,80.05706787109375,85.42276763916016,22.64927291870117
2014-06-27,160.96446228027344,126.66000366210938,101.40959930419922,47.36870193481445,80.55595397949219,80.04368591308594,85.79798126220703,22.60700035095215
2014-06-30,160.88232421875,128.0399932861328,101.81236267089844,47.25504684448242,80.61822509765625,79.96996307373047,85.94438934326172,22.47173118591309
2014-07-01,161.95909118652344,127.6999969482422,102.84925842285156,47.50762176513672,80.35467529296875,79.66064453125,86.88699340820312,22.404098510742188
2014-07-02,162.12347412109375,127.6999969482422,102.45269775390624,47.39396667480469,80.02722930908203,79.37821197509766,87.033447265625,22.361825942993164
2014-07-03,162.92080688476562,127.16000366210938,103.07205200195312,47.12245559692383,79.86339569091797,79.29752349853516,87.58255004882812,22.31955337524414
2014-07-07,162.35366821289062,127.0199966430664,101.30860900878906,47.2613639831543,80.058349609375,79.43873596191406,87.31715393066406,22.14201164245605
2014-07-08,161.30975341796875,127.06999969482422,100.07845306396484,47.40028381347656,80.42488098144531,79.7346420288086,86.26468658447266,22.08283233642578
2014-07-09,162.03311157226562,127.83999633789062,100.20752716064452,47.47602462768555,80.44043731689453,79.86233520507812,86.90534210205078,21.930652618408203
2014-07-10,161.3919219970703,128.5399932861328,99.14083099365234,47.69072341918945,80.61199188232422,79.80184936523438,86.63077545166016,21.96446990966797
2014-07-11,161.6138458251953,128.77999877929688,99.01180267333984,47.69705581665039,80.74455261230469,80.05061340332031,87.18900299072266,21.77001571655273
2014-07-14,162.42767333984375,125.72000122070312,99.5193328857422,47.9306755065918,80.5652084350586,79.88253021240234,87.71067810058594,21.85456275939941
2014-07-15,162.12347412109375,124.52999877929688,98.5386734008789,47.96222305297852,80.49501037597656,79.79509735107422,87.40868377685547,21.65165901184082
2014-07-16,162.72357177734375,124.97000122070312,98.2720184326172,48.11377334594727,80.61199188232422,79.9833984375,87.75643920898438,21.68547439575196
2014-07-17,160.87405395507812,127.08999633789062,96.7580108642578,47.86752700805664,81.07987213134766,80.28599548339844,86.59416198730469,21.73619842529297
2014-07-18,162.51803588867188,126.12999725341795,98.26338958740234,48.3410758972168,80.9161376953125,80.17839050292969,87.96693420410156,21.59247589111328
2014-07-21,162.2138671875,126.33999633789062,97.86770629882812,48.16427993774414,80.93949890136719,80.17839050292969,87.85710144042969,21.69392967224121
2014-07-22,162.92080688476562,125.73999786376952,98.6935043334961,48.31581497192383,81.04092407226562,80.2388916015625,88.41537475585938,21.600929260253903
2014-07-23,163.28257751464844,125.62000274658205,98.81394958496094,48.40422058105469,81.0331039428711,80.3330307006836,88.98279571533203,21.66011047363281
2014-07-24,163.29074096679688,124.3499984741211,98.61609649658205,48.3410758972168,80.70555877685547,80.01700592041016,88.88211059570312,21.634748458862305
2014-07-25,162.52627563476562,125.79000091552734,97.7214584350586,48.00642395019531,81.01746368408203,80.32630157470703,88.53435516357422,21.71929168701172
2014-07-28,162.592041015625,125.58000183105467,97.23110961914062,48.3410758972168,80.92391967773438,80.232177734375,88.56179809570312,21.677021026611328
2014-07-29,161.89328002929688,125.1999969482422,97.49778747558594,48.107460021972656,81.0331039428711,80.30614471435547,88.40621948242188,21.609384536743164
2014-07-30,161.9180145263672,124.83000183105467,97.88489532470705,48.00642395019531,80.46383666992188,79.9362564086914,88.75398254394531,21.516387939453125
2014-07-31,158.7204132080078,123.38999938964844,95.64830017089844,47.29293823242188,80.44043731689453,79.71442413330078,86.96021270751953,21.406478881835938
2014-08-01,158.23548889160156,124.37999725341795,95.2096176147461,47.17928314208984,80.91390991210938,80.12510681152344,86.63992309570312,21.237394332885746
2014-08-04,159.3780059814453,123.98999786376952,96.0526123046875,47.50762176513672,80.96078491210938,80.14530181884766,87.23479461669922,21.398025512695312
2014-08-05,157.83265686035156,123.87000274658205,95.81177520751952,47.02144241333008,80.99983978271484,80.22624206542969,86.56671905517578,21.296571731567383
2014-08-06,157.8819580078125,125.66999816894533,96.11285400390624,47.00248718261719,81.0700912475586,80.08466339111328,86.5026626586914,21.43184471130371
2014-08-07,157.027099609375,126.18000030517578,95.64830017089844,47.02774429321289,81.43730163574219,80.29367065429688,86.22809600830078,21.4741153717041
2014-08-08,158.84371948242188,126.19000244140624,96.57735443115234,47.30556869506836,81.36699676513672,80.27347564697266,86.85041809082031,21.37266540527344
2014-08-11,159.30404663085938,125.95999908447266,97.49778747558594,47.602317810058594,81.32794952392578,80.30716705322266,87.36293029785156,21.406478881835938
2014-08-12,159.0821533203125,125.98999786376952,96.82685089111328,47.52654647827149,81.21077728271484,80.26669311523438,87.3262939453125,21.271211624145508
2014-08-13,160.15890502929688,126.1999969482422,97.58382415771484,48.21480178833008,81.47638702392578,80.42855834960938,88.25065612792969,21.25429916381836
2014-08-14,160.91513061523438,126.30999755859376,97.73004913330078,48.183231353759766,81.64044189453125,80.51624298095703,88.70821380615234,21.00066947937012
2014-08-15,160.88232421875,125.4800033569336,97.54080200195312,48.13271331787109,81.96858978271484,80.79944610595703,89.13836669921875,21.085214614868164
2014-08-18,162.23036193847656,124.95999908447266,98.96019744873048,48.60627746582031,81.71073913574219,80.61737060546875,89.82475280761719,20.90767288208008
2014-08-19,163.07704162597656,124.68000030517578,99.30426788330078,48.70730972290039,81.62481689453125,80.56336975097656,90.32810974121094,20.94994354248047
2014-08-20,163.51268005371094,124.22000122070312,98.88275146484376,48.928314208984375,81.38264465332031,80.38136291503906,90.32810974121094,21.00912475585937
2014-08-21,163.9894561767578,122.87999725341795,99.09780883789062,48.852535247802734,81.55451202392578,80.6578369140625,90.5111312866211,21.059850692749023
2014-08-22,163.7346649169922,123.19000244140624,99.10643005371094,48.46104049682617,81.56228637695312,80.75897979736328,90.64838409423828,21.02603340148925
2014-08-25,164.56483459472656,122.73999786376952,99.57095336914062,48.35369873046875,81.62481689453125,80.88707733154297,90.96871948242188,21.059850692749023
2014-08-26,164.6717071533203,123.3499984741211,100.47418975830078,48.44842147827149,81.60916900634766,80.9410400390625,91.06023406982422,21.06830406188965
2014-08-27,164.60594177246094,123.31999969482422,100.22470092773438,48.47998809814453,81.83575439453125,81.0759048461914,91.0785140991211,21.10212135314941
2014-08-28,164.5155029296875,124.0,99.7085952758789,48.47366714477539,81.94514465332031,81.25123596191406,90.97789764404295,21.11903190612793
2014-08-29,164.98406982421875,123.86000061035156,100.26773071289062,48.732547760009766,81.95292663574219,81.31195831298828,91.31648254394533,21.16130256652832
2014-09-02,164.90185546875,121.6500015258789,100.8182601928711,48.7388801574707,81.42938232421875,80.92514038085938,91.5818862915039,20.85694694519043
2014-09-03,164.81149291992188,122.1500015258789,100.18169403076172,48.86514663696289,81.54680633544922,81.03331756591797,91.04191589355467,20.941490173339844
2014-09-04,164.5730438232422,121.4800033569336,99.79461669921876,48.68202972412109,81.25720977783203,80.45854949951172,90.95954895019533,20.85694694519043
2014-09-05,165.31285095214844,122.05999755859376,100.11287689208984,49.199806213378906,81.28068542480469,80.4720458984375,91.41717529296876,20.8231258392334
2014-09-08,164.8854217529297,120.7300033569336,100.26773071289062,49.14928817749024,81.19458770751953,80.3367919921875,91.5910415649414,20.72167587280273
2014-09-09,163.84152221679688,120.87000274658205,99.08060455322266,48.84621047973633,81.00676727294922,80.12044525146484,90.8314437866211,20.55258560180664
2014-09-10,164.4580078125,120.26000213623048,99.6655731201172,48.07588577270508,80.80333709716797,79.99189758300781,91.5818862915039,20.40886306762696
2014-09-11,164.6470489501953,119.47000122070312,100.31073760986328,48.11377334594727,80.70160675048828,79.93104553222656,91.50868225097656,20.30741500854492
2014-09-12,163.68533325195312,118.37999725341795,99.24404907226562,46.6362533569336,80.39639282226562,79.54561614990234,91.04191589355467,20.146778106689453
2014-09-15,163.5619659423828,118.63999938964844,98.16019439697266,46.408966064453125,80.54507446289062,79.56595611572266,90.1633529663086,20.172143936157227
2014-09-16,164.7949676513672,118.83000183105467,98.43545532226562,46.863563537597656,80.52159118652344,79.5523452758789,90.95042419433594,20.358137130737305
2014-09-17,165.01695251464844,117.54000091552734,98.6935043334961,46.85093688964844,80.31810760498047,79.33598327636719,91.08768463134766,20.27359390258789
2014-09-18,165.89649963378906,117.77999877929688,99.295654296875,46.44050598144531,80.26333618164062,79.47795867919922,91.77405548095705,20.07914352416992
2014-09-19,165.74703979492188,117.08999633789062,98.03975677490234,46.497337341308594,80.56855010986328,79.7890853881836,91.71720123291016,20.01996421813965
2014-09-22,164.46693420410156,116.8499984741211,96.66340637207033,46.13113021850586,80.74067687988281,79.8634262084961,90.8640594482422,19.850873947143555
2014-09-23,163.5254669189453,117.5999984741211,95.76016998291016,45.79648971557617,80.91283416748047,79.99189758300781,90.61638641357422,19.850873947143555
2014-09-24,164.80555725097656,117.0500030517578,96.62705993652344,45.67412185668945,80.6858901977539,79.80257415771484,91.58875274658205,19.9354190826416
2014-09-25,162.14634704589844,117.38999938964844,94.9967803955078,45.47019577026367,81.07723236083984,80.03927612304688,89.66231536865234,19.89314842224121
2014-09-26,163.4346466064453,117.05999755859376,95.85074615478516,46.08199691772461,80.9050521850586,79.8634262084961,90.61638641357422,19.85932922363281
2014-09-29,163.13735961914062,117.02999877929688,95.7730941772461,46.01825714111328,81.16329956054688,79.8296127319336,90.49710083007812,19.977689743041992
2014-09-30,162.70791625976562,116.20999908447266,94.3239517211914,45.78883361816406,81.09285736083984,79.944580078125,90.62554931640624,19.631059646606445
2014-10-01,160.50291442871094,116.7699966430664,92.98694610595705,45.82708740234375,81.77423095703125,80.42948150634766,89.17611694335938,19.563426971435547
2014-10-02,160.5276641845703,116.73999786376952,93.87541961669922,45.7506103515625,81.53117370605469,80.42267608642578,89.17611694335938,19.48733711242676
2014-10-03,162.2949676513672,114.61000061035156,94.58271026611328,46.03736877441406,81.50758361816406,80.65324401855469,90.05677032470703,19.30134010314941
2014-10-06,162.1050567626953,116.02999877929688,93.77190399169922,46.15845489501953,81.6408920288086,80.69393920898438,89.86416625976562,19.546520233154297
2014-10-07,159.60275268554688,116.36000061035156,92.22787475585938,45.79522705078125,82.11918640136719,80.98553466796875,88.58901977539062,19.470430374145508
2014-10-08,162.39402770996094,117.47000122070312,93.99618530273438,46.78936767578125,82.40924835205078,81.39923858642578,90.31363677978516,19.39433860778809
2014-10-09,159.17330932617188,117.63999938964844,91.4601593017578,46.78936767578125,82.26812744140625,81.06016540527344,88.85504913330078,19.16607093811035
2014-10-10,157.35641479492188,117.58999633789062,90.34739685058594,46.833980560302734,82.58954620361328,81.12799072265625,86.63505554199219,19.09843635559082
2014-10-13,154.7715301513672,118.5199966430664,89.98515319824219,46.87858581542969,83.02079772949219,81.33821105957031,85.2773666381836,19.09843635559082
2014-10-14,155.01101684570312,118.58999633789062,91.03750610351562,47.63695526123047,83.18544006347656,81.52129364013672,85.2865219116211,18.81098747253418
2014-10-15,153.9622039794922,118.98999786376952,91.95183563232422,47.4521484375,83.65585327148438,81.58235931396484,84.73609161376953,18.574264526367188
2014-10-16,153.83010864257812,119.22000122070312,92.98694610595705,47.528621673583984,83.428466796875,81.39923858642578,84.20405578613281,18.76026153564453
2014-10-17,155.64688110351562,118.98999786376952,92.71090698242188,47.58597183227539,83.18544006347656,81.36532592773438,85.3140640258789,18.827896118164062
2014-10-20,157.15823364257812,119.8000030517578,93.79776000976562,48.31248474121094,83.30302429199219,81.5145263671875,86.58919525146484,18.69262313842773
2014-10-21,160.27166748046875,120.0199966430664,95.34180450439452,48.75219345092773,83.07565307617188,81.46704864501953,88.86420440673828,18.844804763793945
2014-10-22,159.1320343017578,119.33999633789062,93.9789047241211,48.76494216918945,83.05208587646484,81.3313980102539,88.4055404663086,18.633447647094727
2014-10-23,160.9818878173828,118.5199966430664,95.64369201660156,49.14094161987305,82.70720672607422,81.17545318603516,89.73571014404297,18.853260040283203
2014-10-24,162.22064208984375,118.3499984741211,95.80758666992188,49.10271835327149,82.77774047851562,81.20936584472656,90.46959686279295,18.73489761352539
2014-10-27,161.99769592285156,118.05999755859376,95.75582122802734,49.46595001220703,82.86398315429688,81.31109619140625,90.53382110595705,18.68416976928711
2014-10-28,163.85581970214844,118.0999984741211,98.48162078857422,49.68264389038086,82.66019439697266,81.03982543945312,91.90066528320312,18.836349487304688
2014-10-29,163.6080322265625,116.41000366210938,98.24870300292967,49.40223693847656,82.38575744628906,80.89061737060547,91.5612564086914,19.0561637878418
2014-10-30,164.65687561035156,115.19000244140624,99.0854263305664,49.71450424194336,82.47195434570312,80.94486236572266,91.7538833618164,18.895532608032227
2014-10-31,166.5398406982422,112.66000366210938,100.54317474365234,50.33904647827149,82.33866119384766,80.93130493164062,93.01983642578124,18.870166778564453
2014-11-03,166.63064575195312,112.1500015258789,100.37069702148438,50.77876281738281,82.30807495117188,80.77147674560547,93.29502868652344,18.70108222961425
2014-11-04,166.05259704589844,112.22000122070312,99.90489959716795,50.86160659790039,82.30023193359375,80.88711547851562,92.983154296875,18.430538177490234
2014-11-05,167.10140991210938,109.79000091552734,100.08602142333984,50.75326919555664,82.32378387451172,80.73751068115234,92.9923324584961,18.48126792907715
2014-11-06,167.7703399658203,109.87999725341795,100.51732635498048,50.364524841308594,82.07246398925781,80.49262237548828,93.28588104248048,18.49817276000977
2014-11-07,167.92727661132812,112.97000122070312,100.672607421875,50.30080795288086,82.59860229492188,81.00272369384766,93.20330810546876,18.58271789550781
2014-11-10,168.45582580566406,110.45999908447266,101.1728973388672,50.71504211425781,82.26094055175781,80.59467315673828,93.53353118896484,18.405176162719727
2014-11-11,168.6209259033203,112.04000091552734,101.2418975830078,50.517459869384766,82.26876068115234,80.5878677368164,93.82711791992188,18.49817276000977
2014-11-12,168.43930053710938,111.5,101.69906616210938,50.13510513305664,82.2374038696289,80.58109283447266,93.99226379394533,18.43899345397949
2014-11-13,168.62925720214844,111.66999816894533,100.8364486694336,50.40914535522461,82.37088012695312,80.49262237548828,94.39585876464844,18.100818634033203
2014-11-14,168.67056274414062,114.47000122070312,100.65534973144533,49.99491500854492,82.54365539550781,80.59467315673828,94.68939971923828,18.29526901245117
2014-11-17,168.77786254882812,114.0500030517578,99.8186264038086,50.21795654296875,82.44941711425781,80.40425109863281,94.40503692626952,18.21917724609375
2014-11-18,169.75238037109375,115.0500030517578,100.39656829833984,50.43462753295898,82.54365539550781,80.47225189208984,95.11140441894533,18.126184463500977
2014-11-19,169.4798126220703,113.68000030517578,99.32698822021484,49.982154846191406,82.32378387451172,80.04379272460938,94.68026733398438,18.033184051513672
2014-11-20,169.77716064453125,114.86000061035156,100.43968200683594,50.14785003662109,82.4729995727539,80.349853515625,95.10220336914062,18.18536376953125
2014-11-21,170.685546875,115.38999938964844,100.56047058105467,50.46011734008789,82.6379165649414,80.69670867919922,95.28571319580078,18.37981605529785
2014-11-24,171.16455078125,115.11000061035156,101.7594223022461,50.63857650756836,82.73210906982422,80.82589721679688,96.0287857055664,18.21917724609375
2014-11-25,171.04066467285156,115.37999725341795,101.8370590209961,50.72779083251953,82.93635559082031,81.17273712158203,96.17550659179688,18.13463592529297
2014-11-26,171.47837829589844,115.16000366210938,102.17346954345705,51.21849060058594,83.07776641845703,81.4515380859375,96.7993392944336,18.092363357543945
2014-11-28,171.11497497558594,112.11000061035156,100.65534973144533,51.34594345092773,83.39977264404297,81.66917419433594,97.24884033203124,17.263837814331055
2014-12-01,169.92578125,116.58000183105467,99.0854263305664,51.21849060058594,83.19520568847656,81.38616943359375,96.14803314208984,17.61891746520996
2014-12-02,171.024169921875,115.13999938964844,100.27578735351562,51.537147521972656,82.82546997070312,80.84056091308594,96.53330993652344,17.24692726135254
2014-12-03,171.68484497070312,116.33000183105467,101.2418975830078,51.48615264892578,82.85687255859375,80.92243194580078,96.70761108398438,17.14547348022461
2014-12-04,171.4949188232422,115.87999725341795,100.75886535644533,51.61997604370117,83.14800262451172,81.052001953125,96.66175079345705,17.09474754333496
2014-12-05,171.77572631835938,114.43000030517578,101.51791381835938,51.35868453979492,82.68385314941406,80.71778869628906,96.6709213256836,17.05247688293457
2014-12-08,170.62770080566406,115.77999877929688,100.24993133544922,51.68372344970703,82.95921325683594,81.09971618652344,95.98287963867188,16.756574630737305
2014-12-09,170.5121612548828,118.19000244140624,101.9319839477539,51.91950607299805,83.26599884033203,81.16795349121094,96.28561401367188,16.87493324279785
2014-12-10,167.7786407470703,117.95999908447266,99.76685333251952,51.8685302734375,83.64362335205078,81.14065551757812,94.77196502685548,16.61284828186035
2014-12-11,168.62925720214844,117.69000244140624,100.1636962890625,51.9640998840332,83.50202178955078,81.05882263183594,95.22149658203124,16.460668563842773
2014-12-12,165.90391540527344,117.41000366210938,98.94740295410156,51.511627197265625,84.18645477294922,81.18839263916016,94.18487548828124,16.32539939880371
2014-12-15,164.76429748535156,114.38999938964844,97.9468231201172,50.84249114990234,83.87963104248047,81.37932586669922,93.21248626708984,16.063316345214844
2014-12-16,163.44288635253906,114.9499969482422,97.80879974365234,50.77238845825195,84.304443359375,81.35205841064453,91.71720123291016,15.970314979553224
2014-12-17,166.6471405029297,114.2699966430664,100.8278579711914,51.93862915039063,83.72228240966797,81.3725357055664,93.38680267333984,16.063316345214844
2014-12-18,170.7681884765625,115.1500015258789,102.32877349853516,52.301883697509766,83.2502670288086,81.45433044433594,95.63430786132812,16.012588500976562
2014-12-19,171.4947509765625,114.7699966430664,102.56165313720705,52.2763671875,83.55708312988281,81.4134292602539,96.0550765991211,16.249311447143555
2014-12-22,172.2836456298828,112.5500030517578,103.2603530883789,53.15038299560547,83.55708312988281,81.67256164550781,96.29449462890624,15.953407287597656
2014-12-23,172.5161590576172,112.73999786376952,103.38976287841795,53.00181579589844,82.8647689819336,81.052001953125,95.95381927490234,16.11404037475586
2014-12-24,172.5326690673828,112.7699966430664,103.68843841552734,52.78218460083008,82.92469024658203,81.31322479248047,96.03667449951172,15.902681350708008
2014-12-26,173.08912658691406,114.83000183105467,104.3637466430664,52.96951675415039,83.03497314453125,81.3747787475586,96.71808624267578,15.88577365875244
2014-12-29,173.3217010498047,113.66999816894533,104.80531311035156,53.26018905639648,83.3185806274414,81.53202819824219,96.69963836669922,15.733592987060549
2014-12-30,172.39161682128906,115.1999969482422,104.19058227539062,53.221435546875,83.41315460205078,81.60039520263672,96.0550765991211,15.716684341430664
2014-12-31,170.68099975585938,113.58000183105467,103.5672378540039,52.32353591918945,83.50765991210938,81.6551513671875,95.0698699951172,15.5983247756958
2015-01-02,170.589599609375,114.08000183105467,102.96984100341795,53.111629486083984,83.93316650390625,81.94232940673828,94.784423828125,15.41232681274414
2015-01-05,167.5088653564453,115.8000030517578,101.59319305419922,53.40230178833008,84.44526672363281,82.27738189697266,93.3940200805664,15.192513465881348
2015-01-06,165.9310760498047,117.12000274658205,99.83560943603516,53.93198776245117,85.0125503540039,82.61246490478516,92.1417999267578,15.048789024353027
2015-01-07,167.99874877929688,116.43000030517578,101.0650634765625,54.75886535644531,84.996826171875,82.72186279296875,93.3296127319336,14.955791473388672
2015-01-08,170.9799041748047,115.94000244140624,102.77935028076172,54.965553283691406,84.65008544921875,82.45521545410156,95.11591339111328,15.014970779418944
2015-01-09,169.60972595214844,117.26000213623048,101.7923355102539,54.99139022827149,85.06768798828125,82.67401123046875,94.48974609375,14.98960781097412
2015-01-12,168.2810821533203,118.55999755859376,101.45468139648438,55.41127395629883,85.36708068847656,82.83130645751953,93.50456237792967,14.65988826751709
2015-01-13,167.80776977539062,118.16000366210938,101.5325698852539,55.32730102539063,85.4458999633789,82.90653228759766,93.47692108154295,14.600707054138184
2015-01-14,166.79464721679688,117.97000122070312,101.12566375732422,55.805320739746094,85.83979797363281,83.05013275146484,92.9613265991211,14.761340141296388
2015-01-15,165.26673889160156,120.94000244140624,99.42002868652344,55.93450164794922,86.57254028320312,83.48094177246094,91.75509643554688,14.558435440063477
2015-01-16,167.4340362548828,122.5199966430664,101.0390853881836,56.418983459472656,85.93438720703125,83.01597595214844,92.83238983154295,14.83742904663086
2015-01-20,167.79116821289062,124.1999969482422,100.61485290527344,55.97325134277344,86.13134002685547,83.20740509033203,93.56901550292967,14.634526252746582
2015-01-21,168.63815307617188,124.2300033569336,100.29450225830078,55.93450164794922,85.72166442871094,83.17322540283203,94.04778289794922,14.727523803710938
2015-01-22,171.14596557617188,125.2300033569336,102.33779907226562,56.929298400878906,85.5089340209961,83.13217163085938,95.78807067871094,14.710613250732422
2015-01-23,170.20758056640625,124.2300033569336,102.2685317993164,56.76779174804688,86.06827545166016,83.61766815185547,95.9998550415039,14.617616653442385
2015-01-26,170.60623168945312,122.98999786376952,103.25555419921876,57.2458381652832,85.87133026123047,83.59716796875,95.88935089111328,14.566888809204102
2015-01-27,168.3558349609375,124.4000015258789,102.76203918457033,57.26520919799805,85.989501953125,83.65872192382812,93.40328216552734,14.64297866821289
2015-01-28,166.19677734375,123.41999816894533,101.03042602539062,56.88410949707031,86.65135192871094,84.22634887695312,92.92447662353516,14.431620597839355
2015-01-29,167.73304748535156,120.76000213623048,102.42437744140624,57.0843391418457,86.34406280517578,84.02799987792969,93.81761169433594,14.363984107971191
2015-01-30,165.623779296875,123.4499969482422,100.17327880859376,55.90867614746094,87.10041809082031,84.71865844726562,93.09019470214844,14.710613250732422
2015-02-02,167.67483520507812,122.41999816894533,101.0910415649414,55.760101318359375,86.99151611328125,84.7974853515625,93.90045928955078,14.913519859313965
2015-02-03,170.0996856689453,121.0500030517578,102.90055847167967,56.24457931518555,86.2575912475586,84.11183166503906,94.80286407470705,15.327781677246094
2015-02-04,169.4519500732422,121.58000183105467,102.51960754394533,56.01200485229492,86.39961242675781,84.2284164428711,94.71997833251952,14.98960781097412
2015-02-05,171.16259765625,121.79000091552734,103.84429931640624,56.68380737304688,86.08396911621094,83.96102905273438,95.53944396972656,15.192513465881348
2015-02-06,170.68927001953125,118.63999938964844,103.73172760009766,55.036617279052734,85.12117767333984,83.08332061767578,94.95938110351562,15.234784126281738
2015-02-09,169.92535400390625,119.16999816894533,102.90921783447266,54.64901351928711,85.08168029785156,83.13818359375,94.65552520751952,15.386963844299316
2015-02-10,171.735595703125,118.47000122070312,103.5672378540039,54.82344818115234,84.86865234375,82.91185760498047,96.1287612915039,15.192513465881348
2015-02-11,171.83522033691406,117.06999969482422,103.42003631591795,54.66195297241211,84.83705139160156,82.96671295166016,96.4786376953125,15.074151039123535
2015-02-12,173.48773193359375,117.33999633789062,104.5975112915039,55.31437683105469,84.86865234375,83.17930603027344,97.60199737548828,15.302422523498535
2015-02-13,174.20187377929688,117.9800033569336,105.2209243774414,54.94618225097656,84.58451080322266,82.85015869140625,98.43990325927734,15.471506118774414
2015-02-17,174.4759063720703,116.01000213623048,105.54993438720705,54.81053161621094,83.98471069335938,82.4662094116211,98.53197479248048,15.479961395263672
2015-02-18,174.49252319335938,116.33999633789062,105.66246795654295,55.32085418701172,84.38724517822266,82.76104736328125,98.67008209228516,15.293964385986328
2015-02-19,174.36793518066406,115.94000244140624,105.67111206054688,54.13227081298828,84.1741714477539,82.74732208251953,99.15811157226562,15.243241310119627
2015-02-20,175.4142303466797,115.27999877929688,105.95684814453124,54.65549850463867,84.12677764892578,82.87078094482422,99.82106018066406,15.18405818939209
2015-02-23,175.38937377929688,115.43000030517578,106.06076049804688,55.094757080078125,84.51351928710938,83.15193176269531,99.92230987548828,15.08260726928711
2015-02-24,175.88760375976562,115.26000213623048,106.19927215576172,54.00952911376953,85.07380676269531,83.69357299804688,99.99601745605467,15.091060638427734
2015-02-25,175.73812866210938,115.6999969482422,106.32048034667967,54.02244567871094,85.15277862548828,83.76896667480469,99.74739074707033,15.31933307647705
2015-02-26,175.5305633544922,116.06999969482422,106.71011352539062,53.43461227416992,84.6476821899414,83.31642150878906,100.25382995605467,15.192513465881348
2015-02-27,174.93260192871094,116.16000366210938,106.13002014160156,53.85449600219727,84.94757080078125,83.51526641845703,99.81184387207033,15.361599922180176
2015-03-02,176.0370635986328,115.68000030517578,106.90054321289062,54.1645736694336,84.31522369384766,82.79133605957031,100.71421813964844,15.141788482666016
2015-03-03,175.3146209716797,115.47000122070312,106.26853942871094,54.06120300292969,84.1334228515625,82.7431640625,100.24462127685548,15.234784126281738
2015-03-04,174.5755615234375,115.11000061035156,105.93955993652344,53.5444221496582,84.19664001464844,82.68819427490234,99.85790252685548,15.099517822265623
2015-03-05,174.76657104492188,115.0,106.2511978149414,53.6994514465332,84.24408721923828,82.79816436767578,100.0328598022461,15.040335655212402
2015-03-06,172.30857849121094,111.86000061035156,104.90921783447266,51.91658401489258,83.38252258300781,81.91817474365234,98.90029907226562,14.854337692260742
2015-03-09,173.02273559570312,111.97000122070312,105.36808776855467,52.32999420166016,83.7697982788086,82.24821472167969,99.18573760986328,14.812067031860352
2015-03-10,170.21595764160156,111.41999816894533,104.1559829711914,52.29124450683594,84.12550354003906,82.37881469726562,97.34416961669922,14.617616653442385
2015-03-11,169.81732177734375,110.75,104.7966537475586,52.33646011352539,84.27569580078125,82.79816436767578,96.78247833251952,14.69370460510254
2015-03-12,171.97642517089844,110.72000122070312,106.53694152832033,53.24728393554688,84.35469818115234,82.71570587158203,97.41783905029295,14.626069068908691
2015-03-13,170.9218292236328,110.87999725341795,106.15599060058594,53.214988708496094,84.22823333740234,82.48194885253906,96.99430847167967,14.330167770385742
2015-03-16,173.2054443359375,110.80999755859376,106.77937316894533,53.764041900634766,84.52075958251953,82.56439208984375,98.24652862548828,14.313260078430176
2015-03-17,172.69052124023438,110.20999908447266,107.0650405883789,53.74466323852539,84.69463348388672,82.70195770263672,98.40309143066406,14.21180534362793
2015-03-18,174.76657104492188,112.37000274658205,107.92218780517578,54.8686752319336,85.66686248779297,83.71946716308594,99.36988830566406,14.600707054138184
2015-03-19,173.96932983398438,112.29000091552734,108.13001251220705,54.84282684326172,85.26371002197266,83.293212890625,99.51719665527344,14.355531692504885
2015-03-20,175.50497436523438,113.56999969482422,109.0823974609375,56.21875,85.61151123046875,83.52698516845703,100.16139221191406,14.549981117248535
2015-03-23,175.16297912597656,114.29000091552734,108.98714447021484,56.14767456054688,85.72218322753906,83.71946716308594,99.96756744384766,14.719067573547363
2015-03-24,174.17869567871094,114.56999969482422,108.96116638183594,55.669677734375,85.98299407958984,83.84323120117188,99.6076431274414,14.600707054138184
2015-03-25,171.6263885498047,114.7300033569336,106.35845947265624,54.70922088623047,85.61151123046875,83.56820678710938,97.3281021118164,14.64297866821289
2015-03-26,171.21762084960938,115.4800033569336,106.22815704345705,54.423301696777344,85.12936401367188,83.0525894165039,96.99586486816406,14.820521354675291
2015-03-27,171.6096954345703,115.05999755859376,106.90557098388672,54.494754791259766,85.4613265991211,83.38259887695312,97.38346862792967,14.524618148803713
2015-03-30,173.70323181152344,113.75,108.35585021972656,55.27457427978516,85.45343017578125,83.52698516845703,98.50019073486328,14.600707054138184
2015-03-31,172.1851806640625,113.66000366210938,108.00847625732422,54.787200927734375,85.67477416992188,83.67822265625,97.45730590820312,14.431620597839355
2015-04-01,171.57627868652344,115.5999984741211,108.05191040039062,54.70922088623047,86.08250427246094,83.9188461303711,96.94970703125,14.69370460510254
2015-04-02,172.1935577392578,115.27999877929688,108.25163269042967,55.125118255615234,85.83707427978516,83.78096008300781,97.01435089111328,14.617616653442385
2015-04-06,173.35296630859375,116.69000244140624,108.72927856445312,55.69696044921875,85.94788360595703,83.8912582397461,97.80801391601562,14.803611755371094
2015-04-07,172.89419555664062,116.11000061035156,108.03453826904295,54.71570587158203,86.01914978027344,84.194580078125,97.64189910888672,14.879701614379885
2015-04-08,173.47808837890625,115.47000122070312,108.96378326416016,54.80019760131836,85.93994140625,84.16702270507812,98.41710662841795,14.592252731323242
2015-04-09,174.2454376220703,114.66999816894533,108.5729751586914,53.6629753112793,85.59158325195312,83.73954772949219,99.03546142578124,14.592252731323242
2015-04-10,175.19635009765625,115.97000122070312,109.09404754638672,53.62399291992188,85.56786346435547,83.85675048828125,99.4415054321289,14.744431495666504
2015-04-13,174.4039306640625,115.13999938964844,109.1635284423828,53.481048583984375,85.7420654296875,83.82918548583984,99.1923599243164,14.676797866821287
2015-04-14,174.73756408691406,114.44000244140624,109.1374740600586,53.669471740722656,85.99539947509766,84.0222396850586,98.90626525878906,14.744431495666504
2015-04-15,175.52162170410156,115.43000030517578,109.90169525146484,53.26658630371094,86.0428466796875,84.07736206054688,99.52460479736328,15.040335655212402
2015-04-16,175.47157287597656,115.02999877929688,109.8409194946289,53.40305709838867,86.1062240600586,84.02916717529297,99.38616943359376,15.200966835021973
2015-04-17,173.4530792236328,115.5999984741211,108.0605926513672,53.156131744384766,86.28038024902344,84.25659942626953,97.83570098876952,15.167150497436523
2015-04-20,175.03781127929688,114.72000122070312,109.12010955810548,53.23410034179688,86.12207794189453,84.0566635131836,99.30307006835938,15.099517822265623
2015-04-21,174.829345703125,115.37999725341795,109.00718688964844,53.32505798339844,85.93994140625,84.03596496582031,99.7276382446289,14.98960781097412
2015-04-22,175.68849182128906,113.83000183105467,109.17220306396484,53.435546875,85.44120788574219,83.49141693115234,100.27212524414062,15.040335655212402
2015-04-23,176.1305694580078,114.66000366210938,109.66720581054688,53.57849884033203,85.70247650146484,83.70513153076172,100.65052032470705,15.226332664489746
2015-04-24,176.53927612304688,113.0500030517578,109.30248260498048,53.688995361328125,86.0033187866211,83.8636474609375,102.01638793945312,15.217878341674805
2015-04-27,175.8052215576172,115.33000183105467,108.0953369140625,53.61750411987305,85.86872863769531,83.80165100097656,101.75796508789062,15.217878341674805
2015-04-28,176.36410522460938,116.33000183105467,108.694580078125,53.51351547241211,85.4728775024414,83.3052749633789,101.55492401123048,15.243241310119627
2015-04-29,175.63839721679688,115.51000213623048,107.5134735107422,52.43481063842773,85.15616607666016,82.61592102050781,100.91815948486328,15.344691276550291
2015-04-30,173.8784637451172,113.47000122070312,105.23814392089844,51.5835189819336,85.13241577148438,82.68480682373047,99.33078002929688,15.463055610656738
2015-05-01,175.7635498046875,113.08000183105467,105.9242172241211,51.97343444824219,84.6669921875,82.22856140136719,100.64129638671876,15.446147918701172
2015-05-04,176.2640380859375,114.0999984741211,106.30634307861328,52.02540969848633,84.4925308227539,81.96589660644531,100.8074188232422,15.43769073486328
2015-05-05,174.2454376220703,114.41999816894533,104.95155334472656,50.89472198486328,84.34980773925781,81.8276138305664,99.1646499633789,15.564505577087402
2015-05-06,173.52813720703125,114.36000061035156,105.31631469726562,50.79723358154297,83.93753814697266,81.47509002685547,98.4817123413086,15.564505577087402
2015-05-07,174.220458984375,113.41999816894533,105.71578979492188,51.57704925537109,84.29429626464844,81.79995727539062,99.0723876953125,15.31933307647705
2015-05-08,176.5142364501953,113.97000122070312,106.50606536865234,52.2983627319336,84.61940002441406,82.27005767822266,100.3090362548828,15.403873443603516
2015-05-11,175.67178344726562,113.52999877929688,106.5668716430664,51.512054443359375,83.78683471679688,81.44047546386719,99.9214096069336,15.336238861083984
2015-05-12,175.1462860107422,114.5,106.37579345703124,51.66801834106445,83.85026550292969,81.32296752929688,99.46922302246094,15.496871948242188
2015-05-13,175.17967224121094,116.5500030517578,106.37579345703124,51.17413711547852,83.73927307128906,81.24693298339844,99.67225646972656,15.513781547546388
2015-05-14,177.00628662109375,117.18000030517578,107.50479125976562,52.161869049072266,84.02472686767578,81.52350616455078,101.13043212890624,15.606776237487791
2015-05-15,177.19818115234375,117.52999877929688,107.38321685791016,52.69472503662109,84.6273422241211,82.09033203125,101.13043212890624,15.5983247756958
2015-05-18,177.74868774414062,117.5199966430664,108.59901428222656,52.55826187133789,84.05644226074219,81.46124267578125,101.57341003417967,15.556052207946776
2015-05-19,177.6903076171875,115.88999938964844,108.45140838623048,52.37631988525391,83.68379974365234,81.02572631835938,101.46266174316406,15.226332664489746
2015-05-20,177.5652313232422,116.08000183105467,108.65113067626952,52.330833435058594,83.86614990234375,81.12252807617188,101.52728271484376,15.192513465881348
2015-05-21,178.08238220214844,115.69000244140624,108.5295639038086,52.08390045166016,84.36566162109375,81.50965881347656,102.05332946777344,15.378510475158691
2015-05-22,177.65696716308594,115.5999984741211,108.0605926513672,52.0189094543457,84.17540740966797,81.45430755615234,101.95179748535156,15.20942211151123
2015-05-26,175.7468719482422,113.91000366210938,107.02717590332033,51.62251281738281,84.69869232177734,81.81379699707031,100.77970123291016,14.913519859313965
2015-05-27,177.4150390625,113.88999938964844,108.33849334716795,52.1293830871582,84.65113067626953,81.89677429199219,102.40399169921876,14.710613250732422
2015-05-28,177.21490478515625,114.0199966430664,108.24297332763672,52.02540969848633,84.73042297363281,81.72395324707031,102.17330169677734,14.786704063415527
2015-05-29,176.1138458251953,114.0999984741211,107.59163665771484,51.42757034301758,84.77796936035156,81.75848388671875,101.56417083740234,14.972699165344238
2015-06-01,176.47250366210938,114.0,107.93032836914062,52.05790710449219,84.40391540527344,81.30030059814453,101.90564727783205,14.938881874084473
2015-06-02,176.29737854003906,114.45999908447266,108.13875579833984,51.57704925537109,83.81627655029297,80.88436889648438,101.58263397216795,15.11642360687256
2015-06-03,176.76446533203125,113.63999938964844,109.21561431884766,50.836219787597656,83.10153198242188,80.36446380615234,101.8871841430664,14.921974182128906
2015-06-04,175.2714385986328,112.83999633789062,108.12141418457033,50.738746643066406,83.50645446777344,80.78035736083984,101.1119384765625,14.786704063415527
2015-06-05,174.97117614746094,112.23999786376952,108.90299224853516,50.17338943481445,82.90298461914062,80.37137603759766,100.8720245361328,14.854337692260742
2015-06-08,173.8950958251953,112.56999969482422,108.39927673339844,50.08241271972656,83.02207946777344,80.31591033935547,99.8476104736328,14.862792015075684
2015-06-09,173.8701171875,112.81999969482422,108.06925964355467,49.7185173034668,82.75208282470703,79.95541381835938,99.68148040771484,15.099517822265623
2015-06-10,175.955322265625,113.77999877929688,109.41539001464844,50.06942367553711,82.43441009521484,79.74051666259766,101.04737091064452,15.158699035644531
2015-06-11,176.5225830078125,113.26000213623048,109.69328308105467,50.374847412109375,83.08558654785156,80.44761657714844,101.1950225830078,15.02342700958252
2015-06-12,175.1713104248047,113.2300033569336,109.36326599121094,50.3293571472168,83.03794860839844,80.30902862548828,100.36441802978516,14.87124729156494
2015-06-15,174.42062377929688,113.7300033569336,109.015869140625,50.05644607543945,83.2364730834961,80.29508972167969,99.86607360839844,14.803611755371094
2015-06-16,175.37149047851562,113.31999969482422,109.788818359375,50.45932388305664,83.55422973632812,80.49615478515625,100.41056060791016,14.845884323120115
2015-06-17,175.65512084960938,113.8499984741211,109.62380981445312,50.88821792602539,83.60186767578125,80.48925018310547,100.68741607666016,14.888157844543455
2015-06-18,177.48178100585938,115.31999969482422,111.09147644042967,51.59002685546875,83.53827667236328,80.3436508178711,102.15481567382812,14.888157844543455
2015-06-19,176.69395446777344,115.12000274658205,111.0393295288086,51.19363021850586,83.9830322265625,80.7734375,101.6497802734375,14.752886772155762
2015-06-22,177.59910583496094,113.63999938964844,111.80360412597656,50.667259216308594,83.27619934082031,80.13565063476562,102.3990249633789,14.803611755371094
2015-06-23,177.72482299804688,112.88999938964844,112.03805541992188,50.24488067626953,83.02207946777344,79.95541381835938,102.4822998046875,14.981154441833496
2015-06-24,176.4340362548828,112.58999633789062,111.09147644042967,49.97195053100586,83.26826477050781,80.17725372314453,101.95501708984376,14.879701614379885
2015-06-25,175.89764404296875,112.44000244140624,111.03067779541016,49.4650764465332,83.06175994873047,80.04560089111328,101.75152587890624,14.896610260009766
2015-06-26,175.86416625976562,112.55999755859376,110.72671508789062,49.82085418701172,82.66468811035156,79.67817687988281,101.07626342773438,14.96424674987793
2015-06-29,172.17620849609375,113.06999969482422,107.93032836914062,49.04630661010742,83.62566375732422,80.37137603759766,98.68973541259766,14.896610260009766
2015-06-30,172.53662109375,112.37000274658205,108.43402862548828,49.02659225463867,83.3953628540039,80.21887969970703,99.04122161865234,15.217878341674805
2015-07-01,173.91957092285156,111.9800033569336,108.75534057617188,49.833984375,82.95945739746094,79.96161651611328,99.8275146484375,15.03188133239746
2015-07-02,173.76036071777344,111.76000213623048,107.95213317871094,49.95867919921875,83.2537612915039,80.26752471923828,99.85523986816406,15.006519317626951
2015-07-06,173.26580810546875,112.05999755859376,107.91724395751952,50.27376937866211,83.84236145019531,80.5873031616211,99.6239776611328,14.516164779663086
2015-07-07,174.35540771484375,110.76000213623048,108.03933715820312,51.06146240234375,84.0650405883789,80.92098999023438,99.87374114990234,14.431620597839355
2015-07-08,171.4302215576172,111.08999633789062,106.39100646972656,50.86452865600586,84.39912414550781,81.03227996826172,98.1347198486328,14.363984107971191
2015-07-09,171.7403564453125,111.36000061035156,106.77473449707033,50.62166213989258,83.81053161621094,80.49695587158203,98.0792236328125,14.533073425292969
2015-07-10,173.90286254882812,111.48999786376952,108.2573471069336,51.041751861572266,83.22991943359375,79.98249816894531,99.57774353027344,14.600707054138184
2015-07-13,175.82223510742188,110.98999786376952,109.47834777832033,51.11396789550781,83.00714874267578,79.8086929321289,101.32600402832033,14.60916233062744
2015-07-14,176.5849609375,110.73999786376952,110.0888442993164,51.2189826965332,83.26969909667969,79.87818908691406,101.99201202392578,14.558435440063477
2015-07-15,176.52630615234375,110.16000366210938,109.5045166015625,51.30432891845703,83.58784484863281,80.0867691040039,102.10299682617188,14.389348030090332
2015-07-16,177.94273376464844,109.76000213623048,110.15861511230467,51.71784591674805,83.5560073852539,80.2119369506836,103.54605102539062,14.321714401245115
2015-07-17,178.09364318847656,108.6500015258789,109.67892456054688,51.53407287597656,83.56398010253906,80.26752471923828,105.0723114013672,14.245623588562012
2015-07-20,178.1858367919922,105.6999969482422,109.0858917236328,51.59313583374024,83.39692687988281,80.07981872558594,105.43309020996094,14.01735496520996
2015-07-21,177.4817352294922,105.37000274658205,108.5713348388672,51.448726654052734,83.62757873535156,80.24666595458984,105.36833190917967,14.076536178588867
2015-07-22,177.163330078125,104.8000030517578,108.97251892089844,51.67189025878906,83.73101806640625,80.35093688964844,104.17506408691406,13.87363052368164
2015-07-23,176.16587829589844,104.33000183105467,107.76896667480467,51.02864074707031,84.07295989990234,80.5873031616211,103.78656005859376,13.75527000427246
2015-07-24,174.33868408203125,105.3499984741211,106.033447265625,51.245243072509766,84.15254211425781,80.55255889892578,102.76904296875,13.64536190032959
2015-07-27,173.32444763183594,104.86000061035156,105.15259552001952,51.3371467590332,84.43096923828125,80.55953216552734,101.91800689697266,13.38327693939209
2015-07-28,175.45343017578125,105.0199966430664,106.05088806152344,51.36996078491211,84.19232940673828,80.49695587158203,102.79679870605467,13.49318504333496
2015-07-29,176.66038513183594,105.16999816894533,106.347412109375,51.704734802246094,84.07295989990234,80.42740631103516,103.1852798461914,13.535455703735352
2015-07-30,176.70230102539062,104.2699966430664,106.65265655517578,51.448726654052734,84.16844940185547,80.46915435791016,103.67556762695312,13.484729766845703
2015-07-31,176.4340362548828,104.93000030517578,107.2369613647461,51.855690002441406,84.66161346435547,80.88626861572266,103.5552978515625,13.298733711242676
2015-08-03,175.8389892578125,104.0999984741211,106.70499420166016,52.17731857299805,84.91974639892578,81.07449340820312,103.23155212402344,13.07891845703125
2015-08-04,175.49537658691406,104.30999755859376,106.45206451416016,51.79661178588867,84.48159790039062,80.66314697265625,103.03729248046876,13.155009269714355
2015-08-05,176.07376098632812,103.93000030517578,106.69625854492188,51.45528030395508,84.15493774414062,80.34947967529297,103.8328094482422,13.104283332824709
2015-08-06,174.63204956054688,104.38999938964844,105.25725555419922,51.52748489379883,84.44972229003906,80.50283813476562,102.16779327392578,13.095829010009766
2015-08-07,174.29676818847656,104.6500015258789,104.5508270263672,51.71784591674805,84.78431701660156,80.78166961669922,102.03826904296876,13.0451021194458
2015-08-10,176.49276733398438,105.72000122070312,105.75433349609376,51.553749084472656,84.43379211425781,80.46095275878906,103.2038116455078,13.3240966796875
2015-08-11,174.9002685546875,106.26000213623048,104.84733581542967,51.89508438110352,84.99140930175781,80.79560852050781,101.88102722167967,13.146554946899414
2015-08-12,175.10977172851562,107.75,104.64673614501952,52.05916976928711,84.95954895019531,80.67012786865234,102.23255157470705,13.104283332824709
2015-08-13,174.891845703125,106.86000061035156,104.29791259765624,52.11824798583984,84.73648071289062,80.39124298095703,102.06603240966795,13.0451021194458
2015-08-14,175.52883911132812,106.8499984741211,104.96945190429688,52.4005126953125,84.64886474609375,80.46795654296875,102.2232666015625,12.96055793762207
2015-08-17,176.50955200195312,107.12999725341795,106.0770263671875,52.84686279296875,84.80021667480469,80.72590637207031,103.07430267333984,12.909832954406738
2015-08-18,175.99827575683594,107.11000061035156,105.23108673095705,52.99127197265625,84.66477966308594,80.41915893554688,102.54704284667967,12.842195510864258
2015-08-19,174.6068878173828,108.5500030517578,104.14092254638672,52.676212310791016,85.1826171875,80.8095703125,101.87174987792967,12.698473930358888
2015-08-20,170.96078491210938,110.44000244140624,101.5071029663086,52.28891372680664,85.41364288330078,80.85838317871094,99.05046844482422,12.732290267944336
2015-08-21,165.81451416015625,111.12999725341795,100.32098388671876,51.31743621826172,85.75617980957031,80.87931060791016,94.721435546875,12.5209321975708
2015-08-24,158.8325958251953,110.52999877929688,96.40515899658205,48.915016174316406,85.89956665039062,80.65617370605469,91.0768814086914,12.20811939239502
2015-08-25,156.9635009765625,109.16000366210938,95.66383361816406,47.56939315795898,85.4295425415039,80.2448501586914,90.73460388183594,12.258845329284668
2015-08-26,162.98988342285156,107.66999816894533,98.09708404541016,48.85593795776367,84.90380859375,80.19606018066406,95.3041763305664,12.18275547027588
2015-08-27,167.02146911621094,107.7300033569336,99.8500518798828,49.80116653442383,84.85599517822266,80.27277374267578,97.7184829711914,12.622384071350098
2015-08-28,167.02989196777344,108.6999969482422,100.8355712890625,49.72895050048828,84.87196350097656,80.41915893554688,97.69998931884766,12.952103614807127
2015-08-31,165.68040466308594,108.81999969482422,100.46924591064452,48.5933723449707,84.72854614257812,80.2169418334961,96.48820495605467,13.264915466308594
2015-09-01,160.73521423339844,109.1999969482422,97.59121704101562,47.66785430908203,85.10909271240234,80.7029037475586,93.47264862060548,12.825288772583008
2015-09-02,163.7861785888672,108.62000274658205,99.34420776367188,48.16014099121094,84.87773132324219,80.5840835571289,96.10895538330078,12.93519401550293
2015-09-03,163.90345764160156,107.83999633789062,99.18724060058594,48.291446685791016,85.08515167236328,80.96858978271484,95.63716888427734,13.019739151000977
2015-09-04,161.4225311279297,107.48999786376952,98.43721771240234,47.39214706420898,85.34845733642578,81.15039825439453,94.4994125366211,12.85910701751709
2015-09-08,165.47921752929688,107.5199966430664,100.6872787475586,48.10764694213867,84.97346496582031,80.77283477783203,97.1634521484375,12.952103614807127
2015-09-09,163.2664794921875,106.12999725341795,99.52735900878906,47.556270599365234,85.00538635253906,80.9476547241211,96.07196044921876,12.783016204833984
2015-09-10,164.15493774414062,106.37999725341795,99.9808578491211,47.66128540039063,84.81393432617188,80.78681182861328,97.11717224121094,12.892922401428224
2015-09-11,164.90097045898438,106.16000366210938,100.45179748535156,48.57369995117188,85.03727722167969,80.84278869628906,97.6537094116211,12.876014709472656
2015-09-14,164.2890625,106.22000122070312,99.98956298828124,48.59994888305664,85.11711883544922,80.83574676513672,97.35770416259766,12.715380668640137
2015-09-15,166.3426055908203,105.9000015258789,101.11463928222656,49.0791130065918,84.44690704345703,80.22747802734375,98.50472259521484,12.75765323638916
2015-09-16,167.78419494628906,107.30999755859376,101.98674011230467,49.60422897338867,84.42289733886719,80.3742904663086,99.05974578857422,12.969013214111328
2015-09-17,167.40701293945312,108.41000366210938,102.33560943603516,50.16874694824219,85.12506866455078,81.03856658935547,99.0967254638672,12.884469032287598
2015-09-18,164.67129516601562,109.20999908447266,100.92273712158205,50.08340072631836,85.5240249633789,81.28329467773438,97.68728637695312,12.690018653869627
2015-09-21,165.5223388671875,108.52999877929688,100.7396011352539,50.51007080078125,85.03727722167969,80.87069702148438,97.99329376220705,12.83374309539795
2015-09-22,163.37387084960938,107.79000091552734,99.21339416503906,49.87336349487305,85.46017456054688,81.22032165527344,96.52822875976562,12.75765323638916
2015-09-23,163.11264038085938,108.22000122070312,98.91685485839844,50.186283111572266,85.36442565917969,81.17139434814453,96.60240173339844,12.656201362609863
2015-09-24,162.5228729248047,110.48999786376952,98.75115966796876,49.71556854248047,85.49208068847656,81.18540954589844,96.2500228881836,12.732290267944336
2015-09-25,162.4807891845703,109.80999755859376,97.4514389038086,49.91446685791016,85.26866149902344,80.94066619873047,95.43402862548828,12.808379173278809
2015-09-28,158.40296936035156,108.41999816894533,94.72262573242188,49.1388053894043,85.75534057617188,81.08049774169922,92.71717834472656,12.630837440490724
2015-09-29,158.49562072753906,107.9800033569336,94.04914855957033,49.662540435791016,86.05062103271484,81.18540954589844,92.2349853515625,12.715380668640137
2015-09-30,161.45291137695312,106.86000061035156,95.50977325439452,50.080204010009766,86.06659698486328,81.17139434814453,94.35841369628906,12.808379173278809
2015-10-01,161.87420654296875,106.7300033569336,95.34357452392578,50.32552719116211,86.13371276855469,81.15311431884766,94.7849578857422,12.723835945129396
2015-10-02,164.29222106933594,108.98999786376952,96.76049041748048,50.69013214111328,86.54924774169922,81.51078033447266,96.44476318359376,12.808379173278809
2015-10-05,167.21578979492188,108.7699966430664,99.06952667236328,51.54534530639648,86.06974029541016,81.29341125488281,97.82642364501952,12.977468490600586
2015-10-06,166.64285278320312,109.86000061035156,98.3873291015625,51.42602157592773,86.24555206298828,81.4546890258789,97.36277770996094,13.231098175048828
2015-10-07,168.0078125,109.6999969482422,100.12783813476562,52.01607894897461,86.02981567382812,81.74220275878906,97.94696044921876,13.205735206604004
2015-10-08,169.5242919921875,109.13999938964844,101.0287094116211,52.45361709594727,85.80608367919922,81.41961669921875,98.33638763427734,13.264915466308594
2015-10-09,169.62542724609375,110.87000274658205,101.22988891601562,52.3674430847168,85.85401916503906,81.4546890258789,98.78146362304688,13.3240966796875
2015-10-12,169.7854766845703,111.30999755859376,101.08118438720705,52.73868942260742,86.14167785644531,81.78425598144531,99.0225601196289,13.112738609313965
2015-10-13,168.7154998779297,111.86000061035156,99.69927215576172,52.3276481628418,86.22156524658203,81.72117614746094,98.38274383544922,13.028192520141602
2015-10-14,167.90658569335938,113.80999755859376,98.71969604492188,51.93649673461914,86.69309997558594,82.043701171875,98.22511291503906,13.062010765075684
2015-10-15,170.4847412109375,113.29000091552734,101.08118438720705,52.64588928222656,86.39741516113281,82.00867462158203,99.83854675292967,13.028192520141602
2015-10-16,171.25985717773438,112.48999786376952,100.9499969482422,53.04366302490234,86.3254623413086,82.03669738769531,100.25582885742188,13.03664779663086
2015-10-19,171.34414672851562,112.0199966430664,101.14239501953124,53.78617477416992,86.28553771972656,82.02970123291016,100.83072662353516,12.799925804138184
2015-10-20,171.12509155273438,112.7300033569336,101.00247955322266,53.76628112792969,85.98982238769531,81.87542724609375,100.31144714355467,12.825288772583008
2015-10-21,170.0634765625,111.7300033569336,99.46311950683594,53.56739807128906,86.28553771972656,82.28221130371094,99.6994400024414,12.715380668640137
2015-10-22,172.93653869628906,111.69000244140624,100.33773803710938,54.0380859375,86.37342834472656,82.45743560791016,101.73015594482422,12.75765323638916
2015-10-23,174.83221435546875,111.5,101.32608032226562,53.51437759399414,85.88594818115234,82.15592956542969,104.5768585205078,12.681563377380373
2015-10-26,174.40249633789062,111.43000030517578,100.63511657714844,53.50109100341797,86.1097183227539,82.30318450927734,104.64177703857422,12.647747039794922
2015-10-27,174.0654754638672,111.68000030517578,99.5330810546875,53.48119354248047,86.3254623413086,82.32418823242188,104.85505676269533,12.5885648727417
2015-10-28,176.04541015625,110.77999877929688,102.43687438964844,53.52761459350586,85.87794494628906,82.00165557861328,105.7266616821289,12.799925804138184
2015-10-29,175.94430541992188,109.72000122070312,101.34357452392578,53.45467376708984,85.35057830810547,81.42664337158203,105.55977630615234,12.723835945129396
2015-10-30,175.18601989746094,109.3000030517578,100.87998962402344,52.96408462524414,85.51839447021484,81.63700103759766,105.08686065673828,12.850651741027832
2015-11-02,177.2586669921875,108.58999633789062,102.9791259765625,54.09113693237305,85.27273559570312,81.28608703613281,106.27376556396484,12.783016204833984
2015-11-03,177.7726287841797,106.9800033569336,103.51266479492188,53.54750442504883,85.04857635498047,81.29314422607422,106.6446762084961,13.01128387451172
2015-11-04,177.23342895507812,105.97000122070312,103.46018981933594,53.30883407592773,84.9605484008789,81.20173645019531,106.65393829345705,12.791470527648926
2015-11-05,177.0564727783203,105.63999938964844,103.53890991210938,53.52098846435547,84.90453338623047,81.22281646728516,106.3665008544922,12.690018653869627
2015-11-06,176.9637908935547,104.0999984741211,104.27359008789062,51.85694885253906,84.32832336425781,80.69536590576172,106.44066619873048,12.613929748535156
2015-11-09,175.31243896484375,104.4000015258789,103.04910278320312,50.96857070922852,84.18428802490234,80.56179809570312,105.30941772460938,12.504023551940918
2015-11-10,175.71682739257812,104.18000030517578,103.35523986816406,51.551979064941406,84.34434509277344,80.7657241821289,105.04049682617188,12.478657722473145
2015-11-11,175.02601623535156,103.83000183105467,102.45433807373048,51.61164093017578,84.30435943603516,80.7586441040039,104.91069793701172,12.351841926574709
2015-11-12,172.58265686035156,103.8499984741211,100.49518585205078,51.26028823852539,84.35234069824219,80.73052978515625,103.8907241821289,12.174301147460938
2015-11-13,170.6448516845703,103.55999755859376,99.7692413330078,50.6768684387207,84.6724624633789,80.96963500976562,101.85071563720705,12.081303596496582
2015-11-16,173.23980712890625,103.70999908447266,100.62639617919922,51.26028823852539,84.78449249267578,80.98371887207031,103.31578063964844,12.140484809875488
2015-11-17,173.1134490966797,102.33999633789062,100.24154663085938,51.26028823852539,84.76053619384766,81.06804656982422,103.38069915771484,11.954487800598145
2015-11-18,175.86001586914062,102.43000030517578,101.9383316040039,51.71109390258789,84.72044372558594,81.08917236328125,105.36502838134766,12.00521183013916
2015-11-19,175.70838928222656,103.55999755859376,101.50977325439452,51.870208740234375,84.90453338623047,81.32830810546875,105.43924713134766,12.00521183013916
2015-11-20,176.34873962402344,103.08999633789062,102.1657257080078,52.51991653442383,84.79252624511719,81.314208984375,106.15323638916016,11.98830509185791
2015-11-23,176.14649963378906,102.26000213623048,102.67301940917967,52.63261795043945,84.90453338623047,81.34234619140625,105.84724426269533,12.081303596496582
2015-11-24,176.3824005126953,102.94000244140624,103.42517852783205,52.354190826416016,84.98458862304688,81.37049865722656,105.75450134277344,12.275754928588867
2015-11-25,176.35714721679688,102.45999908447266,104.22984313964844,52.56630706787109,85.03260040283203,81.44786834716797,105.84724426269533,12.258845329284668
2015-11-27,176.559326171875,101.25,104.62345123291016,53.02377700805664,85.12065124511719,81.47595977783203,105.9955825805664,12.072848320007324
2015-11-30,175.82638549804688,101.91999816894533,104.16862487792967,52.63261795043945,85.15265655517578,81.51106262207031,105.7266616821289,11.996758460998535
2015-12-01,177.5030059814453,102.27999877929688,104.85958099365234,53.36186981201172,85.60555267333984,82.1240005493164,106.78376770019533,12.13202953338623
2015-12-02,175.6915740966797,100.69000244140624,103.7313232421875,52.27461242675781,85.36506652832031,81.92652893066406,106.12541961669922,11.878397941589355
2015-12-03,173.23138427734375,101.76000213623048,101.98204040527344,51.452518463134766,84.46736145019531,80.84043884277344,104.32650756835938,12.013668060302734
2015-12-04,176.6099090576172,104.0199966430664,103.01410675048828,52.43372344970703,84.7799301147461,81.2776870727539,106.76520538330078,11.996758460998535
2015-12-07,175.5399169921875,102.66999816894533,101.46602630615234,52.287879943847656,85.05247497558594,81.4187240600586,106.28303527832033,11.65013027191162
2015-12-08,174.36032104492188,102.83999633789062,100.90626525878906,52.24146270751953,85.10059356689453,81.31297302246094,106.29231262207033,11.590950012207031
2015-12-09,173.00392150878906,102.63999938964844,99.77798461914062,51.94974899291992,85.22880554199219,81.29180908203125,104.67886352539062,11.599404335021973
2015-12-10,173.450439453125,102.5500030517578,100.11033630371094,51.57850646972656,85.0444107055664,81.10136413574219,105.15179443359376,11.55713176727295
2015-12-11,170.08880615234375,103.11000061035156,97.88003540039062,51.485687255859375,85.7257308959961,81.24244689941406,102.73162841796876,11.43877124786377
2015-12-14,170.94818115234375,101.79000091552734,97.18033599853516,51.7243537902832,85.09251403808594,80.64297485351562,103.51055145263672,11.36268138885498
2015-12-15,172.74270629882812,101.5199966430664,98.57975006103516,52.287879943847656,84.8760986328125,80.65007781982422,104.14105987548828,11.337318420410156
2015-12-16,175.27029418945312,102.75,100.08409881591795,53.30883407592773,84.65168762207031,80.63594818115234,105.68959045410156,11.286592483520508
2015-12-17,172.59947204589844,100.5,99.0170669555664,53.04366302490234,85.0043716430664,80.72760009765625,104.15032958984376,11.168231010437012
2015-12-18,169.524658203125,102.04000091552734,97.50394439697266,52.42709732055664,85.30891418457031,80.72760009765625,102.15250396728516,11.218957901000977
2015-12-21,170.9230499267578,103.1500015258789,98.23860931396484,52.63261795043945,85.34901428222656,80.78402709960938,103.28720092773438,11.168231010437012
2015-12-22,172.47410583496094,102.61000061035156,99.13949584960938,52.84475326538086,85.10857391357422,80.67821502685547,103.96614837646484,11.11750316619873
2015-12-23,174.60986328125,102.30999755859376,100.3902359008789,53.387916564941406,84.91617584228516,80.74876403808594,104.73812866210938,11.320409774780272
2015-12-24,174.3217315673828,103.0500030517578,100.5799560546875,53.387916564941406,85.07190704345703,81.01187133789062,104.71954345703124,11.320409774780272
2015-12-28,173.9233856201172,102.2699966430664,100.11437225341795,53.68368911743164,85.08800506591797,80.91280364990234,104.6637191772461,11.15977668762207
2015-12-29,175.77952575683594,102.1999969482422,101.19483184814452,54.255104064941406,84.63839721679688,80.49560546875,106.3100357055664,11.345773696899414
2015-12-30,174.53359985351562,101.41999816894533,100.1758804321289,54.06686782836914,84.67049407958984,80.49560546875,105.35201263427734,11.235865592956545
2015-12-31,172.78765869140625,101.45999908447266,98.92852783203124,53.59632110595703,84.766845703125,80.6299819946289,104.04059600830078,11.29504680633545
2016-01-04,170.37213134765625,102.88999938964844,96.63583374023438,52.950984954833984,85.12816619873047,80.5875473022461,101.84554290771484,11.21050262451172
2016-01-05,170.66029357910156,103.18000030517578,96.8466339111328,53.972755432128906,85.10405731201172,80.6299819946289,101.66883850097656,11.100595474243164
2016-01-06,168.5076141357422,104.66999816894533,95.37090301513672,53.82488250732422,85.61782836914062,80.9482192993164,100.6922378540039,10.923053741455078
2016-01-07,164.46484375,106.1500015258789,92.82343292236328,52.77620315551758,85.80243682861328,81.01187133789062,97.53921508789062,10.87232780456543
2016-01-08,162.6596221923828,105.68000030517578,91.22470092773438,52.07036972045898,86.01924896240234,81.07551574707031,96.73933410644533,10.821600914001465
2016-01-11,162.8206329345703,104.73999786376952,90.82942962646484,52.36613082885742,85.74628448486328,80.8138656616211,97.03694915771484,10.5256986618042
2016-01-12,164.13426208496094,104.20999908447266,91.10175323486328,52.01657485961914,86.1315689086914,80.99772644042969,98.16239166259766,10.458063125610352
2016-01-13,160.0407257080078,104.72000122070312,88.17658233642578,51.27041244506836,86.46878051757812,81.24520874023438,94.77684783935548,10.398883819580078
2016-01-14,162.6680908203125,103.0199966430664,89.39757537841797,51.1494026184082,86.29217529296875,80.84213256835938,96.7951431274414,10.42424488067627
2016-01-15,159.1761932373047,104.08000183105467,87.94818878173828,50.79984664916992,86.69358825683594,80.72187805175781,93.79090118408205,10.204431533813477
2016-01-19,159.38803100585938,103.9800033569336,86.76229858398438,51.06874465942383,86.58119201660156,80.3612060546875,93.99552154541016,10.119888305664062
2016-01-20,157.34552001953125,105.37000274658205,87.1224594116211,49.697410583496094,87.00665283203125,80.4814453125,93.70720672607422,10.043798446655272
2016-01-21,158.2269287109375,105.48999786376952,86.92039489746094,49.97303771972656,86.78992462158203,80.248046875,93.80018615722656,10.179068565368652
2016-01-22,161.47305297851562,105.0,89.04622650146484,51.36452102661133,86.59721374511719,80.29757690429688,96.51609802246094,10.483427047729492
2016-01-25,159.0321044921875,106.08000183105467,87.06974792480469,51.04186248779297,86.88624572753906,80.21267700195312,95.08375549316406,10.25515842437744
2016-01-26,161.20181274414062,107.29000091552734,88.80904388427734,52.11068344116211,86.95048522949219,80.43901824951172,95.93942260742188,10.458063125610352
2016-01-27,159.4473876953125,107.69000244140624,87.58802032470703,51.10236358642578,87.01469421386719,80.21971893310547,93.54908752441406,10.584877967834473
2016-01-28,160.27801513671875,106.54000091552734,87.57047271728516,50.71247482299805,87.12709045410156,80.31172180175781,94.86981201171876,10.703239440917969
2016-01-29,164.18516540527344,106.9499969482422,90.44290924072266,51.75440979003906,87.5926513671875,80.72895050048828,96.85092163085938,10.804692268371582
2016-02-01,164.12582397460938,108.0500030517578,90.03003692626953,51.84181213378906,87.39090728759766,80.47148132324219,97.1113510131836,10.601787567138672
2016-02-02,161.16793823242188,108.08999633789062,88.08872985839844,51.37125015258789,88.0099868774414,80.62042999267578,95.00934600830078,10.415790557861328
2016-02-03,162.13404846191406,109.25,88.20294189453125,51.71407318115234,87.91352081298828,80.42182159423828,94.55360412597656,10.67787742614746
2016-02-04,162.3883819580078,110.56999969482422,88.54550170898438,51.740970611572266,88.12249755859375,80.45728302001953,94.54426574707033,10.660966873168944
2016-02-05,159.29481506347656,112.31999969482422,86.12106323242188,50.759544372558594,88.23506164550781,80.443115234375,91.26107788085938,10.593332290649414
2016-02-08,157.15061950683594,113.83000183105467,84.70677185058594,49.30752182006836,88.89431762695312,80.86163330078125,89.86588287353516,10.542607307434082
2016-02-09,157.15904235839844,113.58000183105467,84.13578796386719,48.400028228759766,88.91035461425781,80.5849609375,89.58686828613281,10.27206802368164
2016-02-10,157.02345275878906,114.45999908447266,84.1797103881836,48.73614883422852,89.17572021484375,80.68427276611328,89.93102264404297,10.288975715637209
2016-02-11,154.98086547851562,119.05999755859376,83.26618957519531,48.04374694824219,89.5857162475586,80.95381164550781,89.80078887939453,10.415790557861328
2016-02-12,158.17605590820312,118.36000061035156,84.84732818603516,48.59496688842773,88.9023208618164,80.49986267089844,91.16802978515624,10.567970275878906
2016-02-16,160.84584045410156,114.7699966430664,86.85890197753906,49.48902893066406,88.63702392578125,80.1167984008789,93.22355651855467,10.44960880279541
2016-02-17,163.4732208251953,115.4800033569336,88.220458984375,49.91251754760742,88.41999816894531,80.09554290771484,95.3348617553711,10.669422149658203
2016-02-18,162.80364990234375,118.29000091552734,87.79883575439453,50.41670989990234,88.83002471923828,80.74813079833984,94.24666595458984,10.610241889953612
2016-02-19,162.7273712158203,117.58000183105467,88.23805236816406,50.70574569702149,88.83002471923828,80.69139862060547,94.5256805419922,10.51724338531494
2016-02-22,165.08352661132812,115.48999786376952,89.22189331054688,51.18975067138672,88.7415771484375,80.85450744628906,96.0603485107422,10.67787742614746
2016-02-23,162.9985809326172,117.22000122070312,88.40496826171875,51.0553092956543,88.9184341430664,81.01766204833984,94.47917938232422,10.534152030944824
2016-02-24,163.7444305419922,117.61000061035156,89.25701904296875,50.99480056762695,88.9184341430664,81.09571838378906,95.38137817382812,10.669422149658203
2016-02-25,165.72763061523438,117.91999816894533,90.07395935058594,52.0367546081543,89.18376922607422,81.54963684082031,96.32077026367188,10.660966873168944
2016-02-26,165.3462677001953,117.11000061035156,90.6449737548828,51.76786422729492,88.7496109008789,81.52125549316406,96.19988250732422,10.644060134887695
2016-02-29,164.049560546875,118.63999938964844,90.24089050292967,51.56619644165039,88.89431762695312,81.5780029296875,95.3348617553711,10.779329299926758
2016-03-01,167.90585327148438,117.7699966430664,92.18221282958984,53.0181999206543,88.19955444335938,81.13339233398438,98.3948974609375,10.7877836227417
2016-03-02,168.66014099121094,118.68000030517578,93.13092041015624,53.40134048461914,88.0465087890625,81.29700469970703,98.43209838867188,10.846964836120604
2016-03-03,169.3212127685547,120.7300033569336,94.10594177246094,53.68368911743164,88.15119171142578,81.68115234375,98.24609375,10.90614414215088
2016-03-04,169.87217712402344,120.54000091552734,94.62422943115234,53.69042205810547,87.85333251953125,81.66694641113281,98.28328704833984,11.11750316619873
2016-03-07,170.00775146484375,121.13999938964844,95.65199279785156,53.83156967163086,87.67621612548828,81.7593994140625,97.6787338256836,11.320409774780272
2016-03-08,168.1516571044922,120.58000183105467,93.34170532226562,53.28037643432617,88.18343353271484,82.19335174560547,96.8695297241211,11.168231010437012
2016-03-09,168.98220825195312,119.58000183105467,93.81607818603516,53.57616424560547,87.83717346191406,82.10088348388672,97.4926986694336,11.337318420410156
2016-03-10,169.11776733398438,121.5,93.05182647705078,53.38120651245117,87.52323150634766,82.44234466552734,97.34391021728516,11.320409774780272
2016-03-11,171.8468780517578,119.41000366210938,95.04586029052734,54.57776641845703,87.27366638183594,82.6771240234375,99.04595947265624,11.36268138885498
2016-03-14,171.62655639648438,117.87000274658205,94.79991149902344,54.58445358276367,87.3381118774414,82.91898345947266,99.21334838867188,11.26122760772705
2016-03-15,171.3468017578125,117.95999908447266,93.32414245605467,54.61137008666992,87.32196044921875,82.89051818847656,99.1761703491211,11.168231010437012
2016-03-16,172.33848571777344,120.58999633789062,93.9829559326172,55.270137786865234,87.78083801269531,83.28892517089844,100.05974578857422,11.36268138885498
2016-03-17,173.43186950683594,120.12999725341795,95.42361450195312,56.049903869628906,87.87747955322266,83.5450210571289,100.00392150878906,11.489497184753418
2016-03-18,174.1133575439453,119.8000030517578,96.2844467163086,55.80792999267578,88.03044891357422,83.73707580566406,100.16068267822266,11.481042861938477
2016-03-21,174.3603515625,118.95999908447266,96.0560531616211,55.30422592163086,87.78083801269531,83.63749694824219,100.5524673461914,11.514859199523926
2016-03-22,174.2666473388672,119.30999755859376,95.94186401367188,55.30422592163086,87.5957260131836,83.4809341430664,100.86031341552734,11.599404335021973
2016-03-23,173.11656188964844,116.61000061035156,94.16827392578124,55.00515365600586,87.99823760986328,83.90068817138672,100.03008270263672,11.35422706604004
2016-03-24,173.0399169921875,116.33000183105467,94.45026397705078,55.02552795410156,87.90966033935547,83.8651351928711,100.0580825805664,11.286592483520508
2016-03-28,173.14207458496094,116.5999984741211,94.5647430419922,55.521751403808594,88.03848266601562,83.9148941040039,99.91815185546876,11.320409774780272
2016-03-29,174.7437744140625,118.76000213623048,97.19032287597656,56.72488784790039,88.63428497314453,84.29197692871094,101.52261352539062,11.29504680633545
2016-03-30,175.51046752929688,117.0999984741211,97.19916534423828,56.61614227294922,88.51351928710938,84.19233703613281,102.0170669555664,11.252774238586426
2016-03-31,175.08450317382812,117.63999938964844,97.47227478027344,56.96281433105469,88.83552551269531,84.5267333984375,101.8678207397461,11.235865592956545
2016-04-01,176.2771759033203,116.93000030517578,97.9040298461914,56.88803863525391,88.80978393554688,84.7991943359375,102.94991302490234,11.04141616821289
2016-04-04,175.70639038085938,116.1500015258789,97.0845947265625,56.80646514892578,88.91455841064453,84.80638122558594,102.55812072753906,10.889236450195312
2016-04-05,173.9514617919922,117.66000366210938,95.98331451416016,56.43260192871094,89.26934051513672,85.07748413085938,101.56929779052734,10.863873481750488
2016-04-06,175.8511962890625,116.94000244140624,97.0669937133789,56.56855773925781,89.0758285522461,85.00607299804688,103.23906707763672,10.982234954833984
2016-04-07,173.7469940185547,118.61000061035156,95.75420379638672,56.215087890625,89.53549194335938,85.23435974121094,101.75584411621094,10.948416709899902
2016-04-08,174.2155303955078,118.43000030517578,96.13304901123048,56.52779006958008,89.39835357666016,85.04178619384766,101.68122100830078,11.21050262451172
2016-04-11,173.8065948486328,120.02999877929688,95.83350372314452,56.41222381591797,89.3822250366211,85.03467559814453,101.30809020996094,11.29504680633545
2016-04-12,175.4252471923828,120.0500030517578,96.8643569946289,56.82006454467773,89.0274429321289,84.69937133789062,102.1570053100586,11.54022216796875
2016-04-13,177.19720458984375,118.7699966430664,98.95247650146484,56.56855773925781,89.09194946289062,84.99182891845703,103.4629898071289,11.599404335021973
2016-04-14,177.20570373535156,117.11000061035156,98.8291244506836,56.2558708190918,88.88230895996094,84.93477630615234,103.4723129272461,11.506404876708984
2016-04-15,177.00975036621094,117.91999816894533,99.07582092285156,56.67730331420898,89.14840698242188,85.29145812988281,103.21115112304688,11.464134216308594
2016-04-18,178.2535858154297,117.73999786376952,99.82471466064452,56.94921112060547,89.05970001220703,85.3841781616211,103.7615203857422,11.514859199523926
2016-04-19,178.81585693359375,119.58000183105467,99.90402221679688,56.97639846801758,88.91455841064453,85.54113006591797,103.1271743774414,11.76003646850586
2016-04-20,178.98622131347656,118.97000122070312,100.05380249023438,56.01115036010742,88.4630126953125,85.30570220947266,103.21115112304688,11.98830509185791
2016-04-21,178.0235595703125,119.41999816894533,99.55157470703124,55.01193618774414,88.3178939819336,85.27005004882812,103.22045135498048,11.937579154968262
2016-04-22,178.0235595703125,117.88999938964844,100.53838348388672,55.61010360717773,88.22113037109375,85.36276245117188,101.66255950927734,11.886853218078612
2016-04-25,177.71688842773438,118.2300033569336,99.82471466064452,56.07234191894531,88.1243667602539,85.16304016113281,101.66255950927734,11.878397941589355
2016-04-26,177.98095703125,118.6999969482422,100.80272674560548,56.28984451293945,87.93887329101562,85.12740325927734,101.16815948486328,12.030576705932615
2016-04-27,178.3472900390625,119.04000091552734,101.1551513671875,56.2558708190918,88.42272186279297,85.66950225830078,100.35657501220705,12.140484809875488
2016-04-28,176.72866821289062,121.29000091552734,100.0009307861328,56.14030456542969,88.7291259765625,85.74798583984375,99.14385223388672,12.20811939239502
2016-04-29,175.7745361328125,123.6500015258789,99.10224151611328,55.62370300292969,88.69680786132812,85.84078216552734,98.62147521972656,12.3264799118042
2016-05-02,177.171630859375,123.23999786376952,99.98332977294922,56.48700714111328,88.43923950195312,85.72984313964844,99.55435180664062,12.157393455505373
2016-05-03,175.62965393066406,122.95999908447266,98.34455108642578,56.57536315917969,88.96412658691406,85.88011169433594,98.63076782226562,11.971397399902344
2016-05-04,174.65000915527344,122.20999908447266,97.533935546875,57.3842658996582,89.12567138671875,85.73704528808594,97.9964370727539,11.979850769042969
2016-05-05,174.6159210205078,122.06999969482422,97.1462860107422,57.54739761352539,89.36786651611328,85.90872192382812,97.96846771240234,11.861489295959473
2016-05-06,175.25486755371094,123.18000030517578,97.71897888183594,58.17955017089844,89.15794372558594,85.72272491455078,98.49087524414062,11.937579154968262
2016-05-09,175.39967346191406,120.6500015258789,98.00091552734376,58.81852340698242,89.32752990722656,85.63690185546875,98.77071380615234,11.675493240356444
2016-05-10,177.58059692382812,120.9800033569336,98.98770141601562,58.81170272827149,89.31136322021484,85.7799072265625,100.12335968017578,11.96294116973877
2016-05-11,175.9193572998047,122.12000274658205,97.76302337646484,57.55418014526367,89.4486312866211,85.87297058105469,99.2184829711914,12.241934776306152
2016-05-12,175.97047424316406,121.16000366210938,97.24321746826172,57.88725662231445,89.2063980102539,85.69412231445312,98.7800521850586,12.258845329284668
2016-05-13,174.43702697753906,121.70999908447266,96.60003662109376,57.37066650390625,89.54558563232422,85.85149383544922,98.41624450683594,12.241934776306152
2016-05-16,176.15789794921875,121.8000030517578,97.82469177246094,57.9144401550293,89.2225341796875,85.56536865234375,99.6476058959961,12.37720775604248
2016-05-17,174.51373291015625,122.22000122070312,96.27404022216795,56.840457916259766,89.10138702392578,85.53673553466797,98.39759063720705,12.470203399658203
2016-05-18,174.56480407714844,120.0999984741211,96.77622985839844,55.94999313354492,88.38272094726562,84.80712127685547,98.75208282470705,12.37720775604248
2016-05-19,173.95999145507812,119.87000274658205,96.00089263916016,55.32461929321289,88.47154235839844,85.0074234008789,98.23900604248048,12.343389511108398
2016-05-20,175.0589141845703,119.70999908447266,97.61325073242188,55.76644515991211,88.5280990600586,85.06465148925781,99.32112884521484,12.394116401672363
2016-05-23,174.82041931152344,119.37000274658205,97.49871063232422,55.77324295043945,88.58463287353516,85.06465148925781,99.19050598144533,12.3264799118042
2016-05-24,177.08648681640625,117.3000030517578,99.50753784179688,56.466590881347656,88.43923950195312,84.92158508300781,101.1775131225586,12.3264799118042
2016-05-25,178.28762817382812,116.9800033569336,100.08905029296876,56.466590881347656,88.3989028930664,85.07176971435547,101.90510559082033,12.470203399658203
2016-05-26,178.33877563476562,116.58000183105467,99.97449493408205,56.57536315917969,88.67344665527344,85.3150405883789,102.20362091064452,12.461750030517578
2016-05-27,179.1055450439453,115.62000274658205,100.9700698852539,56.88123321533203,88.50386810302734,85.25062561035156,102.73536682128906,12.51247787475586
2016-05-31,178.7647705078125,116.05999755859376,101.3225326538086,56.87443923950195,88.60884857177734,85.4008560180664,102.9312744140625,12.436387062072754
2016-06-01,179.13104248046875,115.94000244140624,102.00977325439452,56.92203140258789,88.57891082763672,85.46109771728516,102.9405746459961,12.563201904296877
2016-06-02,179.67630004882812,115.66999816894533,102.7939224243164,57.21432113647461,88.85387420654297,85.63321685791016,103.15513610839844,12.5885648727417
2016-06-03,179.1395721435547,118.87999725341795,102.17715454101562,57.44541549682617,89.67874908447266,86.32191467285156,102.67005920410156,12.673110008239746
2016-06-06,180.05111694335938,118.91999816894533,103.27848815917967,57.00361251831055,89.4442367553711,86.1138916015625,103.043212890625,12.825288772583008
2016-06-07,180.3322906494141,118.81999969482422,103.57808685302734,57.35027313232422,89.57364654541016,86.24296569824219,102.781982421875,12.952103614807127
2016-06-08,180.92007446289065,120.58000183105467,104.34459686279295,57.71731948852539,89.67874908447266,86.52987670898438,102.95923614501952,13.171916961669922
2016-06-09,180.6729888916016,121.25,103.67498779296876,57.84646987915039,89.81627655029297,86.65179443359375,102.79132843017578,13.146554946899414
2016-06-10,178.96075439453125,121.73999786376952,102.2652816772461,57.574588775634766,90.13167572021484,86.75228881835938,101.625244140625,12.985921859741213
2016-06-13,177.58059692382812,122.63999938964844,101.1551513671875,57.58818435668945,90.30960845947266,86.62312316894531,100.7763671875,12.985921859741213
2016-06-14,177.2313232421875,122.7699966430664,100.86437225341795,57.43862533569336,90.28536224365234,86.42947387695312,100.7763671875,12.90137767791748
2016-06-15,176.9842071533203,123.68000030517578,100.93485260009766,57.982418060302734,90.56024932861328,86.75228881835938,100.4871826171875,12.83374309539795
2016-06-16,177.5124053955078,122.37999725341795,100.92606353759766,58.30872344970703,90.65730285644533,86.88139343261719,100.78568267822266,12.613929748535156
2016-06-17,176.8513946533203,123.9499969482422,100.49434661865234,58.21355438232422,90.3499984741211,86.62312316894531,99.6043472290039,12.909832954406738
2016-06-20,177.99026489257812,123.20999908447266,101.58685302734376,58.29512405395508,89.96182250976562,86.51555633544922,100.23101806640624,13.028192520141602
2016-06-21,178.4955291748047,120.83999633789062,101.39301300048828,58.51731872558594,89.75960540771484,86.43663024902344,100.54907989501952,12.926740646362305
2016-06-22,178.2042999267578,120.9000015258789,100.99652862548828,58.428165435791016,89.93756866455078,86.59445190429688,100.3058624267578,12.850651741027832
2016-06-23,180.52508544921875,120.11000061035156,102.92607879638672,58.72310256958008,89.50891876220703,86.50838470458984,101.7369384765625,12.952103614807127
2016-06-24,174.04249572753906,126.0,99.0141372680664,58.20182800292969,90.74623107910156,86.9172134399414,97.54660034179688,12.690018653869627
2016-06-27,170.92547607421875,126.68000030517578,95.76301574707033,58.24298477172852,91.53075408935548,87.28306579589844,95.6104507446289,12.664654731750488
2016-06-28,174.00827026367188,125.31999969482422,97.24321746826172,59.470664978027344,91.51457214355467,87.76367950439453,97.70561981201172,12.867560386657717
2016-06-29,176.97120666503906,125.83999633789062,99.45466613769533,60.19081497192383,91.1425323486328,87.7349853515625,99.43597412109376,13.053555488586426
2016-06-30,179.38609313964844,126.47000122070312,101.304931640625,60.81494903564453,91.34473419189452,88.04341125488281,100.58643341064452,12.977468490600586
2016-07-01,179.76292419433594,128.41000366210938,101.6661376953125,60.835548400878906,91.58604431152344,88.50444793701172,101.09152221679688,13.138100624084473
2016-07-05,178.4697723388672,129.47000122070312,100.1683349609375,61.50766754150391,92.08817291259766,88.80656433105469,100.47420501708984,12.766108512878418
2016-07-06,179.5402374267578,130.22999572753906,100.8956527709961,61.24018096923828,92.10435485839844,88.96480560302734,101.29730987548828,12.816834449768066
2016-07-07,179.42897033691406,129.74000549316406,101.10828399658205,60.609188079833984,91.9828872680664,88.97915649414062,101.59661102294922,12.453295707702637
2016-07-08,182.1006622314453,130.52000427246094,103.4647979736328,61.589969635009766,92.16107177734376,89.47551727294922,103.16796875,12.58011245727539
2016-07-11,182.74295043945312,129.2899932861328,104.66077423095705,62.0014762878418,91.6751480102539,89.24529266357422,103.75727081298828,12.52938461303711
2016-07-12,184.07028198242188,127.1500015258789,106.06049346923828,61.9946174621582,91.13257598876952,88.74185180664062,104.2810516357422,12.766108512878418
2016-07-13,184.04458618164065,128.32000732421875,105.64411163330078,62.33755493164063,91.36739349365234,89.08710479736328,104.02852630615234,12.605473518371582
2016-07-14,185.0722045898437,127.33000183105467,105.75043487548828,61.78201675415039,90.9867935180664,88.87130737304688,104.73934936523438,12.656201362609863
2016-07-15,184.8238983154297,126.83999633789062,106.04278564453124,61.80259323120117,90.6385269165039,88.5332260131836,104.5710220336914,12.622384071350098
2016-07-18,185.32052612304688,127.04000091552734,106.2199478149414,61.9671745300293,90.61425018310548,88.5332260131836,105.26315307617188,12.563201904296877
2016-07-19,185.1321563720703,127.20999908447266,105.68839263916016,62.26896667480469,90.85719299316406,88.69148254394531,104.87965393066406,12.487112998962402
2016-07-20,185.90284729003903,125.38999938964844,106.37942504882812,62.27583312988281,90.67091369628906,88.66268157958984,106.10498809814452,12.402569770812988
2016-07-21,185.2006378173828,127.3000030517578,105.8744659423828,62.39927291870117,90.87335968017578,88.76343536376953,105.8617706298828,12.33493423461914
2016-07-22,186.0312957763672,126.3499984741211,106.66289520263672,62.94795989990234,90.8005142211914,88.71308135986328,106.30139923095705,12.309571266174316
2016-07-25,185.5260467529297,125.47000122070312,106.50342559814452,62.831390380859375,90.72763061523438,88.66268157958984,106.31072998046876,12.174301147460938
2016-07-26,185.61170959472656,126.0,107.01727294921876,62.522735595703125,90.78429412841795,88.57640075683594,106.43234252929688,12.123574256896973
2016-07-27,185.41473388671875,128.02999877929688,107.31848907470705,62.03577423095703,91.17303466796876,88.94319152832031,107.17125701904295,12.00521183013916
2016-07-28,185.6288604736328,127.66000366210938,107.0438232421875,62.61189270019531,91.2216339111328,88.85691833496094,107.54541015625,11.971397399902344
2016-07-29,185.9285430908203,128.97999572753906,107.25645446777344,63.40748596191406,91.5698699951172,89.18055725097656,107.77921295166016,12.072848320007324
2016-08-01,185.7743988037109,129.22000122070312,107.34505462646484,63.54467391967773,91.25196075439452,88.67794799804688,108.3497543334961,11.861489295959473
2016-08-02,184.58409118652344,130.27000427246094,105.84786987304688,62.52959442138672,91.03301239013672,88.18035125732422,107.52669525146484,11.84458065032959
2016-08-03,185.1235809326172,129.64999389648438,106.70721435546876,62.16608810424805,91.08169555664062,88.2957534790039,107.88214874267578,12.039031982421877
2016-08-04,185.32052612304688,129.8699951171875,106.80464935302734,61.9123420715332,91.30059814453124,88.67071533203125,108.19074249267578,12.08975887298584
2016-08-05,186.83621215820312,127.5500030517578,108.34610748291016,61.95347213745117,90.7329559326172,88.31016540527344,109.22901153564452,12.140484809875488
2016-08-08,186.72496032714844,127.44000244140624,108.29296875,62.06321716308594,90.6843032836914,88.36785888671875,109.10739135742188,12.20811939239502
2016-08-09,186.83621215820312,127.95999908447266,108.40817260742188,62.39927291870117,91.00865173339844,88.8870849609375,109.35997772216795,12.174301147460938
2016-08-10,186.37380981445312,128.55999755859375,107.62852478027344,62.3306884765625,91.25196075439452,89.13947296142578,109.07936096191406,12.030576705932615
2016-08-11,187.23873901367188,127.66999816894533,108.1423568725586,61.6242561340332,90.81404113769533,88.84381103515625,109.54700469970705,12.21657371520996
2016-08-12,187.07598876953125,127.4000015258789,108.24866485595705,61.8848991394043,91.13842010498048,89.24763488769531,109.62185668945312,12.309571266174316
2016-08-15,187.6155242919922,127.83999633789062,109.3206024169922,61.823150634765625,90.87076568603516,88.97361755371094,110.08951568603516,12.51247787475586
2016-08-16,186.6478729248047,128.47000122070312,108.4347152709961,61.082427978515625,90.71671295166016,88.81499481201172,109.48155212402344,12.613929748535156
2016-08-17,186.9989318847656,128.5,108.11579132080078,61.329345703125,90.8626937866211,89.0601577758789,109.6779556274414,12.664654731750488
2016-08-18,187.4185791015625,129.11000061035156,108.91309356689452,61.10300064086914,91.0249252319336,89.27649688720703,109.7060317993164,12.825288772583008
2016-08-19,187.14454650878903,127.97000122070312,108.91309356689452,60.71207427978516,90.71671295166016,89.00965881347656,109.6779556274414,12.783016204833984
2016-08-22,187.1360015869141,127.77999877929688,109.16116333007812,61.041282653808594,90.91944885253906,89.31254577636719,109.76215362548828,12.664654731750488
2016-08-23,187.5128173828125,127.76000213623048,109.9230499267578,61.07558441162109,90.9113311767578,89.41350555419922,109.95854949951172,12.715380668640137
2016-08-24,186.5537109375,126.33999633789062,109.02826690673828,60.80810546875,90.8788833618164,89.3558349609375,109.2477035522461,12.563201904296877
2016-08-25,186.4252319335937,126.2300033569336,109.24087524414062,61.082427978515625,90.7329559326172,89.269287109375,109.06998443603516,12.613929748535156
2016-08-26,186.07411193847656,126.0500030517578,109.01940155029295,60.47887802124024,90.3842315673828,88.98804473876953,109.22901153564452,12.571656227111816
2016-08-29,186.9904327392578,126.3000030517578,109.58641052246094,61.07558441162109,90.75726318359376,89.49281311035156,109.378662109375,12.5209321975708
2016-08-30,186.68209838867188,125.02999877929688,109.79014587402344,60.958984375,90.7491455078125,89.37745666503906,109.02323150634766,12.402569770812988
2016-08-31,186.15118408203125,124.77999877929688,109.1700210571289,61.02071380615234,90.64369201660156,89.34142303466797,108.9109878540039,12.16584587097168
2016-09-01,186.15977478027344,125.29000091552734,109.249755859375,60.86980819702149,90.78581237792967,89.34137725830078,109.19158172607422,12.030576705932615
2016-09-02,186.9989318847656,126.56999969482422,110.30398559570312,61.39790725708008,90.55037689208984,89.1823501586914,109.54700469970705,12.16584587097168
2016-09-06,187.5641326904297,128.7100067138672,110.41026306152344,61.87115478515625,90.97261810302734,89.49321746826172,110.22982025146484,12.250391006469728
2016-09-07,187.5470428466797,128.27000427246094,111.10128021240234,62.24153137207031,91.02135467529295,89.37029266357422,110.29527282714844,12.360297203063965
2016-09-08,187.11883544921875,127.58999633789062,110.87982177734376,61.4802360534668,90.57467651367188,88.74124145507812,109.64990997314452,12.58011245727539
2016-09-09,182.64019775390625,126.75,107.4159164428711,59.045448303222656,90.144287109375,88.07610321044922,106.89066314697266,12.385661125183104
2016-09-12,185.2605895996093,126.58999633789062,108.91309356689452,59.74501419067383,90.22543334960938,88.08335876464844,108.80809020996094,12.385661125183104
2016-09-13,182.59738159179688,125.75,106.82235717773438,58.24504089355469,89.89250946044922,87.79414367675781,107.83536529541016,12.225027084350586
2016-09-14,182.52883911132807,126.18000030517578,106.8400650024414,58.43149566650391,90.09553527832033,87.85198211669922,108.3497543334961,12.13202953338623
2016-09-15,184.35289001464844,125.37000274658205,108.11579132080078,58.65249633789063,90.11994171142578,87.90982818603516,110.03339385986328,12.191210746765137
2016-09-16,183.6402587890625,125.05999755859376,107.95632934570312,58.68011474609375,90.21735382080078,88.01105499267578,109.98088073730467,12.20811939239502
2016-09-19,183.6746520996093,125.31999969482422,108.67390441894533,59.21188354492188,90.06304168701172,87.98214721679688,109.502685546875,12.199665069580078
2016-09-20,183.68328857421875,125.44000244140624,108.21324920654295,59.122108459472656,90.20111846923828,88.09782409667969,109.70895385742188,12.241934776306152
2016-09-21,185.74891662597656,127.2699966430664,109.7812957763672,59.88174819946289,90.3472900390625,88.54609680175781,110.78729248046876,12.394116401672363
2016-09-22,186.9193878173828,127.56999969482422,111.35816192626952,60.95219039916992,90.61530303955078,88.9075927734375,111.668701171875,12.461750030517578
2016-09-23,185.8951873779297,127.6500015258789,110.56973266601562,61.13865661621094,90.6558837890625,88.84249877929688,110.95606994628906,12.318025588989258
2016-09-26,184.38902282714844,127.5500030517578,109.47174072265624,61.28365707397461,90.91583251953124,88.97988891601562,110.02774810791016,12.402569770812988
2016-09-27,185.53369140625,126.62000274658205,109.9159164428711,60.63450622558594,91.07007598876952,89.19677734375,111.11549377441406,12.284208297729492
2016-09-28,186.4546356201172,126.22000122070312,110.75984954833984,61.13174057006836,91.02947235107422,89.25465393066406,111.30298614501952,12.571656227111816
2016-09-29,184.76768493652344,126.06999969482422,109.14305877685548,60.31682586669922,91.08631896972656,89.21847534179688,110.49662017822266,12.647747039794922
2016-09-30,186.1620178222656,125.63999938964844,110.34233856201172,59.90247344970703,90.8589324951172,89.05943298339844,111.32177734375,12.690018653869627
2016-10-03,185.7144775390625,125.31999969482422,109.99585723876952,58.78369903564453,90.6475067138672,88.80717468261719,111.16238403320312,12.799925804138184
2016-10-04,184.76768493652344,120.97000122070312,109.4539794921875,57.98261642456055,90.23279571533205,88.39393615722656,110.99359130859376,12.766108512878418
2016-10-05,185.58534240722656,120.77999877929688,110.11134338378906,56.808570861816406,90.02947998046875,88.2997055053711,111.3874053955078,12.842195510864258
2016-10-06,185.7144775390625,119.66000366210938,109.99585723876952,56.82931900024414,89.8424072265625,88.30695343017578,111.3311538696289,12.867560386657717
2016-10-07,185.0775146484375,119.73999786376952,109.11640167236328,56.73262786865234,89.97257232666016,88.51719665527344,111.08734130859376,12.83374309539795
2016-10-10,186.04150390625,120.16000366210938,110.42227935791016,57.08482360839844,89.73673248291016,88.51719665527344,111.79061126708984,12.977468490600586
2016-10-11,183.6918792724609,119.5500030517578,108.40570831298828,56.53236389160156,89.71234893798828,88.24173736572266,110.1965560913086,12.90137767791748
2016-10-12,183.9328765869141,119.73999786376952,108.3168716430664,57.18152618408203,89.71234893798828,88.35770416259766,110.10276794433594,12.808379173278809
2016-10-13,183.3303985595703,120.02999877929688,107.41963958740234,57.630401611328125,89.89933776855469,88.57518005371094,109.70895385742188,12.892922401428224
2016-10-14,183.4250946044922,119.36000061035156,106.9843521118164,57.3748893737793,89.62284851074219,88.16197967529297,109.84024810791016,12.90137767791748
2016-10-17,182.7882232666016,119.68000030517578,106.8599853515625,57.49919128417969,89.8180160522461,88.45193481445312,109.54015350341795,12.918285369873049
2016-10-18,183.9328765869141,120.41999816894533,107.47295379638672,57.86520385742188,89.9969253540039,88.66943359375,110.51536560058594,12.943650245666504
2016-10-19,184.4234619140625,121.11000061035156,107.9259796142578,57.98949813842773,90.03765869140625,88.78539276123047,110.50598907470705,13.028192520141602
2016-10-20,184.07920837402344,120.73999786376952,107.60618591308594,57.85830307006836,89.95629119873047,88.75642395019531,110.37470245361328,12.909832954406738
2016-10-21,184.16522216796875,120.83000183105467,107.55290222167967,57.64424133300781,90.05384826660156,88.80717468261719,110.78729248046876,12.96055793762207
2016-10-24,184.9484405517578,120.55999755859376,108.23692321777344,57.77542495727539,89.9318618774414,88.55345153808594,112.11878967285156,12.969013214111328
2016-10-25,184.3287506103516,121.47000122070312,107.42853546142578,57.67184448242188,89.9156265258789,88.48817443847656,111.7624740600586,12.909832954406738
2016-10-26,183.958724975586,120.79000091552734,106.36251068115234,56.9190788269043,89.72042846679688,88.11847686767578,111.00294494628906,12.825288772583008
2016-10-27,183.4681091308593,121.01000213623048,105.1454620361328,55.427391052246094,89.41144561767578,87.71981048583984,110.49662017822266,12.90137767791748
2016-10-28,182.92588806152344,121.58000183105467,104.85228729248048,55.55860900878906,89.42770385742188,87.61834716796875,109.80270385742188,12.816834449768066
2016-10-31,182.9344787597656,121.94000244140624,105.26983642578124,56.463287353515625,89.50090789794922,87.69805145263672,109.6995849609375,12.647747039794922
2016-11-01,181.60906982421875,122.7300033569336,103.9817352294922,55.23402404785156,89.50413513183594,87.58755493164062,108.8744125366211,12.706927299499512
2016-11-02,180.51608276367188,123.63999938964844,102.65806579589844,54.426029205322266,89.77287292480469,87.7184066772461,108.00237274169922,12.55474853515625
2016-11-03,179.68975830078125,124.3000030517578,102.16058349609376,54.004764556884766,89.71589660644531,87.54398345947266,106.9427719116211,12.51247787475586
2016-11-04,179.49180603027344,124.38999938964844,102.81800079345705,54.43293380737305,89.99274444580078,87.80561065673828,106.56771087646484,12.427932739257812
2016-11-07,183.4508514404297,122.1500015258789,105.3320083618164,55.38595199584961,89.61812591552734,87.74749755859375,109.0994644165039,12.478657722473145
2016-11-08,184.27716064453125,121.63999938964844,105.6073989868164,55.67601776123047,89.30055236816406,87.55125427246094,109.81209564208984,12.461750030517578
2016-11-09,186.2308349609375,121.55999755859376,108.85879516601562,54.83347702026367,87.94059753417969,86.26476287841797,110.31845092773438,12.5209321975708
2016-11-10,186.69566345214844,119.75,110.59994506835938,53.91498947143555,87.41129302978516,86.19209289550781,108.53684997558594,12.419478416442873
2016-11-11,186.2653045654297,117.0999984741211,113.14063262939452,54.239559173583984,87.23214721679688,85.82142639160156,108.583740234375,12.18275547027588
2016-11-14,186.41162109375,116.11000061035156,114.73079681396484,55.52406692504883,86.72725677490234,85.37810516357422,107.48664093017578,12.157393455505373
2016-11-15,187.8661193847656,117.12000274658205,115.08610534667967,55.06138229370117,86.72725677490234,85.63972473144531,108.97756958007812,12.427932739257812
2016-11-16,187.51324462890625,116.7699966430664,115.0772476196289,54.90255737304688,86.80867767333984,85.76326751708984,109.62454986572266,12.275754928588867
2016-11-17,188.4771881103516,116.16999816894533,115.75238037109376,54.34315872192383,86.42595672607422,85.21820831298828,110.42159271240234,12.301117897033691
2016-11-18,188.0554962158203,115.1500015258789,116.3653335571289,54.501983642578125,86.04319763183594,84.73848724365234,110.00902557373048,12.402569770812988
2016-11-21,189.4755706787109,115.58000183105467,116.90726470947266,54.33624649047852,86.1164779663086,84.82572937011719,111.15298461914062,12.74919891357422
2016-11-22,189.8456115722656,115.54000091552734,117.97330474853516,55.28929138183594,86.19794464111328,85.04371643066406,111.49054718017578,12.732290267944336
2016-11-23,189.94888305664065,113.25,118.7106475830078,55.05446243286133,85.8884506225586,84.73124694824219,111.04047393798828,12.783016204833984
2016-11-25,190.65464782714844,112.61000061035156,119.10147857666016,55.37217330932617,85.81520080566406,84.73848724365234,111.39679718017578,12.690018653869627
2016-11-28,189.7595672607422,113.8000030517578,117.5557098388672,55.62768173217773,86.20610809326172,85.12369537353516,111.14361572265624,12.732290267944336
2016-11-29,190.1296539306641,113.2699966430664,117.4935531616211,56.15943145751953,86.29566192626953,85.24000549316406,111.52806854248048,12.478657722473145
2016-11-30,189.67349243164065,111.75,116.91613006591795,55.51716995239258,85.71749114990234,84.92019653320312,110.17778778076172,12.85910701751709
2016-12-01,188.9763336181641,111.54000091552734,116.34757995605467,54.70226287841797,85.39045715332031,84.44429779052734,108.2742919921875,13.095829010009766
2016-12-02,189.071044921875,112.13999938964844,116.28539276123048,55.24782943725586,85.77374267578125,84.83055877685547,108.48992919921876,13.188827514648438
2016-12-05,190.2071075439453,111.54000091552734,118.28417205810548,55.65530014038086,85.7411117553711,85.01275634765625,109.3338851928711,13.256462097167969
2016-12-06,190.80958557128903,111.43000030517578,119.56341552734376,56.014408111572266,85.77374267578125,85.00544738769531,109.5964126586914,13.19727897644043
2016-12-07,193.3055877685547,111.83000183105467,120.7271499633789,57.13317108154297,86.05918884277344,85.36260223388672,110.98420715332033,13.095829010009766
2016-12-08,193.7789306640625,111.56999969482422,122.62825775146484,57.526832580566406,85.73294830322266,85.01275634765625,111.1811294555664,13.12119197845459
2016-12-09,194.94937133789065,110.4000015258789,122.86809539794922,57.46466064453125,85.29256439208984,84.68476104736328,112.05319213867188,13.188827514648438
2016-12-12,194.7256317138672,110.81999969482422,121.5710678100586,57.844482421875,85.30889892578125,84.6046371459961,111.54680633544922,13.273370742797852
2016-12-13,196.0251922607422,110.4499969482422,121.58000183105467,57.81686782836914,85.35785675048828,84.7940902709961,112.95333862304688,13.307188034057615
2016-12-14,194.4071350097656,108.83000183105467,120.0608901977539,56.55306625366211,84.64836120605469,84.25479125976562,112.71893310546876,13.180373191833496
2016-12-15,195.2075653076172,107.33999633789062,120.9581298828125,56.221588134765625,84.41185760498047,84.31309509277344,112.89708709716795,13.163463592529297
2016-12-16,194.82579040527344,108.0500030517578,120.73605346679688,57.06410598754883,84.51788330078125,84.24751281738281,112.47857666015624,13.222644805908203
2016-12-19,195.2499847412109,108.58999633789062,121.5267105102539,57.67873001098633,84.9093246459961,84.65564727783203,112.93942260742188,13.146554946899414
2016-12-20,196.0032196044922,107.79000091552734,122.55718231201172,57.80997085571289,84.72991943359375,84.6046371459961,113.37201690673828,13.205735206604004
2016-12-21,195.45782470703125,107.8499984741211,121.7576675415039,56.93292236328125,84.86851501464844,84.8742904663086,113.28736877441406,13.129646301269531
2016-12-22,195.1201629638672,107.58999633789062,120.7077865600586,56.83773040771485,84.83174133300781,84.880126953125,112.96762084960938,13.112738609313965
2016-12-23,195.4058532714844,107.93000030517578,121.35003662109376,56.98577880859375,84.9134521484375,85.01165771484375,113.04283905029295,13.138100624084473
2016-12-27,195.8906707763672,108.55999755859376,121.89410400390624,57.10563278198242,84.79093933105469,84.85823059082031,113.62590789794922,13.341005325317385
2016-12-28,194.271713256836,108.86000061035156,120.64530181884766,56.76015472412109,85.101318359375,85.17243194580078,112.74191284179688,13.34946060180664
2016-12-29,194.2284545898437,110.29000091552734,120.75237274169922,57.46525955200195,85.3626937866211,85.50129699707031,112.58201599121094,13.366369247436523
2016-12-30,193.51852416992188,109.61000061035156,120.28853607177734,58.19148635864258,85.61592102050781,85.63284301757812,111.42525482177734,13.391731262207031
2017-01-03,194.9989624023437,110.47000122070312,120.88615417480467,58.38187026977539,85.5750503540039,85.70590209960938,112.4221420288086,13.231098175048828
2017-01-04,196.15904235839844,110.86000061035156,122.90215301513672,59.235008239746094,85.673095703125,85.99822235107422,113.03346252441406,13.33255100250244
2017-01-05,196.0032196044922,112.58000183105467,121.48379516601562,59.4254150390625,86.2284927368164,86.45860290527344,113.67294311523438,13.400186538696287
2017-01-06,196.7044982910156,111.75,121.03781127929688,59.43244934082031,85.83642578125,86.00555419921875,114.66983032226562,13.38327693939209
2017-01-09,196.05517578125,112.66999816894533,120.2439422607422,58.8965950012207,86.16314697265625,86.1736068725586,115.04605102539062,13.180373191833496
2017-01-10,196.05517578125,113.1500015258789,121.39461517333984,58.395973205566406,86.12230682373047,86.12246704101562,115.29995727539062,13.12119197845459
2017-01-11,196.60916137695312,113.5,121.60867309570312,58.0363655090332,86.22030639648438,86.2540054321289,115.61031341552734,13.264915466308594
2017-01-12,196.1157989501953,113.91000366210938,120.6720733642578,58.33251190185547,86.26932525634766,86.24666595458984,115.43160247802734,13.45936679840088
2017-01-13,196.56588745117188,114.20999908447266,121.5462417602539,58.24790573120117,86.08148193359375,86.07131958007812,115.8266143798828,13.434003829956056
2017-01-17,195.8733673095703,115.8499984741211,119.89603424072266,58.699161529541016,86.51438903808594,86.4439697265625,115.4786376953125,13.425549507141112
2017-01-18,196.30618286132807,114.87000274658205,120.28853607177734,58.7978744506836,85.90179443359375,85.87399291992188,115.71371459960938,13.307188034057615
2017-01-19,195.5790252685547,114.7699966430664,119.30728149414062,58.19853973388672,85.5750503540039,85.58168029785156,115.65731811523438,13.264915466308594
2017-01-20,196.2975311279297,115.0500030517578,119.92279815673828,58.62161636352539,85.61592102050781,85.73516082763672,115.91124725341795,13.417094230651855
2017-01-23,195.78677368164065,115.79000091552734,119.42323303222656,59.11515808105469,86.06515502929688,86.1297836303711,116.00527954101562,13.417094230651855
2017-01-24,197.0420837402344,115.2699966430664,121.25189208984376,59.1292610168457,85.73844146728516,85.87399291992188,116.7858657836914,13.45091152191162
2017-01-25,198.74761962890625,114.31999969482422,122.39368438720705,58.74146270751953,85.31369018554688,85.54513549804688,117.96144104003906,13.366369247436523
2017-01-26,198.53985595703125,113.26000213623048,121.90306091308594,58.628665924072266,85.42802429199219,85.64745330810547,118.08368682861328,13.425549507141112
2017-01-27,198.2281494140625,113.48999786376952,121.48379516601562,58.057525634765625,85.53421020507812,85.74974822998047,118.30940246582033,13.315641403198242
2017-01-30,196.998779296875,113.97000122070312,119.78900146484376,57.66267395019531,85.509765625,85.60359191894531,117.3877410888672,13.23955249786377
2017-01-31,196.98147583007807,115.5500030517578,120.62750244140624,58.07868194580078,85.80377197265625,85.75706481933594,117.15264129638672,13.315641403198242
2017-02-01,197.0594482421875,115.1999969482422,120.5561065673828,57.38063430786133,85.63932800292969,85.65153503417969,117.96144104003906,13.45936679840088
2017-02-02,197.1893005371093,115.83999633789062,120.25279998779295,58.0645751953125,85.67208862304688,85.67350006103516,117.85798645019533,13.45936679840088
2017-02-03,198.5485076904297,116.12999725341795,122.09042358398438,58.38187026977539,85.73753356933594,85.76878356933594,118.19657135009766,13.45091152191162
2017-02-06,198.19351196289065,117.6999969482422,121.17160034179688,58.28314208984375,86.14653015136719,86.0399169921875,118.33761596679688,13.366369247436523
2017-02-07,198.2021942138672,117.45999908447266,120.63639068603516,58.07868194580078,86.30193328857422,86.18645477294922,118.77023315429688,13.307188034057615
2017-02-08,198.4618988037109,118.19000244140624,120.4223175048828,58.53697204589844,86.6536636352539,86.48690795898438,118.96770477294922,13.357913970947266
2017-02-09,199.63926696777344,117.29000091552734,122.1171417236328,58.67800521850586,86.1383056640625,86.14249420166016,119.40033721923828,13.425549507141112
2017-02-10,200.4270782470703,117.5999984741211,123.0448226928711,59.09400177001953,86.0810775756836,86.12055206298828,119.79532623291016,13.569272994995115
2017-02-13,201.5179748535156,116.8000030517578,123.365966796875,59.11515808105469,85.95018005371094,86.08392333984375,120.4724349975586,13.417094230651855
2017-02-14,202.3230895996093,116.93000030517578,123.77627563476562,58.80492401123047,85.63932800292969,85.87866973876953,120.87686157226562,13.434003829956056
2017-02-15,203.3792724609375,117.4499969482422,124.51667785644533,58.60749816894531,85.47574615478516,85.8127670288086,121.5915985107422,13.45091152191162
2017-02-16,203.20616149902344,118.08000183105467,124.1688003540039,58.95301055908203,85.81932067871094,86.0545425415039,121.5539779663086,13.366369247436523
2017-02-17,203.5264587402344,117.68000030517578,124.08850860595705,59.0658073425293,86.04837799072266,86.27438354492188,122.08063507080078,13.341005325317385
2017-02-21,204.73846435546875,117.75,125.06079864501952,59.82026290893555,86.00745391845703,86.31103515625,122.68252563476562,13.3240966796875
2017-02-22,204.55667114257807,117.91000366210938,124.50772857666016,59.622840881347656,86.14653015136719,86.37693786621094,122.72955322265624,13.256462097167969
2017-02-23,204.6952209472656,118.94000244140624,123.7673797607422,59.93308639526367,86.37557220458984,86.59679412841797,122.26870727539062,13.298733711242676
2017-02-24,204.9549255371093,119.6999969482422,123.67818450927734,60.2150993347168,86.7763671875,87.03644561767578,122.50383758544922,13.273370742797852
2017-02-27,205.27528381347656,119.12000274658205,124.88238525390624,60.53242492675781,86.46556091308594,86.83126068115234,122.65428924560548,13.23955249786377
2017-02-28,204.72116088867188,119.2300033569336,122.95564270019533,60.11639022827149,86.4246597290039,86.88990783691406,122.27815246582033,13.290279388427734
2017-03-01,207.58677673339844,119.05999755859376,125.2035140991211,59.93308639526367,85.82252502441406,86.37632751464844,123.61358642578124,13.34946060180664
2017-03-02,206.279525756836,117.58000183105467,123.7673797607422,59.6087532043457,85.57682037353516,86.24404907226562,122.99288177490234,13.138100624084473
2017-03-03,206.40939331054688,117.51000213623048,123.67818450927734,59.37606048583984,85.65877532958984,86.33221435546875,123.21858978271484,13.205735206604004
2017-03-06,205.7947235107422,116.72000122070312,122.83074188232422,59.10813903808594,85.64234161376953,86.17792510986328,122.94586181640624,13.188827514648438
2017-03-07,205.17999267578125,115.77999877929688,122.0279312133789,58.82607650756836,85.51947021484375,85.75173950195312,122.7389678955078,13.129646301269531
2017-03-08,204.79913330078125,115.05999755859376,121.22509002685548,57.74022674560547,85.2327880859375,85.48728942871094,122.95524597167967,12.83374309539795
2017-03-09,205.05880737304688,114.47000122070312,120.74341583251952,56.87297439575195,84.9952163696289,85.02439880371094,123.04930877685548,12.723835945129396
2017-03-10,205.77740478515625,114.72000122070312,121.27861785888672,56.69670486450195,85.17546844482422,85.23748016357422,123.5665512084961,12.605473518371582
2017-03-13,205.8812866210937,114.73999786376952,121.56404876708984,56.83773040771485,84.96244049072266,84.9509506225586,123.77347564697266,12.5885648727417
2017-03-14,205.093505859375,114.12000274658205,120.98432159423828,56.8236083984375,85.05255126953125,85.02439880371094,123.47251892089844,12.537839889526367
2017-03-15,206.8682556152344,116.25,122.85753631591795,57.97291946411133,85.79798889160156,85.75916290283203,124.23426055908205,12.647747039794922
2017-03-16,206.46128845214844,116.7300033569336,123.01807403564452,57.86009979248047,85.56046295166016,85.63421630859375,124.14959716796876,12.630837440490724
2017-03-17,206.09873962402344,116.98999786376952,123.50870513916016,58.128047943115234,85.78976440429688,85.83262634277344,124.10627746582033,12.673110008239746
2017-03-20,205.8726501464844,117.51000213623048,122.9734878540039,58.07868194580078,85.9946060180664,86.03096771240234,124.2193603515625,12.664654731750488
2017-03-21,203.2293701171875,118.54000091552734,119.50353240966795,57.82484817504883,86.2812728881836,86.24404907226562,122.33456420898438,12.59701919555664
2017-03-22,203.7075653076172,118.83000183105467,119.53030395507812,57.79287338256836,86.44512939453125,86.4644775390625,123.1638641357422,12.5885648727417
2017-03-23,203.490234375,118.66999816894533,120.22608184814452,58.21904373168945,86.35499572753906,86.40570831298828,122.85289764404295,12.563201904296877
2017-03-24,203.3424530029297,118.86000061035156,120.31288146972656,58.15511322021485,86.40413665771484,86.49386596679688,123.10734558105467,12.605473518371582
2017-03-27,203.1337280273437,119.52999877929688,120.5364990234375,57.62954330444336,86.61711883544922,86.67755889892578,123.30524444580078,12.5885648727417
2017-03-28,204.6118927001953,119.04000091552734,121.47575378417967,57.87810134887695,86.32225036621094,86.49386596679688,124.05917358398438,12.664654731750488
2017-03-29,204.8032073974609,119.33000183105467,121.86942291259766,58.20481491088867,86.56802368164062,86.77304077148438,124.63404083251952,12.783016204833984
2017-03-30,205.45529174804688,118.47000122070312,122.79084014892578,58.31135940551758,86.32225036621094,86.5452880859375,124.84136962890624,12.83374309539795
2017-03-31,204.97708129882807,118.72000122070312,122.9876480102539,58.65937042236328,86.4942626953125,86.63348388671875,124.75650787353516,12.85910701751709
2017-04-03,204.62063598632807,119.3499984741211,121.69051361083984,58.82984924316406,86.92005157470703,87.0224380493164,124.6811752319336,12.808379173278809
2017-04-04,204.75103759765625,119.62000274658205,121.54740142822266,58.82984924316406,86.7969970703125,86.79408264160156,124.87908172607422,12.93519401550293
2017-04-05,204.14236450195312,119.62000274658205,120.1697006225586,58.9150619506836,86.96107482910156,86.90461730957031,124.37017059326172,12.96055793762207
2017-04-06,204.7162475585937,119.18000030517578,121.28795623779295,59.227577209472656,86.90363311767578,86.98561096191406,124.43612670898438,12.994376182556152
2017-04-07,204.507553100586,119.45999908447266,121.23426818847656,59.31281661987305,86.6411361694336,86.77198791503906,124.37017059326172,13.028192520141602
2017-04-10,204.62925720214844,119.45999908447266,121.50267791748048,59.68212890625,86.7969970703125,86.93409729003906,124.417236328125,13.129646301269531
2017-04-11,204.38577270507807,121.19000244140624,122.46878814697266,60.09408950805664,87.1989974975586,87.33926391601562,123.88013458251952,13.155009269714355
2017-04-12,203.490234375,122.0199966430664,120.80485534667967,59.9875602722168,87.46971893310547,87.62657928466797,123.38059997558594,13.155009269714355
2017-04-13,202.1685791015625,122.5999984741211,119.6240234375,59.85259628295898,87.73219299316406,87.77391815185547,122.890625,13.19727897644043
2017-04-17,203.95977783203125,122.23999786376952,121.02852630615234,60.57706069946289,87.5927734375,87.6044921875,123.90839385986328,13.12119197845459
2017-04-18,203.35110473632807,122.81999969482422,121.0553741455078,60.74040985107422,88.09323120117188,88.12022399902344,123.71989440917967,13.07046604156494
2017-04-19,202.97720336914065,121.7300033569336,121.47575378417967,60.65518569946289,87.8635025024414,87.85496520996094,123.91781616210938,12.842195510864258
2017-04-20,204.62925720214844,121.95999908447266,123.02347564697266,60.66227340698242,87.66661071777344,87.72969055175781,124.95443725585938,12.791470527648926
2017-04-21,203.9771423339844,122.30999755859376,122.7461166381836,60.44210433959961,87.7076416015625,87.72969055175781,124.92620086669922,12.664654731750488
2017-04-24,206.220443725586,121.4800033569336,124.27587890625,59.77448272705078,87.52710723876953,87.6118392944336,126.43406677246094,12.622384071350098
2017-04-25,207.42041015625,120.25,125.48358154296876,60.02306365966797,87.07593536376953,87.26563262939453,127.34819793701172,12.681563377380373
2017-04-26,207.2899475097656,120.83999633789062,126.12764739990234,59.57558441162109,87.30562591552734,87.47923278808594,127.16912078857422,12.613929748535156
2017-04-27,207.4639129638672,120.38999938964844,126.09188842773438,59.419342041015625,87.36306762695312,87.56029510498047,127.93247985839844,12.546294212341309
2017-04-28,207.0117034912109,120.7699966430664,124.40103912353516,58.80145263671875,87.45329284667969,87.66339874267578,128.15863037109375,12.51247787475586
2017-05-01,207.5334014892578,119.66999816894533,125.11672973632812,59.14945602416992,87.26432037353516,87.39157104492188,129.29898071289062,12.537839889526367
2017-05-02,207.61167907714844,119.6500015258789,124.4815902709961,59.05001831054688,87.44509887695312,87.65015411376953,129.51568603515625,12.402569770812988
2017-05-03,207.35952758789065,117.9800033569336,123.71226501464844,58.26165008544922,87.26432037353516,87.60578155517578,129.10104370117188,12.351841926574709
2017-05-04,207.6029815673828,116.79000091552734,123.54232788085938,57.977535247802734,87.0671157836914,87.4359130859375,129.148193359375,12.055940628051758
2017-05-05,208.4202880859375,117.01000213623048,124.33848571777344,58.52444839477539,87.0835952758789,87.46546936035156,129.61941528320312,12.225027084350586
2017-05-08,208.38555908203125,116.75,123.81961822509766,58.11248397827149,86.86991119384766,87.31029510498047,129.90211486816406,12.174301147460938
2017-05-09,208.19422912597656,116.0500030517578,123.76593780517578,57.79999542236328,86.7713851928711,87.3250503540039,130.3545379638672,12.115119934082031
2017-05-10,208.568099975586,116.04000091552734,124.53532409667967,58.254539489746094,86.73851013183594,87.44328308105469,130.4298858642578,12.309571266174316
2017-05-11,208.1420745849609,116.5,123.6675262451172,57.963321685791016,86.80421447753906,87.48764038085938,130.32618713378906,12.360297203063965
2017-05-12,207.7942657470703,116.83000183105467,123.01451110839844,57.72895431518555,87.24787902832031,87.93084716796875,130.61834716796875,12.360297203063965
2017-05-15,208.9420166015625,117.13999938964844,123.97168731689452,57.89941787719727,87.19035339355469,87.92342376708984,131.03302001953125,12.427932739257812
2017-05-16,208.750732421875,117.6500015258789,124.0164031982422,57.50879287719727,87.30542755126953,88.04901123046875,131.57962036132812,12.44484043121338
2017-05-17,205.0466461181641,119.79000091552734,120.67066192626952,57.7431755065918,88.00381469726562,88.58831787109375,128.23406982421875,12.52938461303711
2017-05-18,205.8726501464844,118.80999755859376,121.10902404785156,58.062782287597656,87.97911834716797,88.57354736328125,129.3555145263672,12.49556827545166
2017-05-19,207.2116851806641,119.4000015258789,121.69051361083984,58.37529373168945,87.95449829101562,88.62521362304688,129.90211486816406,12.740745544433594
2017-05-22,208.26377868652344,119.9000015258789,122.51351928710938,58.60257339477539,87.85591888427734,88.55138397216797,130.9952850341797,12.825288772583008
2017-05-23,208.72462463378903,119.13999938964844,122.91606903076172,58.65227890014648,87.6258773803711,88.27809143066406,131.1272430419922,12.783016204833984
2017-05-24,209.21157836914065,119.61000061035156,122.9966049194336,59.128150939941406,87.80656433105469,88.41841125488281,131.73043823242188,12.75765323638916
2017-05-25,210.21153259277344,119.4800033569336,123.0771026611328,59.13524627685547,87.85591888427734,88.4552993774414,132.8518524169922,12.478657722473145
2017-05-26,210.1680450439453,120.54000091552734,123.04131317138672,58.7090950012207,87.91336822509766,88.52182006835938,133.08746337890625,12.571656227111816
2017-05-30,209.98545837402344,120.13999938964844,122.07522583007812,58.33975982666016,88.13523864746094,88.7286605834961,133.2005157470703,12.470203399658203
2017-05-31,209.9332275390625,120.62000274658205,121.94993591308594,58.37529373168945,88.17636108398438,88.83206939697266,133.1534423828125,12.33493423461914
2017-06-01,211.6026763916016,120.72000122070312,124.30265808105467,58.68070602416992,88.13025665283203,88.85137939453125,133.67172241210938,12.250391006469728
2017-06-02,212.30702209472656,121.61000061035156,125.1078872680664,59.2844123840332,88.51700592041016,89.26610565185547,135.198486328125,12.191210746765137
2017-06-05,212.1505279541016,121.7300033569336,124.3295440673828,59.02870178222656,88.3688735961914,89.01428985595703,135.1702423095703,12.123574256896973
2017-06-06,211.47227478027344,123.0999984741211,124.21320343017578,58.744606018066406,88.64868927001953,89.27351379394531,134.6329803466797,12.20811939239502
2017-06-07,211.8635406494141,122.4499969482422,124.3295440673828,59.15658187866211,88.4841079711914,89.1624526977539,135.16078186035156,12.039031982421877
2017-06-08,211.9678955078125,121.6500015258789,126.02922821044922,59.01451873779297,88.34416961669922,89.00690460205078,135.30215454101562,12.039031982421877
2017-06-09,211.64620971679688,120.54000091552734,126.68229675292967,59.42644882202149,88.26187896728516,88.91800689697266,131.91888427734375,12.10666561126709
2017-06-12,211.6026763916016,120.36000061035156,126.4765625,59.959129333496094,88.24546813964844,88.94025421142578,131.2120819091797,11.996758460998535
2017-06-13,212.63739013671875,120.4800033569336,127.1206512451172,60.09408950805664,88.27840423583984,89.03652954101562,132.2769775390625,12.047486305236816
2017-06-14,212.36785888671875,119.81999969482422,126.36920928955078,60.179298400878906,88.73918151855469,89.64390563964844,131.70211791992188,11.836126327514648
2017-06-15,211.95919799804688,119.31999969482422,125.72510528564452,60.484710693359375,88.58280944824219,89.42906188964844,131.11781311035156,11.886853218078612
2017-06-16,212.00547790527344,119.33999633789062,125.41197204589844,60.32847213745117,88.63221740722656,89.50312042236328,130.54898071289062,11.937579154968262
2017-06-19,213.7705078125,118.43000030517578,126.34234619140624,60.335575103759766,88.3853530883789,89.39208221435547,132.73187255859375,11.861489295959473
2017-06-20,212.3288116455078,118.18000030517578,125.06310272216795,60.193504333496094,88.6075439453125,89.5920639038086,131.69241333007812,11.743128776550291
2017-06-21,212.2763519287109,118.5199966430664,124.75001525878906,60.07276916503906,88.59929656982422,89.63646697998047,132.99644470214844,11.616312980651855
2017-06-22,212.1802673339844,118.91999816894533,125.22415924072266,60.12961959838867,88.68158721923828,89.71051788330078,132.9586944580078,11.633220672607422
2017-06-23,212.43370056152344,119.43000030517578,126.0561065673828,60.3382453918457,88.70625305175781,89.75496673583984,133.46893310546875,11.68394660949707
2017-06-26,212.573471069336,118.36000061035156,126.20819091796876,60.76847457885742,88.78034210205078,89.91790771484375,132.84527587890625,11.709310531616213
2017-06-27,210.8608856201172,118.80999755859376,125.09888458251952,60.223541259765625,88.34416961669922,89.51053619384766,130.43556213378906,11.84458065032959
2017-06-28,212.7481842041016,118.9000015258789,127.0132827758789,60.3669548034668,88.26187896728516,89.6068344116211,132.31607055664062,11.92067050933838
2017-06-29,210.8784027099609,118.31999969482422,126.26184844970705,59.6785888671875,87.9327621459961,89.3327865600586,130.019775390625,11.971397399902344
2017-06-30,211.27159118652344,118.0199966430664,126.06502532958984,59.6785888671875,87.72705841064453,89.25872039794922,130.06703186035156,12.21657371520996
2017-07-03,211.6298217773437,116.08999633789062,127.1206512451172,60.43864059448242,87.40480041503906,89.06563568115234,128.6968536376953,12.343389511108398
2017-07-05,212.1190795898437,116.5199966430664,126.66439056396484,59.58537292480469,87.47074890136719,89.21419525146484,129.9630584716797,12.157393455505373
2017-07-06,210.17935180664065,116.47000122070312,125.01033782958984,58.46680450439453,87.30592346191406,88.98396301269531,128.791259765625,12.16584587097168
2017-07-07,211.5424346923828,115.27999877929688,126.22325134277344,58.79664993286133,87.16584014892578,88.9096908569336,130.18043518066406,12.047486305236816
2017-07-10,211.76963806152344,115.47000122070312,125.6752471923828,58.25887298583984,87.28120422363281,89.05818939208984,131.03091430664062,12.098212242126465
2017-07-11,211.61233520507807,115.62000274658205,126.04356384277344,58.19433975219727,87.39661407470703,89.0953140258789,131.39942932128906,12.21657371520996
2017-07-12,213.20260620117188,116.02999877929688,127.0138931274414,58.91135787963867,87.65206909179688,89.48892974853516,132.9586944580078,12.157393455505373
2017-07-13,213.56076049804688,115.81999969482422,127.12169647216795,59.004581451416016,87.56140899658203,89.33296203613281,133.25160217285156,12.148938179016112
2017-07-14,214.55682373046875,116.7699966430664,127.33732604980467,59.5710563659668,87.68499755859375,89.54093933105469,134.30055236816406,12.284208297729492
2017-07-17,214.5306396484375,117.29000091552734,127.63384246826172,60.05144119262695,87.7921142578125,89.62259674072266,134.36666870117188,12.241934776306152
2017-07-18,214.64422607421875,118.11000061035156,127.30138397216795,59.92239761352539,88.11357116699219,90.00877380371094,135.26441955566406,12.292662620544434
2017-07-19,215.8063201904297,118.08000183105467,128.56822204589844,60.37409591674805,88.11357116699219,89.97906494140625,136.05821228027344,12.402569770812988
2017-07-20,215.9024353027344,118.23999786376952,128.65805053710938,60.09447479248047,88.13826751708984,90.0607681274414,136.23770141601562,12.385661125183104
2017-07-21,215.7101593017578,119.26000213623048,128.07403564453125,60.05144119262695,88.29486846923828,90.26869201660156,136.18106079101562,12.21657371520996
2017-07-24,215.6578063964844,119.30999755859376,128.25376892089844,59.93672180175781,88.23715209960938,90.1647720336914,136.80474853515625,12.241934776306152
2017-07-25,216.18202209472656,118.91999816894533,129.4217529296875,60.01559448242188,87.74269104003906,89.63005828857422,136.455078125,12.37720775604248
2017-07-26,216.19073486328125,119.87999725341795,128.7029571533203,60.43145751953125,88.02290344238281,89.92709350585938,136.89923095703125,12.49556827545166
2017-07-27,215.9898376464844,119.79000091552734,127.88539123535156,60.50315475463867,87.88280487060547,89.70433807373047,136.03929138183594,12.571656227111816
2017-07-28,215.7364044189453,120.69000244140624,127.5439682006836,60.3382453918457,88.03115844726562,89.9419937133789,135.9259033203125,12.639291763305664
2017-07-31,215.61412048339844,120.75,127.1396484375,60.41712951660156,88.05587005615234,89.9419937133789,135.3494415283203,12.715380668640137
2017-08-01,216.0946807861328,120.6500015258789,127.38224029541016,60.68959045410156,88.27458190917969,90.26810455322266,135.66136169433594,12.571656227111816
2017-08-02,216.19949340820312,120.4000015258789,125.98965454101562,60.13748550415039,88.19207000732422,90.1266098022461,136.02981567382812,12.59701919555664
2017-08-03,215.78005981445312,120.58999633789062,125.36078643798828,60.01559448242188,88.49745178222656,90.25318145751952,135.5006866455078,12.504023551940918
2017-08-04,216.1732482910156,119.6500015258789,125.97169494628906,60.21635818481445,88.25810241699219,89.9032211303711,135.746337890625,12.52938461303711
2017-08-07,216.57521057128903,119.51000213623048,126.17833709716795,60.15180969238281,88.3075942993164,89.92555236816406,136.60626220703125,12.55474853515625
2017-08-08,216.04217529296875,119.86000061035156,125.78302001953124,59.86500549316406,88.23336029052734,89.49373626708984,136.3700408935547,12.563201904296877
2017-08-09,216.03347778320312,121.30999755859376,124.69586944580078,59.66423416137695,88.34062194824219,89.58306884765625,136.19046020507812,12.647747039794922
2017-08-10,212.98406982421875,122.20999908447266,122.43181610107422,59.23402404785156,88.67076110839844,89.55327606201172,133.27047729492188,12.453295707702637
2017-08-11,213.2986297607422,122.79000091552734,122.61150360107422,58.868350982666016,88.76981353759766,89.71710968017578,134.28163146972656,12.49556827545166
2017-08-14,215.4131317138672,121.91999816894533,124.4712905883789,59.85066223144531,88.55519104003906,89.65751647949219,136.01100158691406,12.385661125183104
2017-08-15,215.3869171142578,120.9800033569336,123.447021484375,59.67142105102539,88.29109191894531,89.55327606201172,136.1054229736328,12.3264799118042
2017-08-16,215.76266479492188,121.87000274658205,123.48298645019533,59.90804672241211,88.45616912841797,89.80643463134766,136.3416748046875,12.292662620544434
2017-08-17,212.3986968994141,122.48999786376952,121.22786712646484,59.53518295288086,88.76981353759766,89.89579010009766,133.5540008544922,12.3264799118042
2017-08-18,212.0666961669922,122.3000030517578,121.21887969970705,58.9328727722168,88.78633117675781,89.8362045288086,133.45948791503906,12.546294212341309
2017-08-21,212.2327117919922,122.76000213623048,121.13803100585938,59.56386184692383,88.84412384033203,89.96280670166016,133.2893829345703,12.394116401672363
2017-08-22,214.45201110839844,122.20999908447266,122.44979095458984,59.39177322387695,88.67076110839844,89.87345886230469,135.3210906982422,12.427932739257812
2017-08-23,213.68310546875,122.66999816894533,122.25212097167967,60.00124740600586,88.97614288330078,90.21595001220705,134.83917236328125,12.537839889526367
2017-08-24,213.1851043701172,122.29000091552734,122.62944793701172,59.8148078918457,88.8358383178711,90.04467010498047,134.44229125976562,12.52938461303711
2017-08-25,213.68310546875,122.73999786376952,122.97985076904295,60.10163497924805,88.98446655273438,90.25318145751952,134.1587371826172,12.504023551940918
2017-08-28,213.69190979003903,124.69000244140624,123.50098419189452,59.64273834228516,89.06703186035156,90.25318145751952,134.5745849609375,12.51247787475586
2017-08-29,213.93649291992188,124.41999816894533,123.52792358398438,59.57819366455078,89.27327728271484,90.32019805908205,135.103759765625,12.51247787475586
2017-08-30,214.9500732421875,124.36000061035156,124.31852722167967,59.91518783569336,89.19900512695312,90.3946762084961,136.69131469726562,12.419478416442873
2017-08-31,216.2432098388672,125.81999969482422,125.5404281616211,60.25938034057617,89.33932495117188,90.55105590820312,138.1560516357422,12.766108512878418
2017-09-01,216.5489654541016,126.05999755859376,126.25017547607422,60.46733474731445,89.07652282714844,90.19268035888672,137.96702575683594,12.783016204833984
2017-09-05,214.99375915527344,127.45999908447266,125.03732299804688,60.30240249633789,89.69644927978516,90.75261688232422,136.72914123535156,12.808379173278809
2017-09-06,215.72764587402344,126.80999755859376,125.29785919189452,60.46017456054688,89.48151397705078,90.43160247802734,137.14491271972656,12.93519401550293
2017-09-07,215.70147705078125,128.1300048828125,124.98341369628906,60.847354888916016,89.86998748779297,90.78248596191406,137.46624755859375,12.926740646362305
2017-09-08,215.4480743408203,127.97000122070312,125.0822525024414,60.89753341674805,89.80391693115234,90.51370239257812,136.2755584716797,12.783016204833984
2017-09-11,217.7460327148437,126.19000244140624,126.39395904541016,61.456825256347656,89.2913818359375,90.2375030517578,137.8441925048828,12.808379173278809
2017-09-12,218.48001098632807,126.55999755859376,127.1666488647461,60.73262405395508,89.07652282714844,90.1404800415039,138.1749267578125,12.842195510864258
2017-09-13,218.5848388671875,125.61000061035156,127.5439682006836,60.57487487792969,88.89457702636719,90.05081939697266,138.3639373779297,12.90137767791748
2017-09-14,218.5149078369141,126.16000366210938,127.42718505859376,61.0767936706543,88.91117858886719,90.27481079101562,137.55130004882812,12.909832954406738
2017-09-15,218.8090667724609,125.52999877929688,127.94828033447266,61.1915283203125,89.01858520507812,90.34944915771484,138.0237579345703,12.969013214111328
2017-09-18,219.27447509765625,124.36000061035156,128.81979370117188,60.8616943359375,88.67137145996094,90.2598648071289,137.84283447265625,12.952103614807127
2017-09-19,219.49395751953125,124.62000274658205,128.81979370117188,60.46017456054688,88.57222747802734,90.31212615966795,138.07965087890625,12.926740646362305
2017-09-20,219.572998046875,123.62000274658205,129.23306274414062,60.29523849487305,88.39861297607422,90.20018768310548,137.65342712402344,13.03664779663086
2017-09-21,218.98468017578125,122.68000030517578,129.09828186035156,60.18050765991211,88.2829360961914,90.20018768310548,136.81056213378906,12.985921859741213
2017-09-22,219.02859497070312,123.23999786376952,129.6463623046875,59.75601959228516,88.43994140625,90.3196029663086,136.67799377441406,13.03664779663086
2017-09-25,218.580795288086,124.52999877929688,129.82606506347656,60.10372543334961,88.70452117919922,90.65554809570312,135.2384796142578,13.256462097167969
2017-09-26,218.71250915527344,123.13999938964844,130.2393798828125,60.20515823364258,88.63008880615234,90.64065551757812,135.5889129638672,13.138100624084473
2017-09-27,219.56423950195312,121.9800033569336,132.7882080078125,59.66183090209961,88.17546081542969,90.28973388671876,136.81056213378906,13.087373733520508
2017-09-28,219.8276824951172,122.20999908447266,133.13946533203125,60.06749725341797,88.15897369384766,90.42412567138672,136.76327514648438,13.087373733520508
2017-09-29,220.600341796875,121.58000183105467,133.4546661376953,60.19063568115234,88.05143737792969,90.50623321533205,137.74815368652344,13.019739151000977
2017-10-02,221.55751037597656,120.7699966430664,135.09381103515625,60.10372543334961,87.95130157470703,90.59082794189452,137.87123107910156,12.909832954406738
2017-10-03,222.03160095214844,120.83000183105467,135.3909912109375,60.01678085327149,88.07549285888672,90.7929916381836,138.16482543945312,12.918285369873049
2017-10-04,222.29502868652344,121.16999816894533,134.95875549316406,60.32107162475586,88.05062103271484,90.74054718017578,138.29747009277344,12.93519401550293
2017-10-05,223.6121368408203,120.5199966430664,135.32798767089844,60.53837585449219,87.9595947265625,90.61328125,139.6517333984375,13.07891845703125
2017-10-06,223.35752868652344,121.08999633789062,135.13880920410156,60.34278869628906,87.85195922851562,90.5384521484375,139.84117126464844,12.876014709472656
2017-10-09,222.9887084960937,122.08000183105467,134.58045959472656,60.48764419555664,87.95130157470703,90.61328125,139.68016052246094,12.884469032287598
2017-10-10,223.57701110839844,122.4000015258789,134.96768188476562,60.66874694824219,87.98443603515625,90.67320251464844,139.78428649902344,13.03664779663086
2017-10-11,223.9282989501953,122.79000091552734,134.86865234375,60.8715934753418,88.0837631225586,90.62828063964844,140.20101928710938,13.062010765075684
2017-10-12,223.5946350097656,122.88999938964844,134.7695770263672,61.26276779174805,88.16651916503906,90.65070343017578,139.94534301757812,13.0451021194458
2017-10-13,223.86685180664065,123.81999969482422,134.5264129638672,61.422142028808594,88.46456146240234,91.010009765625,140.485107421875,13.171916961669922
2017-10-16,224.1653594970703,122.97000122070312,134.40933227539062,61.11788177490234,88.31558227539062,90.88278198242188,140.96812438964844,13.205735206604004
2017-10-17,224.32342529296875,122.12999725341795,134.02210998535156,61.19034957885742,88.28243255615234,90.86776733398438,141.1480712890625,13.188827514648438
2017-10-18,224.5429534912109,121.66999816894533,134.66151428222656,61.1251106262207,88.05888366699219,90.73302459716795,140.9776153564453,13.180373191833496
2017-10-19,224.60438537597656,122.38999938964844,134.454345703125,60.94403076171875,88.14997863769531,90.86776733398438,140.4567413330078,13.12119197845459
2017-10-20,225.7634735107422,121.61000061035156,135.07577514648438,60.59629440307617,87.78571319580078,90.62076568603516,140.83555603027344,13.188827514648438
2017-10-23,224.88540649414065,121.8000030517578,134.06707763671875,60.36451721191406,87.86851501464844,90.71060943603516,139.91690063476562,13.188827514648438
2017-10-24,225.28054809570312,121.33000183105467,134.34629821777344,60.00230026245117,87.6036148071289,90.4860610961914,140.1536865234375,13.3240966796875
2017-10-25,224.1653594970703,121.3499984741211,133.69786071777344,59.82845306396485,87.46284484863281,90.24649047851562,139.6233367919922,13.341005325317385
2017-10-26,224.45510864257807,120.33000183105467,133.97705078125,59.33585739135742,87.34697723388672,90.239013671875,139.17820739746094,13.400186538696287
2017-10-27,226.290283203125,120.9000015258789,134.9047088623047,59.603885650634766,87.62841796875,90.50848388671876,143.2315673828125,13.467822074890137
2017-10-30,225.4473876953125,121.12999725341795,133.48167419433594,59.55318832397461,87.94303131103516,90.8079071044922,143.55355834960938,13.501638412475586
2017-10-31,225.79861450195312,120.66999816894533,134.4273223876953,59.54593276977539,87.88504028320312,90.68065643310548,144.0934295654297,13.535455703735352
2017-11-01,226.0971527099609,121.11000061035156,133.53575134277344,59.83568954467773,87.93810272216797,90.82401275634766,144.0460662841797,13.543910026550291
2017-11-02,226.1849670410156,121.19000244140624,133.93199157714844,60.34278869628906,88.05419158935547,90.80902099609376,143.77137756347656,13.62845516204834
2017-11-03,226.94015502929688,120.62000274658205,133.84194946289062,60.19063568115234,88.19514465332031,90.91410064697266,145.15411376953125,13.712998390197754
2017-11-06,227.29132080078125,121.6500015258789,133.99505615234375,60.59629440307617,88.30292510986328,90.93660736083984,145.64651489257812,13.97508430480957
2017-11-07,227.1332855224609,121.20999908447266,132.39195251464844,61.08891677856445,88.33609008789062,90.86151885986328,145.7317657470703,13.890539169311523
2017-11-08,227.5196075439453,121.62999725341795,132.57205200195312,61.39316177368164,88.22832489013672,90.74143981933594,146.31898498535156,13.865177154541016
2017-11-09,226.69422912597656,122.12999725341795,132.1036834716797,61.45835494995117,88.19514465332031,90.50128936767578,145.5518341064453,13.890539169311523
2017-11-10,226.6239776611328,121.12999725341795,132.00466918945312,61.5235595703125,87.74742889404297,89.9833984375,145.54232788085938,13.865177154541016
2017-11-13,226.8347320556641,121.30999755859376,132.0406494140625,61.83504104614258,87.70600891113281,89.99842071533203,145.72227478027344,13.822904586791992
2017-11-14,226.3079071044922,121.55999755859376,131.68045043945312,61.70464706420898,87.8303451538086,90.02091979980469,145.19195556640625,13.636906623840332
2017-11-15,225.1752319335937,121.41000366210938,131.15809631347656,61.0816764831543,88.1453857421875,90.40372467041016,144.5100860595703,13.619998931884766
2017-11-16,227.08938598632807,121.4000015258789,133.08543395996094,61.58876037597656,87.92154693603516,90.29861450195312,146.3568115234375,13.57772731781006
2017-11-17,226.42202758789065,122.86000061035156,133.69786071777344,61.32073211669922,88.03766632080078,90.41120147705078,145.7980499267578,13.797541618347168
2017-11-20,226.8083648681641,121.30999755859376,134.67047119140625,61.139625549316406,87.89669799804688,90.41120147705078,145.68443298339844,13.687634468078612
2017-11-21,228.29234313964844,121.51000213623048,136.07550048828125,61.59599685668945,87.91323852539062,90.71142578125,147.26602172851562,13.780631065368652
2017-11-22,228.0904083251953,122.62999725341795,135.89529418945312,61.45835494995117,88.19514465332031,91.06420135498048,147.44595336914062,13.856721878051758
2017-11-24,228.6172637939453,122.31999969482422,135.94940185546875,61.53805541992188,88.12053680419922,90.95911407470705,147.98574829101562,13.89899444580078
2017-11-27,228.50311279296875,122.83000183105467,135.53514099121094,61.24828338623047,88.17858123779297,90.90658569335938,147.91944885253906,13.87363052368164
2017-11-28,230.8212127685547,122.80999755859376,137.66957092285156,61.01647186279297,88.19514465332031,91.03417205810548,148.29827880859375,13.81445026397705
2017-11-29,230.68069458007807,122.04000091552734,138.1288604736328,61.03819274902344,87.91323852539062,90.6739273071289,145.71286010742188,13.721452713012695
2017-11-30,232.7003326416016,121.0999984741211,138.3810272216797,61.13238525390625,87.6396255493164,90.56884002685548,146.9345245361328,13.662271499633787
2017-12-01,232.2173767089844,121.58999633789062,137.81373596191406,61.27726745605469,87.96348571777344,90.84874725341795,146.3095245361328,13.780631065368652
2017-12-04,231.9364471435547,121.18000030517578,137.30035400390625,60.97300720214844,87.92195129394531,90.99176788330078,144.62374877929688,13.61154556274414
2017-12-05,231.10223388671875,120.31999969482422,135.931396484375,60.465919494628906,87.98839569091797,91.1648178100586,144.71844482421875,13.61154556274414
2017-12-06,231.14614868164065,120.06999969482422,135.2919464111328,60.40796661376953,88.17111206054688,91.33795166015624,145.37191772460938,13.38327693939209
2017-12-07,231.87496948242188,118.48999786376952,136.23757934570312,60.56009292602539,88.01329803466797,91.15731048583984,145.86436462402344,13.425549507141112
2017-12-08,233.1393585205078,118.4800033569336,136.36366271972656,60.8715934753418,87.94688415527344,91.04444122314452,146.5083465576172,13.49318504333496
2017-12-11,233.8417816162109,118.01000213623048,136.3096466064453,60.86435317993164,87.88874053955078,91.1121597290039,147.64479064941406,13.527000427246094
2017-12-12,234.2544708251953,118.1500015258789,135.8863983154297,61.16134262084961,87.8139877319336,91.04444122314452,147.44595336914062,13.408639907836914
2017-12-13,234.2282257080078,119.16999816894533,136.69691467285156,61.26276779174805,88.17111206054688,91.36048889160156,147.73007202148438,13.34946060180664
2017-12-14,233.27105712890625,118.93000030517578,135.18389892578125,61.24828338623047,88.13787841796875,91.52606201171876,147.62588500976562,13.391731262207031
2017-12-15,235.21359252929688,119.18000030517578,137.11117553710938,61.63222122192383,88.12127685546875,91.65402221679688,149.30210876464844,13.391731262207031
2017-12-18,236.7051696777344,119.7300033569336,138.96653747558594,62.03786087036133,87.92195129394531,91.3830795288086,150.55392456054688,13.45091152191162
2017-12-19,235.79617309570312,119.81999969482422,137.8677520751953,60.719459533691406,87.52336883544922,90.91653442382812,149.66188049316406,13.552366256713867
2017-12-20,235.672592163086,120.13999938964844,138.13790893554688,60.01678085327149,87.26594543457031,90.67568969726562,149.50050354003906,13.62845516204834
2017-12-21,236.1580352783203,120.30999755859376,138.74267578125,59.78433609008789,87.3275146484375,90.9200439453125,149.51943969726562,13.636906623840332
2017-12-22,236.09616088867188,120.94000244140624,138.48960876464844,60.19628143310547,87.36075592041016,90.98789978027344,149.3486785888672,13.696089744567873
2017-12-26,235.813720703125,121.7699966430664,138.57095336914062,60.49790573120117,87.39404296875,91.10858917236328,148.54197692871094,13.89899444580078
2017-12-27,235.9284820556641,122.2300033569336,138.4353485107422,60.69651794433594,87.76828002929688,91.61383056640624,148.5609588623047,13.932811737060549
2017-12-28,236.4139099121093,122.8499984741211,138.97775268554688,61.02018737792969,87.66016387939453,91.55349731445312,148.7412872314453,14.000445365905762
2017-12-29,235.5224609375,123.6500015258789,137.8296356201172,61.04224395751953,87.80160522460938,91.67415618896484,147.82069396972656,14.042719841003418
2018-01-02,237.20822143554688,125.1500015258789,139.13140869140625,60.814212799072266,87.51045989990234,91.0633316040039,150.41159057617188,14.110353469848633
2018-01-03,238.7086181640625,124.81999969482422,139.276123046875,60.63766098022461,87.60198211669922,91.2292251586914,151.873046875,14.194897651672363
2018-01-04,239.7146759033203,125.45999908447266,139.64675903320312,59.59308242797852,87.56037139892578,91.19904327392578,152.1387939453125,14.17798900604248
2018-01-05,241.3121490478516,125.33000183105467,139.93606567382812,59.62249374389648,87.45223999023438,91.1688995361328,153.666748046875,14.127260208129885
2018-01-08,241.75343322753903,125.30999755859376,140.1529998779297,59.93144989013672,87.41062927246094,91.161376953125,154.2646026611328,14.11880874633789
2018-01-09,242.30067443847656,124.7300033569336,139.96316528320312,59.1590690612793,86.99481964111328,90.82952880859376,154.2740936279297,14.21180534362793
2018-01-10,241.929931640625,125.02999877929688,139.98126220703125,58.49699783325195,86.96990966796875,90.88986206054688,153.91346740722656,14.262532234191896
2018-01-11,243.6950836181641,125.44000244140624,142.38597106933594,58.298377990722656,87.02806854248047,91.10858917236328,154.96685791015625,14.254076957702637
2018-01-12,245.2837371826172,126.95999908447266,142.982666015625,57.82756805419922,86.96990966796875,91.1236572265625,156.10572814941406,14.347074508666992
2018-01-16,244.44532775878903,127.16999816894533,141.15647888183594,57.93792724609375,87.01148223876953,91.20659637451172,155.6597137451172,14.279440879821776
2018-01-17,246.7752685546875,126.13999938964844,142.49447631835938,58.34251403808594,86.82015991210938,90.95774841308594,157.3394775390625,14.29634952545166
2018-01-18,246.3606109619141,125.86000061035156,141.5181121826172,57.59218215942383,86.54572296142578,90.60330963134766,157.36793518066406,14.29634952545166
2018-01-19,247.48133850097656,126.41999816894533,143.38046264648438,57.901145935058594,86.32118225097656,90.32423400878906,157.8614501953125,14.27098560333252
2018-01-22,249.4936065673828,126.6500015258789,144.1488800048828,58.43077850341797,86.28787231445312,90.24127960205078,159.5507049560547,14.304803848266602
2018-01-23,250.0231170654297,127.27999877929688,144.60989379882812,59.23998260498047,86.53744506835938,90.6334457397461,160.869873046875,14.406256675720217
2018-01-24,249.926010131836,128.8300018310547,143.71493530273438,58.93100357055664,86.3710708618164,90.57312774658205,159.8258819580078,14.558435440063477
2018-01-25,250.03192138671875,127.97000122070312,143.76922607421875,58.82801818847656,86.56233215332031,91.03316497802734,159.76898193359375,14.47389316558838
2018-01-26,252.92678833007807,128.07000732421875,144.2844696044922,58.62205123901367,86.30455017089844,90.9124984741211,162.21749877929688,14.583797454833984
2018-01-29,251.2499389648437,127.3499984741211,143.47084045410156,57.83493423461914,86.08831024169922,90.67115020751952,161.42977905273438,14.54152774810791
2018-01-30,248.6728057861328,126.8000030517578,142.0966796875,57.4156379699707,85.88868713378906,90.36195373535156,160.10116577148438,14.44007396697998
2018-01-31,248.7964324951172,127.6500015258789,141.35536193847656,58.44550323486328,85.91358947753906,90.550537109375,160.7654571533203,14.456982612609863
2018-02-01,248.5138702392578,128.07000732421875,141.7983856201172,57.18758010864258,85.47045135498047,90.15048217773438,159.3988800048828,14.600707054138184
2018-02-02,243.10386657714844,126.38999938964844,139.0681915283203,56.70207595825195,85.15387725830078,89.68922424316406,156.21961975097656,14.363984107971191
2018-02-05,232.9366149902344,126.70999908447266,133.72528076171875,55.017486572265625,85.85364532470703,89.74217224121094,150.06039428710938,14.228714942932127
2018-02-06,237.52593994140625,125.37999725341795,135.32546997070312,55.024845123291016,85.478759765625,89.56066131591797,154.03688049316406,14.144169807434082
2018-02-07,236.2374420166016,124.79000091552734,135.4611053466797,54.7894401550293,85.2288589477539,89.31111907958984,152.04388427734375,13.983537673950195
2018-02-08,227.3764038085937,124.9800033569336,131.48330688476562,53.21518707275391,85.30384063720703,88.92549896240234,145.6284942626953,13.839814186096191
2018-02-09,230.7919464111328,124.7699966430664,132.68569946289062,54.54666519165039,85.15387725830078,88.6381607055664,148.14334106445312,13.636906623840332
2018-02-12,234.18096923828125,125.37000274658205,133.94227600097656,54.56875991821289,85.12890625,88.6381607055664,150.77218627929688,13.721452713012695
2018-02-13,234.76348876953125,126.08000183105467,134.2315673828125,54.95125961303711,85.27053833007812,88.60789489746094,151.5504150390625,13.74681568145752
2018-02-14,237.93194580078125,128.22999572753906,136.64537048339844,54.55403137207031,84.75401306152344,88.28271484375,154.38800048828125,13.958175659179688
2018-02-15,240.968017578125,128.3800048828125,138.1370086669922,55.083683013916016,84.77901458740234,88.69864654541016,157.25405883789062,13.983537673950195
2018-02-16,241.0385284423828,127.95999908447266,138.62518310546875,55.38531112670898,84.97891998291016,88.96331787109375,156.55178833007812,14.00890064239502
2018-02-20,239.5293426513672,126.23999786376952,137.48609924316406,54.730587005615234,84.88729095458984,88.585205078125,156.86497497558594,14.05117416381836
2018-02-21,238.3378753662109,125.66000366210938,137.63072204589844,53.64921188354492,84.63741302490234,88.10125732421875,156.41888427734375,14.034265518188477
2018-02-22,238.6468200683593,126.3000030517578,137.41375732421875,54.25979232788086,84.75401306152344,88.22222900390625,156.39999389648438,14.161081314086914
2018-02-23,242.45068359375,126.13999938964844,139.20379638671875,55.1278190612793,85.07890319824219,88.63060760498047,159.59812927246094,14.254076957702637
2018-02-26,245.26611328125,126.4499969482422,140.11683654785156,55.28232192993164,85.17890167236328,88.74405670166016,161.71449279785156,14.330167770385742
2018-02-27,242.2035980224609,125.12999725341795,138.1008758544922,53.99496841430664,84.9123306274414,88.35835266113281,159.7120361328125,14.186443328857422
2018-02-28,239.7499847412109,125.0,135.92210388183594,53.95817947387695,85.11223602294922,88.52470397949219,158.6870880126953,14.034265518188477
2018-03-01,236.26388549804688,124.72000122070312,135.56053161621094,54.009674072265625,85.4785385131836,88.43375396728516,156.09625244140625,14.059626579284668
2018-03-02,237.4818572998047,125.38999938964844,137.73020935058594,53.98760223388672,85.16146087646484,88.15313720703125,157.52932739257812,14.059626579284668
2018-03-05,240.2266540527344,125.18000030517578,138.959716796875,54.5981674194336,85.05298614501953,88.1228256225586,159.27548217773438,14.144169807434082
2018-03-06,240.83563232421875,126.52999877929688,140.46035766601562,54.85564422607422,85.04467010498047,88.19864654541016,159.9492645263672,14.194897651672363
2018-03-07,240.7473297119141,125.72000122070312,141.6989288330078,55.194034576416016,85.04467010498047,88.1683349609375,160.31944274902344,14.042719841003418
2018-03-08,241.9123077392578,125.41999816894533,141.4096221923828,55.2970085144043,85.21986389160156,88.3427505493164,161.20201110839844,13.958175659179688
2018-03-09,246.1222381591797,125.54000091552734,143.66973876953125,55.5986213684082,85.03630065917969,88.03180694580078,164.33380126953125,14.09344482421875
2018-03-12,245.8132476806641,125.54000091552734,143.9228057861328,55.841400146484375,85.23656463623047,88.14558410644531,165.2069091796875,14.068081855773926
2018-03-13,244.22467041015625,125.77999877929688,143.25392150878906,55.892879486083984,85.37837982177734,88.15313720703125,162.957763671875,14.025811195373535
2018-03-14,242.97140502929688,125.6999969482422,142.57582092285156,55.94438552856445,85.54529571533203,88.35030364990234,162.9292755126953,14.025811195373535
2018-03-15,242.70660400390625,124.9000015258789,141.86167907714844,55.929649353027344,85.51189422607422,88.44132995605469,162.7869110107422,14.01735496520996
2018-03-16,242.9698181152344,124.5999984741211,142.65721130371094,56.31954956054688,85.4117431640625,88.53987884521484,162.3029022216797,14.068081855773926
2018-03-19,239.6823883056641,124.87000274658205,141.28306579589844,55.83403015136719,85.32829284667969,88.24417114257812,158.83998107910156,13.97508430480957
2018-03-20,240.08999633789065,124.30999755859376,141.24691772460938,55.64276123046875,85.16146087646484,87.93323516845703,159.36279296875,14.068081855773926
2018-03-21,239.62925720214844,126.4800033569336,142.06956481933594,55.23080825805664,85.21986389160156,87.88014221191406,158.66888427734375,14.321714401245115
2018-03-22,233.63912963867188,125.9800033569336,138.95433044433594,54.90715408325195,85.57028198242188,88.03180694580078,154.75257873535156,14.21180534362793
2018-03-23,228.6592559814453,127.61000061035156,135.96412658691406,53.92874526977539,85.68711853027344,87.75125122070312,150.67462158203125,14.338621139526367
2018-03-26,234.91506958007807,128.27999877929688,138.9362030029297,54.54228210449219,85.4534912109375,88.06217193603516,156.2734375,14.347074508666992
2018-03-27,230.9187927246093,127.48999786376952,136.24501037597656,54.75025939941406,85.9374008178711,88.3806381225586,151.21640014648438,14.287894248962402
2018-03-28,230.2364654541016,125.7300033569336,136.19970703125,56.12441253662109,85.92074584960938,88.61573028564453,149.4768524169922,14.228714942932127
2018-03-29,233.1783447265625,125.79000091552734,137.5770263671875,56.05756378173828,86.09596252441406,89.01760864257812,152.21456909179688,14.355531692504885
2018-04-02,228.145263671875,127.26000213623048,134.2243194580078,55.29991912841797,86.18370056152344,88.96968841552734,147.82286071777344,14.161081314086914
2018-04-03,231.0694122314453,126.3000030517578,136.14532470703125,55.76789093017578,85.90790557861328,88.73397064208984,149.4864044189453,14.237170219421388
2018-04-04,233.5416717529297,126.4499969482422,137.87603759765625,56.35466766357422,85.85774230957031,88.73397064208984,151.84378051757812,14.17798900604248
2018-04-05,235.384765625,125.8000030517578,139.0177764892578,56.33237457275391,85.64041900634766,88.76435089111328,152.7087860107422,14.245623588562012
2018-04-06,230.13897705078125,126.38999938964844,136.24501037597656,55.90898895263672,86.01651000976562,89.03054809570312,148.88754272460938,14.144169807434082
2018-04-09,231.27322387695312,126.81999969482422,136.4081573486328,55.730743408203125,86.03326416015625,89.07613372802734,149.93312072753906,14.321714401245115
2018-04-10,234.9505615234375,127.12000274658205,138.98143005371094,55.67130661010742,85.88282775878906,89.09903717041016,153.2411346435547,14.566888809204102
2018-04-11,233.7188415527344,128.11000061035156,139.2805633544922,55.79015350341797,85.96637725830078,89.15985107421875,152.35708618164062,14.676797866821287
2018-04-12,235.6416778564453,126.62000274658205,140.2319793701172,55.16622543334961,85.65716552734375,88.91649627685547,154.1916961669922,14.617616653442385
2018-04-13,234.9505615234375,127.4499969482422,139.49798583984375,55.455902099609375,85.73237609863281,88.94691467285156,153.3931884765625,14.626069068908691
2018-04-16,236.88221740722656,127.62999725341795,140.78468322753906,55.797584533691406,85.69059753417969,88.95450592041016,154.56243896484375,14.57534408569336
2018-04-17,239.4164886474609,127.75,142.31605529785156,56.45124816894531,85.74073791503906,88.96210479736328,157.8893585205078,14.583797454833984
2018-04-18,239.59376525878903,127.8499984741211,142.6966552734375,56.33237457275391,85.40641021728516,88.50580596923828,158.21258544921875,14.854337692260742
2018-04-19,238.2645263671875,127.5999984741211,141.70887756347656,55.515323638916016,85.17243194580078,88.17120361328125,156.75827026367188,14.795159339904783
2018-04-20,236.24429321289065,126.62999725341795,140.94781494140625,55.0028190612793,84.8882827758789,87.81375122070312,154.27723693847656,14.769795417785645
2018-04-23,236.20884704589844,125.62000274658205,140.73941040039062,54.958229064941406,84.80467987060547,87.77572631835938,153.88754272460938,14.761340141296388
2018-04-24,233.0277557373047,126.2300033569336,139.9329071044922,55.16622543334961,84.70438385009766,87.51715850830078,150.6270751953125,14.685251235961914
2018-04-25,233.60372924804688,125.41000366210938,139.7244873046875,55.06222534179688,84.52054595947266,87.24341583251953,150.8076171875,14.710613250732422
2018-04-26,235.9784240722656,124.97000122070312,140.36793518066406,55.78271865844727,84.76288604736328,87.50196075439453,153.9825897216797,14.786704063415527
2018-04-27,236.19998168945312,125.5,140.16851806640625,56.740909576416016,84.9049301147461,87.69969940185547,154.07762145996094,14.77824878692627
2018-04-30,234.38340759277344,124.58999633789062,138.92713928222656,56.51807403564453,84.99690246582031,87.6236801147461,152.9844512939453,14.845884323120115
2018-05-01,234.7999267578125,123.70999908447266,139.6067352294922,57.03060531616211,84.86376190185547,87.3864517211914,154.73348999023438,14.761340141296388
2018-05-02,233.2227020263672,123.6500015258789,140.13229370117188,56.8226203918457,84.88052368164062,87.31781005859375,153.82098388671875,14.761340141296388
2018-05-03,232.70867919921875,124.27999877929688,139.37112426757812,56.78549575805664,85.09822082519531,87.33306121826172,153.80189514160156,14.854337692260742
2018-05-04,235.721435546875,124.54000091552734,141.11093139648438,57.40941619873047,85.10662078857422,87.45511627197266,156.72023010253906,14.955791473388672
2018-05-07,236.5189971923828,124.56999969482422,142.3069610595703,57.795658111572266,85.06468200683594,87.3559341430664,158.02247619628906,14.94733715057373
2018-05-08,236.5189971923828,124.58999633789062,143.01370239257812,57.505977630615234,84.92237854003906,87.32540130615234,157.86090087890625,14.98960781097412
2018-05-09,238.8051605224609,124.33000183105467,143.7839813232422,57.89223098754883,84.72981262207031,87.31021118164062,159.58140563964844,15.124878883361816
2018-05-10,241.0380401611328,125.18000030517578,144.55419921875,58.34531021118164,84.9056396484375,87.75253295898438,161.23536682128906,15.200966835021973
2018-05-11,241.7735748291016,125.0,144.83505249023438,58.14476013183594,84.91400146484375,87.90505981445312,161.08334350585938,15.107969284057615
2018-05-14,241.8887481689453,124.48999786376952,144.28233337402344,57.647098541259766,84.72981262207031,87.74491882324219,161.35899353027344,15.217878341674805
2018-05-15,240.222900390625,122.4800033569336,144.3095245361328,56.71120071411133,84.26085662841797,87.0814208984375,159.5718536376953,15.234784126281738
2018-05-16,241.23306274414065,122.29000091552734,145.81370544433594,56.54036712646485,84.0850601196289,86.96699523925781,160.6270751953125,15.31933307647705
2018-05-17,241.029296875,122.36000061035156,146.4842529296875,56.25809860229492,84.0348129272461,86.79920196533203,160.0091552734375,15.336238861083984
2018-05-18,240.42665100097656,122.41000366210938,146.6745147705078,56.33237457275391,84.36136627197266,87.15764617919922,159.18222045898438,15.344691276550291
2018-05-21,242.23439025878903,122.4800033569336,147.6440887451172,57.000885009765625,84.41996002197266,87.2110366821289,160.07568359375,15.463055610656738
2018-05-22,241.56089782714844,122.41000366210938,146.57484436035156,57.08259582519531,84.38655090332031,87.11955261230469,159.86660766601562,15.479961395263672
2018-05-23,242.2253875732422,122.54000091552734,146.76515197753906,57.65452194213867,84.77167510986328,87.49320983886719,161.21640014648438,15.564505577087402
2018-05-24,241.72927856445312,123.58999633789062,146.81951904296875,57.535682678222656,84.9893569946289,87.73729705810547,161.16883850097656,15.463055610656738
2018-05-25,241.1533050537109,123.20999908447266,146.55670166015625,57.73624038696289,85.32425689697266,87.99658203125,161.3304443359375,15.234784126281738
2018-05-29,238.3798065185547,123.19000244140624,146.35733032226562,58.01105499267578,86.2453842163086,88.46179962158203,160.61753845214844,15.091060638427734
2018-05-30,241.56089782714844,123.37000274658205,148.67703247070312,58.79841232299805,85.87693786621094,88.11862182617188,161.76768493652344,15.285512924194336
2018-05-31,240.08116149902344,123.0999984741211,147.49002075195312,58.59785842895508,85.83509063720703,88.08047485351562,161.6631622314453,15.243241310119627
2018-06-01,242.43814086914065,122.48999786376952,148.45960998535156,58.85783767700195,85.51795196533203,87.91142272949219,164.20115661621094,15.141788482666016
2018-06-04,243.59002685546875,122.37000274658205,149.24790954589844,59.37033081054688,85.21593475341797,87.71250915527344,165.6840362548828,14.96424674987793
2018-06-05,243.767318725586,122.8499984741211,150.172119140625,59.21437072753906,85.43406677246094,87.77368927001953,166.1973876953125,14.98960781097412
2018-06-06,245.80532836914065,122.91999816894533,151.2594757080078,59.35550308227539,85.09004974365234,87.45234680175781,167.1669158935547,15.040335655212402
2018-06-07,245.7787322998047,122.86000061035156,150.4349365234375,59.35550308227539,85.45081329345703,87.74313354492188,165.80760192871094,15.099517822265623
2018-06-08,246.50537109375,123.01000213623048,150.88795471191406,59.57088851928711,85.3333740234375,87.59770202636719,165.817138671875,15.091060638427734
2018-06-11,246.83319091796875,123.2300033569336,151.11448669433594,59.48176193237305,85.24946594238281,87.51358032226562,166.26394653320312,15.08260726928711
2018-06-12,247.1522216796875,122.81999969482422,151.8031768798828,59.83829879760742,85.1991195678711,87.52124786376953,167.13845825195312,15.074151039123535
2018-06-13,246.3635406494141,123.19000244140624,151.20510864257812,58.67214584350586,85.09846496582031,87.43706512451172,167.12893676757812,15.133333206176758
2018-06-14,246.9839324951172,123.37999725341795,152.01161193847656,59.22922897338867,85.36691284179688,87.83489227294922,168.82098388671875,14.96424674987793
2018-06-15,246.6688537597656,121.33999633789062,152.05686950683594,59.192081451416016,85.43406677246094,87.71250915527344,168.2315673828125,14.600707054138184
2018-06-18,246.16140747070312,121.11000061035156,152.77276611328125,59.20857620239258,85.4759750366211,87.62068939208984,168.13442993164062,14.727523803710938
2018-06-19,245.2179718017578,120.8000030517578,152.7818145751953,59.14860534667969,85.70252990722656,87.6666030883789,167.65811157226562,14.57534408569336
2018-06-20,245.6363067626953,120.26000213623048,154.01416015625,59.80830001831055,85.42564392089844,87.17695617675781,168.84886169433594,14.558435440063477
2018-06-21,244.0963592529297,120.0500030517578,152.57339477539062,60.09318923950195,85.65219116210938,87.10812377929688,167.3818817138672,14.448528289794922
2018-06-22,244.5414428710937,120.33999633789062,152.06597900390625,60.56546401977539,85.6689682006836,87.21521759033203,167.01034545898438,14.735976219177246
2018-06-25,241.21250915527344,119.88999938964844,149.58319091796875,60.40804672241211,85.78643798828125,87.1310806274414,163.24755859375,14.566888809204102
2018-06-26,241.74658203125,119.26000213623048,150.45309448242188,60.60294723510742,85.82835388183594,87.4217529296875,163.9143829345703,14.710613250732422
2018-06-27,239.7439117431641,118.58000183105467,148.04273986816406,60.37057495117188,86.1555404663086,87.72016143798828,161.68527221679688,14.786704063415527
2018-06-28,241.1146697998047,118.22000122070312,148.495849609375,60.91032409667969,86.0716781616211,87.60537719726562,163.07608032226562,14.77824878692627
2018-06-29,241.4618225097656,118.6500015258789,148.39613342285156,61.06026077270508,86.00456237792969,87.65129089355469,163.5142822265625,14.94733715057373
2018-07-02,241.9779815673828,117.45999908447266,149.42005920410156,60.7229118347168,85.94573974609375,87.66280364990234,164.60980224609375,14.634526252746582
2018-07-03,241.12353515625,118.6500015258789,150.0157470703125,61.18020248413086,86.16427612304688,87.98511505126953,162.70452880859375,14.617616653442385
2018-07-05,243.0906524658203,119.0500030517578,151.7254180908203,61.90737915039063,86.17266845703125,88.26134490966797,164.72406005859375,14.70215892791748
2018-07-06,245.146728515625,118.86000061035156,153.0076904296875,62.23722457885742,86.248291015625,88.3841323852539,167.28659057617188,14.769795417785645
2018-07-09,247.3540496826172,119.1500015258789,153.97161865234375,61.74245071411133,86.02979278564453,88.44550323486328,168.79173278808594,14.845884323120115
2018-07-10,248.2442169189453,118.93000030517578,153.27137756347656,61.869895935058594,85.96250915527344,88.34577178955078,168.91555786132812,14.812067031860352
2018-07-11,246.4283905029297,117.63999938964844,151.97097778320312,61.6674919128418,86.13904571533203,88.52223205566406,168.05824279785156,14.29634952545166
2018-07-12,248.6625213623047,118.12999725341795,152.7075653076172,61.854888916015625,86.10540771484375,88.71406555175781,170.95411682128906,14.37243938446045
2018-07-13,248.8583831787109,117.61000061035156,152.25283813476562,61.6674919128418,86.248291015625,88.78315734863281,171.09701538085938,14.397804260253906
2018-07-16,248.63580322265625,117.5500030517578,151.66172790527344,61.33760833740234,86.10540771484375,88.63732147216797,170.6873779296875,14.09344482421875
2018-07-17,249.6416473388672,116.27999877929688,152.33470153808594,60.93279266357422,86.05499267578125,88.57595825195312,171.72573852539062,14.110353469848633
2018-07-18,250.16685485839844,116.30999755859376,152.7621612548828,60.66292953491211,85.98773193359375,88.56061553955078,171.40184020996094,14.237170219421388
2018-07-19,249.2232666015625,115.80999755859376,153.84432983398438,61.3751220703125,86.22310638427734,88.6987533569336,170.5445098876953,14.220259666442873
2018-07-20,248.9384765625,116.55999755859376,153.21682739257812,60.78288650512695,85.92049407958984,88.43785095214844,170.50637817382812,14.321714401245115
2018-07-23,249.4013519287109,116.0,153.40777587890625,60.65541458129883,85.50021362304688,88.08482360839844,171.04937744140625,14.37243938446045
2018-07-24,250.65640258789065,116.04000091552734,151.77090454101562,60.34806823730469,85.55905151367188,88.36107635498047,171.75430297851562,14.448528289794922
2018-07-25,252.7925567626953,116.68000030517578,152.3256378173828,60.827857971191406,85.50021362304688,88.47618103027344,174.1549072265625,14.64297866821289
2018-07-26,252.1962890625,115.7699966430664,153.14405822753906,61.03028106689453,85.40775299072266,88.56061553955078,171.51614379882812,14.64297866821289
2018-07-27,250.4872894287109,115.83000183105467,150.2885284423828,60.37805938720703,85.54226684570312,88.67574310302734,169.20132446289062,14.583797454833984
2018-07-30,249.1787872314453,115.6500015258789,149.3245849609375,60.41554260253906,85.43301391601562,88.55292510986328,166.81028747558594,14.668343544006348
2018-07-31,250.4071655273437,115.98999786376952,150.84329223632812,61.42760848999024,85.5506820678711,88.8292007446289,168.0867919921875,14.583797454833984
2018-08-01,249.9887542724609,115.13999938964844,150.7432403564453,61.86238861083984,85.3485107421875,88.51596069335938,168.72503662109375,14.37243938446045
2018-08-02,251.3506622314453,114.5199966430664,151.84364318847656,61.61499786376953,85.44956970214844,88.62369537353516,171.0207977294922,14.456982612609863
2018-08-03,252.4276580810547,114.91999816894533,151.316162109375,62.282203674316406,85.66858673095703,88.90078735351562,171.5447540283203,14.507708549499512
2018-08-06,253.35330200195312,114.33000183105467,152.16192626953125,62.19974136352539,85.71068572998047,88.98541259765625,172.5545196533203,14.533073425292969
2018-08-07,254.18991088867188,114.58999633789062,152.52566528320312,62.08729934692383,85.53382110595703,88.70835876464844,173.18319702148438,14.64297866821289
2018-08-08,254.0831298828125,114.91000366210938,152.38931274414062,61.72744369506836,85.60960388183594,88.56980895996094,173.3927764892578,14.46543788909912
2018-08-09,253.7360382080078,114.73999786376952,152.7803497314453,61.75743103027344,85.84542846679688,88.63910675048828,173.28802490234375,14.406256675720217
2018-08-10,252.0360412597656,114.69000244140624,152.3529052734375,61.2851448059082,86.21601104736328,88.78530883789062,171.96383666992188,14.406256675720217
2018-08-13,251.09249877929688,112.95999908447266,151.46168518066406,61.16521072387695,86.19070434570312,88.76220703125,171.77333068847656,14.330167770385742
2018-08-14,252.6946258544922,113.06999969482422,152.96224975585938,61.46508407592773,86.10650634765625,88.87767791748047,172.84982299804688,14.355531692504885
2018-08-15,250.80764770507807,111.19000244140624,151.04336547851562,61.93735885620117,86.31705474853516,89.0623779296875,170.7350311279297,14.042719841003418
2018-08-16,252.8369903564453,111.0999984741211,152.44381713867188,62.43961715698242,86.29178619384766,89.17780303955078,171.29702758789062,14.152626037597656
2018-08-17,253.72705078125,112.12999725341795,153.0985870361328,63.01688003540039,86.32548522949219,89.25483703613281,171.33514404296875,14.21180534362793
2018-08-20,254.2701416015625,112.69000244140624,153.52606201171875,63.061859130859375,86.59498596191406,89.48570251464844,171.1827850341797,14.237170219421388
2018-08-21,254.86639404296875,113.0199966430664,155.29031372070312,62.67953872680664,86.47705841064453,89.26250457763672,171.8114471435547,14.262532234191896
2018-08-22,254.71514892578125,113.2699966430664,155.67222595214844,62.32719421386719,86.6370620727539,89.25483703613281,172.478271484375,14.46543788909912
2018-08-23,254.3769073486328,112.1999969482422,155.19937133789062,62.16975021362305,86.62867736816406,89.28559112548828,172.23068237304688,14.44007396697998
2018-08-24,255.9077606201172,114.16000366210938,156.04510498046875,62.53709411621094,86.65392303466797,89.46259307861328,173.83096313476562,14.549981117248535
2018-08-27,257.9283447265625,114.58999633789062,156.27244567871094,62.31219482421875,86.4602279663086,89.32405853271484,175.6028594970703,14.600707054138184
2018-08-28,258.0528869628906,113.68000030517578,156.41793823242188,63.15184020996094,86.26649475097656,88.98541259765625,175.8600311279297,14.54152774810791
2018-08-29,259.44146728515625,114.1999969482422,156.87266540527344,63.16683197021485,86.24125671386719,88.89308166503906,177.88906860351562,14.70215892791748
2018-08-30,258.39117431640625,113.63999938964844,156.74533081054688,62.761993408203125,86.40128326416016,88.97769165039062,177.5747833251953,14.676797866821287
2018-08-31,258.4000244140625,113.51000213623048,157.34556579589844,63.009368896484375,86.41812896728516,88.8469009399414,177.8032989501953,14.69370460510254
2018-09-04,257.9550170898437,112.93000030517578,156.6453094482422,62.259742736816406,86.22063446044922,88.68323516845703,177.041259765625,14.60916233062744
2018-09-05,257.2607727050781,113.31999969482422,156.22695922851562,62.61954879760742,86.2122573852539,88.6291732788086,174.7550048828125,14.549981117248535
2018-09-06,256.4864501953125,113.54000091552734,155.17198181152344,62.799461364746094,86.38945007324219,88.87626647949219,173.19271850585938,14.46543788909912
2018-09-07,255.9878387451172,113.2300033569336,155.0902099609375,62.11729049682617,86.00126647949219,88.50567626953125,172.5259552001953,14.499253273010254
2018-09-10,256.43292236328125,113.1500015258789,155.28118896484375,62.394657135009766,86.05186462402344,88.79901885986328,173.1070098876953,14.549981117248535
2018-09-11,257.278564453125,113.22000122070312,155.53582763671875,62.387168884277344,85.73961639404297,88.59834289550781,174.44065856933594,14.69370460510254
2018-09-12,257.34088134765625,114.16999816894533,155.16299438476562,62.41714477539063,85.8409194946289,88.77582550048828,173.92623901367188,14.795159339904783
2018-09-13,258.8629150390625,113.76000213623048,155.19937133789062,62.72450256347656,85.83247375488281,88.96114349365234,175.78379821777344,14.634526252746582
2018-09-14,258.9074401855469,113.0199966430664,155.85411071777344,62.32719421386719,85.672119140625,88.85304260253906,175.2694091796875,14.54152774810791
2018-09-17,257.5367126464844,113.61000061035156,154.1990203857422,62.529579162597656,85.6889877319336,88.79901885986328,172.74497985839844,14.524618148803713
2018-09-18,258.93414306640625,113.44000244140624,154.84469604492188,62.22972106933594,85.33455657958984,88.43618774414062,174.17393493652344,14.65988826751709
2018-09-19,259.2099914550781,113.87999725341795,154.28082275390625,61.5025520324707,85.19110107421875,88.30496978759766,174.04051208496094,14.752886772155762
2018-09-20,261.3106384277344,114.2699966430664,155.7086181640625,62.079811096191406,85.19953155517578,88.53657531738281,175.96481323242188,14.752886772155762
2018-09-21,261.0718994140625,113.48999786376952,154.96290588378906,62.057315826416016,85.2332992553711,88.552001953125,175.00270080566406,14.786704063415527
2018-09-24,260.20458984375,113.47000122070312,154.3899688720703,60.94289779663086,85.14045715332031,88.35127258300781,175.48941040039062,15.006519317626951
2018-09-25,259.96319580078125,113.6500015258789,154.62643432617188,60.95050430297852,85.05607604980469,88.35127258300781,175.72796630859375,15.040335655212402
2018-09-26,259.18536376953125,113.0500030517578,153.21310424804688,60.22072982788086,85.33455657958984,88.66779327392578,175.8520050048828,14.972699165344238
2018-09-27,259.9095764160156,112.0500030517578,153.22222900390625,60.50958633422852,85.33455657958984,88.7835922241211,177.34075927734375,15.040335655212402
2018-09-28,259.9363708496094,112.76000213623048,153.6872100830078,61.330596923828125,85.37677764892578,88.72184753417969,177.30258178710938,15.192513465881348
2018-10-01,260.8395080566406,112.56999969482422,151.6630401611328,60.76046371459961,85.1603012084961,88.5994873046875,177.6652374267578,15.479961395263672
2018-10-02,260.6874389648437,113.87000274658205,150.021728515625,60.62362289428711,85.38011169433594,88.67691040039062,177.26438903808594,15.530689239501951
2018-10-03,260.8304443359375,113.41999816894533,151.3347625732422,59.977481842041016,84.74594116210938,88.15811920166016,177.4552459716797,15.674413681030272
2018-10-04,258.7919311523437,113.4800033569336,149.21017456054688,59.47576141357422,84.526123046875,87.79418182373047,174.04837036132812,15.505324363708496
2018-10-05,257.3434143066406,113.8000030517578,147.86070251464844,59.44535827636719,84.32312774658203,87.45348358154297,171.9202117919922,15.471506118774414
2018-10-08,257.3434143066406,112.54000091552734,147.5507049560547,60.30435180664063,84.35700225830078,87.36053466796875,170.8704833984375,15.429235458374023
2018-10-09,256.9679260253906,112.5999984741211,146.97625732421875,60.387969970703125,84.51764678955078,87.60832977294922,171.42404174804688,15.539144515991213
2018-10-10,248.83151245117188,112.87999725341795,142.75450134277344,59.4909782409668,84.5599136352539,87.36830139160156,163.88482666015625,15.234784126281738
2018-10-11,243.3505706787109,115.77999877929688,140.02816772460938,57.7881965637207,84.90660095214844,87.73222351074219,161.85215759277344,15.006519317626951
2018-10-12,246.73036193847656,115.2300033569336,140.05557250976562,57.63614273071289,84.80510711669922,87.74771118164062,166.3566131591797,15.124878883361816
2018-10-15,245.3444061279297,116.0,140.57528686523438,58.02382659912109,84.85585021972656,87.5851058959961,164.34300231933594,15.158699035644531
2018-10-16,250.7091217041016,115.8000030517578,144.65110778808594,59.2172966003418,84.847412109375,87.80964660644531,169.12411499023438,15.226332664489746
2018-10-17,250.75393676757807,115.79000091552734,144.0310821533203,58.98927307128906,84.60218048095703,87.37604522705078,169.19091796875,15.091060638427734
2018-10-18,247.1327514648437,115.91999816894533,141.3320770263672,58.87522888183594,84.75440979003906,87.37604522705078,165.26866149902344,14.921974182128906
2018-10-19,246.9986267089844,116.01000213623048,139.83665466308594,59.384559631347656,84.65291595458984,87.26763916015625,165.11598205566406,15.006519317626951
2018-10-22,245.889892578125,115.70999908447266,139.53578186035156,58.555965423583984,84.66981506347656,87.15918731689453,165.96530151367188,15.02342700958252
2018-10-23,244.6381072998047,116.38999938964844,138.28660583496094,58.81441879272461,84.88967895507812,87.28312683105469,165.3545379638672,14.69370460510254
2018-10-24,237.2259521484375,116.66000366210938,133.08009338378906,59.36935806274414,85.34632110595703,87.4070053100586,157.78680419921875,14.592252731323242
2018-10-25,241.4818572998047,116.4000015258789,135.96144104003906,60.129512786865234,85.14335632324219,87.29859924316406,163.24549865722656,14.651434898376465
2018-10-26,237.2349395751953,116.7699966430664,134.4751739501953,58.68519592285156,85.5239028930664,87.44573974609375,159.0465087890625,14.761340141296388
2018-10-29,235.9205017089844,116.30999755859376,133.73663330078125,59.43017959594727,85.51543426513672,87.34507751464844,155.773193359375,14.60916233062744
2018-10-30,239.41651916503903,115.8000030517578,136.52679443359375,60.243534088134766,85.32941436767578,87.15148162841797,158.3402557373047,14.533073425292969
2018-10-31,241.9737091064453,115.1500015258789,136.80026245117188,59.53657913208008,85.11800384521484,86.9037094116211,162.06216430664062,14.338621139526367
2018-11-01,244.54872131347656,116.62999725341795,139.95529174804688,59.81784057617188,85.19087982177734,87.16706085205078,164.19981384277344,14.237170219421388
2018-11-02,243.1002197265625,116.6500015258789,140.4202880859375,59.32373046875,84.71632385253906,86.81746673583984,161.6422576904297,14.203351020812988
2018-11-05,244.4413909912109,116.37000274658205,140.31080627441406,60.205528259277344,84.76716613769531,86.97285461425781,161.24148559570312,14.194897651672363
2018-11-06,245.9882049560547,116.04000091552734,141.0038299560547,60.50958633422852,84.67395782470703,87.12039947509766,162.46295166015625,14.13571548461914
2018-11-07,251.2545166015625,116.02999877929688,143.5295867919922,61.23175430297852,84.67395782470703,87.34573364257812,167.55905151367188,14.101899147033691
2018-11-08,250.79855346679688,115.77999877929688,143.14659118652344,61.277381896972656,84.55529022216797,87.08937072753906,166.49020385742188,14.01735496520996
2018-11-09,248.34873962402344,114.4800033569336,140.49319458007812,61.269775390625,84.88580322265625,87.15151977539062,163.6844940185547,13.865177154541016
2018-11-12,243.7082061767578,113.66000366210938,137.71212768554688,61.39139938354492,85.1400146484375,87.14373779296875,158.73162841796875,13.83135986328125
2018-11-13,243.25230407714844,113.6999969482422,137.2744903564453,61.330596923828125,85.20782470703125,87.0272216796875,158.8651123046875,13.45091152191162
2018-11-14,241.58917236328125,114.63999938964844,136.27145385742188,61.178558349609375,85.38582611083984,86.79414367675781,157.65318298339844,13.569272994995115
2018-11-15,244.11062622070312,114.7699966430664,138.2136688232422,60.76046371459961,85.44512176513672,86.6310043334961,160.41116333007812,13.543910026550291
2018-11-16,244.74542236328125,115.62000274658205,138.54196166992188,61.414188385009766,85.70781707763672,86.80194854736328,159.84814453125,13.62845516204834
2018-11-19,240.605712890625,115.66999816894533,135.73350524902344,61.49782943725586,85.83491516113281,86.71646118164062,154.6566619873047,13.62845516204834
2018-11-20,236.15298461914065,115.66999816894533,133.11659240722656,60.86687469482422,85.81793212890625,86.50672149658203,151.88912963867188,13.214189529418944
2018-11-21,236.957763671875,115.86000061035156,134.97666931152344,60.92008590698242,85.8010482788086,86.69313049316406,153.04385375976562,13.3240966796875
2018-11-23,235.3751220703125,115.7699966430664,134.8490753173828,60.798484802246094,85.85185241699219,86.73199462890625,151.93685913085938,12.93519401550293
2018-11-26,239.1750946044922,115.63999938964844,136.59974670410156,60.91249847412109,85.78410339355469,86.77083587646484,155.44874572753906,12.994376182556152
2018-11-27,239.9797821044922,114.9499969482422,135.46913146972656,61.17094421386719,85.8687744140625,86.6620864868164,155.9735565185547,12.943650245666504
2018-11-28,245.50538635253903,115.37999725341795,138.81544494628906,61.71827697753906,85.86035919189453,86.89513397216797,160.99327087402344,12.90137767791748
2018-11-29,244.96896362304688,115.73999786376952,138.44161987304688,61.73347473144531,86.08073425292969,86.64651489257812,160.4684295654297,12.985921859741213
2018-11-30,246.46209716796875,115.54000091552734,139.16195678710938,62.31881332397461,86.25016784667969,86.59214782714844,161.63270568847656,12.926740646362305
2018-12-03,249.72560119628903,116.41000366210938,140.49319458007812,62.65329360961914,86.43864440917969,86.91404724121094,164.45748901367188,13.222644805908203
2018-12-04,241.63389587402344,117.12000274658205,134.51165771484375,61.725860595703125,86.83778381347656,86.92960357666016,158.1494140625,13.231098175048828
2018-12-06,241.2672882080078,117.13999938964844,134.2198486328125,63.25381851196289,87.05860137939453,87.19459533691406,159.26597595214844,13.12119197845459
2018-12-07,235.66123962402344,118.08999633789062,131.32029724121094,62.425235748291016,87.31333923339844,87.20237731933594,154.0076904296875,13.273370742797852
2018-12-10,236.10829162597656,117.68000030517578,130.9373321533203,62.02234649658203,87.36431121826172,87.46736145019531,155.6205596923828,13.062010765075684
2018-12-11,236.1619873046875,117.54000091552734,130.80055236816406,62.0527572631836,87.14350128173828,87.62326049804688,156.13584899902344,13.138100624084473
2018-12-12,237.35107421875,117.79000091552734,132.04974365234375,61.09492492675781,86.90571594238281,87.71676635742188,157.51004028320312,13.095829010009766
2018-12-13,237.2706298828125,117.52999877929688,130.18051147460938,61.44800567626953,86.9566879272461,87.95060729980469,157.55776977539062,13.264915466308594
2018-12-14,232.8894805908203,117.05999755859376,128.2110137939453,61.271087646484375,87.092529296875,87.8570785522461,153.72142028808594,13.062010765075684
2018-12-17,228.3206024169922,117.87000274658205,125.35565948486328,58.963321685791016,87.34727478027344,87.95060729980469,150.23812866210938,12.909832954406738
2018-12-18,228.0702362060547,118.1500015258789,125.2001724243164,59.5710334777832,87.56258392333984,88.26486206054688,151.18292236328125,12.639291763305664
2018-12-19,224.6547088623047,117.43000030517578,122.5927734375,58.91716384887695,87.86898040771484,88.19451904296875,147.47064208984375,12.690018653869627
2018-12-20,220.99777221679688,119.23999786376952,120.57091522216795,58.032527923583984,87.75830841064453,87.90526580810547,145.3329315185547,12.571656227111816
2018-12-21,216.46958923339844,118.72000122070312,117.44205474853516,57.22480392456055,87.83491516113281,87.81925964355469,140.8285369873047,12.461750030517578
2018-12-24,210.74986267089844,120.0199966430664,115.16400146484376,55.186279296875,88.05612182617188,87.615966796875,137.33631896972656,12.323866844177246
2018-12-26,221.39797973632807,119.66000366210938,120.6989974975586,57.032493591308594,87.63919067382812,87.54558563232422,145.91146850585938,12.597920417785645
2018-12-27,223.0977478027344,120.56999969482422,121.20216369628906,57.02481460571289,87.86044311523438,87.54558563232422,146.47613525390625,12.478021621704102
2018-12-28,222.80995178222656,121.05999755859376,121.5498275756836,57.20942687988281,88.33697509765625,87.95994567871094,146.3995361328125,12.375252723693848
2018-12-31,224.7614898681641,121.25,122.50128173828124,57.36326217651367,88.66883087158203,88.20231628417969,147.63417053222656,12.40950870513916
2019-01-02,224.99539184570312,121.33000183105467,123.19657135009766,56.11708068847656,88.85604858398438,88.47594451904297,148.22752380371094,12.443765640258787
2019-01-03,219.6262969970703,122.43000030517578,120.9917221069336,56.5093994140625,89.56230926513672,88.5150375366211,143.38490295410156,12.546536445617676
2019-01-04,226.9828643798828,121.44000244140624,125.5112075805664,57.17097091674805,88.83904266357422,88.4603042602539,149.51953125,12.717820167541504
2019-01-07,228.77249145507807,121.86000061035156,127.70689392089844,57.732513427734375,88.59224700927734,88.46813201904297,151.29962158203125,12.812026023864746
2019-01-08,230.92190551757807,121.52999877929688,129.6647186279297,58.92485809326172,88.37097930908203,88.66358947753906,152.66822814941406,12.9404878616333
2019-01-09,232.0011138916016,122.30999755859376,130.7351531982422,58.84024429321289,88.42205047607422,88.99974822998047,153.9123992919922,13.19741439819336
2019-01-10,232.819580078125,121.58999633789062,131.412109375,59.6402702331543,88.3795166015625,88.76521301269531,154.35260009765625,13.163156509399414
2019-01-11,232.9094696044922,121.8000030517578,131.44873046875,59.80950927734375,88.64325714111328,88.92938995361328,153.7880096435547,13.120336532592772
2019-01-14,231.48849487304688,122.08999633789062,130.14044189453125,59.6094970703125,88.59224700927734,88.69483184814453,152.42897033691406,13.00900173187256
2019-01-15,234.1415405273437,121.87999725341795,131.2383270263672,60.17875289916992,88.50716400146484,88.74955749511719,155.40542602539062,13.111773490905762
2019-01-16,234.70811462402344,122.2699966430664,132.21717834472656,60.601844787597656,88.45606231689453,88.92154693603516,155.3766326904297,13.180285453796388
2019-01-17,236.4888153076172,122.11000061035156,133.4157257080078,60.8941535949707,88.2944107055664,89.10140228271484,156.6016845703125,13.188849449157717
2019-01-18,239.636474609375,121.0199966430664,134.78802490234375,61.101863861083984,88.0135726928711,89.25775146484375,158.15213012695312,13.32587718963623
2019-01-22,236.39889526367188,121.4499969482422,132.65635681152344,60.91723251342773,88.31996154785156,89.40626525878906,154.98428344726562,13.231671333312988
2019-01-23,236.8935394287109,121.27999877929688,132.29042053222656,60.92491912841797,88.27738952636719,89.63299560546875,155.1852264404297,13.214542388916016
2019-01-24,237.01942443847656,121.08999633789062,133.0863494873047,61.13262176513672,88.55823516845703,89.86756134033203,156.19015502929688,13.248798370361328
2019-01-25,239.02493286132807,122.86000061035156,134.79713439941406,61.89419555664063,88.35397338867188,89.94571685791016,158.05641174316406,13.317313194274902
2019-01-28,237.208251953125,123.29000091552734,134.0744171142578,62.50190353393555,88.3795166015625,89.93006896972656,156.1040496826172,13.137465476989746
2019-01-29,236.8935394287109,123.9800033569336,133.754150390625,62.99421310424805,88.63481140136719,90.12550354003906,154.6301727294922,13.265928268432615
2019-01-30,240.6436462402344,124.69000244140624,135.21800231933594,63.50193405151367,88.83904266357422,90.53987884521484,158.56369018554688,13.36013412475586
2019-01-31,242.7571563720703,124.75,136.37069702148438,64.16348266601562,89.24748229980469,91.17313385009766,160.93710327148438,13.291621208190918
2019-02-01,242.87408447265625,124.5,136.48049926757812,63.755767822265625,88.76995086669922,90.95591735839844,160.2576141357422,13.411519050598145
2019-02-04,244.5828552246093,123.95999908447266,138.10902404785156,64.23271942138672,88.5738296508789,90.8304672241211,162.24822998046875,13.420083999633787
2019-02-05,245.6080780029297,124.27999877929688,138.25534057617188,64.60197448730469,88.72725677490234,91.19902801513672,163.683837890625,13.36013412475586
2019-02-06,245.28424072265625,123.44000244140624,138.08151245117188,64.17886352539062,88.7955093383789,91.0264892578125,163.19577026367188,13.377262115478516
2019-02-07,242.9460601806641,123.73999786376952,136.94711303710938,64.70965576171875,89.08544921875,91.01081085205078,161.00408935546875,13.248798370361328
2019-02-08,243.24278259277344,124.20999908447266,137.0934600830078,64.70965576171875,89.20482635498047,91.23819732666016,161.31991577148438,13.265928268432615
2019-02-11,243.3777313232422,123.5999984741211,138.23707580566406,64.88658142089844,89.06840515136719,91.03434753417967,161.1668243408203,13.188849449157717
2019-02-12,246.5074157714844,123.86000061035156,139.96620178222656,64.4788818359375,88.94898223876953,91.15982818603516,163.5498504638672,13.265928268432615
2019-02-13,247.3077545166016,123.37000274658205,140.35958862304688,64.80966186523438,88.72725677490234,90.924560546875,163.6646270751953,13.343005180358888
2019-02-14,246.7592315673828,124.05999755859376,140.6797637939453,65.01737213134766,89.14513397216797,91.0264892578125,163.86563110351562,13.377262115478516
2019-02-15,249.4482269287109,124.8000030517578,142.9212188720703,65.4558334350586,89.05989074707031,91.13624572753906,164.55471801757812,13.62562370300293
2019-02-19,249.8798828125,126.6999969482422,143.31455993652344,65.44044494628906,89.21333312988281,91.19114685058594,164.88014221191406,13.65988063812256
2019-02-20,250.383529663086,126.4800033569336,143.99160766601562,65.0327377319336,89.19627380371094,91.1127700805664,164.85140991210938,13.7027006149292
2019-02-21,249.49319458007807,125.0500030517578,143.442626953125,65.0942611694336,88.93199920654297,90.85399627685548,164.2484893798828,13.745521545410156
2019-02-22,251.04005432128903,125.5,144.68692016601562,65.47891235351562,89.19627380371094,91.26174926757812,165.4639434814453,13.779779434204102
2019-02-25,251.38172912597656,125.37000274658205,144.72348022460938,64.9635009765625,89.05989074707031,91.23033905029295,166.0668487548828,13.57423973083496
2019-02-26,251.20187377929688,125.58000183105467,143.72625732421875,64.76350402832031,89.32421875,91.37152099609376,166.23915100097656,13.634187698364258
2019-02-27,251.0939178466797,124.69000244140624,143.92759704589844,64.44042205810547,89.0086898803711,91.1127700805664,166.13385009765625,13.7027006149292
2019-02-28,250.62632751464844,123.98999786376952,143.4335479736328,64.60963439941406,88.77849578857422,90.9872817993164,165.75108337402344,13.668444633483888
2019-03-01,252.1911773681641,121.87999725341795,144.76925659179688,64.40966033935547,88.48710632324219,90.82838439941406,166.8994903564453,13.514288902282717
2019-03-04,251.27378845214844,121.55999755859376,143.46102905273438,64.70195007324219,88.76052856445312,91.0329132080078,166.92823791503906,13.557109832763672
2019-03-05,250.9321136474609,121.72000122070312,142.7931365966797,64.8788833618164,88.8117904663086,91.06436920166016,167.05264282226562,13.62562370300293
2019-03-06,249.41221618652344,121.61000061035156,139.99362182617188,64.57888793945312,89.0595474243164,91.15090942382812,166.10516357421875,13.548545837402344
2019-03-07,247.3257598876953,121.51000213623048,138.76776123046875,64.44042205810547,89.35861206054688,91.44979858398438,164.066650390625,13.514288902282717
2019-03-08,246.8311767578125,122.83999633789062,138.7310791015625,64.50965118408203,89.48673248291016,91.56781005859376,163.81784057617188,13.505725860595703
2019-03-11,250.4104919433593,122.23999786376952,141.15548706054688,65.4558334350586,89.41837310791016,91.6700668334961,167.22491455078125,13.522852897644045
2019-03-12,251.3548126220703,122.9800033569336,141.2287139892578,65.75582885742188,89.66616821289062,91.92182159423828,168.1436309814453,13.608495712280272
2019-03-13,253.0185546875,123.83999633789062,141.78677368164062,66.07891845703125,89.63199615478516,91.7723388671875,169.40695190429688,13.694136619567873
2019-03-14,252.856674194336,122.41000366210938,141.21043395996094,66.17892456054688,89.50384521484375,91.59141540527344,169.11985778808594,13.634187698364258
2019-03-15,254.10592651367188,122.97000122070312,141.5854949951172,65.9712142944336,89.78575134277344,91.92182159423828,170.68942260742188,13.634187698364258
2019-03-18,255.02731323242188,123.04000091552734,142.4912567138672,65.64044952392578,89.66616821289062,91.87459564208984,171.09591674804688,13.7027006149292
2019-03-19,255.09054565429688,123.37999725341795,141.7685089111328,65.44044494628906,89.6063461303711,91.89031219482422,171.6712188720703,13.736958503723145
2019-03-20,254.3226928710937,124.18000030517578,140.58697509765625,65.64044952392578,90.23007202148438,92.5117416381836,172.35194396972656,13.839728355407717
2019-03-21,257.1952819824219,123.68000030517578,142.43081665039062,66.80970764160156,90.1873016357422,92.68477630615234,175.04620361328125,13.771215438842772
2019-03-22,252.24514770507807,123.97000122070312,137.2479705810547,66.3250961303711,90.85372924804688,93.25113677978516,171.20140075683594,13.65131664276123
2019-03-25,252.05552673339844,124.91999816894533,137.85337829589844,66.40969848632812,91.08441162109376,93.4398956298828,170.87545776367188,13.7027006149292
2019-03-26,253.93429565429688,124.3000030517578,139.302734375,66.94048309326172,91.0075454711914,93.47921752929688,171.6712188720703,13.728395462036133
2019-03-27,252.6063995361328,123.6500015258789,138.76156616210938,66.74815368652344,91.27238464355467,93.60511779785156,170.56863403320312,13.65131664276123
2019-03-28,253.56393432617188,121.9000015258789,139.99989318847656,67.3958740234375,91.2809066772461,93.72307586669922,170.9617156982422,13.608495712280272
2019-03-29,255.162841796875,122.01000213623048,140.4309844970703,67.3338851928711,91.13565063476562,93.65228271484376,172.25611877441406,13.617059707641602
2019-04-01,258.1888427734375,121.52999877929688,141.96292114257812,67.29515838623047,90.50899505615234,93.30354309082033,174.53797912597656,13.745521545410156
2019-04-02,258.3153381347656,121.9800033569336,141.5960235595703,67.76776123046875,90.66311645507812,93.42979431152344,175.19956970214844,13.779779434204102
2019-04-03,258.7217712402344,121.8000030517578,142.32989501953125,67.69029998779297,90.38055419921876,93.2325668334961,176.20626831054688,13.796907424926758
2019-04-04,259.4083251953125,122.11000061035156,143.02706909179688,67.58184051513672,90.47474670410156,93.38246154785156,176.13919067382812,13.805472373962402
2019-04-05,260.6639099121094,121.9800033569336,144.36630249023438,68.05441284179688,90.5175323486328,93.53238677978516,177.05001831054688,13.848292350769045
2019-04-08,260.8627014160156,122.51000213623048,144.12777709960938,67.67477416992188,90.37201690673828,93.39824676513672,177.5006866455078,13.899678230285645
2019-04-09,259.5257568359375,123.1500015258789,142.36654663085938,67.31838989257812,90.53468322753906,93.59546661376952,176.8774871826172,13.87398624420166
2019-04-10,260.41094970703125,123.52999877929688,144.30206298828125,67.9382095336914,90.7486801147461,94.05306243896484,177.82662963867188,13.99388313293457
2019-04-11,260.3386535644531,121.9499969482422,144.11865234375,67.89170837402344,90.54327392578124,93.95841217041016,177.4047393798828,13.925369262695312
2019-04-12,262.1000671386719,121.83000183105467,144.64149475097656,68.21710205078125,90.1237564086914,93.90318298339844,178.17176818847656,13.968191146850586
2019-04-15,261.9284973144531,121.5999984741211,144.1736602783203,67.86846160888672,90.24359130859376,93.7532730102539,178.2005615234375,13.942499160766602
2019-04-16,262.1000671386719,120.51000213623048,144.51307678222656,66.33446502685547,89.93539428710938,93.492919921875,178.81417846679688,13.89111328125
2019-04-17,261.458740234375,120.27999877929688,143.19215393066406,65.73014831542969,89.95256042480469,93.47711944580078,179.43740844726562,13.839728355407717
2019-04-18,261.9736328125,120.37000274658205,142.7701873779297,66.2337417602539,90.16651916503906,93.55603790283205,179.6675567626953,13.882548332214355
2019-04-22,262.19940185546875,120.37000274658205,142.3940887451172,65.50548553466797,90.03816223144531,93.4061279296875,180.1756896972656,13.951064109802246
2019-04-23,264.5570373535156,120.12000274658205,144.5406036376953,66.37318420410156,90.20077514648438,93.79275512695312,182.46717834472656,13.968191146850586
2019-04-24,263.96990966796875,120.47000122070312,144.9900665283203,66.86129760742188,90.54327392578124,94.10833740234376,181.8919219970703,13.916807174682615
2019-04-25,263.807373046875,120.56999969482422,143.78839111328125,66.72183990478516,90.43196868896484,94.06097412109376,182.6302185058593,13.89111328125
2019-04-26,265.0357666015625,121.37000274658205,145.18270874023438,67.2486801147461,90.6716537475586,94.392333984375,182.7931671142578,13.728395462036133
2019-04-29,265.4513854980469,120.83000183105467,145.87986755371094,66.59013366699219,90.48332214355467,94.02153778076172,183.14794921875,13.736958503723145
2019-04-30,265.5868225097656,121.1999969482422,145.20101928710938,67.22541046142578,90.66311645507812,94.06097412109376,181.72889709472656,13.779779434204102
2019-05-01,263.5905456542969,120.4000015258789,143.82501220703125,67.2796630859375,90.62194061279295,94.03089904785156,181.1440277099609,13.736958503723145
2019-05-02,263.0214538574219,119.94000244140624,144.49473571777344,67.3493881225586,90.36457824707033,93.69063568115234,180.3578338623047,13.582802772521973
2019-05-03,265.5957946777344,120.6500015258789,147.25582885742188,67.92269134521484,90.48469543457033,94.11004638671876,183.2342071533203,13.591367721557615
2019-05-06,264.5029296875,120.80999755859376,147.42095947265625,67.70578002929688,90.7162628173828,94.23664855957033,182.1124267578125,13.634187698364258
2019-05-07,260.0857849121094,121.20999908447266,144.50392150878906,66.48165893554688,91.02509307861328,94.22872924804688,178.56494140625,13.462904930114746
2019-05-08,259.7243957519531,120.91000366210938,143.7975616455078,66.41192626953125,90.85354614257812,93.91218566894533,178.11428833007812,13.480032920837402
2019-05-09,258.93853759765625,121.1999969482422,143.27468872070312,66.5823745727539,91.09368133544922,93.99923706054688,177.155517578125,13.411519050598145
2019-05-10,260.23931884765625,121.43000030517578,143.66917419433594,67.29515838623047,91.03369903564452,94.05467224121094,177.3760223388672,13.437211036682127
2019-05-13,253.699462890625,122.66999816894533,139.091796875,67.22541046142578,91.48834228515624,94.11004638671876,171.22055053710938,13.368697166442873
2019-05-14,255.993896484375,122.45999908447266,140.8438262939453,67.47335815429688,91.4025421142578,94.24455261230467,173.09982299804688,13.548545837402344
2019-05-15,257.4932861328125,122.38999938964844,141.302490234375,67.9304428100586,91.69422149658205,94.50572967529295,175.5447235107422,13.668444633483888
2019-05-16,259.8778991699219,121.51000213623048,142.18310546875,68.20162200927734,91.5140609741211,94.3553466796875,177.30885314941406,13.745521545410156
2019-05-17,258.1979064941406,120.6500015258789,140.20172119140625,68.06990814208984,91.55696105957033,94.36324310302734,175.49673461914062,13.617059707641602
2019-05-20,256.4906921386719,120.63999938964844,139.22933959960938,67.08598327636719,91.4025421142578,94.14168548583984,172.5341339111328,13.677008628845217
2019-05-21,258.802978515625,120.36000061035156,141.10067749023438,67.6593017578125,91.29959869384766,94.2208023071289,174.33663940429688,13.685572624206545
2019-05-22,258.0081787109375,120.23999786376952,139.91732788085938,67.8607177734375,91.57412719726562,94.33951568603516,173.56002807617188,13.488595962524414
2019-05-23,254.8556365966797,121.16999816894533,137.0369873046875,68.01567840576172,92.13174438476562,94.54528045654295,170.9041748046875,13.205978393554688
2019-05-24,255.4338531494141,121.3000030517578,138.32122802734375,68.2248764038086,92.1059799194336,94.74310302734376,170.81790161132812,13.385825157165527
2019-05-28,253.05812072753903,120.83000183105467,137.22042846679688,67.55081939697266,92.50914764404295,94.806396484375,170.17550659179688,13.497159957885742
2019-05-29,251.35997009277344,120.87000274658205,136.0738067626953,66.652099609375,92.474853515625,94.84591674804688,168.77565002441406,13.445775985717772
2019-05-30,252.0464324951172,121.69000244140624,135.6977081298828,66.93102264404297,92.80941009521484,95.39192962646484,169.48513793945312,13.308748245239258
2019-05-31,248.6500244140625,123.33000183105467,133.7989044189453,67.31838989257812,93.42707061767578,95.61356353759766,166.78138732910156,12.957615852355955
2019-06-03,248.01776123046875,125.11000061035156,134.26670837402344,67.48109436035156,93.87659454345705,95.90802001953124,163.10926818847656,12.914795875549316
2019-06-04,253.4012908935547,125.1500015258789,137.7433319091797,67.1789321899414,93.53276824951172,95.93975830078124,167.70184326171875,12.991873741149902
2019-06-05,255.59640502929688,125.47000122070312,137.7708282470703,68.58125305175781,93.53276824951172,95.87625885009766,168.9482421875,12.726384162902832
2019-06-06,257.2583923339844,125.87999725341795,137.41307067871094,68.71296691894531,93.51556396484376,96.05877685546876,170.2905731201172,12.949051856994627
2019-06-07,259.8327941894531,126.58999633789062,138.38543701171875,68.9686050415039,93.88516998291016,96.48744201660156,173.57920837402344,12.991873741149902
2019-06-10,261.025146484375,125.33000183105467,139.20184326171875,68.74395751953125,93.42101287841795,96.13816833496094,175.60226440429688,12.957615852355955
2019-06-11,260.9619445800781,125.18000030517578,138.7890625,68.92989349365234,93.42101287841795,96.22547912597656,175.84194946289062,13.043258666992188
2019-06-12,260.50128173828125,125.83000183105467,138.94503784179688,69.16230773925781,93.66170501708984,96.36834716796876,174.8256378173828,12.863411903381348
2019-06-13,261.576171875,126.5999984741211,140.4127197265625,69.45671844482422,93.893798828125,96.61444091796876,175.86114501953125,13.026130676269531
2019-06-14,261.2871398925781,126.55999755859376,139.1834716796875,69.4954605102539,93.96253204345705,96.65408325195312,175.11328125,13.077515602111816
2019-06-17,261.386474609375,126.4800033569336,140.14361572265625,70.23921203613281,93.94532012939452,96.70172882080078,176.16793823242188,13.017566680908203
2019-06-18,264.12353515625,127.12000274658205,141.77294921875,70.16948699951172,94.12584686279295,97.3446807861328,178.7279052734375,13.171722412109377
2019-06-19,264.7196350097656,127.88999938964844,142.27931213378906,70.54910278320312,94.38367462158205,97.96377563476562,179.39907836914062,13.146029472351074
2019-06-20,267.2488098144531,131.11000061035156,142.95126342773438,70.90547943115234,94.53839874267578,98.4955825805664,181.0673675537109,13.411519050598145
2019-06-21,266.8603820800781,131.97999572753906,141.71774291992188,69.90608978271484,94.15159606933594,98.13842010498048,180.7989044189453,13.445775985717772
2019-06-24,266.5336608886719,133.94000244140625,139.99632263183594,69.66590118408203,94.47824096679688,98.3844985961914,180.80465698242188,13.505725860595703
2019-06-25,263.91949462890625,134.1999969482422,139.14022827148438,68.63545989990234,94.62437438964844,98.09075927734376,177.70086669921875,13.548545837402344
2019-06-26,263.6562194824219,132.97000122070312,138.8180389404297,67.2641830444336,94.237548828125,97.89234924316406,178.52728271484375,13.617059707641602
2019-06-27,264.5912170410156,132.83999633789062,141.42315673828125,68.13006591796875,94.52123260498048,98.46385192871094,179.20953369140625,13.617059707641602
2019-06-28,265.9527587890625,133.1999969482422,143.14463806152344,68.36473083496094,94.5641860961914,98.7178192138672,179.44015502929688,13.471467971801758
2019-07-01,268.3671569824219,130.6199951171875,143.69691467285156,68.33345031738281,94.44534301757812,98.90492248535156,181.8616638183593,13.462904930114746
2019-07-02,269.06597900390625,133.41000366210938,142.82237243652344,69.52239990234375,94.78117370605467,99.17555236816406,182.5823211669922,13.240235328674316
2019-07-03,271.21734619140625,133.6300048828125,143.84417724609375,70.35153198242188,94.9620132446289,99.4461898803711,183.9564514160156,13.368697166442873
2019-07-05,270.9087829589844,132.13999938964844,144.23085021972656,70.10121154785156,94.35929107666016,98.57056427001952,183.58169555664065,13.394391059875488
2019-07-08,269.420166015625,131.2899932861328,142.85919189453125,70.35153198242188,94.2645492553711,98.4352798461914,182.2940826416016,13.377262115478516
2019-07-09,269.7558898925781,131.75,143.05250549316406,70.586181640625,94.20426940917967,98.22830963134766,183.20689392089844,13.420083999633787
2019-07-10,271.0448608398437,133.8300018310547,143.30105590820312,70.99295043945312,94.25594329833984,98.45121002197266,185.03268432617188,13.711265563964844
2019-07-11,271.6802978515625,132.6999969482422,142.60147094726562,70.06993103027344,93.7909927368164,97.8700942993164,184.89813232421875,13.719829559326172
2019-07-12,272.896484375,133.52999877929688,143.70616149902344,69.97608184814453,93.89434814453124,97.96562957763672,185.96470642089844,13.754085540771484
2019-07-15,272.9873046875,133.52999877929688,142.95126342773438,69.92131042480469,94.09236907958984,98.13277435302734,186.56051635742188,13.608495712280272
2019-07-16,272.1068420410156,132.39999389648438,142.90524291992188,69.75704193115234,93.88570404052734,97.92581939697266,185.59963989257807,13.462904930114746
2019-07-17,270.2551574707031,134.5800018310547,141.88343811035156,69.52239990234375,94.32479095458984,98.44324493408205,184.68673706054688,13.343005180358888
2019-07-18,271.2445068359375,136.47999572753906,142.4174041748047,69.52239990234375,94.55730438232422,98.674072265625,184.89813232421875,13.248798370361328
2019-07-19,269.73779296875,134.47000122070312,141.5980987548828,68.38819122314453,94.38507080078124,98.52281951904295,183.5432281494141,13.32587718963623
2019-07-22,270.4002990722656,134.4499969482422,141.4691925048828,68.32561492919922,94.42813873291016,98.8252944946289,185.0038299560547,13.28305721282959
2019-07-23,272.333740234375,133.69000244140625,142.4081268310547,69.0999984741211,94.2731475830078,98.88101196289062,186.214584350586,13.368697166442873
2019-07-24,273.6135559082031,134.3699951171875,144.76473999023438,69.15475463867188,94.41094207763672,99.15963745117188,187.5214233398437,13.308748245239258
2019-07-25,272.3065185546875,133.4199981689453,143.01571655273438,68.74800872802734,94.24735260009766,98.84123229980467,185.74375915527344,13.257363319396973
2019-07-26,274.13104248046875,133.63999938964844,144.70948791503906,69.06090545654297,94.23011016845705,98.97657012939452,187.65594482421875,13.274491310119627
2019-07-29,273.6317443847656,134.52999877929688,143.74293518066406,69.24861907958984,94.3162078857422,98.91287231445312,187.01210021972656,13.32587718963623
2019-07-30,272.9600524902344,134.97999572753906,145.2986297607422,69.8039779663086,94.35929107666016,98.88101196289062,186.2049560546875,13.4029541015625
2019-07-31,269.97381591796875,133.2100067138672,144.12037658691406,69.53020477294922,94.60034942626952,98.9686050415039,183.6297302246093,13.317313194274902
2019-08-01,267.6228332519531,136.41000366210938,142.03073120117188,69.53020477294922,95.6733856201172,99.77323150634766,182.7168884277344,12.949051856994627
2019-08-02,265.6078186035156,135.88999938964844,140.4565887451172,69.86656951904297,95.87173461914062,99.87702941894533,180.02638244628906,12.966181755065918
2019-08-05,257.6201171875,137.7899932861328,136.24049377441406,68.4898681640625,96.69977569580078,99.94884490966795,173.6650848388672,12.85484790802002
2019-08-06,261.23272705078125,138.91000366210938,137.49246215820312,69.24861907958984,96.85504150390624,100.57147216796876,176.09616088867188,12.786333084106444
2019-08-07,261.38702392578125,141.02000427246094,137.4556884765625,69.92131042480469,96.85504150390624,100.55550384521484,177.04754638671875,12.623612403869627
2019-08-08,266.5155334472656,141.72999572753906,140.41978454589844,71.14937591552734,96.86369323730467,100.82691955566406,180.9007110595703,12.692127227783203
2019-08-09,264.7001037597656,141.25999450683594,138.65231323242188,71.06333923339844,96.7169952392578,100.53157043457033,179.19996643066406,12.803461074829102
2019-08-12,261.47784423828125,142.6300048828125,136.85726928710938,70.87559509277344,97.32945251464844,101.1621551513672,177.1436309814453,12.70925521850586
2019-08-13,265.5442199707031,141.77999877929688,138.3301544189453,70.97727966308594,96.9844207763672,101.08234405517578,181.02566528320312,13.00900173187256
2019-08-14,257.6925964355469,142.75,134.46383666992188,69.89784240722656,97.6313247680664,101.3777313232422,175.61573791503906,12.812026023864746
2019-08-15,258.3735656738281,143.6999969482422,133.92991638183594,70.59402465820312,98.25237274169922,101.87263488769533,175.4139404296875,12.70925521850586
2019-08-16,262.185791015625,142.77999877929688,136.8204803466797,71.32146453857422,97.99359130859376,102.0561981201172,178.22938537597656,12.700691223144531
2019-08-19,265.3445739746094,141.11000061035156,138.20126342773438,71.83772277832031,97.52779388427734,101.72090911865234,181.06411743164065,12.760640144348145
2019-08-20,263.3114013671875,142.2100067138672,137.2991485595703,71.32929992675781,97.95909118652344,102.3116455078125,179.66116333007812,12.794897079467772
2019-08-21,265.4534912109375,141.75999450683594,138.431396484375,71.62652587890625,97.70035552978516,102.49528503417967,181.2563018798828,12.83771800994873
2019-08-22,265.3717346191406,141.39999389648438,138.10922241210938,71.95504760742188,97.48470306396484,102.1200714111328,180.670150756836,12.777769088745115
2019-08-23,258.5550231933594,144.1699981689453,133.8746795654297,70.94597625732422,98.1402359008789,102.49528503417967,174.95269775390625,12.683564186096191
2019-08-26,261.41424560546875,144.19000244140625,135.34759521484375,71.49354553222656,98.04537963867188,102.50325012207033,177.59521484375,12.674999237060549
2019-08-27,260.3885498046875,145.57000732421875,133.3407745361328,71.29017639160156,98.46796417236328,103.05404663085938,177.220458984375,12.760640144348145
2019-08-28,262.2221374511719,145.16000366210938,134.896484375,71.52482604980469,98.5024871826172,103.05404663085938,177.8546905517578,12.871975898742676
2019-08-29,265.5715637207031,144.1199951171875,137.26231384277344,72.0802001953125,98.31273651123048,102.83052825927734,180.57403564453125,12.906231880187988
2019-08-30,265.4534912109375,143.75,137.0137939453125,72.13495635986328,98.338623046875,102.8145751953125,180.14161682128906,12.700691223144531
2019-09-03,263.9013061523437,145.75,135.0070037841797,72.8545913696289,98.55464935302734,102.71769714355467,178.39276123046875,12.632177352905272
2019-09-04,266.8966979980469,146.66000366210938,136.0931854248047,73.46471405029297,98.71011352539062,102.90982055664062,180.96798706054688,12.931924819946287
2019-09-05,270.3277587890625,143.13999938964844,138.62474060058594,72.93281555175781,97.91529083251952,102.15736389160156,184.2831878662109,12.914795875549316
2019-09-06,270.5364685058594,141.9199981689453,137.9895477294922,73.09707641601562,97.97573852539062,102.5256118774414,184.10055541992188,12.949051856994627
2019-09-09,270.67266845703125,141.38999938964844,139.83984375,72.74507141113281,97.3709487915039,101.77323150634766,183.7162170410156,13.068950653076172
2019-09-10,270.6092529296875,140.17999267578125,141.6256866455078,71.9941635131836,96.66251373291016,100.916748046875,183.18771362304688,13.086079597473145
2019-09-11,272.533447265625,141.02999877929688,144.52542114257812,72.07239532470703,96.56747436523438,100.83673095703124,184.9077606201172,12.991873741149902
2019-09-12,273.47735595703125,141.32000732421875,144.56224060058594,72.45565032958984,96.35143280029295,100.70063018798828,185.67648315429688,12.9404878616333
2019-09-13,273.2958068847656,140.14999389648438,144.8107452392578,71.68128967285156,95.47019958496094,99.79618072509766,185.0134429931641,12.9404878616333
2019-09-16,272.4516906738281,141.32000732421875,145.35389709472656,72.30704498291016,95.88487243652344,100.3004379272461,184.1870880126953,13.514288902282717
2019-09-17,273.1416015625,141.60000610351562,144.9764862060547,73.0892562866211,96.13548278808594,100.55657958984376,185.07107543945312,13.257363319396973
2019-09-18,273.304931640625,140.7100067138672,144.0835723876953,72.83895111083984,96.17002868652344,100.8047103881836,184.9942169189453,13.171722412109377
2019-09-19,273.286865234375,141.27999877929688,143.38392639160156,73.09707641601562,96.21324920654295,101.09286499023438,185.3016967773437,13.240235328674316
2019-09-20,271.99560546875,142.9499969482422,143.08018493652344,73.09707641601562,96.76619720458984,101.78924560546876,183.34146118164065,13.257363319396973
2019-09-23,271.9317321777344,143.75,142.96971130371094,73.2143783569336,96.90441131591795,101.7171630859375,183.4223480224609,13.291621208190918
2019-09-24,269.7980041503906,144.50999450683594,140.81170654296875,73.05196380615234,97.38822174072266,102.03736114501952,180.986328125,13.137465476989746
2019-09-25,271.3937072753906,141.8300018310547,142.3544464111328,73.19387817382812,96.74889373779295,101.46106719970705,183.0179138183593,13.060386657714844
2019-09-26,270.828369140625,141.7899932861328,140.7655487060547,73.80890655517578,96.95628356933594,101.67718505859376,182.34393310546875,13.060386657714844
2019-09-27,269.3693542480469,141.05999755859375,139.63856506347656,73.3989028930664,97.09449005126952,101.701171875,180.0812530517578,13.00900173187256
2019-09-30,270.61871337890625,138.8699951171875,139.8048095703125,73.52507781982422,97.17224884033205,102.03736114501952,181.79513549804688,12.880537986755373
2019-10-01,267.399658203125,139.6300048828125,137.06118774414062,72.8311996459961,97.44134521484376,102.15455627441406,180.3123321533203,12.871975898742676
2019-10-02,262.6762084960937,141.25999450683594,136.0265350341797,72.5237045288086,97.7788314819336,102.11438751220705,177.21197509765625,12.760640144348145
2019-10-03,264.82830810546875,141.89999389648438,136.47923278808594,73.22544860839844,98.289306640625,102.5156707763672,179.1569366455078,12.743513107299805
2019-10-04,268.4119567871094,141.89999389648438,137.77247619628906,73.66697692871094,98.47970581054688,102.94097137451172,181.79513549804688,12.84628200531006
2019-10-07,267.2537536621094,140.69000244140625,137.53231811523438,73.5093002319336,98.1509017944336,102.4193878173828,181.24630737304688,12.829154014587402
2019-10-08,263.104736328125,141.9199981689453,135.29678344726562,73.12293243408203,98.35856628417967,102.33108520507812,178.5310516357422,12.820590019226074
2019-10-09,265.60333251953125,142.0500030517578,135.9156951904297,73.26484680175781,98.10763549804688,102.37120056152344,180.27378845214844,12.85484790802002
2019-10-10,267.399658203125,140.80999755859375,136.4607391357422,73.38311767578125,97.49327850341795,101.769287109375,181.669921875,12.9404878616333
2019-10-11,270.1718444824219,140.02999877929688,138.7701416015625,73.35161590576172,96.82698059082033,101.58475494384766,184.0096893310547,13.094643592834473
2019-10-14,269.8709716796875,140.58999633789062,138.26206970214844,73.38311767578125,97.09525299072266,101.92178344726562,183.9904022216797,13.03469467163086
2019-10-15,272.54278564453125,139.61000061035156,139.8509979248047,73.4777603149414,96.62799072265624,101.64894104003906,186.33010864257807,13.000438690185549
2019-10-16,272.1050109863281,140.41000366210938,139.998779296875,73.4856185913086,96.8183135986328,101.76129150390624,185.8679656982422,13.017566680908203
2019-10-17,272.9075012207031,140.61000061035156,141.6523895263672,73.96659088134766,96.78370666503906,101.90573120117188,186.3590087890625,13.068950653076172
2019-10-18,271.7129821777344,140.4600067138672,140.97804260253906,74.5343017578125,96.8702621459961,102.03412628173828,184.568115234375,13.060386657714844
2019-10-21,273.5549011230469,139.7899932861328,142.29904174804688,75.10199737548828,96.5155029296875,101.80139923095705,186.20497131347656,13.043258666992188
2019-10-22,272.6612854003906,140.1999969482422,142.4560546875,74.88121795654297,96.74044036865234,101.97795867919922,184.72218322753903,13.060386657714844
2019-10-23,273.45465087890625,140.52999877929688,142.63156127929688,75.04680633544922,96.77505493164062,102.03412628173828,185.0784454345703,13.22310733795166
2019-10-24,273.90142822265625,141.52999877929688,142.4283447265625,74.85758972167969,96.75777435302734,102.25881958007812,186.8789825439453,13.291621208190918
2019-10-25,275.02301025390625,141.86000061035156,143.18585205078125,74.21891021728516,96.55008697509766,102.08229064941406,188.3713531494141,13.368697166442873
2019-10-28,276.5732116699219,140.63999938964844,144.42372131347656,73.76948547363281,96.18668365478516,101.7773208618164,190.22967529296875,13.317313194274902
2019-10-29,276.4911804199219,140.25,144.8948211669922,74.21891021728516,96.27322387695312,101.5124969482422,188.7564697265625,13.291621208190918
2019-10-30,277.3392028808594,141.02000427246094,144.4144744873047,74.48699951171875,96.74044036865234,101.87361907958984,189.6711883544922,13.205978393554688
2019-10-31,276.6006774902344,142.42999267578125,143.6015625,74.35295867919922,97.35482788085938,102.49159240722656,189.7579040527344,13.128900527954102
2019-11-01,279.1629943847656,142.55999755859375,146.049560546875,74.3371810913086,97.1710968017578,102.5921401977539,191.48133850097656,13.368697166442873
2019-11-04,280.2846069335937,142.14999389648438,146.83477783203125,73.81678009033203,96.67716979980467,102.10935974121094,192.66567993164065,13.454339981079102
2019-11-05,279.9744873046875,139.85000610351562,147.01953125,72.5631332397461,96.1571807861328,101.52189636230467,192.7716064453125,13.488595962524414
2019-11-06,280.0383605957031,140.4499969482422,146.16964721679688,72.7208023071289,96.4344711303711,102.09325408935548,192.33827209472656,13.343005180358888
2019-11-07,281.023193359375,138.27000427246094,146.55764770507812,71.99541473388672,95.66322326660156,101.2965850830078,192.9834442138672,13.334442138671877
2019-11-08,281.7162170410156,137.38999938964844,146.9548797607422,71.82196044921875,95.5332260131836,101.15979766845705,193.7537078857422,13.368697166442873
2019-11-11,281.17828369140625,137.05999755859375,146.677734375,71.97965240478516,95.63724517822266,101.19197845458984,193.49371337890625,13.28305721282959
2019-11-12,281.7709655761719,137.42999267578125,146.72393798828125,71.43561553955078,95.68055725097656,101.28852081298828,194.0521850585937,13.291621208190918
2019-11-13,281.8621826171875,137.97999572753906,146.0957794189453,72.09002685546875,95.94056701660156,101.52996826171876,194.10031127929688,13.317313194274902
2019-11-14,282.2723693847656,138.55999755859375,146.049560546875,72.64986419677734,96.42583465576172,102.0610580444336,193.9462280273437,13.274491310119627
2019-11-15,284.315185546875,138.2100067138672,146.8070526123047,73.04407501220703,96.34784698486328,102.07716369628906,195.37127685546875,13.343005180358888
2019-11-18,284.52490234375,138.6199951171875,146.43753051757812,73.3989028930664,96.51248168945312,102.18982696533205,195.5253143310547,13.205978393554688
2019-11-19,284.4427795410156,138.69000244140625,146.98257446289062,73.52507781982422,96.69446563720705,102.39098358154295,195.81414794921875,13.086079597473145
2019-11-20,283.385009765625,138.75999450683594,146.4283447265625,73.4856185913086,97.0498046875,102.5358657836914,194.6395263671875,13.257363319396973
2019-11-21,282.9291076660156,138.0,145.707763671875,72.45272827148438,96.80714416503906,102.29444122314452,194.20620727539065,13.377262115478516
2019-11-22,283.5582275390625,137.74000549316406,146.16043090820312,72.18466186523438,96.78982543945312,102.57608032226562,194.3313751220703,13.368697166442873
2019-11-25,285.7558288574219,137.0800018310547,149.26431274414062,72.4133071899414,96.83311462402344,102.93012237548828,196.6326141357422,13.368697166442873
2019-11-26,286.4032592773437,137.74000549316406,149.3659210205078,73.37523651123047,97.01513671875,103.1957015991211,197.00808715820312,13.445775985717772
2019-11-27,287.6799011230469,137.00999450683594,150.4190673828125,73.72216033935547,96.7637939453125,103.18765258789062,198.3849334716797,13.377262115478516
2019-11-29,286.6130065917969,137.86000061035156,149.43984985351562,73.38311767578125,96.68582916259766,102.9783935546875,197.4799041748047,13.111773490905762
2019-12-02,284.1783752441406,137.7899932861328,147.98028564453125,72.27139282226562,96.33869171142578,102.53142547607422,195.4579315185547,13.094643592834473
2019-12-03,282.2723693847656,139.11000061035156,147.5091552734375,72.736572265625,97.1978530883789,103.3221664428711,193.926986694336,13.1032075881958
2019-12-04,284.01422119140625,138.9199981689453,148.52529907226562,73.03619384765625,96.8246841430664,103.18498992919922,194.90907287597656,13.308748245239258
2019-12-05,284.52490234375,139.0,148.67311096191406,73.07563018798828,96.59901428222656,103.07202911376952,195.2942352294922,13.334442138671877
2019-12-06,287.1236877441406,137.6199951171875,150.40980529785156,73.22544860839844,96.30397033691406,103.01557159423828,197.3836364746093,13.420083999633787
2019-12-09,286.22100830078125,137.5800018310547,150.12344360351562,73.36734771728516,96.3820343017578,102.99940490722656,196.4881286621093,13.4029541015625
2019-12-10,285.9017944335937,137.97000122070312,150.21580505371094,72.94158935546875,96.26925659179688,102.99940490722656,196.32452392578125,13.462904930114746
2019-12-11,286.7134094238281,138.9199981689453,150.16961669921875,72.20040893554688,96.66849517822266,103.4028778076172,197.36436462402344,13.4029541015625
2019-12-12,289.1845397949219,138.42999267578125,151.46295166015625,71.22271728515625,95.9047622680664,102.92681884765624,198.83750915527344,13.522852897644045
2019-12-13,289.3578491210937,139.0500030517578,150.88095092773438,71.23846435546875,96.46885681152344,103.59649658203124,199.4922332763672,13.591367721557615
2019-12-16,291.345703125,139.0399932861328,151.9444122314453,71.75099182128906,96.0176010131836,103.3625259399414,201.4949645996093,13.685572624206545
2019-12-17,291.4095153808594,139.00999450683594,152.70468139648438,71.07290649414062,96.02623748779295,103.28182983398438,201.61050415039065,13.745521545410156
2019-12-18,291.4278564453125,139.02000427246094,153.00140380859375,71.93917083740234,95.7659149169922,103.2091827392578,201.7645568847656,13.754085540771484
2019-12-19,292.622314453125,139.3800048828125,153.65965270996094,72.57672119140625,95.84064483642578,103.31111145019533,203.02589416503903,13.81403350830078
2019-12-20,293.9052734375,139.52000427246094,153.88217163085938,72.97518157958984,95.84064483642578,103.27879333496094,203.8443145751953,13.796907424926758
2019-12-23,294.35430908203125,139.9499969482422,154.1881561279297,72.60860443115234,95.7537612915039,103.32733917236328,204.3827514648437,13.80038833618164
2019-12-24,294.36346435546875,141.27000427246094,154.5404510498047,72.79985046386719,95.91887664794922,103.43248748779295,204.4889068603516,13.861297607421877
2019-12-26,295.9303894042969,142.3800048828125,154.5404510498047,73.11864471435547,96.05792236328124,103.61859893798828,206.29331970214844,13.96571445465088
2019-12-27,295.8570251464844,142.3300018310547,153.78018188476562,73.3497543334961,96.19698333740234,103.76417541503906,206.11968994140625,13.99181842803955
2019-12-30,294.2259216308594,142.6300048828125,153.39077758789062,73.42147827148438,96.13611602783205,103.95027923583984,204.768783569336,13.96571445465088
2019-12-31,294.9406433105469,142.89999389648438,153.60398864746094,73.94745635986328,95.78851318359376,103.52146911621094,205.1546630859375,13.878700256347656
2020-01-02,297.698974609375,143.9499969482422,153.70596313476562,73.07878875732422,96.23172760009766,103.73989868164062,208.5802459716797,13.896102905273438
2020-01-03,295.4447937011719,145.86000061035156,153.10337829589844,73.5330581665039,96.8748550415039,104.09587097167967,206.6696014404297,14.061429977416992
2020-01-06,296.5718688964844,147.38999938964844,153.3073272705078,73.62069702148438,96.77053833007812,103.74799346923828,208.0013122558593,14.087532997131348
2020-01-07,295.7380065917969,147.97000122070312,152.79739379882812,72.79985046386719,96.63147735595705,103.48102569580078,207.9722900390625,14.078831672668455
2020-01-08,297.31414794921875,146.86000061035156,153.27024841308594,73.02300262451172,96.40552520751952,103.33541870117188,209.53550720214844,13.869998931884766
2020-01-09,299.330078125,146.02999877929688,153.45565795898438,72.98314666748047,96.4750747680664,103.82891845703124,211.31103515625,13.809089660644531
2020-01-10,298.4687194824219,146.91000366210938,152.8808135986328,73.54100036621094,96.68362426757812,104.1201629638672,210.7706298828125,13.809089660644531
2020-01-13,300.5213928222656,145.82000732421875,153.87295532226562,74.42562103271484,96.57064819335938,103.8693618774414,213.2022399902344,13.704672813415527
2020-01-14,300.0632019042969,145.69000244140625,154.43849182128906,74.14669036865234,96.7618637084961,103.9988021850586,212.3627471923828,13.765582084655762
2020-01-15,300.7413635253906,146.5399932861328,155.18023681640625,74.81610107421875,97.0052261352539,104.22533416748048,212.44960021972656,13.695971488952637
2020-01-16,303.2430725097656,146.30999755859375,157.18289184570312,75.41381072998047,96.80531311035156,104.37095642089844,214.48562622070312,13.678569793701172
2020-01-17,304.1869201660156,146.5800018310547,156.7563934326172,75.48552703857422,96.7270965576172,104.35481262207033,215.5470428466797,13.722076416015623
2020-01-21,303.5911865234375,146.74000549316406,155.4583282470703,76.20277404785156,97.10948944091795,104.85636138916016,215.45054626464844,13.643763542175291
2020-01-22,303.6278991699219,146.7899932861328,155.35638427734375,75.6927490234375,97.12686157226562,104.91297149658205,216.0198669433593,13.461033821105955
2020-01-23,303.9760437011719,147.1199951171875,155.25442504882812,76.33026885986328,97.37019348144533,105.05052185058594,216.714599609375,13.34791660308838
2020-01-24,301.2726745605469,147.97999572753906,153.3444061279297,76.06729888916016,97.71783447265624,105.22850036621094,214.8909149169922,13.147783279418944
2020-01-27,296.4435119628906,148.99000549316406,151.60133361816406,75.70071411132812,98.3783187866211,105.4307632446289,210.4521942138672,12.904146194458008
2020-01-28,299.5500183105469,147.66000366210938,152.86231994628906,76.00354766845703,98.04808044433594,105.37413024902344,213.68472290039065,12.965055465698242
2020-01-29,299.302734375,148.4600067138672,151.9907684326172,75.724609375,98.5173568725586,105.71392059326172,214.0321044921875,12.904146194458008
2020-01-30,300.2740173339844,148.47000122070312,151.9907684326172,75.7803955078125,98.61296844482422,105.77867126464844,214.7943878173828,12.791028022766112
2020-01-31,294.82159423828125,149.3300018310547,148.83837890625,74.8559341430664,99.10832977294922,106.05374908447266,211.38819885253903,12.68661117553711
2020-02-03,297.01177978515625,148.36000061035156,150.4979705810547,75.10299682617188,99.0239486694336,105.97013854980467,214.5821228027344,12.451674461364746
2020-02-04,301.53863525390625,146.42999267578125,152.76959228515625,75.87602233886719,98.4495849609375,105.71063232421876,219.4936370849609,12.469076156616213
2020-02-05,305.020751953125,146.61000061035156,155.1245574951172,75.92383575439453,98.02313995361328,105.6457290649414,220.21734619140625,12.660507202148438
2020-02-06,306.047119140625,147.39999389648438,154.7722930908203,76.17884826660156,98.0927734375,105.5970458984375,222.1182403564453,12.71271514892578
2020-02-07,304.4159851074219,147.7899932861328,152.87159729003906,76.16293334960938,98.56269073486328,106.00259399414062,221.16294860839844,12.643105506896973
2020-02-10,306.6885070800781,148.1699981689453,153.73382568359375,77.0156478881836,98.75416564941406,106.25403594970705,223.8358612060547,12.529986381530762
2020-02-11,307.2199401855469,147.66000366210938,154.80007934570312,77.59739685058594,98.51921081542967,106.09992218017578,223.8744659423828,12.573493957519531
2020-02-12,309.19940185546875,147.5399932861328,155.86631774902344,78.05961608886719,98.266845703125,106.05128479003906,226.05517578125,12.74752140045166
2020-02-13,308.86944580078125,148.3800048828125,156.27427673339844,78.5298080444336,98.35382843017578,105.9782485961914,225.7657470703125,12.756223678588867
2020-02-14,309.3643493652344,149.0,155.67161560058594,79.34268951416016,98.5975112915039,106.23783111572266,226.4122314453125,12.74752140045166
2020-02-18,308.56707763671875,150.91000366210938,155.3378448486328,79.25502014160156,98.75416564941406,106.44061279296876,226.4990692138672,12.843235969543455
2020-02-19,310.0424194335937,151.7899932861328,156.1351776123047,78.18711853027344,98.73675537109376,106.29464721679688,228.6701202392578,12.965055465698242
2020-02-20,308.7686767578125,152.41000366210938,156.51535034179688,79.11954498291016,99.0239486694336,106.65147399902344,226.5473175048828,12.912847518920898
2020-02-21,305.5888366699219,154.6999969482422,154.9298553466797,79.35064697265625,99.42420959472656,106.8623504638672,222.1954498291016,12.860639572143556
2020-02-24,295.45391845703125,156.08999633789062,150.2662353515625,78.26683044433594,100.1987533569336,106.87857055664062,213.62681579589844,12.617000579833984
2020-02-25,286.5010070800781,153.3000030517578,144.92572021484375,76.14698028564453,100.47722625732422,106.9840087890625,207.81790161132807,12.382062911987305
2020-02-26,285.4472045898437,153.97000122070312,143.24754333496094,75.32613372802734,100.4250259399414,106.58660125732422,208.8890075683593,12.260244369506836
2020-02-27,272.6273193359375,154.0,138.20376586914062,71.31757354736328,100.91234588623048,106.0188446044922,198.42909240722656,12.051410675048828
2020-02-28,271.4818420410156,148.3800048828125,135.67254638671875,69.59619903564453,102.04364776611328,107.21112060546876,198.58351135253903,11.84257698059082
2020-03-02,283.2388610839844,149.1999969482422,140.0302734375,72.5687484741211,101.97393035888672,107.10458374023438,208.8311004638672,12.11232089996338
2020-03-03,275.1288757324219,153.88999938964844,137.1746368408203,72.40139770507812,103.1588897705078,108.324462890625,202.134521484375,12.13842487335205
2020-03-04,286.6933898925781,154.16000366210938,141.07797241210938,75.13488006591797,102.9323272705078,108.4789810180664,210.5679626464844,12.147125244140623
2020-03-05,277.1632080078125,157.49000549316406,136.5904541015625,73.52508544921875,103.84719848632812,108.4383316040039,204.1704559326172,12.016605377197266
2020-03-06,272.5814208984375,157.5500030517578,133.88316345214844,72.25794982910156,104.90142059326172,109.19465637207033,200.7256774902344,11.625043869018556
2020-03-09,251.2943572998047,157.80999755859375,120.86571502685548,66.68737030029297,105.84242248535156,106.54346466064452,186.78233337402344,10.720099449157717
2020-03-10,264.297607421875,154.47999572753906,124.63929748535156,69.50483703613281,103.89944458007812,104.14436340332033,196.95278930664065,11.059453964233398
2020-03-11,251.4134521484375,153.92999267578125,116.71200561523438,65.32845306396484,102.8626708984375,100.72061920166016,188.37448120117188,10.85932159423828
2020-03-12,227.3589324951172,147.7899932861328,103.8150634765625,58.71046447753906,102.9149169921875,95.91436004638672,171.10215759277344,10.4242525100708
2020-03-13,246.7950134277344,143.27999877929688,110.7688446044922,63.834571838378906,102.2440414428711,100.07001495361328,185.5955047607422,10.537370681762695
2020-03-16,219.78976440429688,141.63999938964844,96.07321166992188,52.518165588378906,104.94499206542967,98.64683532714844,163.36343383789062,9.90217113494873
2020-03-17,231.6566925048828,143.55999755859375,100.4772720336914,55.55407333374024,102.313720703125,94.60501861572266,175.7531280517578,9.745545387268066
2020-03-18,219.9272003173828,140.6999969482422,92.68904113769533,50.26932907104492,100.89356231689452,89.87189483642578,170.40744018554688,9.423593521118164
2020-03-19,220.39454650878903,138.0399932861328,96.30500793457033,50.4460334777832,101.22463989257812,85.43157958984375,171.4302520751953,9.623726844787598
2020-03-20,210.89683532714844,140.11000061035156,94.014892578125,47.932159423828125,103.8036117553711,86.80598449707031,164.7142791748047,9.519309043884276
2020-03-23,205.50457763671875,146.3000030517578,92.62413787841795,45.70743942260742,105.03211975097656,93.22247314453124,164.83326721191406,9.632427215576172
2020-03-24,224.1239776611328,153.39999389648438,101.09848022460938,49.81957244873047,104.3176498413086,95.13362121582033,177.59750366210938,9.841259956359863
2020-03-25,227.4791259765625,151.3000030517578,102.35498046875,52.502098083496094,104.378662109375,99.68778228759766,176.28237915039062,10.006587028503418
2020-03-26,240.76161193847656,153.24000549316406,108.7213363647461,56.20463562011719,104.63134002685548,99.76910400390624,185.56553649902344,9.97178077697754
2020-03-27,233.59036254882807,152.25,104.76563262939452,56.2608528137207,105.40675354003906,99.56580352783205,179.183349609375,9.936975479125977
2020-03-30,241.17642211914065,152.9199981689453,107.07389068603516,57.48966598510742,105.65070343017578,100.77753448486328,185.7008819580078,9.91087245941162
2020-03-31,237.58157348632807,148.0500030517578,106.53404998779295,56.100223541259766,105.84242248535156,100.44414520263672,184.1150360107422,9.789052963256836
2020-04-01,226.88922119140625,149.4499969482422,99.2741928100586,52.413761138916016,106.27332305908205,98.9847640991211,176.2920684814453,9.510608673095703
2020-04-02,232.1247711181641,151.89999389648438,100.21424102783205,52.59044647216797,106.29074096679688,99.2456283569336,179.86996459960938,9.693337440490724
2020-04-03,228.7696075439453,152.64999389648438,97.3754653930664,51.82744216918945,106.36927795410156,98.73199462890624,177.3170928955078,9.936975479125977
2020-04-06,244.1351928710937,156.8800048828125,104.8307876586914,55.66650390625,105.88949584960938,100.68055725097656,189.994369506836,9.98918342590332
2020-04-07,244.38409423828125,156.0399932861328,105.10071563720705,56.18053817749024,105.41845703125,100.83545684814452,189.91696166992188,10.058795928955078
2020-04-08,252.5877380371093,154.64999389648438,109.89407348632812,60.01157379150391,105.28761291503906,102.65354919433594,193.94932556152344,10.032689094543455
2020-04-09,256.4312744140625,158.69000244140625,115.1528549194336,63.37679672241211,105.51443481445312,107.4800796508789,194.22979736328125,10.058795928955078
2020-04-13,254.0901641845703,161.41000366210938,112.03483581542967,60.71031188964844,105.28761291503906,106.4365005493164,196.32815551757807,10.232823371887209
2020-04-14,261.583984375,162.67999267578125,114.30587768554688,62.41299057006836,105.42718505859376,105.91472625732422,204.8666229248047,10.145807266235352
2020-04-15,256.0258483886719,161.85000610351562,109.6427993774414,59.939300537109375,106.36927795410156,106.6240692138672,202.516830444336,9.936975479125977
2020-04-16,257.2609558105469,161.7100067138672,108.8144073486328,59.256622314453125,106.482666015625,106.0940933227539,206.2107696533203,9.91087245941162
2020-04-17,264.2109375,158.57000732421875,113.60780334472656,61.127960205078125,106.2035140991211,106.44468688964844,208.1834259033203,9.954378128051758
2020-04-20,259.55615234375,159.6999969482422,112.26751708984376,58.85503768920898,106.482666015625,105.84134674072266,205.71763610839844,9.789052963256836
2020-04-21,251.6751403808593,158.61000061035156,109.5869369506836,57.786842346191406,106.77925872802734,105.4662857055664,198.126708984375,9.327879905700684
2020-04-22,257.2609558105469,161.72999572753906,110.91791534423828,58.670318603515625,106.44778442382812,105.53158569335938,204.00601196289065,9.45840072631836
2020-04-23,257.24249267578125,163.33999633789062,112.00690460205078,58.18038558959961,106.51751708984376,105.97996520996094,203.5708923339844,9.432296752929688
2020-04-24,260.8281555175781,162.63999938964844,113.9335708618164,58.42937088012695,106.5437469482422,105.90656280517578,206.78125,9.310476303100586
2020-04-27,264.58892822265625,161.55999755859375,118.4477310180664,60.42921447753906,105.97673797607422,105.0505142211914,208.44451904296875,9.136449813842772
2020-04-28,263.37213134765625,160.83999633789062,120.16960906982422,60.92719268798828,106.43905639648438,105.33588409423828,204.51852416992188,9.145150184631348
2020-04-29,270.266845703125,161.72999572753906,126.0798797607422,61.84275817871094,106.3866958618164,106.0288543701172,211.77099609375,9.310476303100586
2020-04-30,267.75054931640625,158.8000030517578,121.28651428222656,61.127960205078125,106.13372802734376,105.3114013671875,211.6839599609375,9.484502792358398
2020-05-01,260.6622314453125,159.77999877929688,116.4745101928711,59.06385040283203,106.28045654296876,104.89459228515624,205.71763610839844,9.362685203552246
2020-05-04,261.3811950683594,160.33999633789062,116.97713470458984,58.77472305297852,106.29788208007812,105.05803680419922,208.11572265625,9.475802421569824
2020-05-05,263.796142578125,161.02000427246094,117.87995910644533,59.06385040283203,106.21929168701172,104.91909790039062,210.47520446777344,9.719440460205078
2020-05-06,262.0079345703125,158.9499969482422,117.01436614990234,58.00369644165039,105.82634735107422,103.7421646118164,211.77099609375,9.528010368347168
2020-05-07,265.1695251464844,161.38999938964844,118.61526489257812,58.83094024658203,106.47258758544922,104.02001953125,214.4978790283203,9.58892059326172
2020-05-08,269.5571594238281,160.4199981689453,123.19458770751952,60.22843170166016,106.12325286865234,103.521484375,217.4375457763672,9.789052963256836
2020-05-11,269.6123962402344,159.4199981689453,122.58025360107422,59.35299301147461,105.82634735107422,102.61427307128906,219.3811950683593,9.65853214263916
2020-05-12,264.2386474609375,160.0399932861328,118.17779541015624,56.65440368652344,106.17564392089844,103.60321044921876,214.78797912597656,9.580219268798828
2020-05-13,259.5653686523437,161.5800018310547,114.22208404541016,55.281009674072266,106.39395904541016,103.8402328491211,212.09976196289065,9.484502792358398
2020-05-14,262.6716613769531,163.00999450683594,114.59441375732422,55.4737663269043,106.55989074707033,104.69839477539062,214.507553100586,9.649829864501951
2020-05-15,263.87908935546875,163.92999267578125,116.41867065429688,55.25691223144531,106.49002838134766,105.06619262695312,215.90005493164065,9.745545387268066
2020-05-18,271.91680908203125,162.69000244140625,123.49242401123048,58.5257453918457,105.83509063720705,105.6628646850586,219.9226837158203,10.0239896774292
2020-05-19,269.12384033203125,164.25999450683594,121.05382537841795,57.738651275634766,106.1319808959961,105.74459838867188,219.3715057373047,9.997885704040527
2020-05-20,273.69586181640625,164.64999389648438,124.72098541259766,58.25267028808594,106.1581802368164,106.90518951416016,223.75196838378903,10.17191219329834
2020-05-21,271.8061828613281,162.25,124.94439697265624,58.30085372924805,106.22803497314452,106.82344818115234,221.31515502929688,10.128406524658203
2020-05-22,272.3223571777344,163.2100067138672,125.54937744140624,59.08795166015625,106.4289093017578,106.82344818115234,222.0791015625,10.050092697143556
2020-05-26,275.67755126953125,160.88999938964844,129.16998291015625,61.29661560058594,106.14945220947266,106.67633819580078,221.4795684814453,10.15450954437256
2020-05-27,279.77935791015625,161.17999267578125,133.1815643310547,62.51740646362305,106.23677825927734,107.11769104003906,222.6882476806641,10.0239896774292
2020-05-28,279.26318359375,161.72000122070312,130.0262908935547,62.81458282470703,106.14073181152344,107.20755004882812,222.3982086181641,10.07619857788086
2020-05-29,280.507568359375,162.91000366210938,129.2816619873047,62.18812561035156,106.48130798339844,107.90234375,225.65695190429688,10.250225067138672
2020-06-01,281.6412353515625,163.66000366210938,130.51959228515625,63.625762939453125,106.4393539428711,107.85476684570312,226.3338623046875,10.311135292053224
2020-06-02,283.9732666015625,162.60000610351562,131.5992889404297,64.13976287841797,106.2645034790039,108.19891357421876,227.8520355224609,10.4242525100708
2020-06-03,287.7524719238281,159.60000610351562,134.77310180664062,66.19583892822266,105.6351547241211,108.13337707519533,228.8770294189453,10.4242525100708
2020-06-04,286.99664306640625,161.27999877929688,134.5776824951172,65.53727722167969,105.21558380126952,107.80564880371094,227.2718505859375,10.511266708374023
2020-06-05,294.35223388671875,158.00999450683594,139.7805938720703,68.0190200805664,104.6911392211914,108.36278533935548,231.7780303955078,10.720099449157717
2020-06-08,297.9101867675781,159.72000122070312,142.48904418945312,69.70563507080078,104.80476379394533,108.7232894897461,233.5766143798828,10.650487899780272
2020-06-09,295.68878173828125,161.25999450683594,139.8550567626953,68.5490951538086,105.18061065673828,108.49385833740234,235.2688446044922,10.685294151306152
2020-06-10,294.0387878417969,163.57000732421875,136.05755615234375,66.80624389648438,105.96728515625,109.20664978027344,238.0924835205078,10.754905700683594
2020-06-11,277.0878295898437,162.38999938964844,125.6796646118164,62.51740646362305,106.3431625366211,107.9039077758789,226.295166015625,10.40684986114502
2020-06-12,280.4060974121094,162.6199951171875,128.6953125,64.75819396972656,106.107177734375,108.42829895019533,228.09375,10.450358390808104
2020-06-15,283.02398681640625,162.3300018310547,131.67071533203125,65.67381286621094,106.019775390625,109.9686050415039,230.8690490722656,10.546072959899902
2020-06-16,288.4714660644531,162.25,134.8366241455078,66.96687316894531,105.80123901367188,109.66549682617188,234.8336944580078,10.633086204528809
2020-06-17,287.27325439453125,162.55999755859375,132.39918518066406,65.99506378173828,105.96728515625,109.45244598388672,235.57827758789065,10.580877304077148
2020-06-18,287.3837890625,162.24000549316406,132.35247802734375,65.27224731445312,106.2033462524414,109.69825744628906,236.2165069580078,10.6417875289917
2020-06-19,285.74139404296875,164.02999877929688,131.67071533203125,64.32450866699219,106.23827362060548,109.78016662597656,236.1778106689453,10.728800773620604
2020-06-22,287.574462890625,165.08999633789062,132.98751831054688,64.26025390625,106.14212036132812,109.6736831665039,239.0101928710937,10.8419189453125
2020-06-23,288.8984069824219,166.47999572753906,133.54786682128906,63.99522399902344,106.107177734375,109.46882629394533,241.04444885253903,10.789710998535156
2020-06-24,281.5289611816406,165.89999389648438,129.21456909179688,62.17205429077149,106.3082275390625,109.16570281982422,236.07516479492188,10.519968032836914
2020-06-25,284.5472106933594,165.8000030517578,131.1664276123047,62.96613311767578,106.32566833496094,109.28040313720705,238.32241821289065,10.615682601928713
2020-06-26,277.78875732421875,166.5399932861328,127.63628387451172,61.75758743286133,106.61414337158205,109.37873077392578,232.6944274902344,10.485161781311035
2020-06-29,281.8714904785156,166.6300048828125,131.81077575683594,62.94991683959961,106.71907806396484,109.88670349121094,235.2323455810547,10.65919017791748
2020-06-30,285.4821472167969,167.3699951171875,133.7159423828125,63.69611740112305,106.52677154541016,110.19801330566406,239.8432464599609,10.711398124694824
2020-07-01,287.48193359375,166.6199951171875,132.4458770751953,65.16422271728516,106.3604965209961,110.63326263427734,242.6427459716797,10.79841136932373
2020-07-02,289.0650634765625,166.97999572753906,132.98751831054688,64.97767639160156,106.4917221069336,110.9043197631836,244.2894744873047,10.8419189453125
2020-07-06,293.52752685546875,167.97999572753906,133.949462890625,64.94522857666016,106.3342514038086,111.19170379638672,250.29527282714844,10.928933143615724
2020-07-07,290.5001220703125,169.0399932861328,131.5773468017578,63.65556335449219,106.6755142211914,111.33952331542967,248.5709686279297,10.937633514404297
2020-07-08,292.721923828125,170.08999633789062,132.55792236328125,63.56635665893555,106.50923919677734,111.15886688232422,251.8451232910156,11.07685661315918
2020-07-09,291.0555725097656,169.6300048828125,129.87765502929688,63.168907165527344,106.85042572021484,111.78298950195312,253.96649169921875,10.946335792541504
2020-07-10,294.02734375,169.19000244140625,131.96958923339844,63.36358642578125,106.64044189453124,111.57762908935548,255.70046997070312,11.015946388244627
2020-07-13,291.4813537597656,169.39999389648438,130.2978973388672,62.6092414855957,106.75421905517578,111.28206634521484,250.4405212402344,10.902828216552734
2020-07-14,295.2587585449219,170.19000244140625,132.4552001953125,63.13645553588867,106.74542999267578,111.93082427978516,252.21324157714844,10.955037117004396
2020-07-15,297.97137451171875,170.33999633789062,137.31150817871094,63.752906799316406,106.71045684814452,112.15249633789062,252.7266540527344,11.085556983947754
2020-07-16,296.9899597167969,168.72999572753906,136.49900817871094,62.9904670715332,106.7891845703125,112.4645767211914,251.0023803710937,10.99854564666748
2020-07-17,297.8509826660156,170.1199951171875,136.9005889892578,63.8096809387207,106.76296997070312,112.76837921142578,251.29296875,11.015946388244627
2020-07-20,300.2580871582031,170.94000244140625,136.312255859375,63.04725646972656,106.83294677734376,113.08052825927734,258.42242431640625,11.007246017456056
2020-07-21,300.8969116210937,173.0,138.24537658691406,63.20136642456055,106.9466781616211,113.2283172607422,255.7294464111328,11.163869857788086
2020-07-22,302.609619140625,175.6300048828125,138.32012939453125,64.16658020019531,106.98169708251952,113.59786987304688,256.6304016113281,11.233480453491213
2020-07-23,298.9990234375,177.17999267578125,138.4601593017578,63.89890670776367,107.08666229248048,113.6799545288086,249.92713928222656,11.207377433776855
2020-07-24,297.0732727050781,178.6999969482422,136.42425537109375,63.4284553527832,107.03417205810548,113.42536926269533,247.55392456054688,11.224780082702637
2020-07-27,299.2396850585937,182.22999572753903,137.8438262939453,64.0286865234375,106.86793518066406,113.08052825927734,251.9710235595703,11.329197883605955
2020-07-28,297.3418273925781,183.75,136.47096252441406,65.30210876464844,107.1216812133789,112.9655532836914,248.7647705078125,11.26828670501709
2020-07-29,300.9987487792969,185.1300048828125,139.47813415527344,66.56745147705078,107.26163482666016,113.58142852783205,251.63198852539065,11.329197883605955
2020-07-30,299.9249267578125,183.759994506836,138.92710876464844,66.1375503540039,107.41038513183594,113.4582748413086,252.9493865966797,11.198676109313965
2020-07-31,302.2948303222656,185.42999267578125,137.61964416503906,66.01587677001953,107.4366226196289,113.6142349243164,257.46337890625,11.259584426879885
2020-08-03,304.3965148925781,185.63999938964844,139.86099243164062,65.139892578125,107.38406372070312,113.76654052734376,260.9410400390625,11.372702598571776
2020-08-04,305.5722351074219,189.58999633789065,140.82293701171875,66.11322021484375,107.75184631347656,114.18624114990234,261.9096069335937,11.433613777160645
2020-08-05,307.4701232910156,191.3500061035156,143.62461853027344,65.78065490722656,107.392822265625,114.02983856201172,262.5585632324219,11.52932834625244
2020-08-06,309.5254211425781,193.88999938964844,143.56863403320312,65.88611602783203,107.5154266357422,114.51538848876952,266.0361633300781,11.616342544555664
2020-08-07,309.74761962890625,190.8099975585937,145.84735107421875,66.82698822021484,107.28775787353516,114.19442749023438,262.965576171875,11.459716796875
2020-08-10,310.6733703613281,190.1499938964844,147.3602294921875,66.93242645263672,107.1739501953125,113.94757843017578,261.841796875,11.520626068115234
2020-08-11,308.1089782714844,179.94000244140625,146.5104217529297,65.96720886230469,106.80618286132812,113.23160552978516,256.8822021484375,11.337897300720217
2020-08-12,312.4046936035156,179.10000610351562,147.108154296875,66.6323471069336,106.49095153808594,112.95178985595705,263.34326171875,11.459716796875
2020-08-13,311.8398742675781,183.3300018310547,146.7999267578125,65.81311798095703,106.27206420898438,111.93126678466795,263.94390869140625,11.520626068115234
2020-08-14,311.8492126464844,182.5399932861328,146.70652770996094,65.82122802734375,106.3246078491211,111.4375228881836,263.63385009765625,11.520626068115234
2020-08-17,312.83984375,186.5,147.46298217773438,66.35652160644531,106.49971771240234,111.66796112060548,266.6949157714844,11.712056159973145
2020-08-18,313.51568603515625,188.17999267578125,146.0528106689453,66.04022979736328,106.68357849121094,111.98888397216795,269.26190185546875,11.738161087036133
2020-08-19,312.2103576660156,182.2400054931641,146.06210327148438,64.8803482055664,106.54349517822266,111.69264221191406,267.45037841796875,11.70335578918457
2020-08-20,313.1824035644531,183.5,145.46441650390625,65.49678802490234,106.8499755859375,112.08765411376952,271.16046142578125,11.685953140258787
2020-08-21,314.2933349609375,182.02999877929688,144.39047241210938,65.60223388671875,106.92876434326172,112.2934112548828,273.0396423339844,11.572834968566896
2020-08-24,317.4781494140625,181.0,145.9033660888672,66.02400970458984,106.77989196777344,112.09588623046876,274.7445068359375,11.633745193481444
2020-08-25,318.5891418457031,181.22000122070312,146.06210327148438,66.1943359375,106.52601623535156,111.61038208007812,276.9046325683594,11.729458808898926
2020-08-26,321.7831726074219,183.3600006103516,145.14691162109375,65.58601379394531,106.48221588134766,111.6515121459961,282.8135986328125,11.75556468963623
2020-08-27,322.4867553710937,181.2400054931641,145.50180053710938,66.55123901367188,106.105712890625,110.7626953125,281.9320678710937,11.712056159973145
2020-08-28,324.5697937011719,184.38999938964844,146.7345428466797,66.98919677734375,106.28082275390624,111.10013580322266,283.36572265625,11.790369987487791
2020-08-31,323.39404296875,184.8300018310547,145.1562042236328,66.30789184570312,106.39468383789062,111.59390258789062,285.6421203613281,11.781667709350586
2020-09-01,326.44000244140625,185.0500030517578,146.81861877441406,66.35652160644531,106.74337768554688,112.2990493774414,290.52423095703125,11.799071311950684
2020-09-02,331.1615600585937,182.6199951171875,147.98597717285156,67.58943176269531,106.89234924316406,112.74442291259766,293.2751770019531,11.642447471618652
2020-09-03,319.7649230957031,181.13999938964844,143.6152801513672,66.77833557128906,107.03252410888672,112.4969711303711,278.4061279296875,11.538029670715332
2020-09-04,317.1541442871094,181.63999938964844,142.70008850097656,66.42955017089844,106.43671417236328,111.30113983154295,274.69610595703125,11.433613777160645
2020-09-08,308.4884948730469,181.2899932861328,139.95443725585938,65.61844635009766,106.6645278930664,111.40833282470705,261.4931030273437,11.155168533325195
2020-09-09,314.5802917480469,183.0500030517578,142.0743865966797,66.26732635498047,106.6119613647461,111.48252868652344,269.1746826171875,11.259584426879885
2020-09-10,309.1181335449219,182.4600067138672,140.22528076171875,65.45621490478516,106.74337768554688,111.56500244140624,263.8082580566406,11.146467208862305
2020-09-11,309.27545166015625,182.4499969482422,139.29135131835938,65.09122467041016,106.90987396240234,111.64753723144533,261.9774169921875,11.224780082702637
2020-09-14,313.3490295410156,183.88999938964844,142.9616241455078,66.68099975585938,106.81349182128906,111.92790222167967,266.5398864746094,11.233480453491213
2020-09-15,314.9321594238281,183.4499969482422,143.232421875,67.4839859008789,106.76089477539062,112.05164337158205,270.3177490234375,11.294389724731444
2020-09-16,313.68231201171875,183.97000122070312,144.58657836914062,67.84087371826172,106.69956970214844,112.12584686279295,266.0071105957031,11.50322437286377
2020-09-17,310.9234313964844,182.9600067138672,143.5312957763672,66.51879119873047,106.73462677001952,112.15061950683594,261.8515625,11.633745193481444
2020-09-18,307.3438720703125,183.1999969482422,143.15768432617188,65.01824188232422,106.6382293701172,111.94442749023438,258.50958251953125,11.685953140258787
2020-09-21,303.9231872558594,179.52000427246094,138.14266967773438,63.06348037719727,106.8310089111328,111.83721923828124,259.1295166015625,11.398807525634766
2020-09-22,307.0185546875,178.64999389648438,139.207275390625,63.817779541015625,106.8310089111328,111.90319061279295,263.94390869140625,11.346598625183104
2020-09-23,299.8984680175781,174.7899932861328,135.0599822998047,61.895469665527344,106.8310089111328,111.09490203857422,255.884506225586,11.216078758239746
2020-09-24,300.69781494140625,175.44000244140625,135.0599822998047,62.228023529052734,106.88358306884766,110.8144989013672,257.075927734375,11.26828670501709
2020-09-25,305.5591735839844,174.94000244140625,137.25363159179688,63.51131820678711,106.97122955322266,110.69902801513672,263.0527038574219,11.26828670501709
2020-09-28,310.6343078613281,176.6999969482422,140.63787841796875,64.81098175048828,106.95365142822266,111.25985717773438,268.5159912109375,11.364002227783203
2020-09-29,308.942626953125,178.19000244140625,140.00039672851562,64.3450698852539,107.03252410888672,111.11962890625,267.30517578125,11.233480453491213
2020-09-30,311.2850341796875,177.1199951171875,140.4222869873047,64.54124450683594,106.74337768554688,111.10316467285156,269.1358642578125,11.364002227783203
2020-10-01,313.283447265625,178.6999969482422,142.66278076171875,65.83273315429688,106.80387115478516,111.41229248046876,273.4078369140625,11.224780082702637
2020-10-02,310.3089599609375,178.5399932861328,143.29087829589844,66.96887969970703,106.69866943359376,111.42880249023438,265.7165222167969,11.085556983947754
2020-10-05,315.81170654296875,179.41000366210938,147.24693298339844,67.35307312011719,106.02350616455078,111.0568618774414,271.3832702636719,11.372702598571776
2020-10-06,311.3222045898437,177.3000030517578,146.82510375976562,66.91168212890625,106.26904296875,110.9659652709961,266.5398864746094,11.416210174560549
2020-10-07,316.7412414550781,177.22000122070312,150.03121948242188,67.0097885131836,105.96217346191406,110.9990005493164,271.1507568359375,11.459716796875
2020-10-08,319.54833984375,177.85000610351562,151.73741149902344,68.12959289550781,106.15505981445312,111.27176666259766,272.59405517578125,11.572834968566896
2020-10-09,322.4019470214844,181.0800018310547,152.5248565673828,67.85986328125,106.10246276855467,111.52798461914062,276.7593994140625,11.607640266418455
2020-10-12,327.588623046875,180.5599975585937,153.54672241210938,68.17862701416016,106.2164077758789,112.17272186279295,285.3030090332031,11.485820770263672
2020-10-13,325.4508056640625,177.72000122070312,152.5248565673828,67.0097885131836,106.45317840576172,112.06526947021484,285.2933349609375,11.51192569732666
2020-10-14,323.4058532714844,178.27000427246094,151.01553344726562,66.1923828125,106.48826599121094,112.17272186279295,282.9104309082031,11.59023666381836
2020-10-15,323.0061340332031,178.9199981689453,152.57171630859375,66.53569030761719,106.37425231933594,112.05699157714844,281.0118408203125,11.625043869018556
2020-10-16,322.8109130859375,178.3000030517578,152.19676208496094,66.06159973144531,106.31287384033205,111.86691284179688,279.4716491699219,11.54673194885254
2020-10-19,317.90313720703125,178.38999938964844,150.37806701660156,65.03168487548828,106.13748931884766,111.6520004272461,274.9092102050781,11.555432319641112
2020-10-20,319.1765441894531,179.25,150.70619201660156,65.4975814819336,105.9095458984375,111.42057800292967,275.5001220703125,11.685953140258787
2020-10-21,318.5724182128906,180.6000061035156,149.4125213623047,65.30142211914062,105.76927947998048,111.2387466430664,275.2869567871094,11.59023666381836
2020-10-22,320.3198547363281,178.8300018310547,151.99050903320312,65.2932357788086,105.40099334716795,110.9907455444336,275.2772216796875,11.625043869018556
2020-10-23,321.407470703125,178.63999938964844,152.87173461914062,65.68559265136719,105.550048828125,111.27176666259766,275.8197326660156,11.538029670715332
2020-10-26,315.4678039550781,178.5500030517578,149.57188415527344,64.74559783935547,105.83063507080078,111.5032196044922,271.6835021972656,11.372702598571776
2020-10-27,314.3802795410156,179.02000427246094,148.28759765625,63.70750427246094,106.06737518310548,111.95779418945312,273.80487060546875,11.45101547241211
2020-10-28,303.6351623535156,176.1300048828125,143.72213745117188,62.18716430664063,106.05860900878906,111.40406799316406,263.1302185058594,11.146467208862305
2020-10-29,306.7210693359375,175.39999389648438,145.4376678466797,63.02088928222656,105.6114501953125,111.1147003173828,267.7313232421875,11.007246017456056
2020-10-30,303.5235900878906,176.1999969482422,143.51585388183594,62.60403060913086,105.26947021484376,110.53617095947266,260.9410400390625,11.007246017456056
2020-11-02,306.92559814453125,177.91000366210938,146.0751953125,64.09986877441406,105.45020294189452,110.96934509277344,261.52215576171875,11.207377433776855
2020-11-03,312.34454345703125,178.9199981689453,150.21873474121094,65.3341293334961,105.2133560180664,111.0770263671875,266.0458984375,11.276987075805664
2020-11-04,319.32525634765625,178.82000732421875,150.38743591308594,65.44854736328125,106.09945678710938,112.74193572998048,277.9217529296875,11.398807525634766
2020-11-05,325.552978515625,182.92999267578125,154.59666442871094,65.75916290283203,106.0819320678711,113.16436004638672,285.16748046875,11.45101547241211
2020-11-06,325.47869873046875,183.19000244140625,153.3873291015625,65.30958557128906,105.72218322753906,112.8082275390625,285.3805236816406,11.40750789642334
2020-11-09,329.5685729980469,175.0800018310547,158.9464874267578,67.62281799316406,104.94134521484376,111.9551010131836,279.54913330078125,11.54673194885254
2020-11-10,329.0852355957031,175.66000366210938,161.89950561523438,68.61186981201172,104.64303588867188,111.66510772705078,274.5411071777344,11.772967338562012
2020-11-11,331.52984619140625,174.89999389648438,161.83389282226562,68.87342834472656,104.80973052978516,111.87223815917967,280.68243408203125,11.76426601409912
2020-11-12,328.31365966796875,175.9600067138672,159.34954833984375,67.97429656982422,105.40635681152344,112.31952667236328,279.3650817871094,11.668549537658691
2020-11-13,332.8590087890625,177.16000366210938,162.64944458007812,69.78889465332031,105.26593780517578,112.4520263671875,281.81573486328125,11.616342544555664
2020-11-16,337.0139465332031,177.14999389648438,166.5211639404297,70.57359313964844,105.18701934814452,112.81644439697266,284.0146789550781,11.720758438110352
2020-11-17,335.20135498046875,176.5,167.2992706298828,70.63897705078125,105.4589614868164,113.1809310913086,283.11383056640625,11.75556468963623
2020-11-18,331.16729736328125,175.49000549316406,164.95558166503906,69.26575469970703,105.42388153076172,113.421142578125,281.021484375,11.772967338562012
2020-11-19,332.5616149902344,175.16000366210938,166.22120666503906,69.53550720214844,105.53797149658205,114.05068969726562,283.220458984375,11.772967338562012
2020-11-20,330.28424072265625,175.69000244140625,166.39927673339844,69.15951538085938,105.72218322753906,113.95130157470705,281.2830505371094,11.833876609802246
2020-11-23,332.2641296386719,172.22999572753906,169.51170349121094,69.29029846191406,105.51163482666016,114.09207916259766,281.2928466796875,11.868682861328123
2020-11-24,337.6180725097656,169.58999633789062,172.69903564453125,69.65813446044922,105.3449478149414,113.83527374267578,285.24493408203125,12.12102222442627
2020-11-25,337.0976867675781,169.50999450683594,172.10842895507812,69.69898986816406,105.38002014160156,113.90159606933594,286.9982604980469,12.225438117980955
2020-11-27,338.03643798828125,167.7899932861328,172.83966064453125,69.38838958740234,105.69588470458984,114.30745697021484,289.6427307128906,12.199335098266602
2020-11-30,336.5398254394531,166.6699981689453,169.69915771484375,68.66090393066406,105.62567901611328,114.70502471923828,290.233642578125,12.129722595214844
2020-12-01,340.22076416015625,170.17999267578125,171.27410888671875,69.54369354248047,105.06380462646484,114.2701187133789,293.9532775878906,12.094918251037598
2020-12-02,340.9365234375,171.4600067138672,171.4522247314453,68.99604034423828,104.88819885253906,113.88832092285156,294.3311767578125,12.147125244140623
2020-12-03,340.843505859375,172.80999755859375,172.41775512695312,69.57637786865234,105.16917419433594,114.33654022216795,294.74755859375,12.164527893066406
2020-12-04,343.7808532714844,172.32000732421875,176.43011474609375,70.63897705078125,104.75653076171876,113.7057647705078,295.9488220214844,12.216736793518066
2020-12-07,343.0743103027344,174.88999938964844,176.59884643554688,70.02594757080078,105.0813217163086,113.8053207397461,297.6244812011719,12.216736793518066
2020-12-08,344.0782470703125,175.5,178.86753845214844,69.78073120117188,105.18673706054688,113.67257690429688,298.63201904296875,12.234140396118164
2020-12-09,340.9923095703125,172.5,177.56448364257812,69.34748840332031,105.03746795654295,113.25757598876952,291.8705749511719,12.242840766906738
2020-12-10,340.8806457519531,172.1699981689453,179.28004455566406,69.04507446289062,105.27452087402344,113.82196044921876,293.0427551269531,12.425570487976074
2020-12-11,340.48101806640625,172.49000549316406,178.39878845214844,68.97969818115234,105.48524475097656,113.93816375732422,292.3936767578125,12.390765190124512
2020-12-14,338.9566345214844,171.5399932861328,178.60757446289062,68.67723846435547,105.4237289428711,113.85514831542967,294.51513671875,12.425570487976074
2020-12-15,343.5391845703125,173.94000244140625,183.0743560791016,70.0831527709961,105.31841278076172,114.07925415039062,297.6633605957031,12.521285057067873
2020-12-16,344.0782470703125,174.89999389648438,182.41607666015625,70.16490173339844,105.2306137084961,113.9879379272461,299.3003845214844,12.590896606445312
2020-12-17,346.0023193359375,176.74000549316406,184.5884552001953,70.84333801269531,105.1541748046875,114.15425872802734,301.25714111328125,12.738821029663086
2020-12-18,344.6208801269531,176.44000244140625,183.6950836181641,69.42106628417969,105.06631469726562,114.07111358642578,300.3465270996094,12.782325744628906
2020-12-21,343.3885803222656,175.8800048828125,183.60104370117188,69.0287094116211,105.13658142089844,113.84654235839844,299.7846984863281,12.651805877685549
2020-12-22,342.8098449707031,174.49000549316406,185.68869018554688,69.51099395751953,105.31233215332033,114.16259002685548,300.59979248046875,12.512584686279297
2020-12-23,343.1180114746094,175.64999389648438,187.2685394287109,69.0614242553711,105.09268951416016,114.18753814697266,299.08599853515625,12.669208526611328
2020-12-24,344.4527893066406,176.35000610351562,187.14627075195312,69.66606140136719,105.24201202392578,114.57843780517578,300.4057312011719,12.704014778137209
2020-12-28,347.4119567871094,175.7100067138672,186.4503936767578,70.0813217163086,105.25081634521484,114.65328216552734,303.4335021972656,12.625702857971191
2020-12-29,346.74908447265625,176.35000610351562,182.8392944335937,69.48335266113281,105.2332763671875,114.70321655273438,303.70513916015625,12.660507202148438
2020-12-30,347.24383544921875,177.6999969482422,184.70123291015625,69.86539459228516,105.30354309082033,114.8529281616211,303.7148742675781,12.738821029663086
2020-12-31,349.00811767578125,178.36000061035156,184.3721466064453,70.5381088256836,105.37379455566406,114.87782287597656,304.4620666503906,12.791028022766112
2021-01-04,344.2567443847656,182.3300018310547,181.9647521972656,68.24581909179688,105.400146484375,114.29563903808594,300.1630554199219,12.721417427062988
2021-01-05,346.6277770996094,182.8699951171875,184.7764892578125,68.34549713134766,105.1541748046875,113.92974090576172,302.6377258300781,13.078174591064451
2021-01-06,348.7000427246094,179.89999389648438,192.33721923828125,68.4617691040039,104.53927612304688,113.0065689086914,298.4454345703125,13.095576286315918
2021-01-07,353.88092041015625,179.47999572753906,195.7602081298828,68.32888793945312,104.1702880859375,112.98998260498048,305.6654357910156,13.156485557556152
2021-01-08,355.8971862792969,173.33999633789062,195.33702087402344,68.9933090209961,103.8716049194336,112.9067840576172,309.595703125,13.260902404785156
2021-01-11,353.4981689453125,173.0,195.1677398681641,68.0797119140625,103.6695785522461,112.4244155883789,305.1220397949219,13.165186882019045
2021-01-12,353.5728454589844,174.1199951171875,198.666015625,68.23753356933594,103.65199279785156,112.66558837890624,304.63677978515625,13.41752815246582
2021-01-13,354.5249938964844,173.3699951171875,197.24606323242188,69.06806945800781,104.0121612548828,113.53887176513672,306.6940612792969,13.382722854614258
2021-01-14,353.28338623046875,173.27999877929688,201.1862335205078,69.47502899169922,103.77496337890624,113.04814910888672,305.0540771484375,13.504542350769045
2021-01-15,350.70703125,171.1300048828125,198.1864318847656,70.27235412597656,104.05606079101562,113.22282409667967,302.6377258300781,13.3131103515625
2021-01-19,353.4608154296875,172.5800018310547,200.7254638671875,70.07303619384766,104.11756896972656,113.42244720458984,307.0531616210937,13.35661792755127
2021-01-20,358.3522644042969,175.38999938964844,201.609375,71.41019439697266,104.16152954101562,113.38916778564452,314.19549560546875,13.36531925201416
2021-01-21,358.67901611328125,175.27999877929688,199.8602752685547,71.0696792602539,104.0121612548828,112.9400405883789,316.7088623046875,13.35661792755127
2021-01-22,357.409423828125,173.89999389648438,202.1830444335937,71.23577880859375,104.1702880859375,112.85688018798828,315.7967529296875,13.13038158416748
2021-01-25,358.8190002441406,174.0500030517578,201.9855194091797,71.775634765625,104.59193420410156,113.33927917480467,318.4071655273437,13.269603729248049
2021-01-26,358.2589111328125,173.6199951171875,200.5843963623047,72.28226470947266,104.55682373046876,113.33094024658205,318.8729858398437,13.29570770263672
2021-01-27,349.5028686523437,172.52000427246094,196.90744018554688,71.00321960449219,104.67980194091795,113.13133239746094,309.9837951660156,13.260902404785156
2021-01-28,352.5086669921875,172.67999267578125,196.2773895263672,71.3852767944336,104.40748596191406,112.94835662841795,311.8179626464844,13.199993133544922
2021-01-29,345.4516906738281,172.61000061035156,193.30577087402344,70.56304931640625,104.22297668457033,112.77375793457033,305.2578125,13.217394828796388
2021-02-01,351.2017822265625,174.22999572753906,198.05470275878903,72.17428588867188,104.35310363769533,112.99624633789062,312.88543701171875,13.469735145568848
2021-02-02,356.1678771972656,172.11000061035156,200.8759002685547,72.60617065429688,104.0893783569336,112.69625854492188,317.9898376464844,13.574152946472168
2021-02-03,356.44793701171875,171.85000610351562,201.47775268554688,72.4234619140625,103.83441925048828,112.42958068847656,316.7283630371094,13.669867515563965
2021-02-04,360.4992065429688,168.14999389648438,205.5872802734375,72.92179107666016,103.7992935180664,112.62122344970705,320.47412109375,13.739479064941406
2021-02-05,361.9181213378906,169.80999755859375,208.4365997314453,73.17925262451172,103.57952880859376,112.32120513916016,321.5610656738281,13.809089660644531
2021-02-08,364.5318603515625,171.52000427246094,213.7592315673828,73.57791900634766,103.62345886230467,112.8045654296875,323.7154235839844,14.02662467956543
2021-02-09,364.2890930175781,172.0800018310547,214.7654266357422,73.83538818359375,103.70257568359376,112.62958526611328,323.64752197265625,14.078831672668455
2021-02-10,364.1304931640625,172.7100067138672,213.35484313964844,74.23404693603516,103.96629333496094,112.8962173461914,322.9099426269531,14.052727699279783
2021-02-11,364.7185668945313,171.2100067138672,213.1103057861328,74.39186096191406,103.8872528076172,112.5962142944336,324.68585205078125,14.02662467956543
2021-02-12,366.5201416015625,170.69000244140625,213.7121734619141,74.4084701538086,103.54436492919922,112.22956085205078,326.5005798339844,14.200651168823242
2021-02-16,366.2026977539063,168.24000549316406,212.367431640625,73.83538818359375,102.79717254638672,111.4379425048828,325.61749267578125,14.392082214355469
2021-02-17,366.2868041992188,166.3300018310547,210.7029571533203,73.74402618408203,102.8674774169922,111.99625396728516,324.0550537109375,14.435589790344238
2021-02-18,364.7279357910156,166.32000732421875,207.43980407714844,73.42842864990234,102.85869598388672,111.7795867919922,322.63824462890625,14.383381843566896
2021-02-19,364.0838317871094,167.00999450683594,211.7655792236328,73.85200500488281,102.44551849365234,110.97128295898438,321.23101806640625,14.374679565429688
2021-02-22,361.2833557128906,169.50999450683594,210.39260864257807,74.46659851074219,102.27848052978516,110.2796401977539,312.9048156738281,14.696629524230955
2021-02-23,361.7220153808594,169.1199951171875,208.5400390625,74.93170928955078,102.3576202392578,110.36300659179688,311.9732971191406,14.766240119934082
2021-02-24,365.7080078125,169.0,213.46766662597656,75.5047836303711,102.2169952392578,110.52962493896484,314.5448608398437,14.992475509643556
2021-02-25,356.8960266113281,165.82000732421875,205.5778350830078,74.05963897705078,100.85446166992188,108.7796630859375,303.5789794921875,14.870656967163086
2021-02-26,355.0570373535156,161.80999755859375,205.2957000732422,72.97993469238281,101.75984954833984,110.2213134765625,304.8503112792969,14.55740737915039
2021-03-01,363.6636657714844,161.52999877929688,212.59312438964844,73.30384826660156,101.6455307006836,110.32906341552734,314.0208435058594,14.435589790344238
2021-03-02,360.8259582519531,162.41000366210938,208.50244140625,72.59788513183594,101.8302230834961,110.20374298095705,308.9842529296875,14.496499061584473
2021-03-03,356.046630859375,160.6199951171875,206.2455139160156,72.1825942993164,101.28490447998048,109.38548278808594,300.0175476074219,14.58351230621338
2021-03-04,351.6405639648437,159.0399932861328,200.48092651367188,71.36035919189453,100.78352355957033,108.49202728271484,295.10723876953125,14.809747695922852
2021-03-05,358.109619140625,159.13999938964844,204.73147583007807,72.14108276367188,100.64279174804688,108.3500747680664,299.5516967773437,15.114296913146973
2021-03-08,356.3265380859375,157.49000549316406,205.70008850097656,72.76399230957031,100.24696350097656,107.33969116210938,291.0701904296875,14.905463218688965
2021-03-09,361.4140930175781,160.83999633789062,210.02584838867188,73.2457046508789,100.721923828125,108.14967346191406,302.55029296875,14.905463218688965
2021-03-10,363.6636657714844,161.66000366210938,213.67453002929688,73.97657012939453,100.93302917480467,108.65901947021484,301.6866760253906,15.001178741455078
2021-03-11,367.350830078125,161.52000427246094,218.37648010253903,74.84034729003906,100.8978500366211,108.725830078125,308.6349182128906,15.227415084838867
2021-03-12,367.84564208984375,161.49000549316406,219.66482543945312,76.09446716308594,100.16779327392578,107.47332763671876,306.1312255859375,15.157804489135742
2021-03-15,370.0392761230469,162.1999969482422,220.44534301757807,77.2239990234375,100.29100036621094,107.84073638916016,309.4015197753906,15.105595588684082
2021-03-16,369.5725708007813,162.35000610351562,216.759033203125,76.90840911865234,100.27336883544922,107.76555633544922,311.0998229980469,15.044687271118164
2021-03-17,370.8328552246094,163.50999450683594,218.46112060546875,76.97486114501953,100.10620880126952,107.8657684326172,312.3807983398437,15.044687271118164
2021-03-18,365.4373474121094,162.55999755859375,211.8125915527344,76.19413757324219,99.48174285888672,107.24787139892578,302.8124084472656,14.331171035766602
2021-03-19,364.7611389160156,163.24000549316406,213.4112548828125,75.15595245361328,99.42017364501952,107.40648651123048,303.8798522949219,14.644421577453612
2021-03-22,367.6737060546875,163.0,211.8031311035156,75.6875,99.74561309814452,107.79060363769533,309.5785827636719,14.61831760406494
2021-03-23,364.7798461914063,161.80999755859375,204.1202392578125,75.57952880859375,100.23818969726562,108.10794067382812,308.22802734375,14.209352493286133
2021-03-24,362.9255065917969,162.3699951171875,199.39952087402344,75.15595245361328,100.3701400756836,108.43356323242188,303.0296630859375,14.58351230621338
2021-03-25,364.9671936035156,161.77999877929688,204.1272735595703,75.92118072509766,100.23818969726562,108.3083038330078,302.5050048828125,14.252859115600586
2021-03-26,370.8486022949219,162.24000549316406,207.8487548828125,77.55857849121094,99.90392303466795,108.23316192626952,307.0426330566406,14.592214584350586
2021-03-29,370.6613464355469,160.30999755859375,201.9979553222656,77.10746765136719,99.5608901977539,107.97431182861328,306.9551086425781,14.609617233276367
2021-03-30,369.677978515625,157.57000732421875,205.3991241455078,77.20771026611328,99.4729232788086,108.3083038330078,305.41021728515625,14.374679565429688
2021-03-31,371.1764221191406,159.9600067138672,208.1596221923828,76.7398681640625,99.33220672607422,108.5921859741211,310.0838623046875,14.45299243927002
2021-04-01,375.1847839355469,161.97999572753906,210.7976531982422,78.13499450683594,99.77224731445312,109.2732391357422,315.3696594238281,14.696629524230955
2021-04-05,380.56976318359375,161.9199981689453,211.9565277099609,78.43574523925781,99.4906234741211,108.73778533935548,321.6659851074219,14.479095458984377
2021-04-06,380.3450927734375,163.22000122070312,211.334716796875,78.63623046875,99.97471618652344,109.4656753540039,321.44256591796875,14.531304359436035
2021-04-07,380.78521728515625,162.75999450683594,207.9241485595703,78.69471740722656,99.91307830810548,109.2481460571289,322.21978759765625,14.574811935424805
2021-04-08,382.5927734375,164.50999450683594,209.6859741210937,78.40234375,100.25633239746094,109.64974975585938,325.5817565917969,14.65312385559082
2021-04-09,385.3742065429688,163.27000427246094,209.71424865722656,78.3104248046875,99.99230194091795,109.42384338378906,327.5541687011719,14.600915908813477
2021-04-12,385.51470947265625,162.27999877929688,208.89456176757807,78.76990509033203,99.9306869506836,109.3987274169922,327.12677001953125,14.609617233276367
2021-04-13,386.6572570800781,163.42999267578125,208.3480682373047,79.16252899169922,100.34439849853516,109.88399505615234,330.9452819824219,14.766240119934082
2021-04-14,385.3367919921875,162.72000122070312,210.4019927978516,78.74484252929688,100.2211456298828,109.73336029052734,326.97119140625,15.105595588684082
2021-04-15,389.4762878417969,165.35000610351562,211.31588745117188,80.12323760986328,100.86363220214844,110.41104125976562,331.9266967773437,15.20131015777588
2021-04-16,390.7781066894531,166.35000610351562,211.6550445556641,80.29869079589844,100.59081268310548,109.65811157226562,332.3153381347656,15.17520523071289
2021-04-19,388.8581237792969,165.88999938964844,208.90396118164065,80.45740509033203,100.48518371582033,109.37366485595705,329.2740478515625,15.192607879638672
2021-04-20,386.0110778808594,166.47999572753906,204.6265869140625,81.11737060546875,100.78440856933594,109.58280181884766,326.8739929199219,15.166504859924316
2021-04-21,389.6635437011719,168.1300048828125,209.62942504882807,81.65203857421875,100.83724212646484,109.9592514038086,329.6723937988281,15.105595588684082
2021-04-22,386.1047973632813,167.0399932861328,208.7626495361328,81.20926666259766,100.91641235351562,110.06803894042967,325.69830322265625,15.227415084838867
2021-04-23,390.2909851074219,166.39999389648438,212.7008514404297,81.68544006347656,100.78440856933594,110.16006469726562,329.7987365722656,15.349233627319336
2021-04-26,391.1058349609375,166.83999633789062,214.9148712158203,81.92769622802734,100.67879486083984,110.10987091064452,331.9460754394531,15.453649520874023
2021-04-27,391.0215759277344,166.4199981689453,215.2352294921875,81.91936492919922,100.28275299072266,109.61628723144533,330.5080261230469,15.584172248840332
2021-04-28,390.9091491699219,166.91000366210938,215.6026611328125,81.7439193725586,100.41478729248048,109.63298034667967,329.3906555175781,15.610275268554688
2021-04-29,393.4003601074219,166.22000122070312,214.8018798828125,82.44567108154297,100.23873901367188,109.49910736083984,330.5760498046875,15.71469020843506
2021-04-30,390.8155517578125,165.66000366210938,211.88116455078125,82.77147674560547,100.3267593383789,109.7249984741211,328.4092712402344,15.584172248840332
2021-05-03,391.6584167480469,167.80999755859375,212.9175567626953,82.61273956298828,100.4975814819336,109.9891128540039,326.6602478027344,15.758198738098145
2021-05-04,389.2420959472656,166.5800018310547,210.37371826171875,82.07808685302734,100.62970733642578,110.05612182617188,320.78173828125,16.001834869384766
2021-05-05,389.3639526367188,167.27000427246094,209.5352020263672,80.71637725830078,100.7530288696289,110.19027709960938,319.7032470703125,16.062746047973633
2021-05-06,392.4731750488281,170.05999755859375,209.71424865722656,81.16751861572266,100.79705047607422,110.3998565673828,322.1129455566406,16.14105796813965
2021-05-07,395.32958984375,171.58999633789062,212.35223388671875,82.23682403564453,100.832275390625,110.44171142578124,324.7266540527344,16.297683715820312
2021-05-10,391.4148864746094,172.11000061035156,206.9536895751953,82.21175384521484,100.62970733642578,109.84654235839844,316.5259094238281,16.184566497802734
2021-05-11,387.921630859375,172.13999938964844,206.294174194336,81.17584991455078,100.46237182617188,109.4441909790039,316.088623046875,16.358591079711914
2021-05-12,379.68017578125,170.42999267578125,199.5954742431641,79.12075805664062,99.97799682617188,108.84904479980467,307.90740966796875,16.341190338134766
2021-05-13,384.2410278320313,171.1300048828125,203.2698669433593,80.1483154296875,100.31266021728516,109.25980377197266,310.2879638671875,15.888720512390137
2021-05-14,390.1412048339844,172.69000244140625,208.23504638671875,81.10065460205078,100.5328140258789,109.85494232177734,317.1380615234375,16.01923942565918
2021-05-17,389.1484375,174.6999969482422,208.5177001953125,81.1842041015625,100.43597412109376,109.72918701171876,315.21417236328125,16.219371795654297
2021-05-18,385.7956848144531,175.0399932861328,206.93487548828125,81.20091247558594,100.43597412109376,109.36876678466795,313.0863037109375,16.14105796813965
2021-05-19,384.78424072265625,175.16000366210938,205.3426208496093,80.94193267822266,100.1365203857422,109.17594146728516,313.44586181640625,15.810406684875488
2021-05-20,388.9237060546875,175.9600067138672,206.708724975586,81.8525161743164,100.55045318603516,109.92202758789062,319.5089111328125,15.645079612731934
2021-05-21,388.6052856445313,176.0399932861328,207.2457733154297,81.76898193359375,100.58565521240234,109.99747467041016,317.74053955078125,15.793004035949709
2021-05-24,392.56683349609375,176.35000610351562,208.593017578125,82.78816986083984,100.6825714111328,110.2992172241211,323.08465576171875,16.01053810119629
2021-05-25,391.6958618164063,177.9499969482422,206.57684326171875,82.76312255859375,101.05245208740234,110.70999908447266,323.53155517578125,15.958330154418944
2021-05-26,392.4731750488281,177.63999938964844,210.43023681640625,83.13068389892578,100.93797302246094,110.65129089355467,324.65869140625,15.984435081481934
2021-05-27,392.6792297363281,177.7100067138672,212.59722900390625,82.93854522705078,100.7618179321289,110.31603240966795,323.444091796875,16.236774444580078
2021-05-28,393.3816223144531,178.3800048828125,212.4558868408203,83.4397964477539,100.7530288696289,110.40821838378906,324.46435546875,16.184566497802734
2021-06-01,393.03515625,177.89999389648438,214.8677978515625,84.9435043334961,100.73448944091795,110.4224853515625,323.3858337402344,16.471712112426758
2021-06-02,393.6531372070313,178.77000427246094,215.1221923828125,85.93762969970703,100.8490753173828,110.59889221191406,324.0174255371094,16.558727264404297
2021-06-03,392.1921691894531,175.27000427246094,213.3226776123047,85.62018585205078,100.593505859375,110.162109375,320.6457214355469,16.419504165649414
2021-06-04,395.7791748046875,177.16000366210938,214.2459411621093,85.66194915771484,101.14871978759766,110.94322967529295,326.0870056152344,16.602231979370117
2021-06-07,395.3951110839844,177.8699951171875,217.1195373535156,86.67279052734375,101.06942749023438,110.850830078125,327.0586853027344,16.628337860107422
2021-06-08,395.4794921875,177.32000732421875,219.4183807373047,87.3912124633789,101.36026000976562,111.27080535888672,327.214111328125,16.793663024902344
2021-06-09,394.8894958496094,176.97999572753906,217.9580535888672,87.50818634033203,101.67752075195312,111.67395782470705,327.2919006347656,16.715349197387695
2021-06-10,396.7250061035156,177.74000549316406,216.3417510986328,88.13473510742188,102.03888702392578,112.17788696289062,330.7023010253906,16.776260375976562
2021-06-11,397.380615234375,175.74000549316406,218.62518310546875,87.78386688232422,101.88902282714844,112.27033996582033,331.567138671875,16.72405242919922
2021-06-14,398.2703247070313,174.7100067138672,217.98355102539065,88.12638092041016,101.57176971435548,111.85870361328124,334.7444763183594,16.628337860107422
2021-06-15,397.5398254394531,174.0500030517578,217.3607940673828,87.18238067626953,101.58934783935548,111.94271087646484,332.5581970214844,16.558727264404297
2021-06-16,395.3202209472656,171.11000061035156,216.89845275878903,86.61431121826172,100.89314270019533,111.62354278564452,331.3436584472656,16.463010787963867
2021-06-17,395.1891174316406,165.85000610351562,214.46401977539065,86.5057144165039,101.25450134277344,112.24510192871094,335.5509033203125,16.03664207458496
2021-06-18,389.8578186035156,164.92999267578125,209.5951995849609,85.03539276123047,101.8273468017578,112.83300018310548,332.91766357421875,16.201969146728516
2021-06-21,395.4390563964844,166.9499969482422,214.07716369628903,86.78975677490234,101.50123596191406,112.17788696289062,334.9867858886719,16.402101516723633
2021-06-22,397.55316162109375,166.25,215.049072265625,86.338623046875,101.68631744384766,112.36264038085938,338.1094055175781,16.428203582763672
2021-06-23,397.073974609375,166.13999938964844,215.7567443847656,86.18824005126953,101.48360443115234,112.1863021850586,338.2748413085937,16.532623291015625
2021-06-24,399.4229736328125,166.0399932861328,218.804443359375,86.0023193359375,101.46598052978516,112.40467834472656,340.36639404296875,16.59353256225586
2021-06-25,400.841796875,166.58999633789062,219.1724548339844,86.58283233642578,101.25450134277344,112.11070251464844,339.947998046875,16.5239200592041
2021-06-28,401.6498107910156,166.5800018310547,217.4362335205078,86.33045196533203,101.57176971435548,112.58942413330078,344.0823059082031,16.51521873474121
2021-06-29,401.8659057617188,164.8300018310547,216.39833068847656,86.0948715209961,101.62462615966795,112.72382354736328,345.3275146484375,16.59353256225586
2021-06-30,402.2041931152344,165.6300048828125,216.4266357421875,85.64051818847656,101.78327178955078,112.84982299804688,344.78271484375,16.750154495239258
2021-07-01,404.4309692382813,166.1999969482422,218.3326416015625,86.01072692871094,101.7100601196289,112.75141143798828,344.9189453125,16.811063766479492
2021-07-02,407.5223083496094,167.2899932861328,216.2567901611328,86.27155303955078,102.08047485351562,113.0711669921875,348.87811279296875,16.967689514160156
2021-07-06,406.7799682617188,168.1199951171875,213.11471557617188,86.90255737304688,102.61844635009766,113.48346710205078,350.385986328125,16.506515502929688
2021-07-07,408.2175903320313,168.75999450683594,211.1332092285156,87.20543670654297,102.91828918457033,113.8705596923828,351.125244140625,16.306385040283203
2021-07-08,404.8914184570313,168.64999389648438,209.18946838378903,86.9614486694336,103.18286895751952,113.92948150634766,349.00457763671875,16.445608139038086
2021-07-09,409.2135009765625,169.2100067138672,213.6053771972656,88.39173126220703,102.66254425048828,113.4498291015625,351.1836242675781,16.637039184570312
2021-07-12,410.6793823242188,169.0,213.78468322753903,89.1489486694336,102.60960388183594,113.3908920288086,352.55523681640625,16.66314125061035
2021-07-13,409.279296875,169.22000122070312,209.755615234375,87.90375518798828,102.2920913696289,112.97015380859376,352.55523681640625,16.802364349365234
2021-07-14,409.8900451660156,171.0399932861328,206.5191650390625,88.51793670654297,102.73309326171876,113.4918975830078,353.1875305175781,16.637039184570312
2021-07-15,408.4900512695313,171.07000732421875,205.34912109375,88.66096496582031,103.16519165039062,113.73590850830078,350.70703125,16.55002212524414
2021-07-16,405.2860412597656,169.41000366210938,202.82037353515625,88.60206604003906,103.14757537841795,113.57604217529295,347.866455078125,16.55002212524414
2021-07-19,399.3008728027344,169.61000061035156,199.7820739746093,86.9866943359375,104.0294952392578,114.39228057861328,345.01617431640625,15.888720512390137
2021-07-20,405.02294921875,169.38999938964844,205.9813232421875,89.03958129882812,103.8971939086914,114.23238372802734,349.0240478515625,16.1236572265625
2021-07-21,408.3021545410156,168.75999450683594,209.5291748046875,89.03116607666016,103.29747772216795,113.82846069335938,351.7186584472656,16.445608139038086
2021-07-22,409.15716552734375,169.08999633789062,206.19839477539065,88.3244400024414,103.53560638427734,114.29969024658205,354.0436096191406,16.576129913330078
2021-07-23,413.3666076660156,168.55999755859375,207.1607818603516,89.056396484375,103.37687683105467,114.24925994873048,358.1779479980469,16.66314125061035
2021-07-26,414.3813781738281,168.16000366210938,207.76466369628903,89.09847259521484,103.30632781982422,113.99677276611328,358.46002197265625,16.784961700439453
2021-07-27,412.4927368164063,168.44000244140625,205.3396759033203,89.60326385498047,103.7472915649414,114.48487091064452,354.5105285644531,16.689247131347656
2021-07-28,412.3236083984375,169.2899932861328,208.359115600586,89.29198455810547,103.83544158935548,114.68683624267578,355.8724365234375,16.767559051513672
2021-07-29,414.03369140625,171.1699981689453,209.9631805419922,89.30879211425781,103.51798248291016,114.35858917236328,356.5047607421875,17.063405990600586
2021-07-30,412.02294921875,169.82000732421875,208.5761566162109,89.42659759521484,103.80900573730467,114.45118713378906,354.6467590332031,16.967689514160156
2021-08-02,411.1585388183594,169.61000061035156,207.5382080078125,89.23307800292969,104.26437377929688,114.78247833251952,354.6759338378906,16.784961700439453
2021-08-03,414.5035400390625,169.49000549316406,208.3968505859375,89.34246063232422,104.29086303710938,114.90049743652344,356.8258056640625,16.706649780273438
2021-08-04,412.4645385742188,169.52999877929688,205.8020477294922,89.06481170654297,104.26437377929688,114.92577362060548,357.3413391113281,16.436904907226562
2021-08-05,415.0765686035156,168.86000061035156,209.50083923339844,90.10807037353516,103.88489532470705,114.45370483398438,359.60797119140625,16.680543899536133
2021-08-06,415.7625427246094,164.63999938964844,210.78407287597656,89.94822692871094,103.2759780883789,113.51797485351562,358.031982421875,16.541324615478516
2021-08-09,415.4243469238281,161.72000122070312,209.6235198974609,89.46866607666016,103.05538940429688,113.02902221679688,358.6934814453125,16.306385040283203
2021-08-10,415.9410705566406,161.77000427246094,210.0387115478516,88.618896484375,102.86122131347656,112.77619934082033,356.85498046875,16.602231979370117
2021-08-11,416.974609375,164.0,211.0671539306641,89.14053344726562,102.9759750366211,112.9532241821289,356.2420349121094,16.750154495239258
2021-08-12,418.2243347167969,164.0399932861328,210.56710815429688,89.33403778076172,102.87003326416016,113.11334228515624,357.52618408203125,16.689247131347656
2021-08-13,418.98529052734375,166.38999938964844,208.651611328125,89.82202911376953,103.4613037109375,113.8720245361328,358.7810363769531,16.59353256225586
2021-08-16,419.971923828125,167.22000122070312,206.70787048339844,89.71263885498047,103.69074249267578,113.93950653076172,358.93670654296875,16.55002212524414
2021-08-17,417.2189025878906,166.97000122070312,204.18853759765625,89.62010192871094,103.63780212402344,113.7371597290039,355.7751770019531,16.367294311523438
2021-08-18,412.6524658203125,167.10000610351562,202.4051818847656,88.80399322509766,103.58485412597656,113.66131591796876,352.3509521484375,16.175865173339844
2021-08-19,413.2914123535156,166.61000061035156,199.980224609375,89.23307800292969,103.81432342529295,113.92264556884766,354.0533142089844,15.949629783630373
2021-08-20,416.5799865722656,166.6999969482422,203.35818481445312,89.67898559570312,103.71723175048828,113.9985122680664,357.72076416015625,15.575469970703123
2021-08-23,420.2445373535156,168.72999572753906,207.22683715820312,89.51073455810547,103.7436752319336,114.0828094482422,363.0710144042969,16.14105796813965
2021-08-24,420.9115295410156,168.64999389648438,209.26495361328125,89.11528778076172,103.4613037109375,113.8214340209961,364.1799926757813,16.48041343688965
2021-08-25,421.7947387695313,167.47999572753906,210.0009307861328,89.056396484375,103.05538940429688,113.52642059326172,364.5982055664063,16.628337860107422
2021-08-26,419.3047790527344,167.6699981689453,207.77410888671875,89.09005737304688,103.05538940429688,113.4927215576172,362.2830505371094,16.49781608581543
2021-08-27,423.0538635253906,170.19000244140625,213.6336364746093,90.0239486694336,103.39070892333984,114.12494659423828,365.8045349121094,16.706649780273438
2021-08-30,424.9142456054688,169.35000610351562,212.7561492919922,90.92418670654295,103.59368133544922,114.3188247680664,369.9097900390625,16.767559051513672
2021-08-31,424.28466796875,169.69000244140625,213.1713256835937,91.353271484375,103.39955139160156,114.05751037597656,369.6081237792969,16.689247131347656
2021-09-01,424.5101623535156,169.6999969482422,214.60557556152344,92.81719970703124,103.44369506835938,114.20448303222656,370.2209777832031,16.610933303833008
2021-09-02,425.8162231445313,169.25,216.09640502929688,93.30519104003906,103.56730651855467,114.4071044921875,370.04595947265625,16.802364349365234
2021-09-03,425.712890625,171.05999755859375,215.09622192382807,93.32202911376952,103.32008361816406,113.99331665039062,371.1839904785156,16.819766998291016
2021-09-07,424.1907653808594,167.7100067138672,213.61480712890625,92.27033233642578,102.91385650634766,113.4528579711914,371.7092895507813,16.628337860107422
2021-09-08,423.6740112304688,167.2899932861328,211.28419494628903,92.73308563232422,103.1964340209961,113.81597900390624,370.4154357910156,16.750154495239258
2021-09-09,421.8605651855469,168.02999877929688,211.18038940429688,90.84845733642578,103.48785400390624,114.5591278076172,369.1411743164063,16.628337860107422
2021-09-10,418.5343322753906,167.17999267578125,209.11395263671875,89.51914978027344,103.16111755371094,114.22982025146484,366.3395080566406,16.845870971679688
2021-09-13,419.60546875,167.74000549316406,210.3028564453125,90.12491607666016,103.28472900390624,114.50843811035156,366.0866394042969,16.97639274597168
2021-09-14,417.3410949707031,168.82000732421875,207.6231384277344,89.9650650024414,103.67328643798828,114.85468292236328,365.0457153320313,16.967689514160156
2021-09-15,420.8269653320313,167.8300018310547,209.50083923339844,90.25110626220705,103.49667358398438,114.7195816040039,367.7597961425781,17.24613380432129
2021-09-16,420.159912109375,164.02999877929688,209.65185546875,90.32683563232422,103.16990661621094,114.5591278076172,368.01275634765625,17.124317169189453
2021-09-17,416.0671081542969,163.77000427246094,209.9254150390625,89.51914978027344,102.86968231201172,114.30573272705078,363.65472412109375,16.98509407043457
2021-09-20,409.1294555664063,164.94000244140625,204.9339904785156,88.97227478027344,103.39071655273438,114.66043853759766,356.140380859375,16.784961700439453
2021-09-21,408.7430419921875,166.0399932861328,205.245346069336,89.01432800292969,103.32889556884766,114.65199279785156,356.5785522460937,16.802364349365234
2021-09-22,412.7302856445313,165.4199981689453,208.43463134765625,89.88092041015625,103.42603302001952,114.97288513183594,359.9091796875,16.99379539489746
2021-09-23,417.744873046875,163.50999450683594,212.1239776611328,89.70423126220703,102.48998260498048,114.17910766601562,363.2301025390625,17.25483512878418
2021-09-24,418.43304443359375,163.3000030517578,211.10089111328125,88.74507904052734,102.18090057373048,113.93421173095705,363.5708923339844,17.333148956298828
2021-09-27,417.2359924316406,163.63999938964844,214.3092803955078,87.55144500732422,101.90715026855467,113.87513732910156,360.6688232421875,17.568086624145508
2021-09-28,408.8278503417969,162.0500030517578,209.4351501464844,86.95882415771484,101.51858520507812,112.65912628173828,350.4627990722656,17.428863525390625
2021-09-29,409.5159606933594,161.32000732421875,208.9903564453125,87.61067962646484,101.6245574951172,112.6337432861328,349.88818359375,17.446266174316406
2021-09-30,404.5107421875,164.22000122070312,207.03126525878903,86.1630630493164,101.74818420410156,112.33818817138672,348.60272216796875,17.559383392333984
2021-10-01,409.3179931640625,164.58999633789062,210.3721160888672,87.3821029663086,102.16354370117188,113.15467834472656,350.7646484375,17.794322967529297
2021-10-04,404.0394287109375,165.36000061035156,208.4603271484375,87.39903259277344,102.0398178100586,112.96854400634766,343.4023132324219,18.081466674804688
2021-10-05,408.2434692382813,164.58999633789062,209.1796417236328,86.79798126220703,101.72166442871094,112.5031967163086,348.037841796875,18.30770301818848
2021-10-06,409.9400939941406,165.02999877929688,208.0912170410156,87.62761688232422,101.74818420410156,112.53704071044922,350.2680053710937,18.00315284729004
2021-10-07,413.4843444824219,164.16000366210938,211.29962158203125,87.86466217041016,101.34170532226562,112.03782653808594,353.4817199707031,18.229389190673828
2021-10-08,412.7302856445313,164.22999572753906,209.7096405029297,87.03500366210938,101.1207504272461,111.52172088623048,351.71905517578125,18.29030036926269
2021-10-11,409.74212646484375,163.9199981689453,208.50767517089844,87.25513458251953,100.8733367919922,111.31019592285156,349.021484375,18.4121208190918
2021-10-12,408.7336120605469,164.66000366210938,209.65286254882807,88.39797973632812,101.33284759521484,112.0208969116211,347.80419921875,18.4121208190918
2021-10-13,410.2040710449219,167.58999633789062,210.6466064453125,89.0413818359375,101.52727508544922,112.5877685546875,350.5893859863281,18.51653480529785
2021-10-14,417.1039123535156,168.0,213.7698211669922,90.12498474121094,101.76588439941406,113.12084197998048,357.0460510253906,18.70796585083008
2021-10-15,420.2805786132813,165.3300018310547,213.0978240966797,90.0572280883789,101.26216888427734,112.71469116210938,359.2956848144531,18.86459350585937
2021-10-18,421.5247497558594,164.9199981689453,212.97479248046875,90.28582000732422,101.1207504272461,112.62162017822266,362.9087219238281,18.75147247314453
2021-10-19,424.77685546875,165.4499969482422,213.7698211669922,90.32815551757812,100.7584457397461,112.00397491455078,365.6549682617188,18.794979095458984
2021-10-20,426.4452209472656,166.89999389648438,215.1894378662109,91.7503662109375,100.71429443359376,111.73324584960938,365.1778259277344,19.003812789916992
2021-10-21,427.5574645996094,166.75,215.7383728027344,91.87735748291016,100.44915771484376,111.49635314941406,367.407958984375,18.7166690826416
2021-10-22,427.1144104003906,167.77000427246094,215.227294921875,92.30908203125,100.70540618896484,111.94477081298828,364.3208312988281,18.803682327270508
2021-10-25,429.4049377441406,168.92999267578125,217.2716217041016,92.60540008544922,100.82915496826172,111.99555206298828,368.0506286621094,18.899398803710938
2021-10-26,429.79144287109375,167.67999267578125,215.63429260253903,92.859375,100.95287322998048,112.47782135009766,369.2095336914063,18.925500869750977
2021-10-27,427.8873901367188,168.1199951171875,211.6687164306641,92.07207489013672,101.51842498779295,113.16312408447266,370.0665893554688,18.57744598388672
2021-10-28,432.0159912109375,168.0800018310547,215.88980102539065,93.35884857177734,101.25328826904295,112.993896484375,374.1763305664063,18.67316055297852
2021-10-29,432.89263916015625,166.64999389648438,215.8330078125,92.30908203125,101.2975082397461,112.93466186523438,376.016845703125,18.57744598388672
2021-11-01,433.6372985839844,167.52000427246094,221.4264068603516,92.76624298095705,101.28953552246094,112.73292541503906,377.3023376464844,18.7166690826416
2021-11-02,435.39056396484375,167.16000366210938,221.89015197753903,93.2064437866211,101.53713989257812,113.1652603149414,378.8799133300781,18.768877029418945
2021-11-03,438.0487060546875,165.77000427246094,225.855712890625,93.51969146728516,101.21880340576172,112.87701416015624,382.9020080566406,18.29030036926269
2021-11-04,440.113037109375,167.64999389648438,225.77053833007807,92.63079833984376,101.76708984375,113.470458984375,387.8102722167969,18.17718315124512
2021-11-05,441.6399841308594,169.83999633789062,228.8558807373047,93.1048812866211,102.32421112060548,114.30123901367188,388.1802978515625,18.429521560668945
2021-11-08,442.0170593261719,170.4499969482422,229.5656890869141,93.02869415283205,101.88201141357422,114.03844451904295,387.6544799804688,18.54264068603516
2021-11-09,440.55609130859375,171.2899932861328,228.23123168945312,93.18953704833984,102.3507308959961,114.34362030029295,384.9861145019531,18.690563201904297
2021-11-10,437.0118103027344,173.14999389648438,224.63482666015625,92.75778198242188,101.47525024414062,113.1737289428711,379.3280334472656,18.455625534057617
2021-11-11,437.1531982421875,174.1199951171875,226.4425048828125,92.91015625,101.1480712890625,112.85157012939452,380.3796691894531,18.58614730834961
2021-11-12,440.4523620605469,174.4499969482422,226.6696319580078,92.84244537353516,101.3603057861328,112.73292541503906,384.3822937011719,18.560043334960938
2021-11-15,440.6031799316406,174.17999267578125,225.77053833007807,93.49429321289062,100.96233367919922,111.87671661376952,384.2946472167969,18.568744659423828
2021-11-16,442.3469543457031,172.9199981689453,226.1869659423828,92.87629699707033,100.87393951416016,111.69019317626952,387.03118896484375,18.54264068603516
2021-11-17,441.2724304199219,174.5,223.224609375,93.16413116455078,101.23648834228516,112.13948059082033,387.2357177734375,18.377315521240234
2021-11-18,442.7711181640625,173.94000244140625,222.2781677246093,93.18107604980467,101.29837799072266,112.3938217163086,391.2480163574219,18.43822479248047
2021-11-19,441.9793701171875,172.61000061035156,220.2528381347656,92.63079833984376,101.572509765625,112.81768798828124,393.4293823242188,18.142377853393555
2021-11-22,440.7351379394531,168.74000549316406,219.31588745117188,92.17363739013672,100.8296890258789,111.83429718017578,388.862060546875,18.272899627685547
2021-11-23,441.3195495605469,167.27999877929688,218.9372711181641,92.91864013671876,100.41404724121094,111.0374526977539,387.089599609375,18.60354995727539
2021-11-24,442.4977722167969,167.1199951171875,219.1739044189453,94.04454803466795,100.7235870361328,111.5714874267578,388.3361511230469,18.53393745422364
2021-11-26,432.6286926269531,166.85000610351562,210.9116058349609,91.42867279052734,102.02352905273438,112.47856903076172,380.9738464355469,17.428863525390625
2021-11-29,437.9355773925781,166.6199951171875,210.77911376953125,92.10592651367188,101.79360961914062,112.55491638183594,389.2418212890625,17.428863525390625
2021-11-30,429.4143676757813,165.5,206.48228454589844,90.3620147705078,102.40379333496094,112.80077362060548,383.5252990722656,16.950286865234375
2021-12-01,424.6448364257813,166.16000366210938,201.8353576660156,88.87206268310547,102.5967254638672,112.8168487548828,377.0004577636719,16.802364349365234
2021-12-02,431.14886474609375,165.24000549316406,207.46658325195312,91.53873443603516,102.37545776367188,113.08013153076172,379.7175598144531,16.950286865234375
2021-12-03,427.3973083496094,166.6300048828125,203.20767211914065,91.23395538330078,102.9772720336914,114.02283477783205,373.11468505859375,16.967689514160156
2021-12-06,432.4590148925781,166.22000122070312,207.28680419921875,92.83396911621094,102.4639663696289,113.44532775878906,376.1045227050781,17.26353645324707
2021-12-07,441.4043884277344,166.80999755859375,212.0946350097656,94.17153930664062,102.0745620727539,113.49627685546876,387.430419921875,17.524578094482422
2021-12-08,442.5732116699219,166.89999389648438,213.5426788330078,94.84879302978516,101.7471160888672,112.7404327392578,389.16400146484375,17.75951385498047
2021-12-09,439.5851440429688,165.8800048828125,208.70643615722656,93.47735595703124,102.0037841796875,112.64703369140624,383.4377136230469,17.48977279663086
2021-12-10,443.7232360839844,166.5800018310547,208.12911987304688,93.76519012451172,102.0745620727539,112.7743911743164,387.6057434082031,17.689905166625977
2021-12-13,439.7925109863281,167.0,205.0875396728516,94.6456298828125,102.56129455566406,113.28396606445312,382.006103515625,17.60289192199707
2021-12-14,436.7667541503906,165.44000244140625,203.3218231201172,93.4350357055664,102.3843231201172,112.7743911743164,378.05224609375,17.446266174316406
2021-12-15,443.5912170410156,166.14999389648438,206.5494537353516,94.7471923828125,102.2338638305664,112.91877746582033,386.67083740234375,17.533279418945312
2021-12-16,439.6794128417969,168.16000366210938,202.3725128173828,94.71334075927734,102.53150939941406,112.91537475585938,376.727783203125,17.637697219848633
2021-12-17,434.9999694824219,167.8000030517578,204.233154296875,94.59481048583984,102.76178741455078,113.17919158935548,374.8482055664063,17.428863525390625
2021-12-20,430.3743896484375,167.08999633789062,201.36624145507807,93.85831451416016,102.67323303222656,112.68562316894533,371.2120361328125,17.307044982910156
2021-12-21,438.0174255371094,167.02000427246094,207.1190490722656,94.91650390625,102.26576232910156,112.9068603515625,379.5199279785156,17.672502517700195
2021-12-22,442.3971252441406,168.58999633789062,209.11257934570312,95.89006805419922,102.36319732666016,113.0855484008789,384.1419372558594,17.88133430480957
2021-12-23,445.1496887207031,168.97000122070312,210.7833251953125,95.78848266601562,102.15060424804688,112.91537475585938,387.0379333496094,17.97705078125
2021-12-27,451.4495239257813,169.3699951171875,212.7579040527344,97.41461181640624,102.18605041503906,113.24723052978516,393.4346923828125,18.20328521728516
2021-12-28,451.0806274414063,168.63999938964844,211.45733642578125,97.77351379394533,102.16831970214844,113.10260009765624,391.6112060546875,18.1684799194336
2021-12-29,451.65765380859375,168.58999633789062,211.6851806640625,98.4314956665039,101.64568328857422,112.4814224243164,391.5526428222656,18.255495071411133
2021-12-30,450.4089660644531,169.8000030517578,211.62823486328125,98.85874938964844,101.98231506347656,112.93240356445312,390.382568359375,18.1684799194336
2021-12-31,449.2738037109375,170.9600067138672,211.17254638671875,99.13219451904295,101.86715698242188,112.76222229003906,387.9448852539063,18.081466674804688
2022-01-03,451.8751525878906,168.3300018310547,213.8970642089844,98.35458374023438,100.91936492919922,111.56243896484376,391.6795043945313,18.151079177856445
2022-01-04,451.7237854003906,169.57000732421875,213.57427978515625,98.2349624633789,100.86619567871094,111.65603637695312,386.59912109375,18.36861228942871
2022-01-05,443.0497131347656,169.05999755859375,206.3406219482422,95.4236068725586,100.44100952148438,111.00086212158205,374.7224426269531,18.29030036926269
2022-01-06,442.6334838867188,166.99000549316406,207.5177459716797,95.50904846191406,100.1929702758789,110.85619354248048,374.4591064453125,18.44692611694336
2022-01-07,440.8835754394531,167.75,205.1160125732422,94.87671661376952,99.86522674560548,110.37966918945312,370.4027099609375,18.48172950744629
2022-01-10,440.33502197265625,168.25999450683594,204.404052734375,94.329833984375,99.8386459350586,110.27757263183594,370.6465148925781,18.40341758728028
2022-01-11,444.3456726074219,170.2899932861328,206.5779266357422,94.47509002685548,100.07784271240234,110.60942840576172,376.2143859863281,18.760173797607425
2022-01-12,445.5469665527344,170.74000549316406,205.04006958007807,94.58618927001952,100.0955581665039,110.53285217285156,377.7062683105469,18.90809631347656
2022-01-13,439.4079895019531,170.16000366210938,203.16046142578125,94.39817810058594,100.41443634033205,110.8817138671875,368.2574462890625,18.70796585083008
2022-01-14,439.5877075195313,169.6699981689453,203.4452514648437,93.54367065429688,99.7235107421875,109.90316772460938,370.5489501953125,18.95160484313965
2022-01-18,431.8027038574219,169.38999938964844,197.2937774658203,92.56098175048828,98.9706039428711,108.8565673828125,361.3244323730469,19.099529266357425
2022-01-19,427.3191223144531,172.0800018310547,194.08506774902344,91.31338500976562,99.20977020263672,109.0267562866211,357.3558349609375,19.20394515991211
2022-01-20,422.5894775390625,171.64999389648438,190.5726928710937,90.14268493652344,99.42233276367188,108.9671630859375,352.7143249511719,19.13433265686035
2022-01-21,414.2937927246094,171.08999633789062,187.00331115722656,89.92052459716797,99.99810791015624,109.68192291259766,342.93408203125,19.15173721313477
2022-01-24,416.05316162109375,172.02999877929688,191.31314086914065,90.0914306640625,99.90953063964844,109.3415756225586,344.50390625,19.10822868347168
2022-01-25,410.9736022949219,172.5800018310547,188.759506225586,89.73253631591797,99.7766571044922,109.0352554321289,336.51788330078125,19.28225898742676
2022-01-26,409.9425659179688,169.7899932861328,186.0350036621093,88.33113861083984,99.06800079345705,108.2949676513672,335.9913024902344,19.32576370239257
2022-01-27,407.9182434082031,167.60000610351562,181.81060791015625,86.86991882324219,99.4843292236328,108.54173278808594,332.60772705078125,19.421476364135746
2022-01-28,418.0491027832031,167.10000610351562,185.3514862060547,89.68125915527344,99.71466064453124,108.66082000732422,343.04119873046875,19.43888092041016
2022-01-31,425.5785827636719,168.08999633789062,191.037826538086,90.78358459472656,99.71466064453124,108.7119140625,354.0111999511719,19.508495330810547
2022-02-01,428.4542236328125,168.22999572753906,193.05035400390625,90.4588623046875,99.57989501953124,108.89263153076172,356.4197692871094,19.58680534362793
2022-02-02,432.6162414550781,168.83999633789062,191.1327667236328,91.61246490478516,99.78380584716795,108.90113830566406,359.3157653808594,19.665117263793945
2022-02-03,422.4476318359375,168.60000610351562,187.5159149169922,90.63832092285156,99.35822296142578,108.02307891845705,344.74774169921875,19.70862579345703
2022-02-04,424.4341125488281,168.86000061035156,188.3228454589844,89.74108123779297,98.59568786621094,106.9488754272461,349.09674072265625,19.865249633789062
2022-02-07,423.0719299316406,170.11000061035156,189.2531280517578,89.6128921508789,98.62227630615234,107.14495086669922,346.2884521484375,19.90875625610352
2022-02-08,426.5528564453125,170.6300048828125,192.48077392578125,89.19417572021484,98.3031005859375,106.74425506591795,350.1789855957031,19.734729766845703
2022-02-09,432.7959899902344,171.2100067138672,196.1355895996093,91.21084594726562,98.43608856201172,107.1023406982422,357.599609375,19.934860229492188
2022-02-10,425.0204772949219,170.55999755859375,193.1263122558593,89.05746459960938,97.53170776367188,105.64451599121094,349.5062561035156,19.830446243286133
2022-02-11,416.6396484375,173.80999755859375,191.1707305908203,88.24568176269531,98.5425033569336,106.42884063720705,338.4193420410156,20.12629127502441
2022-02-14,415.2774963378906,174.74000549316406,190.50621032714844,87.44244384765625,97.85974884033205,105.48255157470705,338.8386535644531,20.23070526123047
2022-02-15,421.9747009277344,173.0800018310547,195.61349487304688,88.22859954833984,97.5671844482422,104.95398712158205,347.2635192871094,19.90005683898925
2022-02-16,422.4476318359375,174.86000061035156,196.02169799804688,88.63876342773438,97.77111053466795,105.10745239257812,347.1756896972656,19.926158905029297
2022-02-17,413.4235229492188,177.25,190.9998779296875,87.69879913330078,98.2942123413086,105.18415069580078,336.849365234375,20.091487884521484
2022-02-18,410.74658203125,177.1199951171875,189.3575439453125,87.16898345947266,98.6134262084961,105.4399185180664,333.0075378417969,20.169797897338867
2022-02-22,406.3385620117188,177.49000549316406,186.69004821777344,86.85282135009766,98.60458374023438,105.30350494384766,329.66290283203125,20.45694351196289
2022-02-23,399.1307373046875,178.2899932861328,183.19656372070312,85.41722106933594,98.09031677246094,104.34869384765624,321.21856689453125,20.648372650146484
2022-02-24,405.1372375488281,177.13999938964844,188.00003051757807,86.85282135009766,98.32083129882812,104.84318542480467,332.0129089355469,20.735387802124023
2022-02-25,414.0761413574219,176.5500030517578,192.2339630126953,88.94638061523438,98.2942123413086,105.26941680908205,337.1614074707031,20.42213630676269
2022-02-28,413.0168151855469,178.3800048828125,193.0124053955078,87.62187194824219,99.41139221191406,106.394775390625,338.1658630371094,20.77019500732422
2022-03-01,406.7264404296875,181.6199951171875,189.37657165527344,87.16044616699219,100.37962341308594,106.75868225097656,332.9880065917969,21.605525970458984
2022-03-02,414.2086486816406,179.72999572753906,193.8857421875,88.79258728027344,98.8709716796875,105.13555145263672,338.5754089355469,22.31033706665039
2022-03-03,412.1465148925781,180.8000030517578,191.5884246826172,89.51890563964844,99.2969207763672,105.51994323730467,333.7388000488281,22.553974151611328
2022-03-04,408.7979736328125,183.67999267578125,188.588607788086,89.92906951904297,100.281982421875,105.62247467041016,328.9022827148437,23.502426147460938
2022-03-07,396.7469482421875,186.4100036621093,183.89907836914065,88.15169525146484,99.85603332519533,104.34107208251952,316.77203369140625,24.01580810546875
2022-03-08,393.7389831542969,191.509994506836,184.914794921875,87.72441864013672,99.20816802978516,103.71744537353516,315.2996826171875,24.42477226257324
2022-03-09,404.29541015625,185.82000732421875,190.12648010253903,89.07455444335938,98.59583282470705,103.89684295654295,326.6498718261719,22.484363555908203
2022-03-10,402.4697265625,186.3999938964844,189.78472900390625,89.2967300415039,98.14323425292967,102.70939636230467,323.0223693847656,22.214624404907227
2022-03-11,397.3524169921875,185.08999633789065,186.7564697265625,88.58748626708984,98.11660766601562,102.6667022705078,316.32354736328125,22.59748268127441
2022-03-14,394.4483642578125,182.3000030517578,182.9402618408203,87.89533996582031,96.87418365478516,101.18024444580078,310.2486572265625,21.936176300048828
2022-03-15,403.1224670410156,178.88999938964844,185.8546295166016,88.48493957519531,96.8298110961914,101.9747314453125,319.98016357421875,21.396692276000977
2022-03-16,412.06146240234375,180.00999450683594,191.7023468017578,89.5360107421875,96.69671630859376,102.84607696533205,331.8471069335937,21.21396255493164
2022-03-17,417.2166748046875,180.88999938964844,194.71163940429688,90.92031860351562,96.51033020019533,103.8541488647461,335.8646240234375,22.232023239135746
2022-03-18,421.786376953125,179.3000030517578,196.7621459960937,90.92031860351562,96.7943115234375,104.05914306640624,342.7390441894531,22.33644294738769
2022-03-21,421.6629943847656,180.6699981689453,195.02490234375,90.3648910522461,95.53414916992188,102.61544036865234,341.7861328125,23.17177391052246
2022-03-22,426.5970764160156,179.36000061035156,196.98049926757807,90.59558868408205,95.0105438232422,102.3676986694336,348.5032043457031,23.11956596374512
2022-03-23,421.1031799316406,181.8099975585937,193.56298828125,89.57918548583984,95.6495132446289,102.65814971923828,343.49468994140625,23.693857192993164
2022-03-24,427.4510192871094,183.1300048828125,195.7887115478516,90.146240234375,95.11701965332033,102.70086669921876,351.1294250488281,23.45891761779785
2022-03-25,429.53857421875,182.3800048828125,196.05506896972656,91.27178955078124,94.14086151123048,101.88932800292967,350.8365478515625,23.63294792175293
2022-03-28,432.5938720703125,179.05999755859375,196.1216278076172,92.24264526367188,94.35385131835938,102.453125,356.2648620605469,22.606185913085938
2022-03-29,437.9454040527344,179.13999938964844,201.37208557128903,94.9491195678711,94.82418823242188,103.31594848632812,362.3960266113281,22.69319725036621
2022-03-30,435.2411804199219,180.5800018310547,197.3296356201172,94.26174926757812,95.1968994140625,103.55514526367188,358.3931579589844,23.102161407470703
2022-03-31,428.5422058105469,180.6499938964844,195.2465667724609,93.1104507446289,95.37442016601562,103.31594848632812,353.9509582519531,22.67579460144043
2022-04-01,429.75677490234375,179.5,197.43423461914065,94.92334747314452,94.75337982177734,103.66265106201172,353.2773132324219,22.823719024658203
2022-04-04,433.4382629394531,180.3699951171875,197.7576599121093,94.45938110351562,94.6912078857422,104.02223205566406,360.5508117675781,23.258787155151367
2022-04-05,427.9634399414063,179.24000549316406,193.0778961181641,93.99542236328124,93.5628433227539,102.19872283935548,352.5450744628906,23.067358016967773
2022-04-06,423.6840515136719,179.66000366210938,190.3385162353516,95.1123504638672,93.23411560058594,101.59950256347656,344.8908996582031,22.88462829589844
2022-04-07,425.8190002441406,180.33999633789065,189.7202911376953,94.167236328125,93.00309753417967,101.12864685058594,345.7109375,22.96294212341309
2022-04-08,424.680419921875,181.47000122070312,188.2079315185547,94.32189178466795,92.53223419189452,100.33251953125,340.87823486328125,23.25008773803711
2022-04-11,417.4216613769531,182.3699951171875,186.9428253173828,93.3080596923828,92.08799743652344,99.35657501220705,332.8139038085937,23.058656692504883
2022-04-12,415.8749694824219,183.7700042724609,187.5325469970703,93.17058563232422,92.53223419189452,99.42504119873048,331.407958984375,23.746065139770508
2022-04-13,420.6382141113281,184.6499938964844,191.0994873046875,93.83214569091795,92.736572265625,99.93870544433594,338.14453125,24.26814651489257
2022-04-14,415.4005737304688,184.0399932861328,189.24468994140625,93.4283447265625,91.90145874023438,98.77442169189452,330.412109375,24.45087623596192
2022-04-18,415.5714111328125,184.6100006103516,187.9700927734375,93.05028533935548,91.63491821289062,98.02110290527344,330.666015625,24.729320526123047
2022-04-19,422.2797546386719,181.82000732421875,191.7177124023437,95.07801055908205,91.03076934814452,97.2420425415039,338.0567321777344,24.0941219329834
2022-04-20,421.9666442871094,182.7100067138672,192.4501190185547,96.65889739990234,91.74153900146484,98.2522201538086,333.1262512207031,24.12022399902344
2022-04-21,415.65673828125,182.0599975585937,188.1413116455078,95.98873901367188,91.23509979248048,97.20780181884766,326.23358154296875,24.085418701171875
2022-04-22,404.2514953613281,180.2899932861328,183.2713317871093,94.30472564697266,91.27954864501952,97.09652709960938,317.6908569335937,23.624244689941406
2022-04-25,406.59515380859375,177.0500030517578,184.38424682617188,94.06414031982422,91.86589813232422,98.17518615722656,321.7718811035156,23.450220108032227
2022-04-26,394.8197937011719,177.32000732421875,178.57257080078125,92.51759338378906,92.47894287109376,98.12380981445312,309.6265563964844,23.77216911315918
2022-04-27,395.9300231933594,175.97999572753906,177.83062744140625,91.9075927734375,91.963623046875,97.18214416503906,309.2555847167969,23.9374942779541
2022-04-28,405.9309692382813,176.92999267578125,181.1502227783203,93.60016632080078,91.83038330078124,97.47322845458984,320.2390441894531,24.13762664794922
2022-04-29,390.9295043945313,176.91000366210938,175.91879272460938,89.30423736572266,91.34172821044922,96.39453887939452,305.8287353515625,23.95489883422852
2022-05-02,393.2826843261719,173.6300048828125,177.7640838623047,87.14765930175781,90.66121673583984,95.82308959960938,310.934814453125,24.320358276367188
2022-05-03,395.0854797363281,174.08999633789062,179.2859344482422,88.23025512695312,90.7679672241211,96.44086456298828,311.2667541503906,23.981002807617188
2022-05-04,407.1170959472656,175.8000030517578,184.0703125,89.24409484863281,91.35506439208984,97.38468933105467,321.7914123535156,24.729320526123047
2022-05-05,392.6469421386719,175.1300048828125,176.60362243652344,86.8641357421875,90.43883514404295,95.89173889160156,305.5846252441406,24.59879875183105
2022-05-06,390.3032531738281,175.4199981689453,173.6645050048828,85.83311462402344,89.92288208007812,95.07660675048828,301.9234924316406,24.62490463256836
2022-05-09,377.8067626953125,172.8800048828125,166.35951232910156,82.05266571044922,90.59007263183594,95.4112548828125,290.11016845703125,23.51112937927246
2022-05-10,378.67974853515625,171.4199981689453,166.40711975097656,80.55767822265625,90.89248657226562,95.81452941894533,293.6346130371094,23.37190628051757
2022-05-11,372.66400146484375,172.82000732421875,162.26953125,80.38583374023438,91.4529266357422,96.2606964111328,284.9259338378906,23.946197509765625
2022-05-12,372.27490234375,170.1699981689453,164.17185974121094,81.01305389404297,91.75535583496094,96.30359649658205,284.2523498535156,24.05931663513184
2022-05-13,381.17523193359375,168.7899932861328,169.374755859375,83.15242004394531,91.27499389648438,95.79737091064452,294.78662109375,24.38996696472168
2022-05-16,379.6286315917969,170.39999389648438,168.5662384033203,82.62832641601562,91.65750122070312,95.92605590820312,291.3695983886719,24.79022979736328
2022-05-17,387.4377136230469,169.3300018310547,173.7215576171875,83.75386047363281,90.96365356445312,95.37696075439452,298.9164733886719,24.520488739013672
2022-05-18,371.8194580078125,169.4199981689453,167.63412475585938,81.32234191894531,91.61298370361328,95.72870635986328,284.2425537109375,23.989702224731445
2022-05-19,369.5422058105469,171.91000366210938,167.90994262695312,80.96150970458984,91.94216918945312,95.98611450195312,282.7195129394531,24.29425048828125
2022-05-20,369.70355224609375,172.02999877929688,167.48191833496094,81.47701263427734,92.36913299560548,96.4580535888672,281.8408508300781,24.32905578613281
2022-05-23,376.6206970214844,172.8300018310547,169.5078887939453,82.42211151123047,91.80870819091795,96.11480712890624,286.5270690917969,24.51178741455078
2022-05-24,373.7456970214844,174.1300048828125,166.996826171875,83.11807250976562,92.60040283203124,97.3760986328125,280.4349060058594,24.494382858276367
2022-05-25,377.0476379394531,173.0800018310547,170.0025177001953,83.82260131835938,92.78721618652344,98.37998962402344,284.3597106933594,24.668413162231445
2022-05-26,384.5816345214844,172.75999450683594,173.79766845703125,83.92568969726562,92.74272918701172,98.4057159423828,292.2384948730469,24.938152313232425
2022-05-27,394.0227966308594,172.85000610351562,178.47743225097656,86.1767807006836,92.87614440917967,98.92053985595705,301.7770080566406,25.23400115966797
2022-05-31,391.81195068359375,171.13999938964844,176.26121520996094,85.11996459960938,91.90657043457033,98.19123840332033,300.9764404296875,25.059972763061523
2022-06-01,388.6427001953125,172.22999572753906,175.26246643066406,84.41543579101562,91.38909912109376,97.61842346191406,298.7504577636719,25.181793212890625
2022-06-02,396.0439147949219,174.35000610351562,179.54273986816406,85.5753402709961,91.5226821899414,97.6614227294922,306.93194580078125,25.756084442138672
2022-06-03,389.5441589355469,172.5800018310547,177.92576599121094,84.43260955810547,91.34456634521484,97.35182189941406,298.9457702636719,25.99972152709961
2022-06-06,390.7302551269531,171.82000732421875,178.69619750976562,84.166259765625,90.65876770019533,96.66372680664062,299.9415283203125,26.112838745117188
2022-06-07,394.4782409667969,172.94000244140625,181.5782470703125,85.326171875,91.0239028930664,97.1797866821289,302.5288391113281,26.286869049072266
2022-06-08,390.18939208984375,172.77999877929688,178.77227783203125,83.35863494873047,90.68547058105467,96.6207504272461,300.3515930175781,26.521804809570312
2022-06-09,380.9096374511719,172.22999572753906,175.0663604736328,81.38249969482422,90.6053237915039,95.98426818847656,292.30682373046875,26.5653133392334
2022-06-10,369.8648681640625,174.5399932861328,170.31698608398438,79.57820129394531,89.71469116210938,95.0553970336914,281.9970397949219,26.30426979064941
2022-06-13,355.8217468261719,169.92999267578125,162.31565856933594,75.60014343261719,88.12045288085938,92.8622055053711,268.88525390625,26.0084228515625
2022-06-14,354.7495422363281,168.57000732421875,161.53366088867188,75.02449035644531,87.41681671142578,92.38058471679688,269.37335205078125,25.72127914428711
2022-06-15,359.8070068359375,170.77000427246094,163.89877319335938,76.80300903320312,88.6369857788086,93.82547760009766,276.10009765625,25.73868179321289
2022-06-16,347.8987731933594,172.69000244140625,156.3074951171875,74.78392028808594,89.2159652709961,93.9287109375,264.9604187011719,25.85179710388184
2022-06-17,348.64874267578125,171.27000427246094,157.52821350097656,75.35096740722656,89.24266052246094,94.117919921875,268.18231201171875,24.929452896118164
2022-06-21,357.4255676269531,170.6300048828125,160.35110473632812,76.3991928100586,88.77949523925781,93.17183685302734,274.9483642578125,24.86854362487793
2022-06-22,356.7774963378906,171.30999755859375,160.04591369628906,77.37007904052734,89.90174102783203,93.8512954711914,274.5472717285156,24.42477226257324
2022-06-23,360.2747802734375,170.25999450683594,161.96282958984375,78.84001159667969,90.4094009399414,94.57374572753906,278.6361389160156,23.8765869140625
2022-06-24,371.7294006347656,170.08999633789062,166.97915649414062,80.5174560546875,90.0887451171875,94.685546875,288.18316650390625,24.102821350097656
2022-06-27,370.30950927734375,169.89999389648438,167.5990447998047,80.39640808105469,89.58111572265625,93.81687927246094,286.0702819824219,24.05061149597168
2022-06-28,362.7430114746094,169.6199951171875,164.451904296875,79.41932678222656,89.69689178466797,93.79110717773438,277.3547058105469,24.337759017944336
2022-06-29,362.4475708007813,169.49000549316406,162.78298950195312,78.92647552490234,90.41828918457033,94.35012817382812,277.6090087890625,23.92009162902832
2022-06-30,359.5029296875,168.4600067138672,161.51458740234375,78.77947998046875,91.1130142211914,94.63395690917967,274.1658020019531,23.18047332763672
2022-07-01,363.3052978515625,168.32000732421875,163.4696502685547,80.1975326538086,92.08975219726562,95.83011627197266,275.9754333496094,23.29359245300293
2022-07-05,363.9913940429688,164.75,164.82383728027344,79.97272491455078,92.42872619628906,95.80423736572266,280.7000732421875,21.727344512939453
2022-07-06,365.2206726074219,162.13999938964844,163.60311889648438,79.82572937011719,91.64373779296876,95.32991027832033,282.4999694824219,21.4053955078125
2022-07-07,370.690673828125,162.22999572753906,167.47508239746094,80.04190063476562,91.08177185058594,95.3212890625,288.5451354980469,22.29293441772461
2022-07-08,370.3857727050781,162.3000030517578,167.45594787597656,79.61820220947266,90.52872467041016,95.16605377197266,288.90704345703125,22.68449592590332
2022-07-11,366.1546325683594,161.42999267578125,164.0894775390625,79.44526672363281,91.24234008789062,95.43341064453124,282.7347412109375,22.640993118286133
2022-07-12,362.9145202636719,160.8300018310547,163.52682495117188,79.13397979736328,91.45642852783205,95.57136535644533,279.99578857421875,21.61422538757324
2022-07-13,361.0086059570313,161.60000610351562,163.38380432128906,78.7535400390625,91.84890747070312,96.28717803955078,279.4186096191406,21.736047744750977
2022-07-14,360.1319580078125,159.3300018310547,161.70530700683594,78.04451751708984,91.3404769897461,95.67488861083984,280.41650390625,21.53591537475586
2022-07-15,367.0122985839844,159.00999450683594,165.07177734375,79.3674545288086,91.65264129638672,96.44244384765624,285.50299072265625,21.814359664916992
2022-07-18,363.9818420410156,159.16000366210938,164.60447692871094,78.80542755126953,91.3850326538086,95.76971435546876,283.0868835449219,22.22332572937012
2022-07-19,373.81634521484375,159.5399932861328,170.41238403320312,80.84602355957031,90.96580505371094,96.03707885742188,291.792724609375,22.31033706665039
2022-07-20,376.1987609863281,158.0399932861328,173.08270263671875,80.65579986572266,90.87662506103516,95.93357849121094,296.41949462890625,22.29293441772461
2022-07-21,380.0296020507813,160.27000427246094,173.96958923339844,81.29564666748047,91.91133880615234,97.24442291259766,300.6746520996094,21.91877555847168
2022-07-22,376.5037536621094,160.6699981689453,171.1944122314453,81.71934509277344,92.96389770507812,97.99472045898438,295.4021911621094,21.657733917236328
2022-07-25,376.961181640625,160.22999572753906,172.08131408691406,81.85767364501953,92.63381958007812,97.16683197021484,293.7196960449219,22.04929542541504
2022-07-26,372.501220703125,160.0399932861328,171.02276611328125,81.94414520263672,92.66954040527344,97.14957427978516,287.948486328125,22.092803955078125
2022-07-27,382.173828125,161.6699981689453,174.91372680664062,82.43699645996094,92.85685729980467,97.79638671875,300.1170959472656,22.59748268127441
2022-07-28,386.9671936035156,163.63999938964844,177.3169708251953,85.10881805419922,93.7755889892578,98.6070327758789,303.0516967773437,22.61488342285156
2022-07-29,392.6087036132813,164.10000610351562,178.57583618164062,85.56709289550781,93.8113021850586,98.83989715576172,308.5783996582031,22.71930313110352
2022-08-01,391.4459838867188,165.02999877929688,178.50909423828125,84.87535095214844,94.35995483398438,99.03521728515624,308.392578125,22.25812721252441
2022-08-02,388.8635559082031,164.0500030517578,178.33743286132812,83.78587341308594,93.05535125732422,97.82498931884766,307.4730529785156,22.14501190185547
2022-08-03,394.9529724121094,164.4499969482422,180.9600524902344,84.05391693115234,93.43956756591795,98.88832092285156,315.8463134765625,21.95358085632324
2022-08-04,394.6860961914063,167.1699981689453,180.5785675048828,83.92423248291016,93.91314697265624,99.0439224243164,317.32342529296875,21.71864318847656
2022-08-05,394.0191040039063,165.2899932861328,181.9613800048828,84.15768432617188,92.554931640625,97.70398712158205,314.7311096191406,21.64033317565918
2022-08-08,393.56158447265625,166.69000244140625,183.8878326416016,84.90994262695312,93.10002136230467,98.09295654296876,313.7138366699219,21.90137481689453
2022-08-09,391.9988403320313,167.1999969482422,181.37966918945312,85.37686920166016,92.8230209350586,97.65208435058594,310.1630859375,22.0841007232666
2022-08-10,400.2323303222656,166.77999877929688,186.55813598632807,86.67386627197266,92.8766098022461,98.57706451416016,318.8199768066406,22.388647079467773
2022-08-11,400.2323303222656,166.33999633789062,187.2543029785156,86.46634674072266,92.26006317138672,97.62613677978516,317.01031494140625,22.823719024658203
2022-08-12,407.0078430175781,167.8699951171875,191.0785675048828,87.95356750488281,92.6264190673828,98.75861358642578,323.18267822265625,22.70190048217773
2022-08-15,408.68499755859375,165.7100067138672,191.7556915283203,88.30807495117188,92.92131805419922,98.68946075439452,325.79443359375,22.42345428466797
2022-08-16,409.485595703125,165.4199981689453,191.6793670654297,88.0746078491211,92.81409454345705,98.3091049194336,325.031494140625,22.171113967895508
2022-08-17,406.57904052734375,164.35000610351562,188.4559326171875,87.54715728759766,92.18856811523438,97.38408660888672,321.3241577148437,22.25812721252441
2022-08-18,407.7607116699219,163.9199981689453,189.70526123046875,86.96784973144531,92.36731719970705,97.63479614257812,322.09686279296875,22.59748268127441
2022-08-19,402.2812194824219,162.72000122070312,185.633041381836,86.0512924194336,91.57205200195312,96.47639465332033,315.81695556640625,22.58877944946289
2022-08-22,393.9046936035156,161.63999938964844,181.808822631836,84.17497253417969,91.16993713378906,95.82801818847656,307.5023498535156,22.78891372680664
2022-08-23,392.9517822265625,162.77000427246094,182.1044464111328,83.09416198730469,90.94652557373048,95.93174743652344,307.2479858398437,23.163070678710938
2022-08-24,394.2096557617188,163.25,183.496826171875,83.56973266601562,90.64273834228516,95.646484375,308.1382751464844,23.40671157836914
2022-08-25,399.7749938964844,163.75,186.34832763671875,84.81482696533203,91.22354125976562,96.63198852539062,313.5867004394531,23.076059341430664
2022-08-26,386.2428894042969,161.75999450683594,180.2257080078125,82.67913055419922,91.11630249023438,96.05281066894533,300.7333068847656,23.17177391052246
2022-08-29,383.6889953613281,161.86000061035156,178.5663299560547,81.93549346923828,90.59806060791016,95.34393310546876,297.7694091796875,23.51112937927246
2022-08-30,379.4768981933594,160.50999450683594,176.06768798828125,80.80279541015625,90.57123565673828,95.46492767333984,294.4533386230469,22.85852432250977
2022-08-31,376.5894470214844,159.27000427246094,174.9995574951172,80.42234802246094,90.19595336914062,94.46212768554688,292.74151611328125,22.37994956970215
2022-09-01,377.7711181640625,157.8699951171875,173.09222412109375,80.56934356689453,89.47891998291016,93.8934326171875,292.8686828613281,21.90137481689453
2022-09-02,373.7877502441406,159.25999450683594,171.74754333496094,79.44526672363281,89.980224609375,93.96282196044922,288.7310485839844,22.04929542541504
2022-09-06,372.3774108886719,158.3300018310547,170.04998779296875,80.16294860839844,88.9776611328125,92.68846893310548,286.6572570800781,21.91877555847168
2022-09-07,379.0670776367188,159.94000244140625,173.75025939941406,81.72797393798828,89.55950164794922,93.95413970947266,292.4480285644531,21.396692276000977
2022-09-08,381.54486083984375,158.97999572753906,175.19984436035156,81.95279693603516,89.22828674316406,93.7374038696289,293.9642639160156,21.48370361328125
2022-09-09,387.4722290039063,159.82000732421875,178.71890258789062,82.84339141845703,89.23725891113281,93.95413970947266,300.3909606933594,22.092803955078125
2022-09-12,391.63665771484375,160.6300048828125,180.8837280273437,83.64752960205078,89.02238464355469,93.74607849121094,303.9613342285156,22.39735221862793
2022-09-13,374.6073303222656,158.5399932861328,173.80743408203125,80.44829559326172,88.5210952758789,93.06991577148438,287.2931213378906,22.28423500061035
2022-09-14,376.0367431640625,157.92999267578125,174.4845733642578,79.53173065185547,88.56587982177734,93.51202392578124,289.5722351074219,22.37994956970215
2022-09-15,371.76751708984375,154.97999572753906,173.21615600585938,78.06180572509766,88.26153564453125,93.0612564086914,284.7497863769531,21.727344512939453
2022-09-16,368.9313659667969,155.83999633789062,170.698486328125,78.07047271728516,88.33316802978516,92.84452056884766,283.00860595703125,21.649030685424805
2022-09-19,371.7923889160156,155.9600067138672,172.15762329101562,77.95804595947266,88.08251953125,93.00056457519533,285.2124938964844,21.71864318847656
2022-09-20,367.5247192382813,155.07000732421875,169.8115692138672,76.06443786621094,87.53646087646484,92.07295989990234,282.93902587890625,21.69253921508789
2022-09-21,361.11370849609375,155.7899932861328,167.217529296875,74.86256408691406,87.88555145263672,92.41973114013672,277.87274169921875,21.56201934814453
2022-09-22,358.08038330078125,155.6999969482422,163.45053100585938,73.91143035888672,86.56078338623047,91.119384765625,274.4527893066406,21.62292861938477
2022-09-23,352.08087158203125,153.00999450683594,159.55955505371094,72.92902374267578,86.66815948486328,90.8593292236328,269.9841613769531,20.892013549804688
2022-09-26,348.59783935546875,151.22999572753906,157.37489318847656,70.8837890625,85.22696685791016,89.28158569335938,268.8670654296875,20.404735565185547
2022-09-27,347.7079162597656,151.5399932861328,157.91168212890625,69.93983459472656,84.64513397216797,87.93787384033203,268.974853515625,20.622270584106445
2022-09-28,354.549560546875,154.69000244140625,162.90606689453125,71.39073181152344,86.55180358886719,89.70632934570312,274.3253479003906,21.19655990600586
2022-09-29,347.1432800292969,154.66000366210938,159.2537841796875,69.2930679321289,86.14897918701172,89.03886413574219,266.4171142578125,21.066038131713867
2022-09-30,341.7752990722656,154.6699981689453,158.09385681152344,70.07093811035156,85.92520904541016,88.81344604492188,261.8996887207031,20.80499839782715
2022-10-03,350.79864501953125,158.42999267578125,162.28297424316406,71.32079315185547,86.94498443603516,90.4564437866211,268.0438842773437,21.274873733520508
2022-10-04,361.668701171875,160.6999969482422,168.71524047851562,72.762939453125,87.12433624267578,90.87395477294922,276.4714050292969,21.849164962768555
2022-10-05,360.82666015625,159.80999755859375,167.46900939941406,71.3382797241211,86.29920959472656,90.18682098388672,276.3244934082031,22.240726470947266
2022-10-06,357.1044006347656,159.6300048828125,166.5296173095703,69.35423278808594,85.8238525390625,89.97807312011719,274.14898681640625,22.37994956970215
2022-10-07,347.1432800292969,157.8800048828125,161.631103515625,67.68485260009766,85.40231323242188,89.08222961425781,263.7027893066406,22.61488342285156
2022-10-10,344.4927978515625,155.47999572753906,160.72998046875,67.04679107666016,84.90003204345703,88.28202819824219,261.06671142578125,22.362546920776367
2022-10-11,342.3111572265625,155.16000366210938,160.77792358398438,67.7285385131836,85.11531066894531,88.09938049316406,257.4801025390625,22.04059410095215
2022-10-12,341.1820373535156,155.99000549316406,160.3369903564453,67.02056884765625,85.39332580566406,87.99498748779297,257.3919372558594,22.04059410095215
2022-10-13,350.18621826171875,154.91000366210938,164.3056182861328,68.24421691894531,85.03457641601562,88.15152740478516,263.4283142089844,22.345144271850582
2022-10-14,342.2059326171875,152.97999572753906,159.90560913085938,66.54859924316406,84.55923461914062,87.30786895751953,255.5103302001953,21.90137481689453
2022-10-17,350.99957275390625,153.4199981689453,165.00543212890625,69.05706787109375,84.64892578125,87.72537231445312,263.9477233886719,21.849164962768555
2022-10-18,355.12371826171875,153.75,166.96096801757812,69.8087387084961,84.86418151855469,88.24723815917969,266.03497314453125,21.61422538757324
2022-10-19,352.6071472167969,151.69000244140625,164.12351989746094,68.06941986083984,83.97623443603516,87.03823852539062,265.0648498535156,21.605525970458984
2022-10-20,349.6503601074219,151.4499969482422,162.03372192382812,67.77224731445312,83.34841918945312,86.2815170288086,263.7125549316406,21.62292861938477
2022-10-21,358.1473999023437,154.14999389648438,165.55178833007812,68.3053970336914,83.53677368164062,86.52507781982422,269.89599609375,21.649030685424805
2022-10-24,362.5298767089844,153.64999389648438,166.26121520996094,68.2966537475586,83.42913818359375,86.4815902709961,272.8652038574219,21.709941864013672
2022-10-25,368.3189392089844,154.0,170.79537963867188,70.97992706298828,84.46954345703125,87.6384048461914,278.5097351074219,21.831764221191406
2022-10-26,365.5439758300781,154.97999572753906,171.6389923095703,70.93623352050781,84.90003204345703,88.03849792480469,272.35565185546875,22.240726470947266
2022-10-27,363.5919799804688,154.74000549316406,171.6773223876953,71.0411148071289,85.5009765625,88.44727325439453,267.3970642089844,22.275531768798828
2022-10-28,372.2420959472656,153.16000366210938,175.578857421875,72.60562896728516,85.06148529052734,88.62992858886719,275.5796203613281,22.01449203491211
2022-10-31,369.5532531738281,151.91000366210938,175.74185180664062,72.5269775390625,84.67579650878906,88.15152740478516,272.375244140625,21.857866287231445
2022-11-01,367.9361572265625,153.4600067138672,175.98146057128906,72.5007553100586,84.66056823730469,88.78578186035156,269.5921936035156,22.18851852416992
2022-11-02,358.702392578125,152.38999938964844,170.14353942871094,70.5079574584961,84.51673126220703,88.35830688476562,260.351318359375,22.388647079467773
2022-11-03,355.0088806152344,151.80999755859375,169.00282287597656,70.41182708740234,84.14823150634766,88.04422760009766,255.2654724121093,22.371244430541992
2022-11-04,360.1185607910156,156.47000122070312,171.28427124023438,71.37325286865234,83.96843719482422,88.2187271118164,259.371337890625,23.128267288208008
2022-11-07,363.5632934570313,155.85000610351562,172.06080627441406,71.37325286865234,83.6718521118164,87.89591979980469,262.2230224609375,22.928136825561523
2022-11-08,365.52484130859375,159.4499969482422,172.12786865234375,71.59175872802734,84.2291030883789,88.26238250732422,264.13385009765625,22.64969062805176
2022-11-09,357.99432373046875,158.64999389648438,167.40194702148438,70.8575668334961,84.51673126220703,88.03553009033203,258.0386962890625,22.127609252929688
2022-11-10,377.6676330566406,163.47999572753906,177.70701599121094,76.04055786132812,86.41326904296875,90.98429870605467,277.07891845703125,22.32773971557617
2022-11-11,381.3228759765625,164.55999755859375,179.1640625,76.03182983398438,86.23348999023438,91.2285614013672,282.1844787597656,22.75410842895508
2022-11-14,378.07904052734375,164.9199981689453,177.16058349609375,74.17888641357422,86.0267562866211,90.76619720458984,279.7150573730469,22.41475486755371
2022-11-15,381.3037109375,165.5,179.78713989257812,74.98298645019531,86.66495513916016,92.03119659423828,283.58575439453125,22.67579460144043
2022-11-16,378.3948059082031,165.1199951171875,176.623779296875,74.3012466430664,87.30309295654297,92.8163604736328,279.7150573730469,22.42345428466797
2022-11-17,377.2369384765625,163.9199981689453,174.98452758789062,73.7943115234375,86.70986938476562,92.31907653808594,279.0976867675781,22.04929542541504
2022-11-18,378.9497680664063,162.7899932861328,176.11570739746094,74.72949981689453,86.4042739868164,92.31037139892578,279.107421875,21.892671585083008
2022-11-21,377.5719299316406,161.8800048828125,175.19540405273438,75.12284088134766,86.350341796875,92.17076873779295,276.2362365722656,21.814359664916992
2022-11-22,382.6528625488281,162.07000732421875,177.06471252441406,75.53362274169922,86.84468841552734,92.99085235595705,280.2148132324219,22.04059410095215
2022-11-23,385.0642395019531,163.0800018310547,177.5248260498047,75.59480285644531,87.31208801269531,93.92432403564452,283.0272521972656,21.736047744750977
2022-11-25,384.97802734375,163.22000122070312,177.89871215820312,76.07553100585938,87.28512573242188,94.02027130126952,281.1653747558594,21.54461669921875
2022-11-28,378.83502197265625,161.92999267578125,174.31350708007812,74.03903198242188,87.3210678100586,93.33981323242188,277.03973388671875,21.41409683227539
2022-11-29,378.184326171875,162.72999572753906,174.82156372070312,75.26268768310547,86.95255279541016,92.87744903564452,274.9426574707031,21.69253921508789
2022-11-30,390.0973510742188,164.80999755859375,179.61460876464844,76.9845199584961,87.73452758789062,94.01158142089844,287.4761657714844,22.17981719970703
2022-12-01,389.810302734375,167.83999633789062,179.2215576171875,76.81845092773438,88.69279479980469,95.18785095214844,287.8289489746094,22.06669807434082
2022-12-02,389.3605346679688,167.25999450683594,180.2664794921875,76.59119415283203,88.87291717529297,95.76548767089844,286.6824645996094,21.831764221191406
2022-12-05,382.356201171875,164.38999938964844,175.3009033203125,75.19275665283203,87.97229766845703,94.95156860351562,281.870849609375,21.266172409057617
2022-12-06,376.84466552734375,164.83999633789062,172.61676025390625,74.48479461669922,88.5126724243164,95.2403793334961,276.0303955078125,20.92681884765625
2022-12-07,376.20355224609375,166.3300018310547,172.10870361328125,74.63336944580078,89.2872085571289,96.2993621826172,274.90350341796875,20.82240104675293
2022-12-08,379.1506652832031,166.47000122070312,173.35487365722656,75.15778350830078,88.78285217285156,95.9930648803711,278.15692138671875,20.787595748901367
2022-12-09,376.3183898925781,167.05999755859375,171.22677612304688,75.01795959472656,88.12541198730469,95.2753448486328,276.3831787109375,20.81369972229004
2022-12-12,381.7438354492188,165.67999267578125,173.23988342285156,75.59480285644531,87.99929809570312,95.1528549194336,279.8522033691406,21.039936065673828
2022-12-13,384.6336059570313,168.50999450683594,174.67478942871094,76.99325561523438,88.79186248779297,95.98429870605467,282.8606262207031,21.38799095153809
2022-12-14,382.1744384765625,168.10000610351562,173.52877807617188,76.46881866455078,89.03504180908203,96.0718231201172,280.7635192871094,21.55331802368164
2022-12-15,372.8258056640625,165.35000610351562,169.1855010986328,75.44622039794922,89.20829772949219,96.15259552001952,271.33648681640625,21.292274475097656
2022-12-16,368.4241943359375,166.7899932861328,167.92393493652344,73.49713134765625,88.98270416259766,95.73998260498048,268.7494506835937,21.022533416748047
2022-12-19,365.3000793457031,166.32000732421875,165.65115356445312,72.56192016601562,88.26081085205078,94.77433013916016,264.9725646972656,20.983139038085938
2022-12-20,365.7999267578125,169.0800018310547,166.52752685546875,72.37837219238281,87.6201171875,93.65945434570312,264.7663269042969,21.07943344116211
2022-12-21,371.2695007324219,168.8000030517578,169.39735412597656,72.99893188476562,87.72840118408203,94.30029296875,268.6070556640625,21.350807189941406
2022-12-22,365.9729309082031,166.75999450683594,167.18238830566406,72.69224548339844,87.70132446289062,94.2739486694336,262.0355529785156,21.07943344116211
2022-12-23,368.07806396484375,167.25999450683594,167.94317626953125,73.33930969238281,87.30427551269531,93.98426055908205,262.6248779296875,21.4646053314209
2022-12-27,366.6266174316406,168.6699981689453,166.81640625,73.3127212524414,86.5733642578125,92.7728271484375,258.9118347167969,21.65719223022461
2022-12-28,362.0701904296875,167.91000366210938,164.2259063720703,72.06291961669922,86.36580657958984,92.4831085205078,255.49346923828125,21.41208267211914
2022-12-29,368.5875854492188,168.85000610351562,168.3861846923828,73.64067077636719,86.7899169921875,93.14151000976562,261.7212219238281,21.385820388793945
2022-12-30,367.61669921875,169.63999938964844,167.91429138183594,73.10884857177734,86.42900085449219,92.55332946777344,261.5639953613281,21.578407287597656
2023-01-03,366.069091796875,171.05999755859375,166.98977661132812,73.17976379394531,87.10577392578125,93.19418334960938,259.7958984375,21.06192398071289
2023-01-04,368.895263671875,172.6699981689453,169.06993103027344,74.83731079101562,87.77352142333984,93.8701629638672,261.0335998535156,20.68550682067871
2023-01-05,364.6848754882813,170.52000427246094,167.2594451904297,72.8252182006836,87.64717864990234,93.79989624023438,256.9472351074219,20.580461502075195
2023-01-06,373.0478210449219,173.7100067138672,171.0152587890625,74.78411865234375,88.77516174316406,95.33617401123048,264.03936767578125,20.69426155090332
2023-01-09,372.8363952636719,174.10000610351562,171.30413818359375,74.81070709228516,89.000732421875,95.7136688232422,265.7485656738281,20.93936920166016
2023-01-10,375.4510192871094,174.74000549316406,173.8369598388672,74.9791259765625,88.4412612915039,95.38882446289062,267.9979858398437,20.93936920166016
2023-01-11,380.1996765136719,174.6199951171875,176.0037384033203,77.66485595703125,89.00978088378906,96.20523071289062,272.6344299316406,21.3157901763916
2023-01-12,381.5838317871094,176.63999938964844,178.96026611328125,78.64874267578125,89.80382537841797,97.29379272460938,274.10791015625,21.49086570739746
2023-01-13,383.0643310546875,178.75999450683594,180.13519287109375,78.1612319946289,89.32559204101562,96.977783203125,275.9938659667969,21.700963973999023
2023-01-17,382.3625183105469,177.58999633789062,179.91368103027344,78.38282775878906,89.04584503173828,96.62664031982422,276.55377197265625,21.849777221679688
2023-01-18,376.3257751464844,177.0800018310547,177.00534057617188,77.23939514160156,90.25502014160156,97.7590789794922,272.95855712890625,21.613422393798828
2023-01-19,373.5862121582031,179.88999938964844,175.3103790283203,76.8139419555664,90.08361053466795,97.55716705322266,270.27691650390625,21.83227157592773
2023-01-20,380.5457153320313,179.2899932861328,178.199462890625,77.72689056396484,89.4880142211914,97.04801177978516,277.6734924316406,21.96358108520508
2023-01-23,385.1117858886719,179.6300048828125,180.40481567382807,78.08146667480469,89.19924926757812,96.76709747314452,283.8424377441406,22.016101837158203
2023-01-24,384.6983642578125,180.27999877929688,180.01959228515625,78.27645874023438,89.71361541748047,97.27626037597656,283.2627868652344,21.8935489654541
2023-01-25,384.8425598144531,181.1100006103516,180.52040100097656,78.3119125366211,89.81288146972656,97.32014465332033,282.63409423828125,21.83227157592773
2023-01-26,389.0721740722656,179.47000122070312,181.5893402099609,79.18944549560547,89.4880142211914,97.28504180908205,288.144775390625,21.92856407165528
2023-01-27,389.9661254882813,179.22000122070312,182.57164001464844,80.0758056640625,89.35264587402344,97.00411987304688,291.0130310058594,21.683454513549805
2023-01-30,385.0732727050781,178.75999450683594,180.0292510986328,79.0564956665039,89.07294464111328,96.63541412353516,285.129150390625,21.403329849243164
2023-01-31,390.7351379394531,179.41000366210938,184.4014129638672,80.71400451660156,89.52410888671875,97.3289031982422,289.402099609375,21.770994186401367
2023-02-01,394.8878173828125,181.6699981689453,187.3001251220703,81.21038818359375,90.1679916381836,98.31694793701172,295.59051513671875,21.35955810546875
2023-02-02,400.6361389160156,177.89999389648438,190.9885711669922,83.05406951904297,90.13182067871094,98.45784759521484,306.19921875,21.201988220214844
2023-02-03,396.3777770996094,173.4600067138672,189.7077178955078,81.4940414428711,89.1642074584961,97.33949279785156,300.7573547363281,20.66800117492676
2023-02-06,393.9553833007813,173.82000732421875,186.96304321289065,80.90016174316406,88.39554595947266,96.59098052978516,298.2132263183594,20.729278564453125
2023-02-07,399.1077575683594,173.97999572753906,188.349838256836,80.7228775024414,88.17852020263672,96.27401733398438,304.391845703125,21.12320327758789
2023-02-08,394.7436218261719,174.41000366210938,185.5955810546875,80.34174346923828,88.50406646728516,96.37086486816406,298.9794006347656,21.16697120666504
2023-02-09,391.3215026855469,173.02999877929688,182.90870666503903,79.46422576904297,88.10617065429688,95.56071472167967,296.3370666503906,21.000646591186523
2023-02-10,392.2347412109375,173.36000061035156,183.2746734619141,79.73898315429688,87.68113708496094,94.8914794921875,294.39215087890625,21.298280715942383
2023-02-13,396.839111328125,172.47999572753906,185.47999572753903,80.44810485839844,87.88915252685547,95.24370574951172,299.107177734375,21.254512786865234
2023-02-14,396.6565551757813,172.61000061035156,185.39328002929688,79.80990600585938,87.4912338256836,95.00594329833984,301.3172607421875,21.32454299926757
2023-02-15,397.9446411132813,170.88999938964844,187.271224975586,80.12899017333984,87.22899627685547,94.64491271972656,303.62567138671875,21.09694099426269
2023-02-16,392.4653930664063,170.75,185.47999572753903,79.34898376464844,86.93960571289062,93.88763427734376,297.9283447265625,21.035663604736328
2023-02-17,391.4849243164063,171.25999450683594,185.99041748046875,79.03874206542969,87.18376922607422,94.25745391845705,295.8263244628906,20.878093719482425
2023-02-21,383.63134765625,170.6199951171875,180.5010986328125,77.4521255493164,86.23426818847656,92.91898345947266,288.8225402832031,20.904354095458984
2023-02-22,383.1026916503906,169.66000366210938,180.9922790527344,76.75186920166016,86.38800048828125,93.1831512451172,289.03863525390625,20.63298416137696
2023-02-23,385.14056396484375,169.57000732421875,182.28273010253903,77.32804107666016,86.72259521484375,93.9140167236328,291.56317138671875,20.79055404663086
2023-02-24,381.0263366699219,168.35000610351562,180.57815551757807,75.97187042236328,86.1980972290039,93.2095718383789,286.6811828613281,20.72052383422852
2023-02-27,382.3240966796875,169.00999450683594,181.21376037597656,76.08708953857422,86.46034240722656,93.23600006103516,288.7341003417969,20.73802947998047
2023-02-28,380.9109802246094,169.77999877929688,181.223373413086,75.9807357788086,86.59596252441406,93.27120208740234,288.3608703613281,20.79930877685547
2023-03-01,379.4498596191406,170.75999450683594,181.4545288085937,75.02344512939453,85.9036636352539,92.68973541259766,286.04266357421875,21.158218383789062
2023-03-02,382.4009399414063,170.66000366210938,181.88784790039065,75.90096282958984,85.55028533935547,92.769287109375,288.4099426269531,21.07943344116211
2023-03-03,388.5338134765625,172.49000549316406,184.4206695556641,77.0532455444336,86.23896026611328,93.82087707519533,294.3724670410156,21.41208267211914
2023-03-06,388.802978515625,171.6199951171875,181.72415161132807,76.75186920166016,86.08488464355469,93.56460571289062,294.7064514160156,21.307035446166992
2023-03-07,382.8431701660156,168.6199951171875,179.61514282226562,74.9614028930664,86.09396362304688,93.29949188232422,291.09161376953125,20.86933898925781
2023-03-08,383.4679870605469,168.5399932861328,179.70179748535156,75.82118225097656,86.06678009033203,93.1492691040039,292.5453796386719,20.75553703308105
2023-03-09,376.3930358886719,170.1999969482422,174.7036895751953,74.08387756347656,86.60142517089844,93.0608901977539,287.4768371582031,20.50167655944824
2023-03-10,370.9619140625,173.8699951171875,169.66700744628906,71.62859344482422,88.1962661743164,94.3952407836914,283.43963623046875,20.72052383422852
2023-03-13,370.4331970214844,177.86000061035156,166.903076171875,72.56815338134766,89.2655029296875,94.4748077392578,285.5416564941406,20.58921432495117
2023-03-14,376.5565185546875,176.8300018310547,169.99444580078125,73.26840209960938,88.42277526855469,94.19198608398438,292.1033630371094,20.326595306396484
2023-03-15,374.2013549804688,178.2100067138672,167.1920166015625,73.21521759033203,89.70045471191406,95.0933837890625,293.6357727050781,19.85388565063477
2023-03-16,380.7668151855469,178.57000732421875,169.47439575195312,73.05565643310547,88.89398193359375,94.95197296142578,301.3761901855469,19.915163040161133
2023-03-17,376.3146362304688,183.7700042724609,164.89999389648438,71.39813995361328,89.94512176513672,95.4291763305664,299.95184326171875,19.85388565063477
2023-03-20,379.93304443359375,183.83999633789065,167.03793334960938,72.21360778808594,89.5826644897461,95.14640045166016,301.0163879394531,19.93267059326172
2023-03-21,384.92181396484375,180.3699951171875,170.11965942382812,71.8945083618164,88.80337524414062,95.60591888427734,305.3156433105469,20.002700805664062
2023-03-22,378.36029052734375,183.44000244140625,165.29483032226562,69.20877075195312,89.97232818603516,96.16263580322266,301.1639099121094,20.055225372314453
2023-03-23,379.3831787109375,185.7400054931641,164.5612335205078,68.7744369506836,90.48884582519533,96.43655395507812,304.7351989746094,20.002700805664062
2023-03-24,381.8726806640625,183.6499938964844,166.0497283935547,70.5381088256836,90.51599884033205,96.73699951171876,305.85675048828125,20.0989933013916
2023-03-27,382.5867004394531,181.9499969482422,167.89588928222656,70.45752716064453,89.40142059326172,95.57938385009766,303.7611999511719,20.475414276123047
2023-03-28,381.7279052734375,183.44000244140625,167.65428161621094,70.28744506835938,89.3470687866211,95.42033386230467,302.14776611328125,20.571706771850582
2023-03-29,387.27630615234375,182.52999877929688,169.55845642089844,71.84519958496094,89.19303131103516,95.86216735839844,307.6571044921875,20.440399169921875
2023-03-30,389.5438537597656,184.17999267578125,169.32647705078125,72.78523254394531,89.32894897460938,95.99473571777344,310.56915283203125,20.58921432495117
2023-03-31,395.0343322753906,183.22000122070312,172.43885803222656,74.3429946899414,89.81829071044922,96.86071014404295,315.73419189453125,20.781801223754883
2023-04-03,396.5396728515625,184.5399932861328,172.51620483398438,73.75212860107422,90.24137878417967,97.44580078125,314.9668273925781,21.12320327758789
2023-04-04,394.3395690917969,187.97999572753903,169.4907989501953,73.65363311767578,90.8224868774414,97.56987762451172,313.904296875,21.09694099426269
2023-04-05,393.3070983886719,187.8300018310547,167.82826232910156,73.25971984863281,91.20378875732422,97.88899230957033,310.8052978515625,21.17572784423828
2023-04-06,394.8413391113281,186.4900054931641,168.07960510253906,73.76107025146484,91.2310562133789,97.80036163330078,312.9007568359375,21.11445045471192
2023-04-10,395.2466430664063,185.1100006103516,169.87741088867188,74.10128021240234,90.33216094970705,97.34827423095705,312.7236633300781,21.11445045471192
2023-04-11,395.352783203125,186.27999877929688,171.2209930419922,74.41461944580078,90.29588317871094,97.32168579101562,310.7167358398437,21.22825050354004
2023-04-12,393.7413330078125,187.19000244140625,169.96441650390625,74.05652618408203,90.55915069580078,97.11781311035156,307.971923828125,21.394575119018555
2023-04-13,398.9712829589844,189.72000122070312,172.216552734375,73.83270263671875,90.2595443725586,97.28622436523438,314.002685546875,21.394575119018555
2023-04-14,397.9967346191406,186.3600006103516,170.6120147705078,72.68675994873047,89.81466674804688,96.96709442138672,313.412353515625,21.42083549499512
2023-04-17,399.4248352050781,185.52999877929688,172.80618286132812,74.19973754882812,89.24263000488281,96.35547637939452,313.677978515625,21.333297729492188
2023-04-18,399.6853332519531,186.25,172.0715789794922,74.0296630859375,89.38787078857422,96.67459106445312,313.6976318359375,21.37706756591797
2023-04-19,399.6178283691406,185.3600006103516,172.2938995361328,74.46834564208984,89.1972427368164,96.19590759277344,313.55010986328125,21.07943344116211
2023-04-20,397.4370422363281,186.08999633789065,171.40464782714844,73.73420715332031,89.71475982666016,96.5593719482422,311.159423828125,20.89560317993164
2023-04-21,397.7457885742188,184.25,171.62693786621094,73.74317932128906,89.49685668945312,96.6213836669922,311.48406982421875,20.851831436157227
2023-04-24,398.1607055664063,184.8099975585937,171.51097106933594,73.46562957763672,89.93267822265625,97.04689025878906,310.8348083496094,21.018156051635746
2023-04-25,391.8403625488281,185.75,167.27731323242188,72.740478515625,90.8224868774414,97.47238159179688,304.97125244140625,20.72052383422852
2023-04-26,390.1806945800781,184.7400054931641,165.66311645507812,72.04216003417969,90.46835327148438,97.04689025878906,306.8209228515625,20.40538215637207
2023-04-27,397.9484558105469,184.75,167.87657165527344,73.67153930664062,89.87821197509766,96.69230651855467,315.16357421875,20.431644439697266
2023-04-28,401.3450317382813,184.8000030517578,169.34579467773438,74.57577514648438,90.55010223388672,97.44580078125,317.3377380371094,20.624229431152344
2023-05-01,400.9397583007813,183.97000122070312,169.4424591064453,74.02069854736328,89.48431396484375,95.8732452392578,316.9737548828125,20.44915199279785
2023-05-02,396.4334411621094,187.5200042724609,165.9627685546875,72.76731872558594,90.6492691040039,97.02952575683594,314.2093505859375,19.98519325256348
2023-05-03,393.71240234375,189.1100006103516,166.57168579101562,72.4808349609375,91.24087524414062,97.18963623046876,312.153076171875,19.73133087158203
2023-05-04,390.92376708984375,190.44000244140625,164.70616149902344,73.0806655883789,91.2226791381836,96.92279815673828,311.0512390136719,19.810115814208984
2023-05-05,398.1607055664063,187.4600067138672,168.620849609375,74.29822540283203,90.7311782836914,96.54035186767578,317.6625061035156,20.25656509399414
2023-05-08,398.266845703125,187.69000244140625,168.2342529296875,73.8685073852539,90.1760482788086,95.84657287597656,318.44952392578125,20.35285758972168
2023-05-09,396.5203552246094,189.0200042724609,167.73159790039062,73.55516815185547,90.06680297851562,95.81098175048828,316.4326477050781,20.414134979248047
2023-05-10,398.37298583984375,188.75,168.5821990966797,74.26241302490234,90.7402801513672,96.56702423095705,319.8760681152344,20.35285758972168
2023-05-11,397.6782531738281,187.1300048828125,167.28700256347656,73.44773864746094,91.07704162597656,96.9405746459961,320.9189147949219,20.002700805664062
2023-05-12,397.15716552734375,186.8099975585937,166.94866943359375,73.43877410888672,90.53097534179688,96.34463500976562,319.76776123046875,19.84513282775879
2023-05-15,398.5274353027344,187.2100067138672,168.98817443847656,73.31344604492188,90.33073425292967,95.82875061035156,321.4992980957031,20.072734832763672
2023-05-16,395.8642272949219,184.8699951171875,166.5233612060547,71.47814178466797,90.03948211669922,95.34845733642578,321.86334228515625,19.85388565063477
2023-05-17,400.6695556640625,184.22999572753903,170.2350616455078,72.44503021240234,89.7482681274414,95.33956909179688,325.7592163085937,20.09024238586425
2023-05-18,404.5293273925781,181.83999633789065,171.269287109375,72.09588623046875,89.19305419921875,94.9393310546875,331.8096618652344,19.90641021728516
2023-05-19,403.9407043457031,183.63999938964844,170.2253875732422,71.9794921875,88.85630798339844,94.8237075805664,331.0619812011719,19.880146026611328
2023-05-22,404.1047058105469,183.2100067138672,172.3035430908203,72.41817474365234,88.6925048828125,94.7881088256836,332.1737060546875,19.89765357971192
2023-05-23,399.5695190429688,183.42999267578125,171.4916229248047,71.73777770996094,88.838134765625,94.98379516601562,327.9628295898437,19.9764404296875
2023-05-24,396.67474365234375,181.9499969482422,169.67442321777344,70.19791412353516,88.61056518554688,94.6102294921875,326.2806091308594,19.98519325256348
2023-05-25,400.10986328125,180.1999969482422,168.3502197265625,70.18895721435547,88.055419921875,94.29891204833984,334.219970703125,19.67005157470703
2023-05-26,405.2915954589844,180.9199981689453,170.2640380859375,70.99469757080078,88.21923828125,94.69918060302734,342.7594299316406,19.98519325256348
2023-05-30,405.4459838867188,182.0399932861328,169.63577270507812,71.2632827758789,88.91093444824219,95.41072845458984,344.3138427734375,19.52123641967773
2023-05-31,403.1977233886719,182.32000732421875,167.96360778808594,71.62139129638672,89.2476806640625,95.72206115722656,342.3560485839844,19.30238914489746
2023-06-01,407.0285034179688,183.759994506836,169.78076171875,71.6303482055664,89.4958267211914,96.01561737060548,346.3110046386719,19.61752891540528
2023-06-02,412.9145812988281,181.0500030517578,175.9379425048828,73.37610626220703,88.78423309326172,95.75684356689452,348.9082336425781,19.87139320373535
2023-06-05,412.1233520507813,182.13999938964844,173.57945251464844,72.86579895019531,88.75686645507812,95.5516128540039,349.1541748046875,19.81886863708496
2023-06-06,413.0206909179688,182.33999633789065,178.1514129638672,73.5641098022461,88.81160736083984,95.73900604248048,349.0951538085937,19.84513282775879
2023-06-07,411.5925598144531,180.1499938964844,181.4846954345703,74.91597747802734,88.16386413574219,94.88233947753906,343.1726379394531,19.923917770385746
2023-06-08,414.0821228027344,182.52999877929688,180.80621337890625,74.45043182373047,88.75686645507812,95.5159149169922,347.4324951171875,19.95893096923828
2023-06-09,414.82513427734375,182.0399932861328,179.34263610839844,74.02069854736328,88.43756866455078,95.26607513427734,348.7606811523437,19.836376190185547
2023-06-12,418.58837890625,181.8800048828125,180.08897399902344,74.03861236572266,88.58353424072266,95.56945037841795,354.6536865234375,19.56500816345215
2023-06-13,421.3481750488281,180.5399932861328,182.15347290039065,74.51309967041016,87.95405578613281,95.1411361694336,357.3788146972656,19.82762336730957
2023-06-14,421.849853515625,180.63999938964844,180.19558715820312,74.7906265258789,88.07266998291016,95.43560028076172,359.9761657714844,19.87139320373535
2023-06-15,427.0798034667969,181.9100036621093,181.67857360839844,75.1845474243164,88.75686645507812,96.26545715332033,364.26556396484375,20.291580200195312
2023-06-16,425.6251220703125,181.6300048828125,180.22463989257807,75.1308364868164,88.37371826171875,96.09593200683594,361.9732360839844,20.54544448852539
2023-06-20,423.4168701171875,179.75,179.43955993652344,74.24452209472656,88.63827514648438,96.44393920898438,361.4550476074219,20.36161231994629
2023-06-21,421.2473754882813,179.49000549316406,179.0227508544922,73.79688262939453,88.72037506103516,96.3368682861328,356.5292358398437,20.65924644470215
2023-06-22,422.7679748535156,177.7100067138672,177.6948699951172,72.740478515625,88.21858978271484,95.837158203125,360.7358703613281,20.27407455444336
2023-06-23,419.5718078613281,178.1999969482422,175.0197296142578,71.73777770996094,88.58353424072266,96.10484313964844,357.1597595214844,20.055225372314453
2023-06-26,417.8576049804688,178.50999450683594,175.19418334960938,73.3940200805664,88.80248260498047,96.2119369506836,352.3718566894531,20.08148765563965
2023-06-27,422.4386291503906,177.69000244140625,177.7239532470703,74.29822540283203,88.49230194091797,96.10484313964844,358.4305419921875,19.7575912475586
2023-06-28,422.6517333984375,177.27999877929688,178.59629821777344,74.40567016601562,88.84809875488281,96.52424621582033,359.130126953125,19.69631576538086
2023-06-29,424.3175659179688,177.08999633789062,180.651123046875,75.2367935180664,87.93579864501953,95.79254150390624,358.4109191894531,19.70506858825684
2023-06-30,429.3248291015625,178.27000427246094,181.51377868652344,75.65327453613281,88.12739562988281,96.49748229980467,363.9376525878906,19.87139320373535
2023-07-03,429.81878662109375,178.47000122070312,181.882080078125,76.39568328857422,87.74513244628906,96.22711944580078,364.7947387695313,19.87139320373535
2023-07-05,429.1795349121094,177.83999633789062,180.06954956054688,76.56770324707031,87.324462890625,95.53781127929688,364.784912109375,19.99394798278809
2023-07-06,425.81884765625,177.30999755859375,177.1617889404297,75.97920989990234,86.61116790771484,94.57096862792967,362.00677490234375,19.950180053710938
2023-07-07,424.7436828613281,178.63999938964844,179.03245544433594,75.80718994140625,86.50143432617188,94.48143768310548,360.8047790527344,20.11650276184082
2023-07-10,425.81884765625,178.77999877929688,182.0953369140625,76.13313293457031,86.94953918457031,94.97382354736328,360.9230346679688,20.1602725982666
2023-07-11,428.5306091308594,179.4499969482422,183.9660186767578,77.21958923339844,87.1324234008789,95.4214096069336,362.7062683105469,20.39662742614746
2023-07-12,431.9785461425781,181.8800048828125,185.972396850586,77.63606262207031,87.98290252685547,96.2629165649414,367.2872009277344,20.54544448852539
2023-07-13,435.4070739746094,182.009994506836,187.4747314453125,78.1340103149414,88.7145004272461,96.94330596923828,373.5232543945313,20.834321975708008
2023-07-14,435.1359252929688,181.42999267578125,185.6428375244141,77.98008728027344,88.27554321289062,96.1913070678711,373.4444274902344,20.69426155090332
2023-07-17,436.6468505859375,181.5599975585937,187.6298065185547,77.47309112548828,88.42184448242188,96.35245513916016,376.931884765625,20.527936935424805
2023-07-18,439.8913269042969,183.63999938964844,189.9463806152344,77.04756164550781,88.52243041992188,96.59415435791016,380.0154724121094,20.79930877685547
2023-07-19,440.86956787109375,183.6699981689453,190.7508239746093,77.91671752929688,88.82422637939453,97.14024353027344,379.92681884765625,20.9131088256836
2023-07-20,437.9446105957031,182.7400054931641,189.08370971679688,77.66321563720703,88.12005615234375,96.48675537109376,371.1687622070313,20.97438621520996
2023-07-21,437.9446105957031,182.17999267578125,188.48277282714844,78.02536010742188,88.19322967529297,96.65684509277344,370.0555114746094,21.08819007873535
2023-07-24,439.9010314941406,181.3999938964844,188.94802856445312,78.66818237304688,87.98290252685547,96.54045104980467,370.6466674804688,21.4646053314209
2023-07-25,441.1020202636719,182.4100036621093,188.9286193847656,78.10684204101562,87.81830596923828,96.38827514648438,373.1587219238281,21.543392181396484
2023-07-26,441.1697998046875,183.3000030517578,190.4213104248047,78.45994567871094,88.12005615234375,96.83586883544922,371.91748046875,21.438344955444336
2023-07-27,438.2449035644531,180.4199981689453,187.95936584472656,76.7578353881836,87.15985870361328,95.65418243408205,371.0307922363281,21.385820388793945
2023-07-28,442.5354614257813,181.8600006103516,190.3921813964844,76.69446563720703,87.44334411621094,96.28085327148438,377.7890319824219,21.51712989807129
2023-07-31,443.3780212402344,182.3500061035156,192.6021423339844,77.19242095947266,87.55309295654297,96.5494155883789,377.9859924316406,21.60466957092285
2023-08-01,442.1093444824219,180.4600067138672,191.72010803222656,77.06566619873047,87.04151153564453,95.58732604980467,377.10931396484375,21.49086570739746
2023-08-02,435.9591979980469,179.60000610351562,189.11279296875,76.62202453613281,86.86730194091797,95.00345611572266,368.8338317871094,21.16697120666504
2023-08-03,434.7098083496094,179.5399932861328,188.5796813964844,75.78907775878906,86.22554779052734,94.15005493164062,368.2428283691406,21.36831283569336
2023-08-04,432.7437438964844,180.19000244140625,188.20169067382807,75.17342376708984,87.1423568725586,95.12921142578124,366.5187683105469,21.403329849243164
2023-08-07,436.5208740234375,179.77999877929688,188.32769775390625,76.11502075195312,86.93148803710938,94.89564514160156,369.62200927734375,21.41208267211914
2023-08-08,434.6225891113281,178.63999938964844,187.14517211914065,75.62611389160156,87.3715591430664,95.2729034423828,366.4793701171875,21.385820388793945
2023-08-09,431.7170715332031,177.7899932861328,185.68161010742188,75.6170654296875,87.42656707763672,95.36275482177734,362.4500427246094,21.534639358520508
2023-08-10,431.87200927734375,177.60000610351562,184.8577423095703,75.32733154296875,86.75730895996094,94.68904876708984,363.1199645996094,21.42083549499512
2023-08-11,431.6202392578125,177.60000610351562,185.11944580078125,75.4450454711914,86.29890441894531,94.36566925048828,360.8047790527344,21.385820388793945
2023-08-14,434.0027465820313,177.05999755859375,184.7995758056641,74.94708251953125,86.161376953125,94.3297348022461,364.8538818359375,21.2807731628418
2023-08-15,428.9470825195313,176.58999633789062,182.3570556640625,74.10507202148438,85.99634552001953,93.83567810058594,360.982177734375,21.026912689208984
2023-08-16,425.7994689941406,175.57000732421875,180.1277313232422,73.19065856933594,85.66629791259766,93.41346740722656,357.1597595214844,20.93936920166016
2023-08-17,422.5548706054688,175.3000030517578,178.00502014160156,72.60216522216797,85.5562973022461,93.16194915771484,353.2585144042969,20.99189567565918
2023-08-18,422.75830078125,175.3300018310547,178.97430419921875,72.8284912109375,85.81298065185547,93.51228332519533,352.81524658203125,21.14071083068848
2023-08-21,425.50885009765625,175.80999755859375,178.7126007080078,72.15851593017578,85.2812271118164,92.95535278320312,358.49957275390625,21.08819007873535
2023-08-22,424.3563232421875,176.10000610351562,178.17953491210938,72.36676025390625,85.31790924072266,93.24281311035156,357.9873046875,21.09694099426269
2023-08-23,429.0826721191406,177.88999938964844,180.0792694091797,73.50753021240234,86.24388122558594,94.5543212890625,363.6322937011719,21.14071083068848
2023-08-24,423.1359558105469,177.85000610351562,177.5882568359375,73.22686004638672,85.92302703857422,94.23090362548828,355.8593444824219,21.158218383789062
2023-08-25,426.1189880371094,177.6199951171875,178.34429931640625,73.28119659423828,85.8955078125,94.2848129272461,358.61773681640625,21.36831283569336
2023-08-28,428.82122802734375,178.1300048828125,179.93386840820312,73.96927642822266,86.13386535644531,94.58124542236328,361.3171691894531,21.333297729492188
2023-08-29,435.0196838378906,179.8699951171875,182.4442596435547,74.86559295654297,86.74813079833984,95.33582305908205,369.2082824707031,21.41208267211914
2023-08-30,436.8114929199219,180.32000732421875,183.1324462890625,75.13721466064453,86.73896789550781,95.20105743408205,371.2672424316406,21.438344955444336
2023-08-31,436.1722412109375,180.02000427246094,182.8125762939453,74.58492279052734,86.91314697265625,95.36275482177734,372.3804321289063,21.525882720947266
2023-09-01,436.9858093261719,180.11000061035156,184.98374938964844,74.711669921875,86.38189697265625,94.68394470214844,371.9863586425781,21.779747009277344
2023-09-05,435.0972290039063,178.63999938964844,181.08729553222656,73.84251403808594,85.85796356201172,94.0078125,372.4592590332031,21.88479423522949
2023-09-06,432.1722717285156,177.8300018310547,180.4088134765625,73.68860626220703,85.63737487792969,93.91769409179688,369.1786804199219,21.93731689453125
2023-09-07,430.8453979492188,178.02000427246094,178.66415405273438,74.15035247802734,85.93148040771484,94.33233642578124,366.5384826660156,21.8935489654541
2023-09-08,431.4942932128906,178.0800018310547,178.26675415039062,73.86062622070312,85.94989013671875,94.40447998046876,367.05072021484375,21.93731689453125
2023-09-11,434.3320617675781,178.41000366210938,178.69320678710938,73.86967468261719,85.80281829833984,94.22419738769533,371.3756408691406,22.06862449645996
2023-09-12,431.9494934082031,177.49000549316406,178.51876831054688,73.8334732055664,85.92231750488281,94.1971435546875,367.2576599121094,22.147411346435547
2023-09-13,432.4530944824219,177.0800018310547,177.34591674804688,73.02769470214844,86.02342224121094,94.40447998046876,368.6565856933594,22.21744155883789
2023-09-14,436.1818542480469,177.1699981689453,179.84664916992188,74.34953308105469,85.83036804199219,94.23318481445312,371.6711120605469,22.401275634765625
2023-09-15,430.9266662597656,178.33999633789062,177.96629333496094,74.0688705444336,85.5638198852539,94.0889663696289,365.3070068359375,22.348752975463867
2023-09-18,431.1793823242188,179.38999938964844,176.7837677001953,73.40795135498047,85.64656829833984,94.26925659179688,365.6878662109375,22.33999824523925
2023-09-19,430.2851867675781,179.22000122070312,176.09559631347656,73.07294464111328,85.33406066894531,93.9537353515625,364.9084167480469,22.35750770568848
2023-09-20,426.3294067382813,179.35000610351562,174.3314971923828,73.13632202148438,85.26971435546875,93.98977661132812,359.6499938964844,22.173673629760746
2023-09-21,419.2829284667969,178.0500030517578,171.62730407714844,70.64655303955078,84.635498046875,93.04322052001952,353.0595397949219,22.10364151000977
2023-09-22,418.3401184082031,178.6199951171875,171.23959350585938,70.11236572265625,84.96638488769531,93.61116790771484,353.10888671875,22.12114906311035
2023-09-25,420.0993041992188,177.6999969482422,172.00531005859375,70.04898834228516,84.34137725830078,92.70065307617188,354.7861022949219,22.016101837158203
2023-09-26,413.9275207519531,176.27999877929688,169.7937774658203,68.77240753173828,84.31380462646484,92.43923950195312,349.4585266113281,21.98984146118164
2023-09-27,414.0928039550781,174.10000610351562,171.38111877441406,68.31065368652344,83.93695831298828,92.00650787353516,350.2774658203125,22.11239624023437
2023-09-28,416.4934387207031,173.22999572753906,172.92945861816406,68.96614837646484,84.16673278808594,92.16876983642578,353.2075500488281,22.08613395690918
2023-09-29,415.4826354980469,171.4499969482422,172.11148071289062,69.16727447509766,84.18513488769531,91.97045135498048,353.4640197753906,21.849777221679688
2023-10-02,415.3174133300781,169.64999389648438,169.51138305664062,67.89653778076172,83.50224304199219,91.12786865234376,356.4139404296875,21.683454513549805
2023-10-03,409.7579040527344,169.16000366210938,166.65811157226562,66.57097625732422,82.81108093261719,90.07803344726562,350.15899658203125,21.58716011047364
2023-10-04,412.7417907714844,169.13999938964844,166.73602294921875,67.38459777832031,83.33636474609375,90.86539459228516,354.9242248535156,20.983139038085938
2023-10-05,412.5862731933594,168.8300018310547,166.86260986328125,67.7594223022461,83.49301147460938,90.75679779052734,353.8783874511719,20.86058616638184
2023-10-06,417.48480224609375,169.6999969482422,168.4694061279297,67.9422607421875,83.00460052490234,90.48528289794922,359.80780029296875,20.93936920166016
2023-10-09,420.1576232910156,172.82000732421875,169.44317626953125,68.6827392578125,84.06438446044922,91.60751342773438,361.6428527832031,21.37706756591797
2023-10-10,422.3445434570313,172.52999877929688,171.36160278320312,69.0118637084961,83.89849853515625,91.64373779296876,363.6455993652344,21.32454299926757
2023-10-11,424.0745239257813,173.7899932861328,171.06947326660156,70.20942687988281,84.35929870605469,92.20484161376952,366.2403869628906,21.201988220214844
2023-10-12,421.4892272949219,173.25999450683594,167.2034454345703,69.18555450439453,83.54832458496094,91.24549865722656,364.9676208496094,21.193233489990234
2023-10-13,419.3898315429688,178.8300018310547,165.81089782714844,69.0118637084961,84.08281707763672,91.7523193359375,360.3800354003906,21.75348472595215
2023-10-16,423.8024291992188,177.9600067138672,168.48887634277344,69.8346176147461,83.58515930175781,91.11880493164062,364.4546508789063,21.683454513549805
2023-10-17,423.782958984375,178.2899932861328,170.36831665039062,69.73406219482422,82.7649917602539,90.39476776123048,363.2608337402344,21.74473190307617
2023-10-18,418.1360473632813,180.8699951171875,166.86260986328125,68.25308227539062,82.37793731689453,89.6707534790039,358.4956359863281,21.93731689453125
2023-10-19,414.4620666503906,183.08999633789065,164.20407104492188,66.63497161865234,81.97245788574219,88.94674682617188,355.1412658691406,22.164918899536133
2023-10-20,409.369140625,183.58999633789065,162.08119201660156,66.18701934814453,82.45166015625,89.2996826171875,349.8432922363281,21.998594284057617
2023-10-23,408.6596374511719,182.97000122070312,160.7081298828125,65.53794860839844,82.8387222290039,89.99657440185547,350.89898681640625,21.858531951904297
2023-10-24,411.7406921386719,182.9499969482422,162.1104278564453,66.37899780273438,82.98616027832031,90.5033721923828,354.3125305175781,21.62217712402344
2023-10-25,405.831298828125,183.72000122070312,159.4324493408203,64.95286560058594,82.25811767578125,89.67979431152344,345.6404113769531,21.779747009277344
2023-10-26,400.9716491699219,184.009994506836,159.84141540527344,66.1961669921875,82.88479614257812,90.33142852783205,339.0500183105469,21.59591484069824
2023-10-27,399.1541137695313,186.1499938964844,157.9619903564453,65.1357192993164,83.01380920410156,90.15042114257812,340.6778564453125,21.88479423522949
2023-10-30,403.9263610839844,185.1000061035156,158.83840942382812,65.54707336425781,82.73735046386719,89.87891387939453,344.5157165527344,21.534639358520508
2023-10-31,406.4630432128906,184.08999633789065,160.2114715576172,66.66239166259766,82.56222534179688,89.75220489501953,346.1632995605469,21.45585250854492
2023-11-01,410.79791259765625,183.509994506836,161.1268768310547,67.07377624511719,83.51317596435547,91.03662109375,352.171630859375,21.49086570739746
2023-11-02,418.6705932617188,184.1199951171875,165.42137145996094,69.27696990966797,84.03068542480469,92.1175765991211,358.56475830078125,21.718469619750977
2023-11-03,422.49029541015625,184.7899932861328,169.92037963867188,70.93164825439453,84.67755889892578,92.57177734375,362.7773742675781,21.60466957092285
2023-11-06,423.4622192382813,183.3500061035156,167.79745483398438,69.90775299072266,84.18777465820312,92.08126068115234,364.25726318359375,21.69220733642578
2023-11-07,424.6673889160156,182.58999633789065,167.2034454345703,69.3318099975586,84.66832733154297,92.81702423095705,367.7005004882813,21.22825050354004
2023-11-08,424.9783935546875,180.7700042724609,165.42137145996094,69.56036376953125,85.01023864746094,93.28939056396484,367.9372253417969,20.99189567565918
2023-11-09,421.66412353515625,181.4900054931641,162.8602294921875,68.46333312988281,84.16929626464844,92.34468841552734,365.1057739257813,20.93936920166016
2023-11-10,428.244140625,179.50999450683594,164.6812744140625,69.103271484375,84.26170349121094,92.80796813964844,373.3141784667969,21.044418334960938
2023-11-13,427.8359069824219,180.509994506836,164.73971557617188,68.52732849121094,84.21549987792969,92.81702423095705,372.1499938964844,21.350807189941406
2023-11-14,436.13623046875,182.1199951171875,173.78639221191406,72.3303451538086,85.4815673828125,94.2704086303711,380.1611022949219,21.3157901763916
2023-11-15,437.0596008300781,181.63999938964844,174.08828735351562,72.54060363769531,84.8161849975586,93.77989959716795,380.44720458984375,21.17572784423828
2023-11-16,437.5941467285156,183.69000244140625,171.27398681640625,72.38519287109375,85.4538345336914,94.552001953125,380.7727661132813,20.66800117492676
2023-11-17,438.138427734375,183.6699981689453,173.62083435058594,72.3303451538086,85.50927734375,94.82454681396484,380.861572265625,20.965633392333984
2023-11-20,441.5110473632813,183.3699951171875,174.63365173339844,72.86056518554688,85.6294174194336,95.20603942871094,385.4985046386719,21.22825050354004
2023-11-21,440.548828125,185.3500061035156,172.38409423828125,72.34862518310547,85.74031829833984,95.23330688476562,383.2589416503906,21.350807189941406
2023-11-22,442.249755859375,184.5599975585937,173.46505737304688,72.70516204833984,85.71257019042969,95.61483764648438,384.8276062011719,21.16697120666504
2023-11-24,442.5218200683594,185.5200042724609,174.63365173339844,72.91542053222656,85.26899719238281,95.12428283691406,384.2849731445313,21.026912689208984
2023-11-27,441.724853515625,186.7700042724609,174.04931640625,73.1805419921875,85.91588592529297,95.89641571044922,383.9495544433594,20.88684844970703
2023-11-28,442.1622009277344,189.259994506836,173.3773956298828,73.66505432128906,86.29478454589844,96.27791595458984,384.9558715820313,21.14071083068848
2023-11-29,441.8512268066406,189.5399932861328,174.29278564453125,74.17699432373047,86.74762725830078,97.0591049194336,384.5809631347656,21.289527893066406
2023-11-30,443.5909729003906,188.75,174.9549560546875,74.71636962890625,86.32250213623047,96.55043029785156,383.6140747070313,20.93061637878418
2023-12-01,446.2151794433594,192.009994506836,180.06747436523438,76.55387878417969,87.13697814941406,97.71292877197266,384.7091979980469,20.834321975708008
2023-12-04,443.8728637695313,187.8600006103516,181.99563598632807,77.11153411865234,86.7756118774414,97.2661590576172,381.1377868652344,20.69426155090332
2023-12-05,443.785400390625,187.1499938964844,179.5611114501953,76.5995864868164,87.38715362548828,98.04114532470705,382.0947570800781,20.510427474975582
2023-12-06,441.9970703125,187.83999633789065,179.23973083496094,76.37104034423828,87.74853515625,98.4058609008789,379.8847961425781,20.011457443237305
2023-12-07,445.3695983886719,188.1499938964844,180.5349273681641,76.59044647216797,87.61882019042969,98.41498565673828,385.1926574707031,20.046470642089844
2023-12-08,447.2843627929688,185.63999938964844,181.90798950195312,76.46245574951172,87.05359649658203,97.88616943359376,386.9093017578125,20.134010314941406
2023-12-11,449.0241088867188,183.58999633789065,182.28781127929688,76.67272186279297,87.06288146972656,97.85880279541016,390.21429443359375,20.06397819519043
2023-12-12,451.0748596191406,183.4900054931641,182.102767944336,76.62702178955078,87.2481918334961,98.41498565673828,393.3221130371094,19.7575912475586
2023-12-13,457.2952880859375,187.6300048828125,188.2669677734375,79.56153869628906,88.54540252685547,100.06526184082033,398.3240966796875,19.98519325256348
2023-12-14,458.762939453125,188.72999572753903,193.5061187744141,81.85614776611328,89.28145599365234,101.1294403076172,397.9788208007813,20.317842483520508
2023-12-15,458.0074768066406,187.0,191.8797912597656,80.70427703857422,89.20709228515625,100.98303985595705,399.9025573730469,20.35285758972168
2023-12-18,460.5838623046875,187.8500061035156,191.947998046875,80.52144622802734,89.01192474365234,100.56214141845705,402.4214477539063,20.498884201049805
2023-12-19,463.3846435546875,189.1300048828125,195.66796875,81.13394165039062,89.17920684814453,100.6902084350586,404.4777221679688,20.655014038085938
2023-12-20,456.96337890625,188.1000061035156,191.84051513671875,80.1466293334961,89.61600494384766,100.95556640625,398.46728515625,20.416229248046875
2023-12-21,461.2962646484375,189.42999267578125,195.1049652099609,80.85738372802734,89.47661590576172,100.9189910888672,403.1036376953125,20.452964782714844
2023-12-22,462.2232971191406,190.2700042724609,196.9228973388672,81.17203521728516,89.39295959472656,100.74512481689452,403.7066040039063,20.416229248046875
2023-12-26,464.1750793457031,191.72000122070312,199.483642578125,81.77359771728516,89.44873046875,100.95556640625,406.1780090332031,20.61827850341797
2023-12-27,465.0143127441406,192.58999633789065,200.1873779296875,82.1715316772461,90.14572143554688,101.8980712890625,407.0048522949219,20.52643775939941
2023-12-28,465.1899719238281,191.47000122070312,199.42498779296875,82.75457763671875,89.8018798828125,101.6326904296875,406.80706787109375,20.351940155029297
2023-12-29,463.84326171875,191.1699981689453,196.1703186035156,81.77359771728516,89.57882690429688,101.2575225830078,405.0464477539063,20.24173164367676
2024-01-02,461.2474670410156,190.72000122070312,195.0072631835937,82.47693634033203,89.24427795410156,100.57125854492188,398.1922302246094,20.07641792297364
2024-01-03,457.4805908203125,189.1300048828125,189.8075561523437,80.5057144165039,89.45802307128906,100.34249877929688,393.9786987304688,20.33357048034668
2024-01-04,456.0069885253906,189.32000732421875,189.4361724853516,80.35763549804688,88.91902923583984,99.78434753417967,391.9511413574219,20.223363876342773
2024-01-05,456.6315612792969,189.3500061035156,188.8790435791016,80.15403747558594,88.59375762939453,99.42747497558594,392.4159851074219,20.324386596679688
2024-01-08,463.1504211425781,187.8699951171875,192.28033447265625,81.30160522460938,88.89112854003906,100.18695068359376,400.52642822265625,20.03049659729004
2024-01-09,462.44775390625,187.92999267578125,190.5601348876953,80.7555923461914,88.85392761230469,100.36078643798828,401.3176879882813,20.177440643310547
2024-01-10,465.0631408691406,187.5,190.6676483154297,80.84813690185547,88.71454620361328,100.23269653320312,404.0376586914063,20.03968048095703
2024-01-11,464.8582458496094,187.8699951171875,189.1722717285156,80.09850311279297,89.18850708007812,100.83660888671876,404.87835693359375,20.18662643432617
2024-01-12,465.1802062988281,189.7100067138672,188.85952758789065,80.57975006103516,89.43013763427734,101.05620574951172,405.0860290527344,20.260099411010746
2024-01-16,463.472412109375,187.9100036621093,186.5235595703125,79.98745727539062,88.70526123046875,100.0313949584961,405.0464477539063,20.08560371398925
2024-01-17,460.8961486816406,185.83999633789065,185.1943206787109,78.52521514892578,88.41716766357422,99.82093048095705,402.7617492675781,20.05805015563965
2024-01-18,464.9947814941406,187.3699951171875,186.2889862060547,78.0995101928711,88.22198486328125,99.62876892089844,408.4786071777344,20.18662643432617
2024-01-19,470.79150390625,187.92999267578125,188.0775909423828,79.03422546386719,88.23128509521484,99.72943878173828,416.5791015625,20.149890899658203
2024-01-22,471.7869262695313,187.22000122070312,192.09461975097656,79.50621795654297,88.50080871582031,100.0039520263672,417.1231384277344,20.23254776000977
2024-01-23,473.1629333496094,187.9499969482422,191.5375366210937,78.96019744873047,88.27774810791016,99.63792419433594,418.8540344238281,20.342756271362305
2024-01-24,473.68011474609375,186.3999938964844,189.96397399902344,77.83113861083984,88.02684020996094,99.44577026367188,421.1782531738281,20.517253875732425
2024-01-25,476.2564086914063,187.13999938964844,191.5375366210937,78.83063507080078,88.40786743164062,100.10459899902344,421.6926574707031,20.673383712768555
2024-01-26,475.6513977050781,187.009994506836,191.5473175048828,78.6085205078125,88.24988555908203,99.82093048095705,419.1803894042969,20.76522445678711
2024-01-29,479.4182434082031,188.3300018310547,194.8997344970703,79.12677764892578,88.77960968017578,100.23269653320312,423.4729919433594,20.59072494506836
2024-01-30,479.0474548339844,188.58999633789065,193.23817443847656,78.38639831542969,88.90040588378906,100.552978515625,420.6540832519531,20.72848892211914
2024-01-31,471.2306823730469,188.4499969482422,188.5174255371093,77.63678741455078,89.64389038085938,100.80916595458984,412.41510009765625,20.50806999206543
2024-02-01,477.3982238769531,190.4100036621093,191.0195159912109,79.0434799194336,90.19913482666016,101.58878326416016,417.271484375,20.260099411010746
2024-02-02,482.4239196777344,188.6100006103516,190.0128173828125,78.06249237060547,89.02528381347656,100.6613311767578,424.3235473632813,20.03049659729004
2024-02-05,480.6673583984375,187.57000732421875,187.59866333007807,76.42443084716797,88.15888977050781,99.69713592529295,423.7697448730469,20.11315155029297
2024-02-06,482.0628967285156,188.5500030517578,189.28955078125,77.45169830322266,88.63401794433594,100.2572784423828,422.9191589355469,20.18662643432617
2024-02-07,486.08349609375,188.5,188.8497314453125,77.34063720703125,88.47564697265625,99.96344757080078,427.2710571289063,20.278467178344727
2024-02-08,486.2981262207031,188.3300018310547,191.71343994140625,77.96995544433594,88.18684387207031,99.44921112060548,428.0623168945313,20.3886775970459
2024-02-09,489.1087341308594,187.6000061035156,194.8313140869141,78.09025573730469,88.02847290039062,99.3206558227539,432.2757568359375,20.44378089904785
2024-02-12,488.8940124511719,187.1100006103516,198.3694305419922,78.1087646484375,88.1123046875,99.32982635498048,430.58441162109375,20.452964782714844
2024-02-13,482.1604614257813,184.52999877929688,190.2082977294922,76.49847412109375,87.14342498779297,98.2370834350586,423.86859130859375,20.33357048034668
2024-02-14,486.5421447753906,184.4199981689453,194.62608337402344,77.10000610351562,87.469482421875,98.69623565673828,428.4876098632813,20.14070510864257
2024-02-15,489.899169921875,185.6600036621093,199.8159637451172,78.8954086303711,87.71170806884766,99.05435180664062,429.7635498046875,20.18662643432617
2024-02-16,487.45947265625,186.33999633789065,197.0988311767578,78.08101654052734,87.32975769042969,98.69623565673828,425.8665771484375,20.23254776000977
2024-02-20,484.7757873535156,187.47000122070312,194.38169860839844,77.94218444824219,87.47879028320312,99.02680206298828,422.6520690917969,20.1223373413086
2024-02-21,485.2149658203125,187.47999572753903,193.4629821777344,78.37715148925781,87.1993179321289,98.77886962890624,420.9607543945313,20.20499420166016
2024-02-22,495.2567138671875,187.5599975585937,194.9290466308593,78.52521514892578,87.20863342285156,98.93496704101562,433.2846374511719,20.260099411010746
2024-02-23,495.5982360839844,188.6199951171875,195.3688507080078,78.48820495605469,87.60923767089844,99.2288055419922,432.0087585449219,19.96620750427246
2024-02-26,493.7831115722656,188.1999969482422,196.600341796875,77.6275405883789,87.47879028320312,98.9166030883789,431.78118896484375,20.149890899658203
2024-02-27,494.7004699707031,188.0,199.38589477539065,77.72007751464844,87.2831802368164,98.77886962890624,432.81976318359375,20.306018829345703
2024-02-28,494.0466613769531,188.33999633789065,197.74392700195312,78.5067138671875,87.59993743896484,98.7696762084961,430.5151977539063,20.223363876342773
2024-02-29,495.82269287109375,189.3099975585937,199.1219940185547,79.17304229736328,87.77691650390625,98.86151123046876,434.2044982910156,20.195810317993164
2024-03-01,500.4776306152344,192.88999938964844,201.233139038086,80.11701202392578,88.17765045166016,99.4633331298828,440.7422180175781,20.29683494567871
2024-03-04,499.9409484863281,196.009994506836,201.0474395751953,80.86663055419922,87.98149108886719,99.27902221679688,439.1696166992188,20.36112403869629
2024-03-05,494.94439697265625,197.19000244140625,199.1219940185547,79.88565063476562,88.52326202392578,99.82273864746094,431.2866821289063,20.20499420166016
2024-03-06,497.452392578125,198.8099975585937,200.60763549804688,80.2835922241211,88.73809051513672,100.09004974365234,433.9967651367188,20.37030792236328
2024-03-07,502.3903198242188,199.94000244140625,202.27899169921875,80.26509857177734,88.8875503540039,100.3388900756836,440.58404541015625,20.425413131713867
2024-03-08,499.3749084472656,201.6300048828125,202.1519012451172,81.1905517578125,88.95294189453125,100.47713470458984,434.2242431640625,20.36112403869629
2024-03-11,498.9454956054688,202.0,200.5489959716797,80.80184173583984,88.84083557128906,100.49557495117188,432.612060546875,20.53562355041504
2024-03-12,504.3128356933594,199.7899932861328,200.2752990722656,80.62602233886719,88.47655487060547,100.1729965209961,438.8136291503906,20.48051643371582
2024-03-13,503.5224304199219,201.19000244140625,201.0572509765625,80.21881103515625,88.28038787841797,100.07161712646484,435.4408264160156,20.76522445678711
2024-03-14,502.5269775390625,200.3500061035156,197.46046447753903,79.01571655273438,87.62654876708984,99.33430480957033,434.3429870605469,20.829513549804688
2024-03-15,499.0762939453125,199.7100067138672,197.8318786621093,78.83988189697266,87.47708129882812,99.36194610595705,429.1800231933594,20.90298652648925
2024-03-18,502.0423889160156,200.02999877929688,196.69810485839844,78.87689971923828,87.37433624267578,99.19605255126952,433.2732849121094,21.095849990844727
2024-03-19,504.8323669433594,199.8000030517578,197.5289001464844,78.84912109375,87.62654876708984,99.4817886352539,434.3527526855469,21.08666610717773
2024-03-20,509.501708984375,202.17999267578125,201.4384002685547,79.36739349365234,87.8320541381836,99.66609191894533,439.5027770996094,21.03156280517578
2024-03-21,511.18548583984375,201.97000122070312,203.7528533935547,79.94116973876953,87.84137725830078,99.81356048583984,441.58251953125,21.004011154174805
2024-03-22,510.21630859375,200.3500061035156,200.94064331054688,78.93500518798828,88.27104949951172,100.15457153320312,442.0876770019531,20.857065200805664
2024-03-25,508.8066711425781,200.9900054931641,201.4011688232422,78.44966125488281,88.03752136230469,99.81356048583984,440.4832458496094,21.03156280517578
2024-03-26,507.8669128417969,201.63999938964844,201.03863525390625,78.13230895996094,88.1683120727539,99.78591918945312,439.05706787109375,20.866249084472656
2024-03-27,512.1349487304688,203.1000061035156,205.4186248779297,80.14839172363281,88.50457763671875,100.47713470458984,440.552490234375,20.847881317138672
2024-03-28,512.037109375,205.72000122070312,206.0653381347656,80.71774291992188,88.42051696777344,100.38499450683594,439.7403869628906,21.095849990844727
2024-04-01,511.146240234375,207.82000732421875,204.1251983642578,79.3643569946289,87.62045288085938,99.42375183105467,440.6714477539063,21.196876525878903
2024-04-02,507.8963623046875,210.88999938964844,200.372314453125,78.36565399169922,87.43309783935547,99.2757568359375,436.8683166503906,21.389741897583008
2024-04-03,508.4542236328125,212.7400054931641,201.68533325195312,78.44966125488281,87.53614807128906,99.34050750732422,437.8488464355469,21.646896362304688
2024-04-04,502.24798583984375,211.5200042724609,199.6668243408203,77.94564056396484,87.83594512939453,99.45152282714844,431.1537780761719,21.70200157165528
2024-04-05,507.4949340820313,215.13999938964844,200.3331298828125,78.34698486328125,87.25511169433594,99.01671600341795,436.23443603515625,21.81221008300781
2024-04-08,507.77874755859375,216.47999572753903,201.4305877685547,79.18701934814453,87.05838012695312,99.00745391845705,436.36322021484375,21.80302619934082
2024-04-09,508.3662414550781,217.6699981689453,202.2242584228516,80.2417221069336,87.4050064086914,99.51628875732422,437.9775390625,21.68363380432129
2024-04-10,503.27587890625,215.6100006103516,196.88400268554688,76.91893768310547,86.24333953857422,98.10083770751952,434.15472412109375,21.793842315673828
2024-04-11,507.073974609375,219.8000030517578,198.2165985107422,77.18026733398438,86.12155151367188,97.89730834960938,441.08734130859375,21.757104873657227
2024-04-12,500.0748291015625,216.88999938964844,194.68911743164065,76.26557159423828,86.47754669189453,98.11932373046876,434.0556335449219,21.784656524658203
2024-04-15,493.8098449707031,220.9499969482422,191.83770751953125,74.96818542480469,85.9248275756836,97.03693389892578,426.9149169921875,21.81221008300781
2024-04-16,492.90924072265625,221.22000122070312,191.13221740722656,73.91348266601562,85.58757019042969,96.71314239501952,426.95458984375,21.77547264099121
2024-04-17,489.9920654296875,219.58999633789065,189.1137084960937,73.37211608886719,86.13091278076172,97.24044799804688,421.7451477050781,21.43566131591797
2024-04-18,488.9837646484375,220.33999633789065,188.9569091796875,73.38145446777344,85.8311538696289,97.04619598388672,419.3385620117188,21.426477432250977
2024-04-19,484.7156982421875,221.02999877929688,189.25086975097656,73.73614501953125,85.94356536865234,97.14793395996094,410.6627502441406,21.52750396728516
2024-04-22,489.17962646484375,215.57000732421875,191.36737060546875,74.3895034790039,85.95292663574219,97.3884735107422,414.7926635742188,21.52750396728516
2024-04-23,494.9844970703125,215.0399932861328,194.571533203125,75.07085418701172,86.06535339355469,97.55500030517578,420.9825744628906,21.61934471130371
2024-04-24,494.7495727539063,214.63999938964844,193.699447631836,75.21086120605469,85.80303192138672,97.17570495605467,422.4087219238281,21.5917911529541
2024-04-25,492.87005615234375,215.9199981689453,192.52359008789065,74.7815170288086,85.47515869140625,96.8888931274414,420.3685607910156,21.71118354797364
2024-04-26,497.53948974609375,216.6199951171875,194.3657684326172,74.81885528564453,85.70935821533203,97.25896453857422,426.85552978515625,21.72955322265625
2024-04-29,499.3014526367188,216.17999267578125,195.93356323242188,75.58422088623047,86.05599212646484,97.66600799560548,428.5887145996094,21.71118354797364
2024-04-30,491.3919372558594,211.8699951171875,191.95529174804688,74.30548095703125,85.65314483642578,97.1294403076172,420.5071716308594,21.43566131591797
2024-05-01,489.7963562011719,213.7899932861328,192.35704040527344,74.33349609375,85.99236297607422,97.53346252441406,417.4666748046875,21.123403549194336
2024-05-02,494.3775634765625,213.1300048828125,195.89434814453125,75.37886810302734,86.39636993408203,98.13719940185548,422.7949523925781,21.196876525878903
2024-05-03,500.5055847167969,212.9600067138672,197.8344573974609,75.88288879394531,86.87557220458984,98.82449340820312,431.29248046875,21.22443008422852
2024-05-06,505.6741943359375,215.1999969482422,200.39190673828125,75.94823455810547,86.95073699951172,99.10314178466795,436.0166015625,21.46321487426757
2024-05-07,506.232177734375,214.2100067138672,200.8426513671875,76.66691589355469,87.17623138427734,99.14958953857422,436.0859069824219,21.4448471069336
2024-05-08,506.2811584472656,213.5800018310547,199.6766052246093,76.02289581298828,86.93195343017578,98.89881134033205,435.8283996582031,21.334636688232425
2024-05-09,509.1982421875,216.9499969482422,201.7147521972656,77.58161926269531,87.19505310058594,99.05669403076172,436.7792053222656,21.417293548583984
2024-05-10,509.8541564941406,218.7100067138672,200.1959381103516,77.366943359375,86.91316223144531,98.7409210205078,437.8091735839844,21.38055992126465
2024-05-13,509.9225463867188,216.259994506836,200.6172790527344,77.61896514892578,87.01651000976562,98.7780532836914,438.8193359375,21.518320083618164
2024-05-14,512.2621459960938,218.08999633789065,202.69461059570312,78.21630859375,87.27019500732422,99.06599426269533,441.6419982910156,21.426477432250977
2024-05-15,518.6055908203125,220.88999938964844,205.2226409912109,79.29901885986328,87.92792510986328,99.9483642578125,448.5449523925781,21.499950408935547
2024-05-16,517.5385131835938,220.02999877929688,203.74305725097656,79.24301147460938,87.75880432128906,99.79044342041016,447.63385009765625,21.5550537109375
2024-05-17,518.2825317382812,223.6600036621093,203.8900146484375,79.23368072509766,87.4863052368164,99.5582504272461,447.4159240722656,21.77547264099121
2024-05-20,518.8796997070312,224.5599975585937,204.3407440185547,78.76700592041016,87.35477447509766,99.5118179321289,450.53564453125,21.968339920043945
2024-05-21,520.1521606445312,224.22999572753903,204.1447906494141,78.7389907836914,87.58027648925781,99.67899322509766,451.4170227050781,21.87649726867676
2024-05-22,518.6546020507812,220.1100006103516,202.42022705078125,78.02962493896484,87.467529296875,99.5303955078125,451.3279724121094,21.56423759460449
2024-05-23,514.8661499023438,215.72000122070312,199.0985107421875,76.34956359863281,87.15745544433594,99.09386444091795,449.2976379394531,21.454030990600582
2024-05-24,518.272705078125,215.9199981689453,201.30319213867188,76.40557861328125,87.27019500732422,99.36322021484376,453.5464172363281,21.600976943969727
2024-05-28,518.6349487304688,218.19000244140625,201.02883911132807,75.90155792236328,86.7816162109375,98.76876831054688,455.2597351074219,21.98670959472656
2024-05-29,515.0031127929688,216.1600036621093,198.05984497070312,75.16419219970703,86.35877227783203,98.23934936523438,452.0509033203125,21.757104873657227
2024-05-30,511.5867309570313,216.57000732421875,199.94119262695312,76.26557159423828,86.79100799560547,98.84307861328124,447.2079162597656,21.47239875793457
2024-05-31,516.2463989257812,215.3000030517578,201.6265563964844,77.69361877441406,87.19505310058594,99.27962493896484,446.3760070800781,21.371374130249023
2024-06-03,516.6672973632812,217.22000122070312,200.48989868164065,77.51628875732422,87.7661361694336,99.96488189697266,448.772705078125,21.06829833984375
2024-06-04,517.244873046875,215.2700042724609,197.903076171875,78.11363983154297,88.24677276611328,100.35646057128906,450.0007934570313,20.857065200805664
2024-06-05,523.3924560546875,217.82000732421875,200.9308319091797,78.02030944824219,88.56719207763672,100.69210052490234,459.07275390625,20.930538177490234
2024-06-06,523.3826293945312,219.42999267578125,199.49044799804688,78.16964721679688,88.52947998046875,100.6268310546875,458.9142761230469,21.2060604095459
2024-06-07,522.746337890625,211.6000061035156,197.1485748291016,77.4322738647461,87.59650421142578,99.72248077392578,458.50823974609375,20.90298652648925
2024-06-10,524.361572265625,213.5399932861328,197.82467651367188,77.69361877441406,87.40801239013672,99.5173568725586,460.3602600097656,21.2060604095459
2024-06-11,525.6243286132812,214.1499938964844,197.14865112304688,77.41361999511719,87.86979675292969,99.94625091552734,463.5195617675781,21.17850875854492
2024-06-12,529.9412231445312,214.72000122070312,200.175048828125,78.10430908203125,88.35986328125,100.56157684326172,469.5906372070313,21.25197982788086
2024-06-13,531.00830078125,212.97000122070312,198.426025390625,78.4216537475586,88.94412994384766,101.03707885742188,472.1358947753906,21.270347595214844
2024-06-14,531.3313598632812,215.72999572753903,195.2718963623047,78.40299224853516,89.1514663696289,101.12098693847656,474.5821533203125,21.18769264221192
2024-06-17,535.5601806640625,214.6100006103516,196.912826538086,78.094970703125,88.73682403564453,100.6454849243164,480.3956909179688,21.26116371154785
2024-06-18,536.9208984375,215.47000122070312,197.2567443847656,78.40299224853516,89.12319946289062,101.11165618896484,480.5442504882813,21.43566131591797
2024-06-20,535.4622802734375,218.1600036621093,196.42153930664065,78.1789779663086,88.89701843261719,100.77601623535156,476.8402404785156,21.48158264160156
2024-06-21,534.7445068359375,214.77999877929688,196.8637084960937,78.37498474121094,88.91587829589844,100.80398559570312,475.5626525878906,21.307085037231445
2024-06-24,533.0061645507812,215.6300048828125,197.71856689453125,78.98167419433594,88.99126434326172,100.90655517578124,470.1485290527344,21.48158264160156
2024-06-25,535.0587768554688,214.5599975585937,197.070053100586,78.0109634399414,89.066650390625,100.8692626953125,475.5249633789063,21.27953338623047
2024-06-26,535.7265014648438,212.5800018310547,196.5492706298828,77.76829528808594,88.52947998046875,100.31917572021484,476.5069580078125,21.31626892089844
2024-06-27,536.5711059570312,214.9900054931641,198.54396057128903,78.52432250976562,88.72740173339844,100.51497650146484,477.7369995117188,21.426477432250977
2024-06-28,534.4596557617188,215.009994506836,199.3594970703125,79.15084075927734,88.25617980957031,99.87165069580078,475.257080078125,21.334636688232425
2024-07-01,535.5595703125,215.57000732421875,197.6890869140625,78.40431213378906,87.5992202758789,99.27845001220705,478.0445251464844,21.61016082763672
2024-07-02,539.1636352539062,215.5599975585937,198.3670959472656,78.7728500366211,87.93006896972656,99.9146957397461,483.0638732910156,21.63771247863769
2024-07-03,541.56982421875,217.9900054931641,198.3179473876953,78.69725036621094,88.51615142822266,100.65382385253906,487.0911865234375,21.757104873657227
2024-07-05,544.69287109375,220.92999267578125,197.37466430664065,78.91460418701172,89.0076904296875,101.17777252197266,492.16998291015625,21.839763641357425
2024-07-08,545.3213500976562,218.19000244140625,198.76011657714844,79.16973876953125,89.03604125976562,101.1684112548828,493.3405151367188,21.54587173461914
2024-07-09,545.8516845703125,218.5599975585937,197.8954162597656,79.15084075927734,88.91314697265625,100.98129272460938,493.7670593261719,21.398923873901367
2024-07-10,551.2529296875,219.3600006103516,199.8311309814453,79.73670959472656,88.99822998046875,101.22457122802734,498.915283203125,21.398923873901367
2024-07-11,546.4996948242188,223.25,207.0139617919922,82.0235595703125,89.56539916992188,101.7672119140625,487.9739990234375,21.47239875793457
2024-07-12,549.9468383789062,223.1100006103516,209.4311370849609,82.64723205566406,89.75445556640625,102.14146423339844,490.8407897949219,21.389741897583008
2024-07-15,551.459228515625,223.8300018310547,213.4106903076172,83.20477294921875,89.47087860107422,101.58008575439452,492.1600646972656,21.233612060546875
2024-07-16,554.7294921875,228.2899932861328,220.6917266845703,84.22532653808594,89.86787414550781,102.16951751708984,492.3485412597656,21.17850875854492
2024-07-17,546.9515380859375,227.22999572753903,218.3826141357422,84.80176544189453,89.94351959228516,102.21630859375,477.8957214355469,21.17850875854492
2024-07-18,542.748291015625,225.77999877929688,214.1574249267578,84.05522918701172,89.68827056884766,101.77655792236328,475.634033203125,21.02237892150879
2024-07-19,539.14404296875,221.72999572753903,213.0667724609375,83.90403747558594,89.40470886230469,101.4023208618164,471.4182434082031,20.737672805786133
2024-07-22,544.7025756835938,221.8000030517578,216.4567108154297,84.77342224121094,89.31961822509766,101.34619903564452,478.4413146972656,20.79277610778809
2024-07-23,543.8482055664062,222.5800018310547,218.75601196289065,84.70728302001953,89.38579559326172,101.27133178710938,476.7549743652344,20.599910736083984
2024-07-24,531.5232543945312,221.8000030517578,214.05918884277344,83.45991516113281,89.18729400634766,100.65382385253906,459.6535949707031,20.59072494506836
2024-07-25,528.7538452148438,218.3300018310547,216.7318725585937,83.18585968017578,89.38579559326172,101.05615234375,454.584716796875,20.63664627075196
2024-07-26,534.6756591796875,220.6300048828125,220.3183441162109,84.64112854003906,89.8111572265625,101.61751556396484,459.2468872070313,20.425413131713867
2024-07-29,534.9899291992188,220.32000732421875,217.87164306640625,85.0758056640625,89.96241760253906,101.83270263671876,460.16943359375,20.33357048034668
2024-07-30,532.2794799804688,222.5200042724609,218.6970672607422,85.73728942871094,90.15147399902344,101.91690063476562,453.8506774902344,20.2692813873291
2024-07-31,540.9315185546875,226.5500030517578,219.964599609375,85.43490600585938,90.81317901611328,102.50634002685548,467.2817993164063,20.737672805786133
2024-08-01,533.2713012695312,225.7700042724609,212.811279296875,86.2948226928711,91.20096588134766,102.84625244140624,455.9635009765625,20.48970031738281
2024-08-02,523.3426513671875,225.33999633789065,205.2845764160156,86.24757385253906,92.61369323730467,103.85095977783205,445.1412353515625,20.11315155029297
2024-08-05,508.1011047363281,222.47999572753903,198.68150329589844,83.78121185302734,92.70849609375,103.58805847167967,431.8688354492188,20.07641792297364
2024-08-06,512.7855224609375,220.6999969482422,200.8432159423828,85.43490600585938,91.88362121582033,102.9119873046875,435.9953918457031,19.911104202270508
2024-08-07,509.3580017089844,220.5500030517578,198.46533203125,84.84900665283203,91.55176544189452,102.44249725341795,431.273681640625,20.094785690307617
2024-08-08,521.133056640625,224.009994506836,203.28990173339844,85.68058776855469,91.27681732177734,102.48944854736328,444.4667053222656,20.278467178344727
2024-08-09,523.4310302734375,224.5599975585937,202.8673858642578,86.07748413085938,91.64656829833984,103.01527404785156,446.7879028320313,20.39785957336425
2024-08-12,523.7060546875,228.4100036621093,201.03976440429688,85.44434356689453,91.902587890625,103.2312469482422,447.7500915527344,20.682567596435547
2024-08-13,532.3187255859375,228.0599975585937,204.35108947753903,86.19087219238281,92.31026458740234,103.9542465209961,458.8600158691406,20.48970031738281
2024-08-14,533.9981079101562,226.1999969482422,203.0835418701172,86.41767120361328,92.43352508544922,104.41436004638672,459.00885009765625,20.36112403869629
2024-08-15,543.1509399414062,226.9100036621093,208.3502655029297,86.35150909423828,91.8551788330078,104.09510040283205,470.6048889160156,20.52643775939941
2024-08-16,544.3687133789062,231.9900054931641,208.90054321289065,86.30427551269531,92.03533172607422,104.40496826171876,471.2099304199219,20.39785957336425
2024-08-19,549.5736083984375,231.6100006103516,211.45529174804688,87.02245330810547,92.15858459472656,104.64910888671876,477.3997192382813,20.28765106201172
2024-08-20,548.679931640625,232.4600067138672,208.98898315429688,86.91851043701172,92.52835083007812,104.9214096069336,476.39788818359375,20.20499420166016
2024-08-21,550.5655517578125,232.1499938964844,211.7107696533203,87.38154602050781,92.71797943115234,105.15614318847656,478.6198425292969,20.10396957397461
2024-08-22,546.2444458007812,229.3699951171875,209.8438262939453,87.63667297363281,92.2913055419922,104.7242202758789,471.0314025878906,20.08560371398925
2024-08-23,552.0484619140625,232.0200042724609,216.545166015625,89.56442260742188,92.71797943115234,105.32516479492188,476.1399841308594,20.44378089904785
2024-08-26,550.7325439453125,232.759994506836,216.6139373779297,89.52661895751953,92.6042022705078,105.19371032714844,471.5174255371094,20.655014038085938
2024-08-27,551.4887084960938,233.38999938964844,214.9337158203125,89.65892028808594,92.56627655029295,105.10919952392578,472.9259948730469,20.55398941040039
2024-08-28,548.287109375,231.75,213.4794311523437,89.30928802490234,92.51886749267578,104.89322662353516,467.5594787597656,20.306018829345703
2024-08-29,548.336181640625,232.9499969482422,215.00247192382807,89.03524017333984,92.35769653320312,104.7148208618164,466.87506103515625,20.53562355041504
2024-08-30,553.5706787109375,231.2899932861328,216.2503967285156,89.8951644897461,92.03533172607422,104.42373657226562,472.4399719238281,20.306018829345703
2024-09-03,542.1787719726562,230.2899932861328,209.63748168945312,89.84790802001953,92.64202880859376,104.73946380615234,458.0962219238281,19.90192031860352
2024-09-04,541.0689697265625,230.42999267578125,209.28375244140625,90.10305786132812,93.1840591430664,105.38972473144533,456.9058532714844,19.75497436523437
2024-09-05,539.7529907226562,232.3500061035156,208.2421875,89.81012725830078,93.40279388427734,105.9080581665039,457.3324279785156,19.800893783569336
2024-09-06,530.6688232421875,230.6300048828125,204.2823181152344,89.7250747680664,93.53591918945312,105.86092376708984,445.0817565917969,19.534557342529297
2024-09-09,536.6103515625,231.6000061035156,204.8522491455078,90.72674560546876,93.66905212402344,106.09651184082033,450.8053283691406,19.58966064453125
2024-09-10,538.9476318359375,232.6199951171875,204.6851806640625,92.04024505615234,94.0684585571289,106.388671875,454.9715881347656,19.3049545288086
2024-09-11,544.4767456054688,232.25,205.2845764160156,91.8606948852539,94.00189208984376,106.43580627441406,464.8514709472656,19.47945022583008
2024-09-12,549.06298828125,236.3300018310547,207.92776489257807,92.24815368652344,93.84973907470705,106.3603973388672,469.41448974609375,19.85599899291992
2024-09-13,551.9306640625,238.67999267578125,213.0569305419922,93.21202087402344,94.03042602539062,106.69023895263672,471.5174255371094,19.892736434936523
2024-09-16,552.7456665039062,238.6600036621093,213.8233642578125,93.52386474609376,94.27765655517578,107.16143798828124,469.434326171875,20.03968048095703
2024-09-17,552.9715576171875,237.33999633789065,215.592025756836,92.87183380126952,94.1064910888672,107.1708755493164,469.6823120117188,20.177440643310547
2024-09-18,551.3316040039062,235.509994506836,215.63131713867188,92.7584457397461,93.69757843017578,106.72793579101562,467.6487731933594,20.048864364624023
2024-09-19,560.7396240234375,239.1699981689453,220.0726928710937,92.77732849121094,93.62150573730467,106.82218170166016,479.4729309082031,20.407045364379883
2024-09-20,559.7703857421875,242.2100067138672,217.7144470214844,92.40879821777344,93.5929946899414,106.91641235351562,478.560302734375,20.407045364379883
2024-09-23,561.169189453125,242.67999267578125,216.9185333251953,93.3254165649414,93.53591918945312,106.765625,479.828857421875,20.416229248046875
2024-09-24,562.77490234375,246.07000732421875,217.2821044921875,93.45771026611328,93.64053344726562,106.9447021484375,482.1433715820313,20.756038665771484
2024-09-25,561.53369140625,245.72999572753903,214.63185119628903,92.8340301513672,93.26014709472656,106.3132781982422,482.5903625488281,20.58154296875
2024-09-26,563.7599487304688,246.97999572753903,215.77557373046875,91.99301147460938,93.1935806274414,106.3132781982422,486.2161254882813,20.39785957336425
2024-09-27,562.9423828125,245.0200042724609,217.2348022460937,92.11022186279295,93.56446075439452,106.73736572265624,483.5141906738281,20.498884201049805
2024-09-30,565.1981811523438,243.0599975585937,217.78692626953125,92.83443450927734,93.30770111083984,106.47350311279295,484.825439453125,20.452964782714844
2024-10-01,560.1349487304688,245.6100006103516,214.8290557861328,92.2341079711914,93.64723205566406,106.98518371582033,478.0705871582031,20.81114387512207
2024-10-02,560.3712768554688,245.6600036621093,214.5332794189453,91.91010284423828,93.38018798828124,106.74872589111328,478.74609375,20.98564338684082
2024-10-03,559.3468017578125,245.4900054931641,213.0937957763672,91.07152557373048,92.90331268310548,106.05825805664062,478.3884887695313,21.28871726989746
2024-10-04,564.4298095703125,245.0,216.0713653564453,90.6331787109375,92.0068130493164,105.48127746582033,484.0803833007813,21.343822479248047
2024-10-07,559.3270874023438,244.1699981689453,214.37550354003903,89.83271026611328,91.67300415039062,104.94214630126952,478.8951110839844,21.63771247863769
2024-10-08,564.616943359375,242.3699951171875,214.5234222412109,90.0137710571289,91.7492904663086,105.15025329589844,486.0472412109375,21.132587432861328
2024-10-09,568.52783203125,241.0500030517578,214.9966583251953,90.10905456542967,91.40593719482422,104.94214630126952,489.8716125488281,20.948904037475582
2024-10-10,567.5328369140625,242.82000732421875,213.80368041992188,89.30859375,91.39640808105467,104.8286590576172,489.31536865234375,21.36219024658203
2024-10-11,570.9313354492188,245.47000122070312,218.1517333984375,90.3187026977539,91.4250259399414,104.80974578857422,490.0802307128906,21.38055992126465
2024-10-14,575.6005859375,245.07000732421875,219.75881958007807,90.86186981201172,91.26290130615234,104.8191909790039,494.1926879882813,21.0499324798584
2024-10-15,571.1283569335938,245.9199981689453,219.9362945556641,91.95774841308594,91.73020935058594,105.32996368408205,487.5869140625,20.645830154418945
2024-10-16,573.6107788085938,247.1499938964844,223.5547332763672,92.96784210205078,91.87328338623048,105.66100311279295,487.6465148925781,20.59072494506836
2024-10-17,573.6599731445312,248.6300048828125,222.9434509277344,92.2341079711914,91.39640808105467,104.8759307861328,487.9842529296875,20.61827850341797
2024-10-18,575.8665771484375,251.2700042724609,222.48004150390625,92.92020416259766,91.50131225585938,104.7529754638672,491.182861328125,20.50806999206543
2024-10-21,574.9208374023438,251.22000122070312,218.9799346923828,91.10011291503906,90.79557037353516,103.68415832519533,492.1265563964844,20.572359085083008
2024-10-22,574.615478515625,253.92999267578125,218.1517333984375,91.2335205078125,90.709716796875,103.67471313476562,492.6629333496094,20.930538177490234
2024-10-23,569.364990234375,250.8699951171875,216.1600952148437,91.90058135986328,90.4999008178711,103.32473754882812,485.1134338378906,20.81114387512207
2024-10-24,570.596435546875,252.8000030517578,216.63336181640625,92.1006851196289,90.70018768310548,103.63687896728516,489.0471801757813,20.80195999145508
2024-10-25,570.3993530273438,253.32000732421875,215.8150177001953,91.2335205078125,90.4999008178711,103.39095306396484,492.0272216796875,20.948904037475582
2024-10-28,572.1627197265625,253.3300018310547,219.3348693847656,91.51940155029295,90.29009246826172,103.30583190917967,492.106689453125,20.3886775970459
2024-10-29,573.0886840820312,256.0899963378906,218.6249847412109,90.86186981201172,90.32823944091795,103.42880249023438,496.8350524902344,20.351940155029297
2024-10-30,571.3549194335938,257.5,218.3291778564453,91.2621078491211,90.19471740722656,103.29637145996094,493.0801696777344,20.609094619750977
2024-10-31,560.1546630859375,253.509994506836,214.7008819580078,89.71835327148438,90.14701080322266,103.0882797241211,480.6334838867188,20.74685478210449
2024-11-01,562.5186767578125,252.47000122070312,215.9037475585937,88.7273178100586,89.61317443847656,102.52351379394533,484.1896362304688,20.52643775939941
2024-11-04,561.30712890625,252.8300018310547,216.9981689453125,89.69929504394531,90.09153747558594,103.28286743164062,482.7791137695313,20.87543296813965
2024-11-05,568.0943603515625,253.3999938964844,221.0799865722656,90.89046478271484,90.1393585205078,103.77645874023438,488.93792724609375,21.004011154174805
2024-11-06,582.2203369140625,245.6999969482422,233.8874969482422,88.95601654052734,89.21138000488281,102.6943588256836,502.2189636230469,20.7744083404541
2024-11-07,586.72216796875,249.6499938964844,233.059310913086,90.02330017089844,89.92890930175781,103.90934753417967,510.12603759765625,20.98564338684082
2024-11-08,589.263671875,247.9600067138672,234.7748565673828,91.36692810058594,90.12022399902344,104.27003479003906,510.72210693359375,20.66419982910156
2024-11-11,589.8251342773438,242.13999938964844,238.30458068847656,90.90951538085938,89.87150573730469,104.07070922851562,510.4241333007813,20.33357048034668
2024-11-12,587.9928588867188,240.0500030517578,234.1241455078125,89.65165710449219,89.30704498291016,103.1310043334961,509.5002746582031,20.223363876342773
2024-11-13,588.278564453125,237.6300048828125,231.80715942382807,90.14718627929688,89.24964904785156,102.7418212890625,508.8446350097656,20.159074783325195
2024-11-14,584.495849609375,237.009994506836,228.6816864013672,89.33719635009766,89.24006652832031,102.71334838867188,505.308349609375,20.14070510864257
2024-11-15,577.0092163085938,236.58999633789065,225.2703094482422,89.38484191894531,89.2783432006836,102.76081848144533,493.2689208984375,20.03968048095703
2024-11-18,579.3734741210938,241.08999633789065,225.7139587402344,90.0328369140625,89.47924041748047,102.95065307617188,496.6959838867188,20.498884201049805
2024-11-19,581.4913330078125,243.25,227.39010620117188,90.47117614746094,89.67058563232422,103.16895294189452,500.1130676269531,20.563173294067383
2024-11-20,581.6884155273438,244.6199951171875,227.68585205078125,90.35682678222656,89.5366439819336,102.92217254638672,499.8250122070313,20.55398941040039
2024-11-21,584.81103515625,246.6600036621093,231.1465759277344,91.0238800048828,89.48882293701172,102.79878997802734,501.623046875,20.700937271118164
2024-11-22,586.6236572265625,249.83999633789065,235.41574096679688,91.70997619628906,89.54620361328125,102.89369201660156,502.4275817871094,20.71930313110352
2024-11-25,588.6134643554688,242.47999572753903,238.9947509765625,92.9869155883789,90.5124740600586,104.17512512207033,503.2222900390625,20.425413131713867
2024-11-26,591.6869506835938,242.9499969482422,237.23974609375,93.35855102539062,90.3211441040039,103.90934753417967,505.9241943359375,20.425413131713867
2024-11-27,589.89404296875,243.4900054931641,237.5651092529297,93.95890045166016,90.68468475341795,104.28903198242188,501.94085693359375,20.315204620361328
2024-11-29,593.55859375,245.58999633789065,238.47218322753903,93.53961944580078,91.06736755371094,104.93447875976562,506.3513488769531,20.33357048034668
2024-12-02,594.6224365234375,243.44000244140625,238.3538818359375,92.17693328857422,91.05967712402344,105.09927368164062,511.8644714355469,20.18662643432617
2024-12-03,594.8983154296875,243.92999267578125,236.6580352783203,91.70997619628906,90.8005828857422,104.727783203125,513.4340209960938,20.416229248046875
2024-12-04,598.59228515625,244.6699981689453,237.5059509277344,91.46222686767578,91.1460418701172,105.2326202392578,519.7815551757812,20.306018829345703
2024-12-05,597.6072998046875,242.8600006103516,234.7354278564453,91.24305725097656,91.1364517211914,105.20404052734376,518.3411254882812,20.278467178344727
2024-12-06,598.7400512695312,242.9499969482422,235.573486328125,91.1096420288086,91.42434692382812,105.4421615600586,522.9801025390625,20.1223373413086
2024-12-09,595.6567993164062,245.3600006103516,234.39035034179688,91.36692810058594,91.107666015625,105.17548370361328,518.9073486328125,20.315204620361328
2024-12-10,593.8048095703125,248.58999633789065,233.3748016357422,90.0423583984375,90.94452667236328,105.01353454589844,517.1390380859375,20.36112403869629
2024-12-11,598.3953247070312,250.9600067138672,234.4298095703125,89.83271026611328,90.6758270263672,104.727783203125,526.3971557617188,20.61827850341797
2024-12-12,595.31201171875,247.27999877929688,231.38319396972656,89.68977355957031,90.33036041259766,104.1372528076172,522.9998779296875,20.53562355041504
2024-12-13,595.1937866210938,244.2899932861328,229.7958221435547,89.43247985839844,89.90811920166016,103.55620574951172,527.003173828125,20.52643775939941
2024-12-16,597.7352905273438,244.8800048828125,231.1465759277344,89.11802673339844,89.93690490722656,103.6895751953125,534.5923461914062,20.416229248046875
2024-12-17,595.2725830078125,243.94000244140625,228.5003356933593,88.68920135498047,89.93690490722656,103.69908905029295,532.2380981445312,20.278467178344727
2024-12-18,577.5314331054688,239.259994506836,218.3840789794922,85.02995300292969,89.24176788330078,102.4134292602539,513.0365600585938,20.094785690307617
2024-12-19,577.3541259765625,239.6000061035156,217.4149932861328,83.71490478515625,88.83739471435547,101.8590087890625,510.75189208984375,20.094785690307617
2024-12-20,584.2886352539062,242.1000061035156,219.4520874023437,85.12523651123047,89.16474151611328,102.26048278808594,515.2120971679688,20.223363876342773
2024-12-23,587.7875366210938,240.9600067138672,218.94775390625,85.45814514160156,88.7699966430664,101.96414947509766,520.2315673828125,20.238842010498047
2024-12-24,594.32080078125,241.44000244140625,220.9057464599609,86.02581787109375,88.81814575195312,102.27960205078124,527.285888671875,20.35493469238281
2024-12-26,594.3603515625,243.07000732421875,223.1702575683593,86.2567367553711,88.8855209350586,102.3751983642578,526.9276123046875,20.2968864440918
2024-12-27,588.1038208007812,241.3999938964844,219.9168701171875,85.39079284667969,88.65446472167969,101.9450454711914,519.9231567382812,20.393630981445312
2024-12-30,581.392578125,240.6300048828125,218.22586059570312,84.96744537353516,89.17436218261719,102.3847427368164,513.0082397460938,20.57744598388672
2024-12-31,579.2774047851562,242.1300048828125,218.5027618408203,85.70831298828125,89.01068878173828,102.1266632080078,508.65032958984375,20.683862686157227
2025-01-02,577.854248046875,245.4199981689453,218.68077087402344,84.94821166992188,89.058837890625,102.13621520996094,507.6553955078125,20.887025833129883
2025-01-03,585.079345703125,243.4900054931641,221.9341583251953,86.06429290771484,88.91441345214844,101.89725494384766,515.9631958007812,20.780607223510746
2025-01-06,588.4497680664062,243.19000244140625,222.02316284179688,84.95782470703125,88.8277816772461,101.63916015625,521.8931274414062,20.819305419921875
2025-01-07,581.7979125976562,244.5599975585937,220.24319458007807,84.14962005615234,88.42339324951172,101.1707763671875,512.5803833007812,20.91604995727539
2025-01-08,582.6478271484375,245.8600006103516,219.24444580078125,84.37091827392578,88.57743835449219,101.33328247070312,512.6699829101562,20.87735176086425
2025-01-10,573.7522583007812,248.2100067138672,214.418701171875,82.3119125366211,87.93236541748047,100.75018310546876,504.6307067871094,21.43846702575684
2025-01-13,574.6419067382812,245.7400054931641,214.8340301513672,83.32217407226562,87.7783203125,100.4634246826172,503.0089416503906,21.5932559967041
2025-01-14,575.4326171875,247.02999877929688,217.27655029296875,84.082275390625,87.80719757080078,100.578125,502.5313415527344,21.58358192443848
2025-01-15,585.8997192382812,248.8800048828125,221.54849243164065,84.56334686279297,88.73148345947266,101.78255462646484,514.0927124023438,21.931861877441406
2025-01-16,584.7730102539062,250.6000061035156,221.99351501464844,86.314453125,88.94330596923828,101.98328399658205,510.4910278320313,21.83511734008789
2025-01-17,590.6439819335938,249.2700042724609,222.9527282714844,86.2567367553711,89.01068878173828,102.0693130493164,519.1072387695312,21.73837280273437
2025-01-21,596.0504760742188,253.1300048828125,227.2345733642578,87.8731460571289,89.30915832519531,102.66194915771484,522.1517944335938,21.631956100463867
2025-01-22,599.401123046875,254.42999267578125,225.751220703125,86.34332275390625,89.07809448242188,102.33694458007812,528.8279418945312,21.612606048583984
2025-01-23,602.6727294921875,254.07000732421875,226.7796936035156,86.97834014892578,88.84701538085938,102.19358825683594,529.9523315429688,21.53521156311035
2025-01-24,600.913330078125,255.6499938964844,226.1468048095703,87.276611328125,89.02994537353516,102.39430236816406,526.95751953125,21.544885635375977
2025-01-27,592.4132080078125,252.9900054931641,223.9811553955078,88.44081115722656,89.60762786865234,103.10164642333984,511.61529541015625,21.21595573425293
2025-01-28,597.50341796875,255.17999267578125,224.2283630371093,87.3728256225586,89.61726379394531,102.95828247070312,519.1769409179688,21.23530578613281
2025-01-29,594.8248291015625,254.1999969482422,223.71417236328125,86.21824645996094,89.5113525390625,102.824462890625,518.2019653320312,21.274002075195312
2025-01-30,598.017333984375,258.04998779296875,225.9885711669922,87.31509399414062,89.70390319824219,103.05387115478516,520.41064453125,21.29335021972656
2025-01-31,594.8347778320312,258.5599975585937,223.9613647460937,87.12266540527344,89.55949401855469,102.71930694580078,519.6544799804688,21.25465202331543
2025-02-03,590.8317260742188,259.94000244140625,221.34085083007807,86.93984985351562,89.62325286865234,102.8814468383789,515.49560546875,21.41911697387696
2025-02-04,594.7952270507812,262.5,224.40635681152344,87.0072021484375,89.84539031982422,103.08291625976562,521.823486328125,21.47716522216797
2025-02-05,597.2068481445312,264.1300048828125,226.84890747070312,88.22914123535156,90.36695861816406,103.80242156982422,524.1915283203125,21.34172248840332
2025-02-06,599.2825317382812,263.42999267578125,226.10723876953125,88.45043182373047,90.26071166992188,103.61055755615234,526.9276123046875,21.351396560668945
2025-02-07,593.7969970703125,263.8999938964844,223.48670959472656,88.16178131103516,89.9612808227539,103.1596450805664,520.2813720703125,21.36107063293457
2025-02-10,597.8295288085938,268.3699951171875,224.49539184570312,88.12329864501953,89.94198608398438,103.18844604492188,526.5794067382812,21.670652389526367
2025-02-11,598.2842407226562,267.3900146484375,223.19004821777344,88.5081558227539,89.71016693115234,102.95819091796876,525.3257446289062,21.83511734008789
2025-02-12,596.3568725585938,267.6700134277344,221.13316345214844,87.6903305053711,89.09201049804688,102.40174865722656,525.6341552734375,21.5932559967041
2025-02-13,602.6528930664062,270.3099975585937,223.62515258789065,88.56588745117188,89.75846099853516,103.19802856445312,533.1958618164062,21.699676513671875
2025-02-14,602.6233520507812,266.2900085449219,223.45706176757807,88.16178131103516,90.13514709472656,103.60095977783205,535.4345703125,21.7093505859375
2025-02-18,604.3925170898438,270.70001220703125,224.68325805664065,88.55626678466797,89.65221405029297,103.17884063720705,536.6482543945312,22.02860450744629
2025-02-19,605.8157958984375,270.8500061035156,223.9119415283203,88.62362670898438,89.7970962524414,103.23640441894533,536.7976684570312,22.20274543762207
2025-02-20,603.29541015625,270.989990234375,221.7660522460937,89.04696655273438,89.98062133789062,103.48583984375,534.5191040039062,22.231767654418945
2025-02-21,592.9765625,270.739990234375,215.37789916992188,88.17140197753906,90.51182556152344,103.8503875732422,523.4254150390625,21.92218589782715
2025-02-24,590.2783203125,272.2099914550781,213.8253631591797,88.51777648925781,90.70501708984376,104.1190185546875,517.2467041015625,21.84479141235352
2025-02-25,587.3427734375,268.6199951171875,213.01451110839844,89.60501098632812,91.41975402832033,104.9152603149414,510.7298278808594,21.60293197631836
2025-02-26,587.63916015625,269.0299987792969,213.28146362304688,89.22977447509766,91.67090606689452,105.13591766357422,511.9635314941406,21.41911697387696
2025-02-27,578.2593383789062,264.92999267578125,210.028060913086,89.58576965332031,91.56463623046876,104.69463348388672,497.7455749511719,21.44814109802246
2025-02-28,587.2835083007812,263.2699890136719,212.262939453125,90.34587097167967,92.06688690185548,105.15511322021484,505.6057739257813,21.283676147460938
2025-03-03,576.9942626953125,266.739990234375,206.45822143554688,90.76920318603516,92.40108489990234,105.48734283447266,494.5418395996094,21.14823532104492
2025-03-04,570.1644287109375,269.0599975585937,204.1244506835937,89.72047424316406,92.11048126220705,105.14067840576172,493.0494384765625,21.21595573425293
2025-03-05,576.29248046875,269.6199951171875,206.15167236328125,90.72109985351562,91.59708404541016,104.80363464355467,499.4768371582031,21.157909393310547
2025-03-06,566.0626220703125,268.25,202.99713134765625,88.3927001953125,91.54866027832033,104.4761962890625,485.7365417480469,21.051490783691406
2025-03-07,569.2352905273438,268.3900146484375,203.65968322753903,88.92189025878906,91.43242645263672,104.31248474121094,489.3084411621094,21.23530578613281
2025-03-10,554.073486328125,266.0400085449219,198.53729248046875,88.0655746459961,92.07174682617188,104.66880798339844,470.3446350097656,21.099863052368164
2025-03-11,549.4674682617188,269.1600036621094,198.5175323486328,87.03607177734375,91.7423858642578,103.98505401611328,469.2203063964844,21.21595573425293
2025-03-12,552.38330078125,270.3299865722656,198.86363220214844,86.76667785644531,91.4711685180664,103.67691802978516,474.5134582519531,21.21595573425293
2025-03-13,545.0197143554688,275.1300048828125,195.89697265625,85.0540542602539,91.8392562866211,104.00433349609376,465.9767456054688,21.138561248779297
2025-03-14,556.2775268554688,275.239990234375,200.6337127685547,86.75704956054688,91.51961517333984,103.95616912841795,477.2396240234375,21.25465202331543
2025-03-17,560.567138671875,276.7300109863281,203.1652374267578,88.23876190185547,91.59708404541016,104.16802978515624,480.3338928222656,21.399770736694336
2025-03-18,554.50830078125,279.9599914550781,201.40109252929688,87.77692413330078,91.70362854003906,104.4184341430664,472.1454772949219,21.351396560668945
2025-03-19,560.54736328125,281.1099853515625,204.532958984375,87.88275909423828,91.98455810546876,105.03475189208984,478.4634399414063,21.48683738708496
2025-03-20,558.9264526367188,280.75,203.2346343994141,87.82503509521484,92.12017822265624,104.88066864013672,476.8416442871094,21.525535583496094
2025-03-21,559.1107788085938,278.489990234375,201.9759216308593,86.85325622558594,92.0426788330078,104.73622131347656,478.4136352539063,21.399770736694336
2025-03-24,569.1236572265625,277.25,207.00079345703125,88.19065856933594,91.50991821289062,104.28359985351562,488.91217041015625,21.47716522216797
2025-03-25,570.49169921875,278.4700012207031,205.8511199951172,87.20111846923828,91.6648941040039,104.38953399658205,491.7021484375,21.506187438964844
2025-03-26,563.6810913085938,278.239990234375,203.75991821289065,87.54132843017578,91.45179748535156,103.9658203125,482.6545104980469,21.47716522216797
2025-03-27,562.1841430664062,281.9700012207031,202.78863525390625,87.31776428222656,91.37429809570312,103.8406219482422,479.9043273925781,21.53521156311035
2025-03-28,550.8626708984375,284.0599975585937,198.6656494140625,87.20111846923828,92.11048126220705,104.46656799316406,467.2695007324219,21.467491149902344
2025-03-31,554.5604858398438,288.1400146484375,197.71421813964844,88.0079116821289,92.3817138671875,104.66880798339844,467.2496032714844,21.767396926879883
2025-04-01,556.1268310546875,287.57000732421875,197.7340087890625,88.04679107666016,92.70628356933594,105.04291534423828,471.01611328125,21.777070999145508
2025-04-02,559.6461791992188,288.1600036621094,200.85598754882807,88.58141326904297,92.61881256103516,105.28459167480467,474.4538269042969,21.912511825561523
2025-04-03,532.06640625,286.4200134277344,187.9617919921875,85.55838012695312,93.57115173339844,105.2749252319336,449.0545959472656,21.03214263916016
2025-04-04,500.9176330566406,279.7200012207031,179.57711791992188,81.84522247314453,93.83351135253906,105.15892028808594,421.1643371582031,20.267866134643555
2025-04-07,500.0254211425781,273.7099914550781,177.9517059326172,79.697021484375,92.71601104736328,103.10950469970705,422.1806945800781,19.948610305786133
2025-04-08,492.193603515625,275.20001220703125,173.26380920410156,77.55854797363281,92.24954223632812,101.8044204711914,414.577880859375,19.50358772277832
2025-04-09,543.8834838867188,285.3800048828125,187.99151611328125,82.18543243408203,91.95802307128906,103.50585174560548,464.3399658203125,20.20981788635254
2025-04-10,520.0509643554688,292.3500061035156,180.0924835205078,80.30940246582031,91.38467407226562,101.74642181396484,444.590576171875,19.958282470703125
2025-04-11,529.3301391601562,297.92999267578125,182.7188873291016,81.29115295410156,90.86965942382812,101.72710418701172,452.78131103515625,20.248516082763672
2025-04-14,534.4654541015625,296.2300109863281,184.8695678710937,82.97277069091797,91.59847259521484,102.35545349121094,455.850341796875,20.258190155029297
2025-04-15,532.968505859375,297.7799987792969,185.09751892089844,83.22550964355469,91.8705596923828,102.90648651123048,456.3585205078125,20.20981788635254
2025-04-16,521.1216430664062,307.4700012207031,183.32345581054688,83.16718292236328,92.26898956298828,103.34149932861328,442.5976867675781,20.46135139465332
2025-04-17,521.8651733398438,306.1199951171875,184.82000732421875,84.411376953125,92.00662231445312,103.19649505615234,442.51800537109375,20.674190521240234
2025-04-21,509.44342041015625,315.5899963378906,181.11331176757807,82.65200805664062,91.51100158691406,102.08477783203124,431.5671081542969,20.500049591064453
2025-04-22,522.6979370117188,311.1099853515625,185.8011932373047,84.255859375,91.57904052734376,102.33612060546876,442.8966674804688,20.59679412841797
2025-04-23,530.79736328125,303.6499938964844,188.5564727783203,84.411376953125,91.67620086669922,102.7904815673828,452.9407043457031,20.44200325012207
2025-04-24,541.9701538085938,308.07000732421875,192.33253479003903,84.72244262695312,92.17181396484376,103.84417724609376,465.6851501464844,20.625816345214844
2025-04-25,545.885986328125,304.7300109863281,192.3920135498047,84.57662963867188,92.52164459228516,104.39521026611328,470.8765869140625,20.65484046936035
2025-04-28,546.0941772460938,309.07000732421875,193.20469665527344,85.10153198242188,92.89090728759766,104.63688659667967,470.7271423339844,20.538747787475582
2025-04-29,549.5342407226562,306.0599975585937,194.344467163086,85.55838012695312,93.21159362792967,104.87857818603516,473.8360290527344,20.277538299560547
2025-04-30,549.7523193359375,303.7699890136719,193.1254272460937,85.8597183227539,93.35735321044922,104.38555908203124,473.7762451171875,19.900236129760746
2025-05-01,553.6483154296875,297.4599914550781,194.3246612548828,86.1416015625,92.95081329345705,104.0186538696289,479.964111328125,19.99698066711425
2025-05-02,561.8668212890625,297.9800109863281,198.6953887939453,87.20111846923828,92.32684326171876,103.76630401611328,487.0886535644531,20.08405113220215
2025-05-05,558.6448974609375,306.8800048828125,197.16909790039065,87.0067138671875,92.1611099243164,103.6207275390625,484.198974609375,19.967958450317383
2025-05-06,553.9755249023438,315.4800109863281,195.01841735839844,86.33601379394531,92.39509582519533,103.82453918457033,479.6950988769531,20.267866134643555
2025-05-07,556.3052978515625,310.75,195.66262817382807,86.43321228027344,92.63883209228516,104.0380859375,481.5783386230469,20.01633071899414
2025-05-08,560.1815185546875,304.6300048828125,199.38916015625,86.09300231933594,91.91737365722656,103.5139617919922,486.5505981445313,20.277538299560547
2025-05-09,559.4677734375,306.8399963378906,199.0224609375,86.66651153564453,91.9856185913086,103.47512817382812,486.2317199707031,20.432329177856445
2025-05-12,577.9567260742188,298.19000244140625,206.0196075439453,87.09420013427734,91.40065002441406,103.45571899414062,506.0408935546875,20.567771911621094
2025-05-13,581.7734985351562,299.4599914550781,206.7728576660156,85.98607635498047,91.33241271972656,103.54306030273438,513.7533569335938,20.887025833129883
2025-05-14,582.5170288085938,293.1600036621094,204.93931579589844,85.14041137695312,90.9911880493164,103.01895141601562,516.8323364257812,20.780607223510746
2025-05-15,585.3622436523438,297.8399963378906,206.2772827148437,86.69566345214844,91.58590698242188,103.75659942626952,517.4003295898438,20.57744598388672
2025-05-16,589.0699462890625,294.239990234375,207.9819793701172,87.77462768554688,91.61515045166016,103.9507293701172,519.6522216796875,20.500049591064453
2025-05-19,589.7142944335938,298.0299987792969,207.1098175048828,87.79405212402344,91.56640625,103.96043395996094,520.1505126953125,20.47102737426757
2025-05-20,587.7315673828125,303.5799865722656,207.2188415527344,87.27887725830078,91.44940948486328,103.70807647705078,518.4166870117188,20.732234954833984
2025-05-21,577.8278198242188,305.82000732421875,201.40109252929688,84.95572662353516,90.81568908691406,102.5530776977539,511.21240234375,20.70321273803711
2025-05-22,578.055908203125,303.1099853515625,201.39117431640625,84.56690979003906,91.15692901611328,103.07717895507812,512.1690063476562,20.59679412841797
2025-05-23,574.1101684570312,309.75,200.7568817138672,84.65438842773438,91.42015838623048,103.1548309326172,507.4259338378906,20.71288681030273
2025-05-27,586.0463256835938,304.5,205.8511199951172,86.13188171386719,91.80038452148438,104.08660125732422,519.3632202148438,20.529071807861328
2025-05-28,582.65576171875,303.8099975585937,203.6806182861328,86.04440307617188,91.54690551757812,103.83424377441406,517.0614624023438,20.46135139465332
2025-05-29,584.9557495117188,305.6099853515625,204.28517150878903,86.82202911376953,91.92713928222656,104.30013275146484,518.077880859375,20.35493469238281
2025-05-30,584.3014526367188,303.6000061035156,203.2445373535156,86.82202911376953,92.20011138916016,104.60101318359376,517.2608032226562,20.20014190673828
2025-06-02,587.5928955078125,311.6700134277344,203.8788452148437,86.93867492675781,91.88710021972656,104.30487823486328,521.34619140625,20.625816345214844
2025-06-03,590.943603515625,308.9100036621094,207.1692810058593,86.76370239257812,91.799072265625,104.35356903076172,525.4215698242188,20.76125717163086
2025-06-04,590.7850341796875,310.8999938964844,206.58453369140625,87.0067138671875,92.47399139404295,105.11344146728516,526.8863525390625,20.683862686157227
2025-06-05,587.9298095703125,309.3299865722656,206.6737518310547,86.93867492675781,92.20011901855467,104.7919692993164,522.9205322265625,20.780607223510746
2025-06-06,593.96728515625,305.17999267578125,210.0137176513672,87.35664367675781,91.4665069580078,104.15874481201172,528.0322875976562,20.945072174072266
2025-06-09,594.5026245117188,306.6199951171875,211.4607391357422,87.4732894897461,91.63278198242188,104.4704818725586,528.8095703125,20.96442031860352
2025-06-10,597.873291015625,306.7099914550781,212.6005096435547,88.22175598144531,91.78929138183594,104.7237777709961,532.3070068359375,20.91604995727539
2025-06-11,596.1680908203125,308.3699951171875,211.7283477783203,87.74545288085938,92.17076110839844,105.05498504638672,530.5133666992188,21.25465202331543
2025-06-12,598.5374755859375,312.20001220703125,210.88589477539065,88.17315673828125,92.57180786132812,105.63949584960938,531.7589111328125,21.25465202331543
2025-06-13,591.8457641601562,316.2900085449219,207.0305328369141,87.31776428222656,92.2294692993164,105.00628662109376,525.0828247070312,21.912511825561523
2025-06-16,597.4767456054688,311.7799987792969,209.47140502929688,87.38581085205078,91.9653549194336,104.82118225097656,532.38671875,21.8641414642334
2025-06-17,592.3712158203125,311.94000244140625,207.2650756835937,87.07476043701172,92.4153060913086,105.18162536621094,527.1952514648438,22.328510284423828
2025-06-18,592.281982421875,310.260009765625,208.35829162597656,87.37609100341797,92.47399139404295,105.2595672607422,527.1055908203125,22.38655662536621
2025-06-20,590.8909912109375,310.1300048828125,207.9210205078125,87.31776428222656,92.53268432617188,105.34724426269533,524.9533081054688,22.50265121459961
2025-06-23,596.7274780273438,311.0799865722656,210.4652404785156,88.63001251220703,92.85546875,105.61027526855467,530.3511352539062,21.670652389526367
2025-06-24,603.3196411132812,306.19000244140625,213.1486053466797,88.86329650878906,93.1782684326172,106.10708618164062,538.4612426757812,21.14823532104492
2025-06-25,603.65771484375,307.1199951171875,210.6640014648437,86.72482299804688,93.21739196777344,105.98046112060548,539.8377685546875,21.11921119689941
2025-06-26,608.380615234375,306.7799987792969,214.08282470703125,86.64433288574219,93.54996490478516,106.37012481689452,544.8854370117188,21.196605682373047
2025-06-27,611.4032592773438,301.2200012207031,214.15237426757807,86.86028289794922,93.30541229248048,106.19477081298828,546.7509765625,21.090187072753903
2025-06-30,614.3264770507812,304.8299865722656,214.46044921875,87.41978454589844,93.67710876464844,106.7792739868164,550.292236328125,21.099863052368164
2025-07-01,614.127685546875,307.54998779296875,216.66677856445312,88.05781555175781,93.50343322753906,106.90834045410156,545.6536254882812,21.21595573425293
2025-07-02,616.9117431640625,309.25,219.66818237304688,88.26394653320312,93.30718231201172,106.88878631591795,549.4542236328125,21.564233779907227
2025-07-03,621.7738647460938,307.1400146484375,221.7055511474609,88.36209869384766,92.9833755493164,106.63457489013672,554.8610229492188,21.5545597076416
2025-07-07,617.1403198242188,307.3699951171875,218.3761749267578,87.60628509521484,92.6889877319336,105.99903106689452,550.6813354492188,21.53521156311035
2025-07-08,616.8023681640625,304.1600036621094,219.88682556152344,87.47868347167969,92.5516128540039,105.69591522216795,550.9905395507812,21.60293197631836
2025-07-09,620.5010986328125,305.5199890136719,222.27203369140625,87.54739379882812,93.0324249267578,106.30213165283205,554.8909912109375,21.564233779907227
2025-07-10,622.2510375976562,306.20001220703125,223.4149627685547,88.09707641601562,92.9833755493164,106.32168579101562,554.0929565429688,21.496511459350582
2025-07-11,620.0636596679688,309.1400146484375,220.33404541015625,88.10690307617188,92.5516128540039,105.6763687133789,552.8460083007812,21.777070999145508
2025-07-14,621.246826171875,308.010009765625,221.8148803710937,88.67620849609375,92.51236724853516,105.64703369140624,554.8511352539062,21.5932559967041
2025-07-15,618.592041015625,306.7300109863281,217.4718170166016,87.3707046508789,92.14930725097656,105.26570129394533,555.3598022460938,21.5545597076416
2025-07-16,620.66015625,308.260009765625,219.6582489013672,88.19523620605469,92.40442657470705,105.4319305419922,555.9284057617188,21.58358192443848
2025-07-17,624.4583740234375,307.5899963378906,222.5403747558593,88.09707641601562,92.375,105.6861343383789,560.4274291992188,21.757720947265625
2025-07-18,624.0010375976562,308.3900146484375,220.96017456054688,88.28358459472656,92.630126953125,105.8816909790039,559.8887329101562,21.79641914367676
2025-07-21,625.1842651367188,313.1300048828125,220.06570434570312,88.64676666259766,92.95394134521484,106.29234313964844,562.7916259765625,21.748046875
2025-07-22,625.2737426757812,316.1000061035156,221.8943786621093,90.16822052001952,93.2188720703125,106.54656982421876,559.8787231445312,21.7093505859375
2025-07-23,630.5932006835938,312.17999267578125,225.28335571289065,90.34490966796876,92.88524627685548,106.3803482055664,562.4325561523438,21.651302337646484
2025-07-24,630.802001953125,310.2699890136719,222.17266845703125,90.03079986572266,92.74787902832033,106.22390747070312,563.6295776367188,21.670652389526367
2025-07-25,633.4667358398438,307.3999938964844,222.9975433349609,90.04061889648438,92.9637451171875,106.56612396240234,564.9862670898438,21.44814109802246
2025-07-28,633.3076782226562,305.4100036621094,222.7391357421875,88.59768676757812,92.75767517089844,106.35101318359376,566.7518920898438,21.670652389526367
2025-07-29,631.6372680664062,306.25,221.3179626464844,90.02098846435547,93.36605834960938,107.05500793457033,565.8740844726562,21.951210021972656
2025-07-30,630.841796875,300.9599914550781,220.1949157714844,88.74492645263672,93.04225158691406,106.65412139892578,566.6322631835938,21.9028377532959
2025-07-31,628.475341796875,302.9599914550781,218.0382843017578,87.4983139038086,93.12073516845705,106.6834487915039,563.6295776367188,21.719024658203125
2025-08-01,618.1743774414062,309.1099853515625,213.5958251953125,87.28236389160156,94.19281768798828,107.6298599243164,552.5267944335938,21.370746612548828
2025-08-04,627.570556640625,310.9100036621094,218.3761749267578,88.17561340332031,94.32079315185548,107.81639862060548,562.7217407226562,21.29335021972656
2025-08-05,624.3887939453125,311.1600036621094,219.48928833007807,88.57805633544922,94.25188446044922,107.89493560791016,558.9011840820312,21.10953712463379
2025-08-06,629.17138671875,310.5,219.2010803222656,87.89094543457031,94.18297576904295,107.8655014038086,565.9339599609375,21.06116485595703
2025-08-07,628.6444091796875,313.1199951171875,218.48550415039065,88.14616394042969,94.11406707763672,107.75749969482422,567.8492431640625,21.12888526916504
2025-08-08,633.5462646484375,313.04998779296875,218.96255493164065,87.41978454589844,93.8974838256836,107.41388702392578,573.146240234375,21.12888526916504
2025-08-11,632.29345703125,308.54998779296875,218.91287231445312,86.84065246582031,93.92701721191406,107.58078002929688,571.4503784179688,21.157909393310547
2025-08-12,639.0248413085938,308.2699890136719,225.41256713867188,87.33145141601562,93.90733337402344,107.678955078125,578.6328125,21.07084083557129
2025-08-13,641.2123413085938,309.2099914550781,229.79541015625,88.14616394042969,94.2420425415039,108.24836730957033,578.922119140625,21.04181671142578
2025-08-14,641.27197265625,307.25,226.8337554931641,87.51795196533203,93.93685150146484,107.87529754638672,578.4732666015625,21.12888526916504
2025-08-15,639.7705688476562,307.42999267578125,225.7306060791016,88.01854705810547,93.74981689453124,107.73786163330078,575.9295043945312,21.06116485595703
2025-08-18,639.6314086914062,306.95001220703125,226.5554962158203,87.27255249023438,93.66120910644533,107.54150390625,575.699951171875,21.08051490783692
2025-08-19,636.1612548828125,305.2699890136719,224.81626892089844,88.77437591552734,93.8974838256836,107.70840454101562,567.88916015625,20.91604995727539
2025-08-20,634.470947265625,308.3599853515625,224.0211944580078,89.02958679199219,94.0353012084961,107.75749969482422,564.5173950195312,21.14823532104492
2025-08-21,631.9255981445312,307.2900085449219,224.5777587890625,88.76455688476562,93.75965881347656,107.34515380859376,561.9038696289062,21.274002075195312
2025-08-22,641.6299438476562,310.5799865722656,233.38316345214844,90.48233032226562,94.28141021728516,108.18946075439452,570.5725708007812,21.36107063293457
2025-08-25,638.8060913085938,309.8299865722656,230.92837524414065,89.96208953857422,94.09437561035156,107.90475463867188,568.9265747070312,21.467491149902344
2025-08-26,641.4807739257812,312.0799865722656,232.83653259277344,89.72650909423828,94.34048461914062,107.98330688476562,571.2109985351562,21.30302619934082
2025-08-27,642.9423828125,312.7099914550781,234.486328125,90.28601837158205,94.51769256591795,108.0225601196289,572.0888671875,21.32237434387207
2025-08-28,645.2192993164062,315.0299987792969,234.7646026611328,90.05043029785156,94.7342758178711,108.18946075439452,575.6701049804688,21.45781517028809
2025-08-29,641.3713989257812,318.07000732421875,233.7210693359375,90.54122161865234,94.65550994873048,107.7967758178711,569.0064697265625,21.48683738708496
2025-09-02,636.6187133789062,325.5899963378906,232.4588928222656,89.03939819335938,94.37303924560548,107.4361801147461,564.238037109375,21.83511734008789
2025-09-03,640.06884765625,328.1400146484375,232.2303009033203,89.0884780883789,94.69896697998048,108.07655334472656,568.67724609375,21.64163017272949
2025-09-04,645.418212890625,326.69000244140625,235.1323089599609,89.7559585571289,95.12367248535156,108.81546020507812,573.8245849609375,21.48683738708496
2025-09-05,643.5488891601562,331.04998779296875,236.3050537109375,90.7669906616211,95.587890625,109.52481079101562,574.652587890625,21.312700271606445
2025-09-08,645.1298828125,334.82000732421875,236.78208923339844,90.23693084716795,95.88419342041016,109.9090347290039,577.4556884765625,21.45781517028809
2025-09-09,646.6212768554688,334.0599975585937,235.39073181152344,90.03079986572266,95.6570281982422,109.71199798583984,579.0917358398438,21.51586151123047
2025-09-10,648.4905395507812,335.260009765625,234.97329711914065,89.8835678100586,95.91382598876952,110.03711700439452,579.28125,21.66097640991211
2025-09-11,653.8796997070312,334.760009765625,239.31637573242188,91.52279663085938,96.06197357177734,110.54940795898438,582.6530151367188,21.496511459350582
2025-09-12,653.6608276367188,335.4200134277344,236.8715209960937,91.10072326660156,95.7854232788086,110.35237121582033,585.2266235351562,21.62228012084961
2025-09-15,657.1409301757812,338.9100036621094,237.8753204345703,90.9534912109375,95.94344329833984,110.69719696044922,590.2344360351562,21.815767288208008
2025-09-16,656.2361450195312,339.5899963378906,237.48361206054688,90.47250366210938,96.0027084350586,110.5986785888672,589.735595703125,22.038280487060547
2025-09-17,655.4208374023438,336.9700012207031,238.09158325195312,90.35472869873048,95.79530334472656,110.4016342163086,588.5585327148438,21.806095123291016
2025-09-18,658.4832153320312,335.6199951171875,244.0216827392578,90.55104064941406,95.47923278808594,110.17504119873048,593.8655395507812,21.7093505859375
2025-09-19,661.74462890625,339.17999267578125,242.1679077148437,89.96208953857422,95.43972778320312,110.08636474609376,597.8856201171875,21.53521156311035
2025-09-22,664.8753662109375,345.04998779296875,243.5731964111328,89.98171997070312,95.28170776367188,109.84007263183594,601.4251098632812,21.53521156311035
2025-09-23,661.256103515625,346.4599914550781,243.0250244140625,90.47250366210938,95.54837799072266,110.05680847167967,597.4302978515625,21.757720947265625
2025-09-24,659.1522216796875,343.32000732421875,240.7925262451172,89.58263397216797,95.29158020019533,109.6134796142578,595.3329467773438,21.9028377532959
2025-09-25,656.1112670898438,344.75,238.490234375,89.31507110595703,95.08416748046876,109.41643524169922,592.7662963867188,22.057626724243164
2025-09-26,659.8701782226562,346.739990234375,240.53338623046875,90.197021484375,95.0347900390625,109.564208984375,595.203125,22.067302703857425
2025-09-29,661.7246704101562,352.4599914550781,240.8124542236328,90.2267608642578,95.31134033203124,109.92874145507812,597.9595947265625,21.88348960876465
2025-09-30,664.21728515625,355.4700012207031,241.1513214111328,90.5934066772461,95.2718276977539,109.82036590576172,599.5974731445312,21.79641914367676
2025-10-01,666.4806518554688,356.0299987792969,241.67955017089844,90.73213958740234,95.59281158447266,110.2613754272461,602.4737548828125,21.757720947265625
2025-10-02,667.248291015625,354.7900085449219,243.2044372558593,90.25648498535156,95.69188690185548,110.43936157226562,604.9505615234375,21.612606048583984
2025-10-03,667.2384033203125,357.6400146484375,245.0083923339844,90.5934066772461,95.50365447998048,110.30093383789062,602.4038696289062,21.680326461791992
2025-10-06,669.6312866210938,364.3800048828125,245.985107421875,89.74118041992188,95.22625732421876,109.94496154785156,606.9280395507812,21.9028377532959
2025-10-07,667.1486206054688,366.260009765625,243.34396362304688,89.41417694091797,95.46401977539062,110.15260314941406,603.732177734375,21.98990631103516
2025-10-08,671.1268920898438,372.2999877929688,245.8954162597656,88.94842529296875,95.48383331298828,110.01417541503906,610.6532592773438,22.018930435180664
2025-10-09,669.1826171875,365.4299926757813,244.31072998046875,88.46284484863281,95.41448211669922,109.796630859375,609.9141845703125,21.815767288208008
2025-10-10,651.0960693359375,369.1199951171875,236.9952545166016,87.3331527709961,96.0089111328125,110.10315704345705,588.741455078125,21.351396560668945
2025-10-13,661.0865478515625,378.0899963378906,243.5931396484375,87.88809967041016,96.05844116210938,110.47891998291016,601.2353515625,21.62228012084961
2025-10-14,660.2789306640625,380.7900085449219,247.0714569091797,88.78986358642578,96.30612182617188,110.84476470947266,597.2305297851562,21.380420684814453
2025-10-15,663.2102661132812,387.3900146484375,249.49334716796875,90.07811737060548,96.1971435546875,110.84476470947266,601.445068359375,21.45781517028809
2025-10-16,658.6936645507812,396.4500122070313,244.240951538086,89.7610092163086,96.64295959472656,111.16118621826172,599.2179565429688,21.41911697387696
2025-10-17,662.4326171875,388.989990234375,242.5964813232422,90.34567260742188,96.48445129394533,110.94364166259766,603.1528930664062,21.399770736694336
2025-10-20,669.3222045898438,403.1499938964844,247.33059692382807,91.2573471069336,96.6132354736328,111.27983856201172,610.7530517578125,21.612606048583984
2025-10-21,669.3121948242188,377.239990234375,246.16452026367188,90.99970245361328,96.79156494140624,111.29961395263672,610.5933227539062,21.39009475708008
2025-10-22,665.83251953125,377.2799987792969,242.5267028808593,91.38617706298828,96.8113784790039,111.40838623046876,604.7108764648438,21.72869682312012
2025-10-23,669.7808837890625,378.7900085449219,245.59640502929688,91.32672119140624,96.49435424804688,111.26994323730467,609.7943725585938,22.096324920654297
2025-10-24,675.2546997070312,377.5199890136719,248.59634399414065,91.59427642822266,96.58351135253906,111.45781707763672,616.305908203125,22.106000900268555
2025-10-27,683.2211303710938,367.010009765625,249.46343994140625,91.8519287109375,96.58351135253906,111.64569854736328,627.2818603515625,22.057626724243164
2025-10-28,685.0357666015625,364.3800048828125,248.1279296875,90.04838562011719,96.67267608642578,111.65558624267578,632.1055908203125,21.85446548461914
2025-10-29,685.3648071289062,363.0,246.01499938964844,87.72953796386719,96.0485382080078,111.02274322509766,634.9519653320312,21.970558166503903
2025-10-30,677.8270874023438,370.1300048828125,244.0316619873047,88.14574432373047,95.90983581542967,110.4294662475586,625.2444458007812,21.98023223876953
2025-10-31,680.050537109375,368.1199951171875,245.40704345703125,88.37366485595703,95.94947052001952,109.98451232910156,628.2605590820312,22.13502311706543
2025-11-03,681.3267822265625,368.7799987792969,244.61968994140625,88.24484252929688,95.90375518798828,109.68877410888672,631.2666625976562,22.29948806762696
2025-11-04,673.2506103515625,362.3200073242188,240.39385986328125,88.39347839355469,96.02301025390624,109.83763885498048,618.4531860351562,22.14469718933105
2025-11-05,675.583740234375,366.510009765625,243.8622131347656,88.4727554321289,95.56585693359376,109.51013946533205,622.47802734375,22.076976776123047
2025-11-06,668.3351440429688,366.0700073242188,239.5467071533203,88.04664611816406,96.0528335571289,110.08573150634766,610.8829345703125,22.106000900268555
2025-11-07,668.9931640625,368.30999755859375,240.802490234375,89.41417694091797,96.09258270263672,109.86740112304688,608.9553833007812,22.15437126159668
2025-11-10,679.432373046875,378.3800048828125,243.2144012451172,89.3646240234375,95.96337890625,109.92694854736328,622.4280395507812,22.39623260498047
2025-11-11,680.9877319335938,379.8699951171875,243.4237060546875,90.36549377441406,96.26153564453124,110.36360168457033,620.7702026367188,22.54134750366211
2025-11-12,681.3666381835938,385.989990234375,242.82569885253903,89.69164276123047,96.28140258789062,110.25443267822266,620.2808227539062,22.289813995361328
2025-11-13,670.0599975585938,382.8699951171875,235.99859619140625,88.5916748046875,96.00313568115234,109.70863342285156,607.6171875,22.17372131347656
2025-11-14,669.9503784179688,375.9599914550781,236.6862945556641,88.77995300292969,95.84413146972656,109.4109115600586,608.0765380859375,22.222091674804688
2025-11-17,663.7088012695312,371.6499938964844,231.9820556640625,88.04664611816406,95.95344543457033,109.48037719726562,602.8832397460938,22.19306945800781
2025-11-18,658.1353149414062,374.3500061035156,232.689697265625,88.40338897705078,96.1124496459961,109.52999877929688,595.542724609375,22.376882553100582
2025-11-19,660.6777954101562,374.9599914550781,232.6498260498047,87.70972442626953,96.04288482666016,109.5399169921875,599.09814453125,22.15437126159668
2025-11-20,650.6075439453125,374.8500061035156,228.34426879882807,87.34306335449219,96.27146911621094,109.68877410888672,584.9163818359375,21.94153594970703
2025-11-21,657.08837890625,374.2699890136719,234.8125762939453,88.76013946533203,96.58949279785156,110.07581329345705,589.3107299804688,21.79641914367676
2025-11-24,666.759765625,380.2000122070313,239.0981903076172,88.99796295166016,96.73855590820312,110.51246643066406,604.3812866210938,21.9028377532959
2025-11-25,673.03125,380.0799865722656,244.31072998046875,89.82046508789062,96.9870147705078,110.82009887695312,608.1065063476562,21.786745071411133
2025-11-26,677.6775512695312,383.1199951171875,246.4734802246093,90.21685028076172,97.06652069091795,111.19721221923828,613.4796142578125,22.018930435180664
2025-11-28,681.3765869140625,387.8800048828125,247.9186248779297,90.51412963867188,96.89757537841795,111.00865936279295,618.4531860351562,22.30916213989257
2025-12-01,678.2658081054688,389.75,244.7990875244141,89.47362518310547,96.37726593017578,110.41399383544922,616.3758544921875,22.3672103881836
2025-12-02,679.5220947265625,387.239990234375,244.3505859375,89.15652465820312,96.45700073242188,110.48371887207033,621.1996459960938,22.27046585083008
2025-12-03,681.8751220703125,386.8800048828125,248.79568481445312,89.38443756103516,96.65635681152344,110.73274230957033,622.7177124023438,22.376882553100582
2025-12-04,682.3736572265625,387.1300048828125,250.97837829589844,89.16643524169922,96.3573226928711,110.53353118896484,622.138427734375,22.4349308013916
2025-12-05,683.6697998046875,386.4400024414063,249.931884765625,89.06732940673828,96.15797424316406,110.42395782470705,624.6751708984375,22.570371627807617
2025-12-08,681.6159057617188,385.4200134277344,250.0315399169922,88.38357543945312,95.9586181640625,110.19486236572266,623.4767456054688,22.289813995361328
2025-12-09,681.027587890625,387.3999938964844,250.5498046875,88.04664611816406,95.8190689086914,110.05541229248048,624.2457275390625,22.24144172668457
2025-12-10,685.5443115234375,389.0499877929688,253.9583740234375,88.36375427246094,96.1280746459961,110.56340789794922,626.8024291992188,22.376882553100582
2025-12-11,687.1395263671875,393.239990234375,256.9383544921875,88.75022888183594,96.13803100585938,110.40403747558594,624.7750854492188,22.357534408569336
2025-12-12,679.7514038085938,395.4400024414063,253.0015869140625,88.64122009277344,95.8788833618164,109.7366714477539,612.8304443359375,22.17372131347656
2025-12-15,678.7244262695312,395.7999877929688,251.0879821777344,88.91869354248047,95.9586181640625,109.8661651611328,609.75439453125,22.067302703857425
2025-12-16,676.8699340820312,395.8900146484375,249.8999938964844,88.26465606689453,96.22774505615234,110.11518096923828,610.9628295898438,21.84479141235352
2025-12-17,669.4219360351562,399.2900085449219,247.2400054931641,88.5916748046875,96.2078094482422,109.9956512451172,599.6373901367188,22.106000900268555
2025-12-18,674.4769287109375,398.5700073242188,248.7100067138672,88.12592315673828,96.45700073242188,110.41399383544922,608.3262329101562,21.951210021972656
2025-12-19,680.5900268554688,399.0199890136719,250.7899932861328,87.78899383544922,96.23999786376952,110.12999725341795,616.2559814453125,22.106000900268555
2025-12-22,684.8300170898438,408.2300109863281,253.5800018310547,88.23999786376953,96.13999938964844,110.11000061035156,619.2100219726562,22.38999938964844
2025-12-23,687.9600219726562,413.6400146484375,252.0800018310547,88.18000030517578,96.0999984741211,110.22000122070312,622.1099853515625,22.63999938964844
2025-12-24,690.3800048828125,411.9299926757813,252.7100067138672,88.76000213623047,96.3499984741211,110.6500015258789,623.9299926757812,22.6299991607666
2025-12-26,690.3099975585938,416.739990234375,251.4199981689453,88.86000061035156,96.44000244140624,110.63999938964844,623.8900146484375,22.700000762939453
2025-12-29,687.8499755859375,398.6000061035156,249.8800048828125,89.04000091552734,96.58000183105467,110.79000091552734,620.8699951171875,22.489999771118164
2025-12-30,687.010009765625,398.8900146484375,248.02999877929688,89.22000122070312,96.4800033569336,110.66000366210938,619.4299926757812,22.63999938964844
2025-12-31,681.9199829101562,396.30999755859375,246.1600036621093,88.48999786376953,96.16000366210938,110.19000244140624,614.3099975585938,22.36000061035156
2026-01-02,683.1699829101562,398.2799987792969,248.77999877929688,88.5199966430664,96.08000183105467,110.16000366210938,613.1199951171875,22.38999938964844
2026-01-05,687.719970703125,408.760009765625,252.72999572753903,88.72000122070312,96.37000274658205,110.47000122070312,617.989990234375,22.809999465942383
2026-01-06,691.8099975585938,413.1799926757813,256.0799865722656,89.37000274658203,96.3000030517578,110.47000122070312,623.4199829101562,22.799999237060547
2026-01-07,689.5800170898438,409.2300109863281,255.47999572753903,88.5,96.4800033569336,110.5500030517578,624.02001953125,22.59000015258789
2026-01-08,689.510009765625,411.489990234375,258.2699890136719,89.29000091552734,96.19000244140624,110.23999786376952,620.469970703125,22.8799991607666
2026-01-09,694.0700073242188,414.4700012207031,260.2300109863281,89.47000122070312,96.3000030517578,110.63999938964844,626.6500244140625,22.89999961853028
2026-01-12,695.1599731445312,422.2300109863281,261.5,89.58999633789062,96.18000030517578,110.51000213623048,627.1699829101562,23.190000534057617
2026-01-13,693.77001953125,421.6300048828125,261.3500061035156,90.08999633789062,96.3000030517578,110.75,626.239990234375,23.3700008392334
2026-01-14,690.3599853515625,425.9400024414063,263.19000244140625,90.87000274658205,96.5,111.02999877929688,619.5499877929688,23.38999938964844
2026-01-15,692.239990234375,423.3299865722656,265.510009765625,91.5,96.3000030517578,110.88999938964844,621.780029296875,23.200000762939453
2026-01-16,691.6599731445312,421.2900085449219,265.760009765625,92.62000274658205,95.93000030517578,110.56999969482422,621.260009765625,23.15999984741211
2026-01-20,677.5800170898438,437.2300109863281,262.5799865722656,90.9000015258789,95.5500030517578,109.9000015258789,608.0599975585938,23.479999542236328
2026-01-21,685.4000244140625,443.6000061035156,267.7900085449219,91.26000213623048,95.8000030517578,110.55999755859376,616.280029296875,23.75
2026-01-22,688.97998046875,451.7900085449219,269.7900085449219,90.36000061035156,95.79000091552734,110.7699966430664,620.760009765625,23.739999771118164
